# Blender v2.74 (sub 0) OBJ File: ''
# www.blender.org
mtllib planet-pack.mtl
o Sphere
v -4.073047 0.323252 -0.000000
v -4.030830 0.320472 -0.000000
v -3.989389 0.312262 -0.000000
v -3.949371 0.298620 -0.000000
v -3.911421 0.279936 -0.000000
v -3.876251 0.256468 -0.000000
v -3.844443 0.228604 -0.000000
v -3.816579 0.196796 -0.000000
v -3.793111 0.161626 -0.000000
v -3.774427 0.123676 -0.000000
v -3.760785 0.083658 -0.000000
v -3.752575 0.042217 -0.000000
v -3.749795 0.000000 0.000000
v -3.752575 -0.042217 0.000000
v -3.760785 -0.083658 0.000000
v -3.774427 -0.123676 0.000000
v -3.793111 -0.161626 0.000000
v -3.816579 -0.196796 0.000000
v -3.844443 -0.228604 0.000000
v -3.876251 -0.256468 0.000000
v -3.911421 -0.279936 0.000000
v -3.949371 -0.298620 0.000000
v -3.989389 -0.312262 0.000000
v -4.030830 -0.320472 0.000000
v -4.073047 -0.323252 0.000000
v -4.032317 0.320472 0.011259
v -3.992234 0.312262 0.022318
v -3.953573 0.298620 0.032977
v -3.916916 0.279936 0.043103
v -3.882975 0.256468 0.052497
v -3.852266 0.228604 0.060958
v -3.825307 0.196796 0.068419
v -3.802614 0.161626 0.074681
v -3.784577 0.123676 0.079678
v -3.771453 0.083658 0.083275
v -3.763501 0.042217 0.085474
v -3.760785 0.000000 0.086207
v -3.763501 -0.042217 0.085474
v -3.771453 -0.083658 0.083275
v -3.784577 -0.123676 0.079678
v -3.802614 -0.161626 0.074681
v -3.825307 -0.196796 0.068419
v -3.852266 -0.228604 0.060958
v -3.882975 -0.256468 0.052497
v -3.916916 -0.279936 0.043103
v -3.953573 -0.298620 0.032977
v -3.992234 -0.312262 0.022318
v -4.032317 -0.320472 0.011259
v -4.036520 0.320472 0.021718
v -4.000574 0.312262 0.043103
v -3.965921 0.298620 0.063756
v -3.933079 0.279936 0.083275
v -3.902629 0.256468 0.101396
v -3.875087 0.228604 0.117785
v -3.850973 0.196796 0.132108
v -3.830608 0.161626 0.144233
v -3.814381 0.123676 0.153893
v -3.802614 0.083658 0.160888
v -3.795503 0.042217 0.165152
v -3.793111 0.000000 0.166551
v -3.795503 -0.042217 0.165152
v -3.802614 -0.083658 0.160888
v -3.814381 -0.123676 0.153893
v -3.830608 -0.161626 0.144233
v -3.850973 -0.196796 0.132108
v -3.875087 -0.228604 0.117785
v -3.902629 -0.256468 0.101396
v -3.933079 -0.279936 0.083275
v -3.965921 -0.298620 0.063756
v -4.000574 -0.312262 0.043103
v -4.036520 -0.320472 0.021718
v -4.043243 0.320472 0.030712
v -4.013892 0.312262 0.060958
v -3.985575 0.298620 0.090137
v -3.958745 0.279936 0.117785
v -3.933919 0.256468 0.143367
v -3.911421 0.228604 0.166551
v -3.891703 0.196796 0.186870
v -3.875087 0.161626 0.203991
v -3.861899 0.123676 0.217582
v -3.852266 0.083658 0.227508
v -3.846447 0.042217 0.233504
v -3.844443 0.000000 0.235569
v -3.846447 -0.042217 0.233504
v -3.852266 -0.083658 0.227508
v -3.861899 -0.123676 0.217582
v -3.875087 -0.161626 0.203991
v -3.891703 -0.196796 0.186870
v -3.911421 -0.228604 0.166551
v -3.933919 -0.256468 0.143367
v -3.958745 -0.279936 0.117785
v -3.985575 -0.298620 0.090137
v -4.013892 -0.312262 0.060958
v -4.043243 -0.320472 0.030712
v -4.051971 0.320472 0.037640
v -4.031219 0.312262 0.074681
v -4.011177 0.298620 0.110390
v -3.992234 0.279936 0.144233
v -3.974649 0.256468 0.175611
v -3.958745 0.228604 0.203991
v -3.944845 0.196796 0.228841
v -3.933079 0.161626 0.249826
v -3.923705 0.123676 0.266548
v -3.916916 0.083658 0.278673
v -3.912779 0.042217 0.286001
v -3.911421 0.000000 0.288466
v -3.912779 -0.042217 0.286001
v -3.916916 -0.083658 0.278673
v -3.923705 -0.123676 0.266548
v -3.933079 -0.161626 0.249826
v -3.944845 -0.196796 0.228841
v -3.958745 -0.228604 0.203991
v -3.974649 -0.256468 0.175611
v -3.992234 -0.279936 0.144233
v -4.011177 -0.298620 0.110390
v -4.031219 -0.312262 0.074681
v -4.051971 -0.320472 0.037640
v -4.062121 0.320472 0.041971
v -4.051389 0.312262 0.083275
v -4.041045 0.298620 0.123114
v -4.031219 0.279936 0.160888
v -4.022103 0.256468 0.195864
v -4.013892 0.228604 0.227508
v -4.006651 0.196796 0.255289
v -4.000574 0.161626 0.278673
v -3.995725 0.123676 0.297260
v -3.992234 0.083658 0.310784
v -3.990101 0.042217 0.318978
v -3.989389 0.000000 0.321776
v -3.990101 -0.042217 0.318978
v -3.992234 -0.083658 0.310784
v -3.995725 -0.123676 0.297260
v -4.000574 -0.161626 0.278673
v -4.006651 -0.196796 0.255289
v -4.013892 -0.228604 0.227508
v -4.022103 -0.256468 0.195864
v -4.031219 -0.279936 0.160888
v -4.041045 -0.298620 0.123114
v -4.051389 -0.312262 0.083275
v -4.062121 -0.320472 0.041971
v -4.073047 0.320472 0.043503
v -4.073047 0.312262 0.086207
v -4.073047 0.298620 0.127445
v -4.073047 0.279936 0.166551
v -4.073047 0.256468 0.202792
v -4.073047 0.228604 0.235569
v -4.073047 0.196796 0.264283
v -4.073047 0.161626 0.288466
v -4.073047 0.123676 0.307719
v -4.073047 0.083658 0.321776
v -4.073047 0.042217 0.330237
v -4.073047 0.000000 0.333101
v -4.073047 -0.042217 0.330237
v -4.073047 -0.083658 0.321776
v -4.073047 -0.123676 0.307719
v -4.073047 -0.161626 0.288466
v -4.073047 -0.196796 0.264283
v -4.073047 -0.228604 0.235569
v -4.073047 -0.256468 0.202792
v -4.073047 -0.279936 0.166551
v -4.073047 -0.298620 0.127445
v -4.073047 -0.312262 0.086207
v -4.073047 -0.320472 0.043503
v -4.083973 0.320472 0.041971
v -4.094705 0.312262 0.083275
v -4.105049 0.298620 0.123114
v -4.114876 0.279936 0.160888
v -4.123991 0.256468 0.195864
v -4.132202 0.228604 0.227508
v -4.139443 0.196796 0.255289
v -4.145520 0.161626 0.278673
v -4.150369 0.123676 0.297260
v -4.153860 0.083658 0.310784
v -4.155993 0.042217 0.318978
v -4.156705 0.000000 0.321776
v -4.155993 -0.042217 0.318978
v -4.153860 -0.083658 0.310784
v -4.150369 -0.123676 0.297260
v -4.145520 -0.161626 0.278673
v -4.139443 -0.196796 0.255289
v -4.132202 -0.228604 0.227508
v -4.123991 -0.256468 0.195864
v -4.114876 -0.279936 0.160888
v -4.105049 -0.298620 0.123114
v -4.094705 -0.312262 0.083275
v -4.083973 -0.320472 0.041971
v -4.094123 0.320472 0.037640
v -4.114876 0.312262 0.074681
v -4.134918 0.298620 0.110390
v -4.153860 0.279936 0.144233
v -4.171445 0.256468 0.175611
v -4.187349 0.228604 0.203991
v -4.201249 0.196796 0.228841
v -4.213016 0.161626 0.249826
v -4.222390 0.123676 0.266548
v -4.229178 0.083658 0.278673
v -4.233315 0.042217 0.286001
v -4.234674 0.000000 0.288466
v -4.233315 -0.042217 0.286001
v -4.229178 -0.083658 0.278673
v -4.222390 -0.123676 0.266548
v -4.213016 -0.161626 0.249826
v -4.201249 -0.196796 0.228841
v -4.187349 -0.228604 0.203991
v -4.171445 -0.256468 0.175611
v -4.153860 -0.279936 0.144233
v -4.134918 -0.298620 0.110390
v -4.114876 -0.312262 0.074681
v -4.094123 -0.320472 0.037640
v -4.102851 0.320472 0.030712
v -4.132202 0.312262 0.060958
v -4.160519 0.298620 0.090137
v -4.187349 0.279936 0.117785
v -4.212175 0.256468 0.143367
v -4.234674 0.228604 0.166551
v -4.254392 0.196796 0.186870
v -4.271007 0.161626 0.203991
v -4.284195 0.123676 0.217582
v -4.293828 0.083658 0.227508
v -4.299647 0.042217 0.233504
v -4.301651 0.000000 0.235569
v -4.299647 -0.042217 0.233504
v -4.293828 -0.083658 0.227508
v -4.284195 -0.123676 0.217582
v -4.271007 -0.161626 0.203991
v -4.254392 -0.196796 0.186870
v -4.234674 -0.228604 0.166551
v -4.212175 -0.256468 0.143367
v -4.187349 -0.279936 0.117785
v -4.160519 -0.298620 0.090137
v -4.132202 -0.312262 0.060958
v -4.102851 -0.320472 0.030712
v -4.109575 0.320472 0.021718
v -4.145520 0.312262 0.043103
v -4.180173 0.298620 0.063756
v -4.213016 0.279936 0.083275
v -4.243466 0.256468 0.101396
v -4.271007 0.228604 0.117785
v -4.295122 0.196796 0.132108
v -4.315486 0.161626 0.144233
v -4.331714 0.123676 0.153893
v -4.343480 0.083658 0.160888
v -4.350592 0.042217 0.165152
v -4.352983 0.000000 0.166551
v -4.350592 -0.042217 0.165152
v -4.343480 -0.083658 0.160888
v -4.331714 -0.123676 0.153893
v -4.315486 -0.161626 0.144233
v -4.295122 -0.196796 0.132108
v -4.271007 -0.228604 0.117785
v -4.243466 -0.256468 0.101396
v -4.213016 -0.279936 0.083275
v -4.180173 -0.298620 0.063756
v -4.145520 -0.312262 0.043103
v -4.109575 -0.320472 0.021718
v -4.113777 0.320472 0.011259
v -4.153860 0.312262 0.022318
v -4.192521 0.298620 0.032977
v -4.229178 0.279936 0.043103
v -4.263120 0.256468 0.052497
v -4.293828 0.228604 0.060958
v -4.320788 0.196796 0.068419
v -4.343480 0.161626 0.074681
v -4.361517 0.123676 0.079678
v -4.374641 0.083658 0.083275
v -4.382594 0.042217 0.085474
v -4.385309 0.000000 0.086207
v -4.382594 -0.042217 0.085474
v -4.374641 -0.083658 0.083275
v -4.361517 -0.123676 0.079678
v -4.343480 -0.161626 0.074681
v -4.320788 -0.196796 0.068419
v -4.293828 -0.228604 0.060958
v -4.263120 -0.256468 0.052497
v -4.229178 -0.279936 0.043103
v -4.192521 -0.298620 0.032977
v -4.153860 -0.312262 0.022318
v -4.113777 -0.320472 0.011259
v -4.115264 0.320472 -0.000000
v -4.156705 0.312262 -0.000000
v -4.196723 0.298620 -0.000000
v -4.234674 0.279936 -0.000000
v -4.269843 0.256468 -0.000000
v -4.301651 0.228604 -0.000000
v -4.329515 0.196796 -0.000000
v -4.352983 0.161626 -0.000000
v -4.371668 0.123676 -0.000000
v -4.385309 0.083658 -0.000000
v -4.393519 0.042217 -0.000000
v -4.396299 0.000000 0.000000
v -4.393519 -0.042217 0.000000
v -4.385309 -0.083658 0.000000
v -4.371668 -0.123676 0.000000
v -4.352983 -0.161626 0.000000
v -4.329515 -0.196796 0.000000
v -4.301651 -0.228604 0.000000
v -4.269843 -0.256468 0.000000
v -4.234674 -0.279936 0.000000
v -4.196723 -0.298620 0.000000
v -4.156705 -0.312262 0.000000
v -4.115264 -0.320472 0.000000
v -4.113777 0.320472 -0.011259
v -4.153860 0.312262 -0.022318
v -4.192521 0.298620 -0.032977
v -4.229178 0.279936 -0.043103
v -4.263120 0.256468 -0.052497
v -4.293828 0.228604 -0.060958
v -4.320788 0.196796 -0.068419
v -4.343480 0.161626 -0.074681
v -4.361517 0.123676 -0.079678
v -4.374641 0.083658 -0.083275
v -4.382594 0.042217 -0.085474
v -4.385309 -0.000000 -0.086207
v -4.382594 -0.042217 -0.085474
v -4.374641 -0.083658 -0.083275
v -4.361517 -0.123676 -0.079678
v -4.343480 -0.161626 -0.074681
v -4.320788 -0.196796 -0.068419
v -4.293828 -0.228604 -0.060958
v -4.263120 -0.256468 -0.052497
v -4.229178 -0.279936 -0.043103
v -4.192521 -0.298620 -0.032977
v -4.153860 -0.312262 -0.022318
v -4.113777 -0.320472 -0.011259
v -4.109575 0.320472 -0.021718
v -4.145520 0.312262 -0.043103
v -4.180173 0.298620 -0.063756
v -4.213016 0.279936 -0.083275
v -4.243466 0.256468 -0.101396
v -4.271007 0.228604 -0.117785
v -4.295122 0.196796 -0.132108
v -4.315486 0.161626 -0.144233
v -4.331714 0.123676 -0.153893
v -4.343480 0.083658 -0.160888
v -4.350592 0.042217 -0.165152
v -4.352983 -0.000000 -0.166551
v -4.350592 -0.042217 -0.165152
v -4.343480 -0.083658 -0.160888
v -4.331714 -0.123676 -0.153893
v -4.315486 -0.161626 -0.144233
v -4.295122 -0.196796 -0.132108
v -4.271007 -0.228604 -0.117785
v -4.243466 -0.256468 -0.101396
v -4.213016 -0.279936 -0.083275
v -4.180173 -0.298620 -0.063756
v -4.145520 -0.312262 -0.043103
v -4.109575 -0.320472 -0.021718
v -4.102851 0.320472 -0.030712
v -4.132202 0.312262 -0.060958
v -4.160519 0.298620 -0.090137
v -4.187349 0.279936 -0.117785
v -4.212175 0.256468 -0.143367
v -4.234674 0.228604 -0.166551
v -4.254392 0.196796 -0.186870
v -4.271007 0.161626 -0.203991
v -4.284195 0.123676 -0.217582
v -4.293828 0.083658 -0.227508
v -4.299647 0.042217 -0.233504
v -4.301651 -0.000000 -0.235569
v -4.299647 -0.042217 -0.233504
v -4.293828 -0.083658 -0.227508
v -4.284195 -0.123676 -0.217582
v -4.271007 -0.161626 -0.203991
v -4.254392 -0.196796 -0.186870
v -4.234674 -0.228604 -0.166551
v -4.212175 -0.256468 -0.143367
v -4.187349 -0.279936 -0.117785
v -4.160519 -0.298620 -0.090137
v -4.132202 -0.312262 -0.060958
v -4.102851 -0.320472 -0.030712
v -4.094123 0.320472 -0.037640
v -4.114876 0.312262 -0.074681
v -4.134918 0.298620 -0.110390
v -4.153860 0.279936 -0.144233
v -4.171445 0.256468 -0.175611
v -4.187349 0.228604 -0.203991
v -4.201249 0.196796 -0.228841
v -4.213016 0.161626 -0.249826
v -4.222390 0.123676 -0.266548
v -4.229178 0.083658 -0.278673
v -4.233315 0.042217 -0.286001
v -4.234674 -0.000000 -0.288466
v -4.233315 -0.042217 -0.286001
v -4.229178 -0.083658 -0.278673
v -4.222390 -0.123676 -0.266548
v -4.213016 -0.161626 -0.249826
v -4.201249 -0.196796 -0.228841
v -4.187349 -0.228604 -0.203991
v -4.171445 -0.256468 -0.175611
v -4.153860 -0.279936 -0.144233
v -4.134918 -0.298620 -0.110390
v -4.114876 -0.312262 -0.074681
v -4.094123 -0.320472 -0.037640
v -4.083973 0.320472 -0.041971
v -4.094705 0.312262 -0.083275
v -4.105049 0.298620 -0.123114
v -4.114876 0.279936 -0.160888
v -4.123991 0.256468 -0.195864
v -4.132202 0.228604 -0.227508
v -4.139443 0.196796 -0.255289
v -4.145520 0.161626 -0.278673
v -4.150369 0.123676 -0.297260
v -4.153860 0.083658 -0.310784
v -4.155993 0.042217 -0.318978
v -4.156705 -0.000000 -0.321776
v -4.155993 -0.042217 -0.318978
v -4.153860 -0.083658 -0.310784
v -4.150369 -0.123676 -0.297260
v -4.145520 -0.161626 -0.278673
v -4.139443 -0.196796 -0.255289
v -4.132202 -0.228604 -0.227508
v -4.123991 -0.256468 -0.195864
v -4.114876 -0.279936 -0.160888
v -4.105049 -0.298620 -0.123114
v -4.094705 -0.312262 -0.083275
v -4.083973 -0.320472 -0.041971
v -4.073047 0.320472 -0.043503
v -4.073047 0.312262 -0.086207
v -4.073047 0.298620 -0.127445
v -4.073047 0.279936 -0.166551
v -4.073047 0.256468 -0.202792
v -4.073047 0.228604 -0.235569
v -4.073047 0.196796 -0.264283
v -4.073047 0.161626 -0.288466
v -4.073047 0.123676 -0.307719
v -4.073047 0.083658 -0.321776
v -4.073047 0.042217 -0.330237
v -4.073047 -0.000000 -0.333101
v -4.073047 -0.042217 -0.330237
v -4.073047 -0.083658 -0.321776
v -4.073047 -0.123676 -0.307719
v -4.073047 -0.161626 -0.288466
v -4.073047 -0.196796 -0.264283
v -4.073047 -0.228604 -0.235569
v -4.073047 -0.256468 -0.202792
v -4.073047 -0.279936 -0.166551
v -4.073047 -0.298620 -0.127445
v -4.073047 -0.312262 -0.086207
v -4.073047 -0.320472 -0.043503
v -4.062121 0.320472 -0.041971
v -4.051389 0.312262 -0.083275
v -4.041045 0.298620 -0.123114
v -4.031219 0.279936 -0.160888
v -4.022103 0.256468 -0.195864
v -4.013892 0.228604 -0.227508
v -4.006651 0.196796 -0.255289
v -4.000574 0.161626 -0.278673
v -3.995725 0.123676 -0.297260
v -3.992234 0.083658 -0.310784
v -3.990101 0.042217 -0.318978
v -3.989389 -0.000000 -0.321776
v -3.990101 -0.042217 -0.318978
v -3.992234 -0.083658 -0.310784
v -3.995725 -0.123676 -0.297260
v -4.000574 -0.161626 -0.278673
v -4.006651 -0.196796 -0.255289
v -4.013892 -0.228604 -0.227508
v -4.022103 -0.256468 -0.195864
v -4.031219 -0.279936 -0.160888
v -4.041045 -0.298620 -0.123114
v -4.051389 -0.312262 -0.083275
v -4.062121 -0.320472 -0.041971
v -4.051971 0.320472 -0.037640
v -4.031219 0.312262 -0.074681
v -4.011177 0.298620 -0.110390
v -3.992234 0.279936 -0.144233
v -3.974649 0.256468 -0.175611
v -3.958745 0.228604 -0.203991
v -3.944845 0.196796 -0.228841
v -3.933079 0.161626 -0.249826
v -3.923705 0.123676 -0.266548
v -3.916916 0.083658 -0.278673
v -3.912779 0.042217 -0.286001
v -3.911421 -0.000000 -0.288466
v -3.912779 -0.042217 -0.286001
v -3.916916 -0.083658 -0.278673
v -3.923705 -0.123676 -0.266548
v -3.933079 -0.161626 -0.249826
v -3.944845 -0.196796 -0.228841
v -3.958745 -0.228604 -0.203991
v -3.974649 -0.256468 -0.175611
v -3.992234 -0.279936 -0.144233
v -4.011177 -0.298620 -0.110390
v -4.031219 -0.312262 -0.074681
v -4.051971 -0.320472 -0.037640
v -4.043243 0.320472 -0.030712
v -4.013892 0.312262 -0.060958
v -3.985575 0.298620 -0.090137
v -3.958745 0.279936 -0.117785
v -3.933919 0.256468 -0.143367
v -3.911421 0.228604 -0.166551
v -3.891703 0.196796 -0.186870
v -3.875087 0.161626 -0.203991
v -3.861899 0.123676 -0.217582
v -3.852266 0.083658 -0.227508
v -3.846447 0.042217 -0.233504
v -3.844443 -0.000000 -0.235569
v -3.846447 -0.042217 -0.233504
v -3.852266 -0.083658 -0.227508
v -3.861899 -0.123676 -0.217582
v -3.875087 -0.161626 -0.203991
v -3.891703 -0.196796 -0.186870
v -3.911421 -0.228604 -0.166551
v -3.933919 -0.256468 -0.143367
v -3.958745 -0.279936 -0.117785
v -3.985575 -0.298620 -0.090137
v -4.013892 -0.312262 -0.060958
v -4.043243 -0.320472 -0.030712
v -4.036520 0.320472 -0.021718
v -4.000574 0.312262 -0.043103
v -3.965921 0.298620 -0.063756
v -3.933079 0.279936 -0.083275
v -3.902629 0.256468 -0.101396
v -3.875087 0.228604 -0.117785
v -3.850973 0.196796 -0.132108
v -3.830608 0.161626 -0.144233
v -3.814381 0.123676 -0.153893
v -3.802614 0.083658 -0.160888
v -3.795503 0.042217 -0.165152
v -3.793111 -0.000000 -0.166551
v -3.795503 -0.042217 -0.165152
v -3.802614 -0.083658 -0.160888
v -3.814381 -0.123676 -0.153893
v -3.830608 -0.161626 -0.144233
v -3.850973 -0.196796 -0.132108
v -3.875087 -0.228604 -0.117785
v -3.902629 -0.256468 -0.101396
v -3.933079 -0.279936 -0.083275
v -3.965921 -0.298620 -0.063756
v -4.000574 -0.312262 -0.043103
v -4.036520 -0.320472 -0.021718
v -4.032317 0.320472 -0.011259
v -3.992234 0.312262 -0.022318
v -3.953573 0.298620 -0.032977
v -3.916916 0.279936 -0.043103
v -3.882975 0.256468 -0.052497
v -3.852266 0.228604 -0.060958
v -3.825307 0.196796 -0.068419
v -3.802614 0.161626 -0.074681
v -3.784577 0.123676 -0.079678
v -3.771453 0.083658 -0.083275
v -3.763501 0.042217 -0.085474
v -3.760785 -0.000000 -0.086207
v -3.763501 -0.042217 -0.085474
v -3.771453 -0.083658 -0.083275
v -3.784577 -0.123676 -0.079678
v -3.802614 -0.161626 -0.074681
v -3.825307 -0.196796 -0.068419
v -3.852266 -0.228604 -0.060958
v -3.882975 -0.256468 -0.052497
v -3.916916 -0.279936 -0.043103
v -3.953573 -0.298620 -0.032977
v -3.992234 -0.312262 -0.022318
v -4.032317 -0.320472 -0.011259
vt 1.000000 1.000000
vt 0.958333 0.958333
vt 1.000000 0.958333
vt 0.958333 0.916667
vt 1.000000 0.916667
vt 0.958333 0.875000
vt 1.000000 0.875000
vt 0.958333 0.833333
vt 1.000000 0.833333
vt 0.958333 0.791667
vt 1.000000 0.791667
vt 0.958333 0.750000
vt 1.000000 0.750000
vt 0.958333 0.708333
vt 1.000000 0.708333
vt 0.958333 0.666667
vt 1.000000 0.666667
vt 0.958333 0.625000
vt 1.000000 0.625000
vt 0.958333 0.583333
vt 1.000000 0.583333
vt 0.958333 0.541667
vt 1.000000 0.541667
vt 0.958333 0.500000
vt 1.000000 0.500000
vt 0.958333 0.458333
vt 1.000000 0.458333
vt 0.958333 0.416667
vt 1.000000 0.416667
vt 0.958333 0.375000
vt 1.000000 0.375000
vt 0.958333 0.333333
vt 1.000000 0.333333
vt 0.958333 0.291667
vt 1.000000 0.291667
vt 0.958333 0.250000
vt 1.000000 0.250000
vt 0.958333 0.208333
vt 1.000000 0.208333
vt 0.958333 0.166667
vt 1.000000 0.166667
vt 0.958333 0.125000
vt 1.000000 0.125000
vt 0.958333 0.083333
vt 1.000000 0.083333
vt 0.958333 0.041667
vt 1.000000 0.041667
vt 0.958333 0.000000
vt 0.958333 1.000000
vt 0.916667 0.958333
vt 0.916667 0.916667
vt 0.916667 0.875000
vt 0.916667 0.833333
vt 0.916667 0.791667
vt 0.916667 0.750000
vt 0.916667 0.708333
vt 0.916667 0.666667
vt 0.916667 0.625000
vt 0.916667 0.583333
vt 0.916667 0.541667
vt 0.916667 0.500000
vt 0.916667 0.458333
vt 0.916667 0.416667
vt 0.916667 0.375000
vt 0.916667 0.333333
vt 0.916667 0.291667
vt 0.916667 0.250000
vt 0.916667 0.208333
vt 0.916667 0.166667
vt 0.916667 0.125000
vt 0.916667 0.083333
vt 0.916667 0.041667
vt 0.916667 0.000000
vt 0.916667 1.000000
vt 0.875000 0.958333
vt 0.875000 0.916667
vt 0.875000 0.875000
vt 0.875000 0.833333
vt 0.875000 0.791667
vt 0.875000 0.750000
vt 0.875000 0.708333
vt 0.875000 0.666667
vt 0.875000 0.625000
vt 0.875000 0.583333
vt 0.875000 0.541667
vt 0.875000 0.500000
vt 0.875000 0.458333
vt 0.875000 0.416667
vt 0.875000 0.375000
vt 0.875000 0.333333
vt 0.875000 0.291667
vt 0.875000 0.250000
vt 0.875000 0.208333
vt 0.875000 0.166667
vt 0.875000 0.125000
vt 0.875000 0.083333
vt 0.875000 0.041667
vt 0.875000 0.000000
vt 0.875000 1.000000
vt 0.833333 0.958333
vt 0.833333 0.916667
vt 0.833333 0.875000
vt 0.833333 0.833333
vt 0.833333 0.791667
vt 0.833333 0.750000
vt 0.833333 0.708333
vt 0.833333 0.666667
vt 0.833333 0.625000
vt 0.833333 0.583333
vt 0.833333 0.541667
vt 0.833333 0.500000
vt 0.833333 0.458333
vt 0.833333 0.416667
vt 0.833333 0.375000
vt 0.833333 0.333333
vt 0.833333 0.291667
vt 0.833333 0.250000
vt 0.833333 0.208333
vt 0.833333 0.166667
vt 0.833333 0.125000
vt 0.833333 0.083333
vt 0.833333 0.041667
vt 0.833333 0.000000
vt 0.833333 1.000000
vt 0.791667 0.958333
vt 0.791667 0.916667
vt 0.791667 0.875000
vt 0.791667 0.833333
vt 0.791667 0.791667
vt 0.791667 0.750000
vt 0.791667 0.708333
vt 0.791667 0.666667
vt 0.791667 0.625000
vt 0.791667 0.583333
vt 0.791667 0.541667
vt 0.791667 0.500000
vt 0.791667 0.458333
vt 0.791667 0.416667
vt 0.791667 0.375000
vt 0.791667 0.333333
vt 0.791667 0.291667
vt 0.791667 0.250000
vt 0.791667 0.208333
vt 0.791667 0.166667
vt 0.791667 0.125000
vt 0.791667 0.083333
vt 0.791667 0.041667
vt 0.791667 0.000000
vt 0.791667 1.000000
vt 0.750000 0.958333
vt 0.750000 0.916667
vt 0.750000 0.875000
vt 0.750000 0.833333
vt 0.750000 0.791667
vt 0.750000 0.750000
vt 0.750000 0.708333
vt 0.750000 0.666667
vt 0.750000 0.625000
vt 0.750000 0.583333
vt 0.750000 0.541667
vt 0.750000 0.500000
vt 0.750000 0.458333
vt 0.750000 0.416667
vt 0.750000 0.375000
vt 0.750000 0.333333
vt 0.750000 0.291667
vt 0.750000 0.250000
vt 0.750000 0.208333
vt 0.750000 0.166667
vt 0.750000 0.125000
vt 0.750000 0.083333
vt 0.750000 0.041667
vt 0.750000 0.000000
vt 0.750000 1.000000
vt 0.708333 0.958333
vt 0.708333 0.916667
vt 0.708333 0.875000
vt 0.708333 0.833333
vt 0.708333 0.791667
vt 0.708333 0.750000
vt 0.708333 0.708333
vt 0.708333 0.666667
vt 0.708333 0.625000
vt 0.708333 0.583333
vt 0.708333 0.541667
vt 0.708333 0.500000
vt 0.708333 0.458333
vt 0.708333 0.416667
vt 0.708333 0.375000
vt 0.708333 0.333333
vt 0.708333 0.291667
vt 0.708333 0.250000
vt 0.708333 0.208333
vt 0.708333 0.166667
vt 0.708333 0.125000
vt 0.708333 0.083333
vt 0.708333 0.041667
vt 0.708333 0.000000
vt 0.708333 1.000000
vt 0.666667 0.958333
vt 0.666667 0.916667
vt 0.666667 0.875000
vt 0.666667 0.833333
vt 0.666667 0.791667
vt 0.666667 0.750000
vt 0.666667 0.708333
vt 0.666667 0.666667
vt 0.666667 0.625000
vt 0.666667 0.583333
vt 0.666667 0.541667
vt 0.666667 0.500000
vt 0.666667 0.458333
vt 0.666667 0.416667
vt 0.666667 0.375000
vt 0.666667 0.333333
vt 0.666667 0.291667
vt 0.666667 0.250000
vt 0.666667 0.208333
vt 0.666667 0.166667
vt 0.666667 0.125000
vt 0.666667 0.083333
vt 0.666667 0.041667
vt 0.666667 0.000000
vt 0.666667 1.000000
vt 0.625000 0.958333
vt 0.625000 0.916667
vt 0.625000 0.875000
vt 0.625000 0.833333
vt 0.625000 0.791667
vt 0.625000 0.750000
vt 0.625000 0.708333
vt 0.625000 0.666667
vt 0.625000 0.625000
vt 0.625000 0.583333
vt 0.625000 0.541667
vt 0.625000 0.500000
vt 0.625000 0.458333
vt 0.625000 0.416667
vt 0.625000 0.375000
vt 0.625000 0.333333
vt 0.625000 0.291667
vt 0.625000 0.250000
vt 0.625000 0.208333
vt 0.625000 0.166667
vt 0.625000 0.125000
vt 0.625000 0.083333
vt 0.625000 0.041667
vt 0.625000 0.000000
vt 0.625000 1.000000
vt 0.583333 0.958333
vt 0.583333 0.916667
vt 0.583333 0.875000
vt 0.583333 0.833333
vt 0.583333 0.791667
vt 0.583333 0.750000
vt 0.583333 0.708333
vt 0.583333 0.666667
vt 0.583333 0.625000
vt 0.583333 0.583333
vt 0.583333 0.541667
vt 0.583333 0.500000
vt 0.583333 0.458333
vt 0.583333 0.416667
vt 0.583333 0.375000
vt 0.583333 0.333333
vt 0.583333 0.291667
vt 0.583333 0.250000
vt 0.583333 0.208333
vt 0.583333 0.166667
vt 0.583333 0.125000
vt 0.583333 0.083333
vt 0.583333 0.041667
vt 0.583333 0.000000
vt 0.583333 1.000000
vt 0.541667 0.958333
vt 0.541667 0.916667
vt 0.541667 0.875000
vt 0.541667 0.833333
vt 0.541667 0.791667
vt 0.541667 0.750000
vt 0.541667 0.708333
vt 0.541667 0.666667
vt 0.541667 0.625000
vt 0.541667 0.583333
vt 0.541667 0.541667
vt 0.541667 0.500000
vt 0.541667 0.458333
vt 0.541667 0.416667
vt 0.541667 0.375000
vt 0.541667 0.333333
vt 0.541667 0.291667
vt 0.541667 0.250000
vt 0.541667 0.208333
vt 0.541667 0.166667
vt 0.541667 0.125000
vt 0.541667 0.083333
vt 0.541667 0.041667
vt 0.541667 0.000000
vt 0.541667 1.000000
vt 0.500000 0.958333
vt 0.500000 0.916667
vt 0.500000 0.875000
vt 0.500000 0.833333
vt 0.500000 0.791667
vt 0.500000 0.750000
vt 0.500000 0.708333
vt 0.500000 0.666667
vt 0.500000 0.625000
vt 0.500000 0.583333
vt 0.500000 0.541667
vt 0.500000 0.500000
vt 0.500000 0.458333
vt 0.500000 0.416667
vt 0.500000 0.375000
vt 0.500000 0.333333
vt 0.500000 0.291667
vt 0.500000 0.250000
vt 0.500000 0.208333
vt 0.500000 0.166667
vt 0.500000 0.125000
vt 0.500000 0.083333
vt 0.500000 0.041667
vt 0.500000 0.000000
vt 0.500000 1.000000
vt 0.458333 0.958333
vt 0.458333 0.916667
vt 0.458333 0.875000
vt 0.458333 0.833333
vt 0.458333 0.791667
vt 0.458333 0.750000
vt 0.458333 0.708333
vt 0.458333 0.666667
vt 0.458333 0.625000
vt 0.458333 0.583333
vt 0.458333 0.541667
vt 0.458333 0.500000
vt 0.458333 0.458333
vt 0.458333 0.416667
vt 0.458333 0.375000
vt 0.458333 0.333333
vt 0.458333 0.291667
vt 0.458333 0.250000
vt 0.458333 0.208333
vt 0.458333 0.166667
vt 0.458333 0.125000
vt 0.458333 0.083333
vt 0.458333 0.041667
vt 0.458333 0.000000
vt 0.458333 1.000000
vt 0.416667 0.958333
vt 0.416667 0.916667
vt 0.416667 0.875000
vt 0.416667 0.833333
vt 0.416667 0.791667
vt 0.416667 0.750000
vt 0.416667 0.708333
vt 0.416667 0.666667
vt 0.416667 0.625000
vt 0.416667 0.583333
vt 0.416667 0.541667
vt 0.416667 0.500000
vt 0.416667 0.458333
vt 0.416667 0.416667
vt 0.416667 0.375000
vt 0.416667 0.333333
vt 0.416667 0.291667
vt 0.416667 0.250000
vt 0.416667 0.208333
vt 0.416667 0.166667
vt 0.416667 0.125000
vt 0.416667 0.083333
vt 0.416667 0.041667
vt 0.416667 0.000000
vt 0.416667 1.000000
vt 0.375000 0.958333
vt 0.375000 0.916667
vt 0.375000 0.875000
vt 0.375000 0.833333
vt 0.375000 0.791667
vt 0.375000 0.750000
vt 0.375000 0.708333
vt 0.375000 0.666667
vt 0.375000 0.625000
vt 0.375000 0.583333
vt 0.375000 0.541667
vt 0.375000 0.500000
vt 0.375000 0.458333
vt 0.375000 0.416667
vt 0.375000 0.375000
vt 0.375000 0.333333
vt 0.375000 0.291667
vt 0.375000 0.250000
vt 0.375000 0.208333
vt 0.375000 0.166667
vt 0.375000 0.125000
vt 0.375000 0.083333
vt 0.375000 0.041667
vt 0.375000 0.000000
vt 0.375000 1.000000
vt 0.333333 0.958333
vt 0.333333 0.916667
vt 0.333333 0.875000
vt 0.333333 0.833333
vt 0.333333 0.791667
vt 0.333333 0.750000
vt 0.333333 0.708333
vt 0.333333 0.666667
vt 0.333333 0.625000
vt 0.333333 0.583333
vt 0.333333 0.541667
vt 0.333333 0.500000
vt 0.333333 0.458333
vt 0.333333 0.416667
vt 0.333333 0.375000
vt 0.333333 0.333333
vt 0.333333 0.291667
vt 0.333333 0.250000
vt 0.333333 0.208333
vt 0.333333 0.166667
vt 0.333333 0.125000
vt 0.333333 0.083333
vt 0.333333 0.041667
vt 0.333333 0.000000
vt 0.333333 1.000000
vt 0.291667 0.958333
vt 0.291667 0.916667
vt 0.291667 0.875000
vt 0.291667 0.833333
vt 0.291667 0.791667
vt 0.291667 0.750000
vt 0.291667 0.708333
vt 0.291667 0.666667
vt 0.291667 0.625000
vt 0.291667 0.583333
vt 0.291667 0.541667
vt 0.291667 0.500000
vt 0.291667 0.458333
vt 0.291667 0.416667
vt 0.291667 0.375000
vt 0.291667 0.333333
vt 0.291667 0.291667
vt 0.291667 0.250000
vt 0.291667 0.208333
vt 0.291667 0.166667
vt 0.291667 0.125000
vt 0.291667 0.083333
vt 0.291667 0.041667
vt 0.291667 0.000000
vt 0.291667 1.000000
vt 0.250000 0.958333
vt 0.250000 0.916667
vt 0.250000 0.875000
vt 0.250000 0.833333
vt 0.250000 0.791667
vt 0.250000 0.750000
vt 0.250000 0.708333
vt 0.250000 0.666667
vt 0.250000 0.625000
vt 0.250000 0.583333
vt 0.250000 0.541667
vt 0.250000 0.500000
vt 0.250000 0.458333
vt 0.250000 0.416667
vt 0.250000 0.375000
vt 0.250000 0.333333
vt 0.250000 0.291667
vt 0.250000 0.250000
vt 0.250000 0.208333
vt 0.250000 0.166667
vt 0.250000 0.125000
vt 0.250000 0.083333
vt 0.250000 0.041667
vt 0.250000 0.000000
vt 0.250000 1.000000
vt 0.208333 0.958333
vt 0.208333 0.916667
vt 0.208333 0.875000
vt 0.208333 0.833333
vt 0.208333 0.791667
vt 0.208333 0.750000
vt 0.208333 0.708333
vt 0.208333 0.666667
vt 0.208333 0.625000
vt 0.208333 0.583333
vt 0.208333 0.541667
vt 0.208333 0.500000
vt 0.208333 0.458333
vt 0.208333 0.416667
vt 0.208333 0.375000
vt 0.208333 0.333333
vt 0.208333 0.291667
vt 0.208333 0.250000
vt 0.208333 0.208333
vt 0.208333 0.166667
vt 0.208333 0.125000
vt 0.208333 0.083333
vt 0.208333 0.041667
vt 0.208333 0.000000
vt 0.208333 1.000000
vt 0.166667 0.958333
vt 0.166667 0.916667
vt 0.166667 0.875000
vt 0.166667 0.833333
vt 0.166667 0.791667
vt 0.166667 0.750000
vt 0.166667 0.708333
vt 0.166667 0.666667
vt 0.166667 0.625000
vt 0.166667 0.583333
vt 0.166667 0.541667
vt 0.166667 0.500000
vt 0.166667 0.458333
vt 0.166667 0.416667
vt 0.166667 0.375000
vt 0.166667 0.333333
vt 0.166667 0.291667
vt 0.166667 0.250000
vt 0.166667 0.208333
vt 0.166667 0.166667
vt 0.166667 0.125000
vt 0.166667 0.083333
vt 0.166667 0.041667
vt 0.166667 0.000000
vt 0.166667 1.000000
vt 0.125000 0.958333
vt 0.125000 0.916667
vt 0.125000 0.875000
vt 0.125000 0.833333
vt 0.125000 0.791667
vt 0.125000 0.750000
vt 0.125000 0.708333
vt 0.125000 0.666667
vt 0.125000 0.625000
vt 0.125000 0.583333
vt 0.125000 0.541667
vt 0.125000 0.500000
vt 0.125000 0.458333
vt 0.125000 0.416667
vt 0.125000 0.375000
vt 0.125000 0.333333
vt 0.125000 0.291667
vt 0.125000 0.250000
vt 0.125000 0.208333
vt 0.125000 0.166667
vt 0.125000 0.125000
vt 0.125000 0.083333
vt 0.125000 0.041667
vt 0.125000 0.000000
vt 0.125000 1.000000
vt 0.083333 0.958333
vt 0.083333 0.916667
vt 0.083333 0.875000
vt 0.083333 0.833333
vt 0.083333 0.791667
vt 0.083333 0.750000
vt 0.083333 0.708333
vt 0.083333 0.666667
vt 0.083333 0.625000
vt 0.083333 0.583333
vt 0.083333 0.541667
vt 0.083333 0.500000
vt 0.083333 0.458333
vt 0.083333 0.416667
vt 0.083333 0.375000
vt 0.083333 0.333333
vt 0.083333 0.291667
vt 0.083333 0.250000
vt 0.083333 0.208333
vt 0.083333 0.166667
vt 0.083333 0.125000
vt 0.083333 0.083333
vt 0.083333 0.041667
vt 0.083333 0.000000
vt 0.083333 1.000000
vt 0.041667 0.958333
vt 0.041667 0.916667
vt 0.041667 0.875000
vt 0.041667 0.833333
vt 0.041667 0.791667
vt 0.041667 0.750000
vt 0.041667 0.708333
vt 0.041667 0.666667
vt 0.041667 0.625000
vt 0.041667 0.583333
vt 0.041667 0.541667
vt 0.041667 0.500000
vt 0.041667 0.458333
vt 0.041667 0.416667
vt 0.041667 0.375000
vt 0.041667 0.333333
vt 0.041667 0.291667
vt 0.041667 0.250000
vt 0.041667 0.208333
vt 0.041667 0.166667
vt 0.041667 0.125000
vt 0.041667 0.083333
vt 0.041667 0.041667
vt 0.041667 0.000000
vt 0.041667 1.000000
vt 0.000000 0.958333
vt 0.000000 0.916667
vt 0.000000 0.875000
vt 0.000000 0.833333
vt 0.000000 0.791667
vt 0.000000 0.750000
vt 0.000000 0.708333
vt 0.000000 0.666667
vt 0.000000 0.625000
vt 0.000000 0.583333
vt 0.000000 0.541667
vt 0.000000 0.500000
vt 0.000000 0.458333
vt 0.000000 0.416667
vt 0.000000 0.375000
vt 0.000000 0.333333
vt 0.000000 0.291667
vt 0.000000 0.250000
vt 0.000000 0.208333
vt 0.000000 0.166667
vt 0.000000 0.125000
vt 0.000000 0.083333
vt 0.000000 0.041667
vt 0.000000 0.000000
vn 0.000000 1.000000 -0.000000
vn 0.125700 0.991500 0.032700
vn 0.130100 0.991500 -0.000000
vn 0.250100 0.966000 0.064900
vn 0.258800 0.965900 -0.000000
vn 0.370000 0.924100 0.096000
vn 0.382800 0.923800 -0.000000
vn 0.482700 0.866800 0.125500
vn 0.499400 0.866400 0.000000
vn 0.588000 0.794300 0.153000
vn 0.608300 0.793700 0.000000
vn 0.683500 0.707900 0.178000
vn 0.706900 0.707300 -0.000000
vn 0.767200 0.609500 0.199800
vn 0.793400 0.608700 -0.000000
vn 0.837800 0.500600 0.218000
vn 0.866300 0.499600 0.000000
vn 0.893900 0.383300 0.232500
vn 0.923900 0.382700 -0.000000
vn 0.934700 0.259300 0.243200
vn 0.965900 0.259000 -0.000000
vn 0.959400 0.130800 0.249700
vn 0.991400 0.130600 0.000000
vn 0.967800 0.000000 0.251900
vn 1.000000 0.000000 0.000000
vn 0.959400 -0.130800 0.249700
vn 0.991400 -0.130600 -0.000000
vn 0.934700 -0.259300 0.243200
vn 0.965900 -0.258900 -0.000000
vn 0.893900 -0.383300 0.232500
vn 0.923900 -0.382700 -0.000000
vn 0.837800 -0.500600 0.218000
vn 0.866300 -0.499600 -0.000000
vn 0.767200 -0.609500 0.199800
vn 0.793400 -0.608700 -0.000000
vn 0.683500 -0.707900 0.178000
vn 0.706900 -0.707300 -0.000000
vn 0.588000 -0.794300 0.153000
vn 0.608300 -0.793700 -0.000000
vn 0.482700 -0.866800 0.125500
vn 0.499400 -0.866400 -0.000000
vn 0.370000 -0.924100 0.096000
vn 0.382800 -0.923800 0.000000
vn 0.250100 -0.966000 0.064900
vn 0.258800 -0.965900 -0.000000
vn 0.125700 -0.991500 0.032700
vn 0.130000 -0.991500 0.000000
vn 0.000000 -1.000000 -0.000000
vn 0.112700 0.991600 0.063100
vn 0.224200 0.966400 0.125500
vn 0.332000 0.924800 0.185900
vn 0.433500 0.867800 0.242800
vn 0.528200 0.795800 0.296100
vn 0.614500 0.709700 0.344500
vn 0.690200 0.611400 0.387100
vn 0.753900 0.502700 0.423000
vn 0.804800 0.385100 0.451600
vn 0.842000 0.260600 0.472400
vn 0.864500 0.131700 0.485000
vn 0.872200 0.000000 0.489200
vn 0.864500 -0.131700 0.485000
vn 0.842000 -0.260600 0.472400
vn 0.804900 -0.385000 0.451600
vn 0.753900 -0.502800 0.423000
vn 0.690200 -0.611400 0.387100
vn 0.614500 -0.709700 0.344500
vn 0.528200 -0.795800 0.296100
vn 0.433500 -0.867800 0.242800
vn 0.332100 -0.924800 0.185900
vn 0.224200 -0.966400 0.125500
vn 0.112700 -0.991600 0.063000
vn 0.092100 0.991700 0.089200
vn 0.183300 0.966900 0.177700
vn 0.271500 0.925700 0.263300
vn 0.354700 0.869300 0.344200
vn 0.432600 0.797900 0.419900
vn 0.503600 0.712200 0.489000
vn 0.566100 0.614200 0.549800
vn 0.618900 0.505400 0.601200
vn 0.661200 0.387500 0.642400
vn 0.692100 0.262400 0.672400
vn 0.710900 0.132400 0.690700
vn 0.717200 0.000000 0.696900
vn 0.710900 -0.132400 0.690700
vn 0.692100 -0.262300 0.672500
vn 0.661200 -0.387400 0.642400
vn 0.618900 -0.505400 0.601200
vn 0.566100 -0.614200 0.549800
vn 0.503600 -0.712200 0.489000
vn 0.432600 -0.797900 0.419900
vn 0.354700 -0.869300 0.344200
vn 0.271500 -0.925700 0.263300
vn 0.183300 -0.966900 0.177700
vn 0.092200 -0.991700 0.089200
vn 0.065300 0.991900 0.109300
vn 0.129700 0.967300 0.217800
vn 0.192100 0.926700 0.322900
vn 0.251300 0.870900 0.422300
vn 0.306800 0.800000 0.515700
vn 0.357500 0.714800 0.601100
vn 0.402200 0.617000 0.676400
vn 0.440200 0.508200 0.740300
vn 0.470600 0.389900 0.791600
vn 0.492800 0.264100 0.829100
vn 0.506200 0.133600 0.852000
vn 0.510700 0.000000 0.859700
vn 0.506200 -0.133600 0.852000
vn 0.492800 -0.264000 0.829100
vn 0.470600 -0.389900 0.791600
vn 0.440200 -0.508200 0.740300
vn 0.402200 -0.617100 0.676400
vn 0.357400 -0.714900 0.601000
vn 0.306800 -0.800000 0.515700
vn 0.251300 -0.870900 0.422300
vn 0.192100 -0.926700 0.322900
vn 0.129700 -0.967300 0.217800
vn 0.065300 -0.991900 0.109300
vn 0.033900 0.991900 0.122100
vn 0.067200 0.967600 0.243300
vn 0.099500 0.927400 0.360600
vn 0.130200 0.872100 0.471600
vn 0.159100 0.801600 0.576300
vn 0.185600 0.716800 0.672100
vn 0.209000 0.619100 0.757000
vn 0.228700 0.510100 0.829200
vn 0.244500 0.391600 0.887100
vn 0.256200 0.265500 0.929400
vn 0.263400 0.134100 0.955300
vn 0.265700 0.000000 0.964000
vn 0.263400 -0.134100 0.955300
vn 0.256200 -0.265400 0.929500
vn 0.244500 -0.391600 0.887100
vn 0.228700 -0.510100 0.829200
vn 0.209000 -0.619100 0.757000
vn 0.185600 -0.716800 0.672100
vn 0.159200 -0.801600 0.576300
vn 0.130200 -0.872100 0.471600
vn 0.099500 -0.927400 0.360600
vn 0.067200 -0.967600 0.243300
vn 0.033900 -0.991900 0.122100
vn -0.000000 0.992000 0.126500
vn -0.000000 0.967800 0.251900
vn -0.000000 0.927700 0.373300
vn -0.000000 0.872600 0.488500
vn -0.000000 0.802200 0.597100
vn -0.000000 0.717600 0.696500
vn -0.000000 0.619800 0.784700
vn -0.000000 0.510500 0.859900
vn -0.000000 0.392300 0.919900
vn -0.000000 0.266100 0.964000
vn -0.000000 0.134400 0.990900
vn -0.000000 0.000000 1.000000
vn -0.000000 -0.134400 0.990900
vn -0.000000 -0.266100 0.964000
vn -0.000000 -0.392300 0.919800
vn -0.000000 -0.510600 0.859800
vn -0.000000 -0.619800 0.784700
vn -0.000000 -0.717600 0.696500
vn -0.000000 -0.802200 0.597100
vn -0.000000 -0.872600 0.488500
vn -0.000000 -0.927700 0.373300
vn -0.000000 -0.967800 0.251900
vn -0.000000 -0.992000 0.126500
vn -0.033900 0.991900 0.122100
vn -0.067200 0.967600 0.243200
vn -0.099500 0.927400 0.360600
vn -0.130200 0.872100 0.471600
vn -0.159200 0.801600 0.576300
vn -0.185600 0.716800 0.672100
vn -0.209000 0.619100 0.757000
vn -0.228700 0.510100 0.829200
vn -0.244500 0.391600 0.887100
vn -0.256200 0.265400 0.929500
vn -0.263400 0.134100 0.955300
vn -0.265700 0.000000 0.964000
vn -0.263400 -0.134100 0.955300
vn -0.256200 -0.265500 0.929500
vn -0.244500 -0.391600 0.887100
vn -0.228700 -0.510100 0.829200
vn -0.209000 -0.619100 0.757000
vn -0.185600 -0.716800 0.672100
vn -0.159200 -0.801600 0.576300
vn -0.130200 -0.872100 0.471600
vn -0.099500 -0.927400 0.360600
vn -0.067200 -0.967600 0.243200
vn -0.033900 -0.991900 0.122100
vn -0.065300 0.991900 0.109300
vn -0.129700 0.967300 0.217800
vn -0.192200 0.926700 0.322900
vn -0.251300 0.870900 0.422300
vn -0.306800 0.800000 0.515600
vn -0.357500 0.714800 0.601000
vn -0.402200 0.617100 0.676400
vn -0.440200 0.508200 0.740200
vn -0.470600 0.389800 0.791600
vn -0.492800 0.264100 0.829100
vn -0.506200 0.133600 0.852000
vn -0.510700 0.000000 0.859700
vn -0.506200 -0.133600 0.852000
vn -0.492800 -0.264000 0.829100
vn -0.470600 -0.389900 0.791500
vn -0.440200 -0.508200 0.740200
vn -0.402200 -0.617100 0.676400
vn -0.357500 -0.714800 0.601000
vn -0.306800 -0.800000 0.515600
vn -0.251300 -0.870900 0.422300
vn -0.192200 -0.926700 0.323000
vn -0.129700 -0.967300 0.217800
vn -0.065300 -0.991900 0.109400
vn -0.092100 0.991700 0.089200
vn -0.183300 0.966900 0.177700
vn -0.271500 0.925700 0.263300
vn -0.354700 0.869300 0.344200
vn -0.432600 0.797900 0.419900
vn -0.503600 0.712200 0.489000
vn -0.566100 0.614200 0.549800
vn -0.618900 0.505400 0.601200
vn -0.661200 0.387500 0.642400
vn -0.692100 0.262400 0.672400
vn -0.710900 0.132400 0.690700
vn -0.717200 0.000000 0.696900
vn -0.710900 -0.132400 0.690700
vn -0.692100 -0.262400 0.672400
vn -0.661200 -0.387400 0.642400
vn -0.619000 -0.505400 0.601200
vn -0.566100 -0.614200 0.549800
vn -0.503600 -0.712200 0.489000
vn -0.432600 -0.797900 0.419900
vn -0.354700 -0.869300 0.344200
vn -0.271500 -0.925700 0.263300
vn -0.183300 -0.966900 0.177700
vn -0.092100 -0.991700 0.089200
vn -0.112700 0.991600 0.063100
vn -0.224200 0.966400 0.125500
vn -0.332000 0.924800 0.185900
vn -0.433500 0.867800 0.242900
vn -0.528200 0.795800 0.296100
vn -0.614500 0.709700 0.344500
vn -0.690200 0.611400 0.387100
vn -0.753900 0.502800 0.423000
vn -0.804800 0.385100 0.451600
vn -0.842000 0.260400 0.472400
vn -0.864500 0.131700 0.485000
vn -0.872200 0.000000 0.489200
vn -0.864500 -0.131500 0.485000
vn -0.842000 -0.260400 0.472400
vn -0.804800 -0.385100 0.451600
vn -0.753900 -0.502700 0.423000
vn -0.690200 -0.611400 0.387100
vn -0.614500 -0.709700 0.344500
vn -0.528200 -0.795800 0.296100
vn -0.433500 -0.867800 0.242900
vn -0.332000 -0.924800 0.185900
vn -0.224200 -0.966400 0.125500
vn -0.112700 -0.991600 0.063100
vn -0.125700 0.991500 0.032700
vn -0.250100 0.966000 0.064900
vn -0.370000 0.924100 0.096100
vn -0.482700 0.866800 0.125500
vn -0.588000 0.794300 0.153000
vn -0.683500 0.707900 0.178000
vn -0.767200 0.609500 0.199800
vn -0.837800 0.500600 0.218000
vn -0.893900 0.383300 0.232500
vn -0.934700 0.259200 0.243200
vn -0.959400 0.130800 0.249700
vn -0.967800 0.000000 0.251900
vn -0.959400 -0.130800 0.249700
vn -0.934700 -0.259300 0.243200
vn -0.893900 -0.383300 0.232500
vn -0.837800 -0.500600 0.218000
vn -0.767200 -0.609500 0.199800
vn -0.683500 -0.707900 0.178000
vn -0.588000 -0.794200 0.153000
vn -0.482700 -0.866800 0.125500
vn -0.370000 -0.924100 0.096100
vn -0.250100 -0.966000 0.064900
vn -0.125700 -0.991500 0.032700
vn -0.130100 0.991500 0.000000
vn -0.258800 0.965900 0.000000
vn -0.382800 0.923800 0.000000
vn -0.499400 0.866400 0.000000
vn -0.608300 0.793700 0.000000
vn -0.706900 0.707300 0.000000
vn -0.793400 0.608700 0.000000
vn -0.866300 0.499600 0.000000
vn -0.923900 0.382700 0.000000
vn -0.965900 0.259000 0.000000
vn -0.991400 0.130600 0.000000
vn -1.000000 0.000000 0.000000
vn -0.991400 -0.130600 0.000000
vn -0.965900 -0.258900 0.000000
vn -0.923900 -0.382700 0.000000
vn -0.866300 -0.499600 0.000000
vn -0.793500 -0.608600 0.000000
vn -0.706900 -0.707300 0.000000
vn -0.608300 -0.793700 0.000000
vn -0.499400 -0.866400 0.000000
vn -0.382800 -0.923800 0.000000
vn -0.258800 -0.965900 0.000000
vn -0.130000 -0.991500 0.000000
vn -0.125700 0.991500 -0.032700
vn -0.250100 0.966000 -0.064900
vn -0.370000 0.924100 -0.096000
vn -0.482700 0.866800 -0.125500
vn -0.588000 0.794300 -0.153000
vn -0.683500 0.707900 -0.177900
vn -0.767200 0.609500 -0.199800
vn -0.837800 0.500600 -0.218000
vn -0.893900 0.383300 -0.232500
vn -0.934700 0.259300 -0.243200
vn -0.959400 0.130800 -0.249700
vn -0.967800 0.000000 -0.251900
vn -0.959400 -0.130800 -0.249700
vn -0.934700 -0.259300 -0.243200
vn -0.893900 -0.383300 -0.232500
vn -0.837800 -0.500600 -0.218000
vn -0.767200 -0.609500 -0.199800
vn -0.683500 -0.707900 -0.177900
vn -0.588000 -0.794300 -0.153000
vn -0.482700 -0.866800 -0.125500
vn -0.370000 -0.924100 -0.096000
vn -0.250100 -0.966000 -0.064900
vn -0.125700 -0.991500 -0.032700
vn -0.112700 0.991600 -0.063100
vn -0.224200 0.966400 -0.125500
vn -0.332000 0.924800 -0.185900
vn -0.433500 0.867800 -0.242800
vn -0.528200 0.795800 -0.296100
vn -0.614500 0.709700 -0.344500
vn -0.690200 0.611400 -0.387100
vn -0.753900 0.502700 -0.423000
vn -0.804800 0.385100 -0.451600
vn -0.842000 0.260500 -0.472400
vn -0.864500 0.131700 -0.485000
vn -0.872200 0.000000 -0.489200
vn -0.864500 -0.131700 -0.485000
vn -0.842000 -0.260500 -0.472400
vn -0.804900 -0.385000 -0.451600
vn -0.753900 -0.502800 -0.423000
vn -0.690200 -0.611400 -0.387100
vn -0.614500 -0.709700 -0.344500
vn -0.528200 -0.795800 -0.296100
vn -0.433500 -0.867800 -0.242800
vn -0.332100 -0.924800 -0.185900
vn -0.224200 -0.966400 -0.125500
vn -0.112700 -0.991600 -0.063000
vn -0.092100 0.991700 -0.089200
vn -0.183300 0.966900 -0.177700
vn -0.271500 0.925700 -0.263300
vn -0.354700 0.869300 -0.344200
vn -0.432600 0.797900 -0.419900
vn -0.503600 0.712200 -0.489000
vn -0.566100 0.614200 -0.549800
vn -0.618900 0.505400 -0.601200
vn -0.661200 0.387500 -0.642400
vn -0.692100 0.262400 -0.672500
vn -0.710900 0.132400 -0.690700
vn -0.717200 -0.000000 -0.696900
vn -0.710900 -0.132400 -0.690700
vn -0.692100 -0.262300 -0.672500
vn -0.661200 -0.387400 -0.642400
vn -0.618900 -0.505400 -0.601200
vn -0.566100 -0.614200 -0.549800
vn -0.503600 -0.712200 -0.489000
vn -0.432600 -0.797900 -0.419900
vn -0.354700 -0.869300 -0.344200
vn -0.271500 -0.925700 -0.263300
vn -0.183300 -0.966900 -0.177700
vn -0.092200 -0.991700 -0.089200
vn -0.065300 0.991900 -0.109300
vn -0.129700 0.967300 -0.217800
vn -0.192100 0.926700 -0.322900
vn -0.251300 0.870900 -0.422300
vn -0.306800 0.800000 -0.515700
vn -0.357500 0.714800 -0.601100
vn -0.402200 0.617000 -0.676400
vn -0.440200 0.508200 -0.740300
vn -0.470600 0.389900 -0.791600
vn -0.492800 0.264100 -0.829100
vn -0.506200 0.133600 -0.852000
vn -0.510700 0.000000 -0.859700
vn -0.506200 -0.133600 -0.852000
vn -0.492800 -0.264000 -0.829100
vn -0.470600 -0.389900 -0.791600
vn -0.440200 -0.508200 -0.740300
vn -0.402200 -0.617100 -0.676400
vn -0.357400 -0.714900 -0.601000
vn -0.306800 -0.800000 -0.515700
vn -0.251300 -0.870900 -0.422300
vn -0.192100 -0.926700 -0.322900
vn -0.129700 -0.967300 -0.217800
vn -0.065300 -0.991900 -0.109300
vn -0.033900 0.991900 -0.122100
vn -0.067200 0.967600 -0.243300
vn -0.099500 0.927400 -0.360600
vn -0.130200 0.872100 -0.471600
vn -0.159100 0.801600 -0.576300
vn -0.185600 0.716800 -0.672100
vn -0.209000 0.619100 -0.757000
vn -0.228700 0.510100 -0.829200
vn -0.244500 0.391600 -0.887100
vn -0.256200 0.265500 -0.929400
vn -0.263400 0.134100 -0.955300
vn -0.265700 -0.000000 -0.964000
vn -0.263400 -0.134100 -0.955300
vn -0.256200 -0.265400 -0.929500
vn -0.244500 -0.391600 -0.887100
vn -0.228700 -0.510100 -0.829200
vn -0.209000 -0.619100 -0.757000
vn -0.185600 -0.716800 -0.672100
vn -0.159200 -0.801600 -0.576300
vn -0.130200 -0.872100 -0.471600
vn -0.099500 -0.927400 -0.360600
vn -0.067200 -0.967600 -0.243300
vn -0.033900 -0.991900 -0.122100
vn 0.000000 0.992000 -0.126500
vn 0.000000 0.967800 -0.251900
vn 0.000000 0.927700 -0.373300
vn 0.000000 0.872600 -0.488500
vn 0.000000 0.802200 -0.597100
vn 0.000000 0.717600 -0.696500
vn 0.000000 0.619800 -0.784700
vn 0.000000 0.510500 -0.859900
vn 0.000000 0.392300 -0.919900
vn 0.000000 0.266100 -0.964000
vn 0.000000 0.134400 -0.990900
vn -0.000000 -0.000000 -1.000000
vn 0.000000 -0.134400 -0.990900
vn 0.000000 -0.266100 -0.964000
vn 0.000000 -0.392300 -0.919800
vn 0.000000 -0.510600 -0.859800
vn 0.000000 -0.619800 -0.784700
vn 0.000000 -0.717600 -0.696500
vn 0.000000 -0.802200 -0.597100
vn 0.000000 -0.872600 -0.488500
vn 0.000000 -0.927700 -0.373300
vn 0.000000 -0.967800 -0.251900
vn 0.000000 -0.992000 -0.126500
vn 0.033900 0.991900 -0.122100
vn 0.067200 0.967600 -0.243200
vn 0.099500 0.927400 -0.360600
vn 0.130200 0.872100 -0.471600
vn 0.159200 0.801600 -0.576300
vn 0.185600 0.716800 -0.672100
vn 0.209000 0.619100 -0.757000
vn 0.228700 0.510100 -0.829200
vn 0.244500 0.391600 -0.887100
vn 0.256200 0.265400 -0.929500
vn 0.263400 0.134100 -0.955300
vn 0.265700 -0.000000 -0.964000
vn 0.263400 -0.134100 -0.955300
vn 0.256200 -0.265500 -0.929500
vn 0.244500 -0.391600 -0.887100
vn 0.228700 -0.510100 -0.829200
vn 0.209000 -0.619100 -0.757000
vn 0.185600 -0.716800 -0.672100
vn 0.159200 -0.801600 -0.576300
vn 0.130200 -0.872100 -0.471600
vn 0.099500 -0.927400 -0.360600
vn 0.067200 -0.967600 -0.243200
vn 0.033900 -0.991900 -0.122100
vn 0.065300 0.991900 -0.109300
vn 0.129700 0.967300 -0.217800
vn 0.192200 0.926700 -0.322900
vn 0.251300 0.870900 -0.422300
vn 0.306800 0.800000 -0.515600
vn 0.357500 0.714800 -0.601000
vn 0.402200 0.617100 -0.676400
vn 0.440200 0.508200 -0.740200
vn 0.470600 0.389800 -0.791600
vn 0.492800 0.264100 -0.829100
vn 0.506200 0.133600 -0.852000
vn 0.510700 -0.000000 -0.859700
vn 0.506200 -0.133600 -0.852000
vn 0.492800 -0.264000 -0.829100
vn 0.470600 -0.389900 -0.791500
vn 0.440200 -0.508200 -0.740200
vn 0.402200 -0.617100 -0.676400
vn 0.357500 -0.714800 -0.601000
vn 0.306800 -0.800000 -0.515600
vn 0.251300 -0.870900 -0.422300
vn 0.192200 -0.926700 -0.323000
vn 0.129700 -0.967300 -0.217800
vn 0.065300 -0.991900 -0.109400
vn 0.092100 0.991700 -0.089200
vn 0.183300 0.966900 -0.177700
vn 0.271500 0.925700 -0.263300
vn 0.354700 0.869300 -0.344200
vn 0.432600 0.797900 -0.419900
vn 0.503600 0.712200 -0.489000
vn 0.566100 0.614200 -0.549800
vn 0.619000 0.505400 -0.601200
vn 0.661200 0.387500 -0.642400
vn 0.692100 0.262400 -0.672400
vn 0.710900 0.132400 -0.690700
vn 0.717200 -0.000000 -0.696900
vn 0.710900 -0.132400 -0.690700
vn 0.692100 -0.262400 -0.672400
vn 0.661200 -0.387400 -0.642400
vn 0.619000 -0.505400 -0.601200
vn 0.566100 -0.614200 -0.549800
vn 0.503600 -0.712200 -0.489000
vn 0.432600 -0.797900 -0.419900
vn 0.354700 -0.869300 -0.344200
vn 0.271500 -0.925700 -0.263300
vn 0.183300 -0.966900 -0.177700
vn 0.092100 -0.991700 -0.089200
vn 0.112700 0.991600 -0.063100
vn 0.224200 0.966400 -0.125500
vn 0.332000 0.924800 -0.185900
vn 0.433500 0.867800 -0.242900
vn 0.528200 0.795800 -0.296100
vn 0.614500 0.709700 -0.344500
vn 0.690200 0.611400 -0.387100
vn 0.753900 0.502800 -0.423000
vn 0.804800 0.385100 -0.451600
vn 0.842000 0.260500 -0.472400
vn 0.864500 0.131700 -0.485000
vn 0.872200 0.000000 -0.489200
vn 0.864500 -0.131500 -0.485000
vn 0.842000 -0.260500 -0.472400
vn 0.804800 -0.385100 -0.451600
vn 0.753900 -0.502700 -0.423000
vn 0.690200 -0.611400 -0.387100
vn 0.614500 -0.709700 -0.344500
vn 0.528200 -0.795800 -0.296100
vn 0.433500 -0.867800 -0.242900
vn 0.332100 -0.924800 -0.185900
vn 0.224200 -0.966400 -0.125500
vn 0.112700 -0.991600 -0.063100
vn 0.125700 0.991500 -0.032700
vn 0.250100 0.966000 -0.064900
vn 0.370000 0.924100 -0.096100
vn 0.482700 0.866800 -0.125500
vn 0.588000 0.794300 -0.153000
vn 0.683500 0.707900 -0.178000
vn 0.767200 0.609500 -0.199800
vn 0.837800 0.500600 -0.218000
vn 0.893900 0.383300 -0.232500
vn 0.934700 0.259200 -0.243200
vn 0.959400 0.130800 -0.249700
vn 0.967800 0.000000 -0.251900
vn 0.959400 -0.130800 -0.249700
vn 0.934700 -0.259300 -0.243200
vn 0.893900 -0.383300 -0.232500
vn 0.837800 -0.500600 -0.218000
vn 0.767200 -0.609500 -0.199800
vn 0.683500 -0.707900 -0.178000
vn 0.588000 -0.794200 -0.153000
vn 0.482700 -0.866800 -0.125500
vn 0.370000 -0.924100 -0.096100
vn 0.250100 -0.966000 -0.064900
vn 0.125700 -0.991500 -0.032700
usemtl Physical
s 1
f 1/1/1 26/2/2 2/3/3
f 2/3/3 26/2/2 27/4/4 3/5/5
f 3/5/5 27/4/4 28/6/6 4/7/7
f 4/7/7 28/6/6 29/8/8 5/9/9
f 5/9/9 29/8/8 30/10/10 6/11/11
f 6/11/11 30/10/10 31/12/12 7/13/13
f 7/13/13 31/12/12 32/14/14 8/15/15
f 8/15/15 32/14/14 33/16/16 9/17/17
f 9/17/17 33/16/16 34/18/18 10/19/19
f 10/19/19 34/18/18 35/20/20 11/21/21
f 11/21/21 35/20/20 36/22/22 12/23/23
f 12/23/23 36/22/22 37/24/24 13/25/25
f 13/25/25 37/24/24 38/26/26 14/27/27
f 14/27/27 38/26/26 39/28/28 15/29/29
f 15/29/29 39/28/28 40/30/30 16/31/31
f 16/31/31 40/30/30 41/32/32 17/33/33
f 17/33/33 41/32/32 42/34/34 18/35/35
f 18/35/35 42/34/34 43/36/36 19/37/37
f 19/37/37 43/36/36 44/38/38 20/39/39
f 20/39/39 44/38/38 45/40/40 21/41/41
f 21/41/41 45/40/40 46/42/42 22/43/43
f 22/43/43 46/42/42 47/44/44 23/45/45
f 23/45/45 47/44/44 48/46/46 24/47/47
f 24/47/47 48/46/46 25/48/48
f 1/49/1 49/50/49 26/2/2
f 26/2/2 49/50/49 50/51/50 27/4/4
f 27/4/4 50/51/50 51/52/51 28/6/6
f 28/6/6 51/52/51 52/53/52 29/8/8
f 29/8/8 52/53/52 53/54/53 30/10/10
f 30/10/10 53/54/53 54/55/54 31/12/12
f 31/12/12 54/55/54 55/56/55 32/14/14
f 32/14/14 55/56/55 56/57/56 33/16/16
f 33/16/16 56/57/56 57/58/57 34/18/18
f 34/18/18 57/58/57 58/59/58 35/20/20
f 35/20/20 58/59/58 59/60/59 36/22/22
f 36/22/22 59/60/59 60/61/60 37/24/24
f 37/24/24 60/61/60 61/62/61 38/26/26
f 38/26/26 61/62/61 62/63/62 39/28/28
f 39/28/28 62/63/62 63/64/63 40/30/30
f 40/30/30 63/64/63 64/65/64 41/32/32
f 41/32/32 64/65/64 65/66/65 42/34/34
f 42/34/34 65/66/65 66/67/66 43/36/36
f 43/36/36 66/67/66 67/68/67 44/38/38
f 44/38/38 67/68/67 68/69/68 45/40/40
f 45/40/40 68/69/68 69/70/69 46/42/42
f 46/42/42 69/70/69 70/71/70 47/44/44
f 47/44/44 70/71/70 71/72/71 48/46/46
f 48/46/46 71/72/71 25/73/48
f 1/74/1 72/75/72 49/50/49
f 49/50/49 72/75/72 73/76/73 50/51/50
f 50/51/50 73/76/73 74/77/74 51/52/51
f 51/52/51 74/77/74 75/78/75 52/53/52
f 52/53/52 75/78/75 76/79/76 53/54/53
f 53/54/53 76/79/76 77/80/77 54/55/54
f 54/55/54 77/80/77 78/81/78 55/56/55
f 55/56/55 78/81/78 79/82/79 56/57/56
f 56/57/56 79/82/79 80/83/80 57/58/57
f 57/58/57 80/83/80 81/84/81 58/59/58
f 58/59/58 81/84/81 82/85/82 59/60/59
f 59/60/59 82/85/82 83/86/83 60/61/60
f 60/61/60 83/86/83 84/87/84 61/62/61
f 61/62/61 84/87/84 85/88/85 62/63/62
f 62/63/62 85/88/85 86/89/86 63/64/63
f 63/64/63 86/89/86 87/90/87 64/65/64
f 64/65/64 87/90/87 88/91/88 65/66/65
f 65/66/65 88/91/88 89/92/89 66/67/66
f 66/67/66 89/92/89 90/93/90 67/68/67
f 67/68/67 90/93/90 91/94/91 68/69/68
f 68/69/68 91/94/91 92/95/92 69/70/69
f 69/70/69 92/95/92 93/96/93 70/71/70
f 70/71/70 93/96/93 94/97/94 71/72/71
f 71/72/71 94/97/94 25/98/48
f 1/99/1 95/100/95 72/75/72
f 72/75/72 95/100/95 96/101/96 73/76/73
f 73/76/73 96/101/96 97/102/97 74/77/74
f 74/77/74 97/102/97 98/103/98 75/78/75
f 75/78/75 98/103/98 99/104/99 76/79/76
f 76/79/76 99/104/99 100/105/100 77/80/77
f 77/80/77 100/105/100 101/106/101 78/81/78
f 78/81/78 101/106/101 102/107/102 79/82/79
f 79/82/79 102/107/102 103/108/103 80/83/80
f 80/83/80 103/108/103 104/109/104 81/84/81
f 81/84/81 104/109/104 105/110/105 82/85/82
f 82/85/82 105/110/105 106/111/106 83/86/83
f 83/86/83 106/111/106 107/112/107 84/87/84
f 84/87/84 107/112/107 108/113/108 85/88/85
f 85/88/85 108/113/108 109/114/109 86/89/86
f 86/89/86 109/114/109 110/115/110 87/90/87
f 87/90/87 110/115/110 111/116/111 88/91/88
f 88/91/88 111/116/111 112/117/112 89/92/89
f 89/92/89 112/117/112 113/118/113 90/93/90
f 90/93/90 113/118/113 114/119/114 91/94/91
f 91/94/91 114/119/114 115/120/115 92/95/92
f 92/95/92 115/120/115 116/121/116 93/96/93
f 93/96/93 116/121/116 117/122/117 94/97/94
f 94/97/94 117/122/117 25/123/48
f 1/124/1 118/125/118 95/100/95
f 95/100/95 118/125/118 119/126/119 96/101/96
f 96/101/96 119/126/119 120/127/120 97/102/97
f 97/102/97 120/127/120 121/128/121 98/103/98
f 98/103/98 121/128/121 122/129/122 99/104/99
f 99/104/99 122/129/122 123/130/123 100/105/100
f 100/105/100 123/130/123 124/131/124 101/106/101
f 101/106/101 124/131/124 125/132/125 102/107/102
f 102/107/102 125/132/125 126/133/126 103/108/103
f 103/108/103 126/133/126 127/134/127 104/109/104
f 104/109/104 127/134/127 128/135/128 105/110/105
f 105/110/105 128/135/128 129/136/129 106/111/106
f 106/111/106 129/136/129 130/137/130 107/112/107
f 107/112/107 130/137/130 131/138/131 108/113/108
f 108/113/108 131/138/131 132/139/132 109/114/109
f 109/114/109 132/139/132 133/140/133 110/115/110
f 110/115/110 133/140/133 134/141/134 111/116/111
f 111/116/111 134/141/134 135/142/135 112/117/112
f 112/117/112 135/142/135 136/143/136 113/118/113
f 113/118/113 136/143/136 137/144/137 114/119/114
f 114/119/114 137/144/137 138/145/138 115/120/115
f 115/120/115 138/145/138 139/146/139 116/121/116
f 116/121/116 139/146/139 140/147/140 117/122/117
f 117/122/117 140/147/140 25/148/48
f 1/149/1 141/150/141 118/125/118
f 118/125/118 141/150/141 142/151/142 119/126/119
f 119/126/119 142/151/142 143/152/143 120/127/120
f 120/127/120 143/152/143 144/153/144 121/128/121
f 121/128/121 144/153/144 145/154/145 122/129/122
f 122/129/122 145/154/145 146/155/146 123/130/123
f 123/130/123 146/155/146 147/156/147 124/131/124
f 124/131/124 147/156/147 148/157/148 125/132/125
f 125/132/125 148/157/148 149/158/149 126/133/126
f 126/133/126 149/158/149 150/159/150 127/134/127
f 127/134/127 150/159/150 151/160/151 128/135/128
f 128/135/128 151/160/151 152/161/152 129/136/129
f 129/136/129 152/161/152 153/162/153 130/137/130
f 130/137/130 153/162/153 154/163/154 131/138/131
f 131/138/131 154/163/154 155/164/155 132/139/132
f 132/139/132 155/164/155 156/165/156 133/140/133
f 133/140/133 156/165/156 157/166/157 134/141/134
f 134/141/134 157/166/157 158/167/158 135/142/135
f 135/142/135 158/167/158 159/168/159 136/143/136
f 136/143/136 159/168/159 160/169/160 137/144/137
f 137/144/137 160/169/160 161/170/161 138/145/138
f 138/145/138 161/170/161 162/171/162 139/146/139
f 139/146/139 162/171/162 163/172/163 140/147/140
f 140/147/140 163/172/163 25/173/48
f 1/174/1 164/175/164 141/150/141
f 141/150/141 164/175/164 165/176/165 142/151/142
f 142/151/142 165/176/165 166/177/166 143/152/143
f 143/152/143 166/177/166 167/178/167 144/153/144
f 144/153/144 167/178/167 168/179/168 145/154/145
f 145/154/145 168/179/168 169/180/169 146/155/146
f 146/155/146 169/180/169 170/181/170 147/156/147
f 147/156/147 170/181/170 171/182/171 148/157/148
f 148/157/148 171/182/171 172/183/172 149/158/149
f 149/158/149 172/183/172 173/184/173 150/159/150
f 150/159/150 173/184/173 174/185/174 151/160/151
f 151/160/151 174/185/174 175/186/175 152/161/152
f 152/161/152 175/186/175 176/187/176 153/162/153
f 153/162/153 176/187/176 177/188/177 154/163/154
f 154/163/154 177/188/177 178/189/178 155/164/155
f 155/164/155 178/189/178 179/190/179 156/165/156
f 156/165/156 179/190/179 180/191/180 157/166/157
f 157/166/157 180/191/180 181/192/181 158/167/158
f 158/167/158 181/192/181 182/193/182 159/168/159
f 159/168/159 182/193/182 183/194/183 160/169/160
f 160/169/160 183/194/183 184/195/184 161/170/161
f 161/170/161 184/195/184 185/196/185 162/171/162
f 162/171/162 185/196/185 186/197/186 163/172/163
f 163/172/163 186/197/186 25/198/48
f 1/199/1 187/200/187 164/175/164
f 164/175/164 187/200/187 188/201/188 165/176/165
f 165/176/165 188/201/188 189/202/189 166/177/166
f 166/177/166 189/202/189 190/203/190 167/178/167
f 167/178/167 190/203/190 191/204/191 168/179/168
f 168/179/168 191/204/191 192/205/192 169/180/169
f 169/180/169 192/205/192 193/206/193 170/181/170
f 170/181/170 193/206/193 194/207/194 171/182/171
f 171/182/171 194/207/194 195/208/195 172/183/172
f 172/183/172 195/208/195 196/209/196 173/184/173
f 173/184/173 196/209/196 197/210/197 174/185/174
f 174/185/174 197/210/197 198/211/198 175/186/175
f 175/186/175 198/211/198 199/212/199 176/187/176
f 176/187/176 199/212/199 200/213/200 177/188/177
f 177/188/177 200/213/200 201/214/201 178/189/178
f 178/189/178 201/214/201 202/215/202 179/190/179
f 179/190/179 202/215/202 203/216/203 180/191/180
f 180/191/180 203/216/203 204/217/204 181/192/181
f 181/192/181 204/217/204 205/218/205 182/193/182
f 182/193/182 205/218/205 206/219/206 183/194/183
f 183/194/183 206/219/206 207/220/207 184/195/184
f 184/195/184 207/220/207 208/221/208 185/196/185
f 185/196/185 208/221/208 209/222/209 186/197/186
f 186/197/186 209/222/209 25/223/48
f 1/224/1 210/225/210 187/200/187
f 187/200/187 210/225/210 211/226/211 188/201/188
f 188/201/188 211/226/211 212/227/212 189/202/189
f 189/202/189 212/227/212 213/228/213 190/203/190
f 190/203/190 213/228/213 214/229/214 191/204/191
f 191/204/191 214/229/214 215/230/215 192/205/192
f 192/205/192 215/230/215 216/231/216 193/206/193
f 193/206/193 216/231/216 217/232/217 194/207/194
f 194/207/194 217/232/217 218/233/218 195/208/195
f 195/208/195 218/233/218 219/234/219 196/209/196
f 196/209/196 219/234/219 220/235/220 197/210/197
f 197/210/197 220/235/220 221/236/221 198/211/198
f 198/211/198 221/236/221 222/237/222 199/212/199
f 199/212/199 222/237/222 223/238/223 200/213/200
f 200/213/200 223/238/223 224/239/224 201/214/201
f 201/214/201 224/239/224 225/240/225 202/215/202
f 202/215/202 225/240/225 226/241/226 203/216/203
f 203/216/203 226/241/226 227/242/227 204/217/204
f 204/217/204 227/242/227 228/243/228 205/218/205
f 205/218/205 228/243/228 229/244/229 206/219/206
f 206/219/206 229/244/229 230/245/230 207/220/207
f 207/220/207 230/245/230 231/246/231 208/221/208
f 208/221/208 231/246/231 232/247/232 209/222/209
f 209/222/209 232/247/232 25/248/48
f 1/249/1 233/250/233 210/225/210
f 210/225/210 233/250/233 234/251/234 211/226/211
f 211/226/211 234/251/234 235/252/235 212/227/212
f 212/227/212 235/252/235 236/253/236 213/228/213
f 213/228/213 236/253/236 237/254/237 214/229/214
f 214/229/214 237/254/237 238/255/238 215/230/215
f 215/230/215 238/255/238 239/256/239 216/231/216
f 216/231/216 239/256/239 240/257/240 217/232/217
f 217/232/217 240/257/240 241/258/241 218/233/218
f 218/233/218 241/258/241 242/259/242 219/234/219
f 219/234/219 242/259/242 243/260/243 220/235/220
f 220/235/220 243/260/243 244/261/244 221/236/221
f 221/236/221 244/261/244 245/262/245 222/237/222
f 222/237/222 245/262/245 246/263/246 223/238/223
f 223/238/223 246/263/246 247/264/247 224/239/224
f 224/239/224 247/264/247 248/265/248 225/240/225
f 225/240/225 248/265/248 249/266/249 226/241/226
f 226/241/226 249/266/249 250/267/250 227/242/227
f 227/242/227 250/267/250 251/268/251 228/243/228
f 228/243/228 251/268/251 252/269/252 229/244/229
f 229/244/229 252/269/252 253/270/253 230/245/230
f 230/245/230 253/270/253 254/271/254 231/246/231
f 231/246/231 254/271/254 255/272/255 232/247/232
f 232/247/232 255/272/255 25/273/48
f 1/274/1 256/275/256 233/250/233
f 233/250/233 256/275/256 257/276/257 234/251/234
f 234/251/234 257/276/257 258/277/258 235/252/235
f 235/252/235 258/277/258 259/278/259 236/253/236
f 236/253/236 259/278/259 260/279/260 237/254/237
f 237/254/237 260/279/260 261/280/261 238/255/238
f 238/255/238 261/280/261 262/281/262 239/256/239
f 239/256/239 262/281/262 263/282/263 240/257/240
f 240/257/240 263/282/263 264/283/264 241/258/241
f 241/258/241 264/283/264 265/284/265 242/259/242
f 242/259/242 265/284/265 266/285/266 243/260/243
f 243/260/243 266/285/266 267/286/267 244/261/244
f 244/261/244 267/286/267 268/287/268 245/262/245
f 245/262/245 268/287/268 269/288/269 246/263/246
f 246/263/246 269/288/269 270/289/270 247/264/247
f 247/264/247 270/289/270 271/290/271 248/265/248
f 248/265/248 271/290/271 272/291/272 249/266/249
f 249/266/249 272/291/272 273/292/273 250/267/250
f 250/267/250 273/292/273 274/293/274 251/268/251
f 251/268/251 274/293/274 275/294/275 252/269/252
f 252/269/252 275/294/275 276/295/276 253/270/253
f 253/270/253 276/295/276 277/296/277 254/271/254
f 254/271/254 277/296/277 278/297/278 255/272/255
f 255/272/255 278/297/278 25/298/48
f 1/299/1 279/300/279 256/275/256
f 256/275/256 279/300/279 280/301/280 257/276/257
f 257/276/257 280/301/280 281/302/281 258/277/258
f 258/277/258 281/302/281 282/303/282 259/278/259
f 259/278/259 282/303/282 283/304/283 260/279/260
f 260/279/260 283/304/283 284/305/284 261/280/261
f 261/280/261 284/305/284 285/306/285 262/281/262
f 262/281/262 285/306/285 286/307/286 263/282/263
f 263/282/263 286/307/286 287/308/287 264/283/264
f 264/283/264 287/308/287 288/309/288 265/284/265
f 265/284/265 288/309/288 289/310/289 266/285/266
f 266/285/266 289/310/289 290/311/290 267/286/267
f 267/286/267 290/311/290 291/312/291 268/287/268
f 268/287/268 291/312/291 292/313/292 269/288/269
f 269/288/269 292/313/292 293/314/293 270/289/270
f 270/289/270 293/314/293 294/315/294 271/290/271
f 271/290/271 294/315/294 295/316/295 272/291/272
f 272/291/272 295/316/295 296/317/296 273/292/273
f 273/292/273 296/317/296 297/318/297 274/293/274
f 274/293/274 297/318/297 298/319/298 275/294/275
f 275/294/275 298/319/298 299/320/299 276/295/276
f 276/295/276 299/320/299 300/321/300 277/296/277
f 277/296/277 300/321/300 301/322/301 278/297/278
f 278/297/278 301/322/301 25/323/48
f 1/324/1 302/325/302 279/300/279
f 279/300/279 302/325/302 303/326/303 280/301/280
f 280/301/280 303/326/303 304/327/304 281/302/281
f 281/302/281 304/327/304 305/328/305 282/303/282
f 282/303/282 305/328/305 306/329/306 283/304/283
f 283/304/283 306/329/306 307/330/307 284/305/284
f 284/305/284 307/330/307 308/331/308 285/306/285
f 285/306/285 308/331/308 309/332/309 286/307/286
f 286/307/286 309/332/309 310/333/310 287/308/287
f 287/308/287 310/333/310 311/334/311 288/309/288
f 288/309/288 311/334/311 312/335/312 289/310/289
f 289/310/289 312/335/312 313/336/313 290/311/290
f 290/311/290 313/336/313 314/337/314 291/312/291
f 291/312/291 314/337/314 315/338/315 292/313/292
f 292/313/292 315/338/315 316/339/316 293/314/293
f 293/314/293 316/339/316 317/340/317 294/315/294
f 294/315/294 317/340/317 318/341/318 295/316/295
f 295/316/295 318/341/318 319/342/319 296/317/296
f 296/317/296 319/342/319 320/343/320 297/318/297
f 297/318/297 320/343/320 321/344/321 298/319/298
f 298/319/298 321/344/321 322/345/322 299/320/299
f 299/320/299 322/345/322 323/346/323 300/321/300
f 300/321/300 323/346/323 324/347/324 301/322/301
f 301/322/301 324/347/324 25/348/48
f 1/349/1 325/350/325 302/325/302
f 302/325/302 325/350/325 326/351/326 303/326/303
f 303/326/303 326/351/326 327/352/327 304/327/304
f 304/327/304 327/352/327 328/353/328 305/328/305
f 305/328/305 328/353/328 329/354/329 306/329/306
f 306/329/306 329/354/329 330/355/330 307/330/307
f 307/330/307 330/355/330 331/356/331 308/331/308
f 308/331/308 331/356/331 332/357/332 309/332/309
f 309/332/309 332/357/332 333/358/333 310/333/310
f 310/333/310 333/358/333 334/359/334 311/334/311
f 311/334/311 334/359/334 335/360/335 312/335/312
f 312/335/312 335/360/335 336/361/336 313/336/313
f 313/336/313 336/361/336 337/362/337 314/337/314
f 314/337/314 337/362/337 338/363/338 315/338/315
f 315/338/315 338/363/338 339/364/339 316/339/316
f 316/339/316 339/364/339 340/365/340 317/340/317
f 317/340/317 340/365/340 341/366/341 318/341/318
f 318/341/318 341/366/341 342/367/342 319/342/319
f 319/342/319 342/367/342 343/368/343 320/343/320
f 320/343/320 343/368/343 344/369/344 321/344/321
f 321/344/321 344/369/344 345/370/345 322/345/322
f 322/345/322 345/370/345 346/371/346 323/346/323
f 323/346/323 346/371/346 347/372/347 324/347/324
f 324/347/324 347/372/347 25/373/48
f 1/374/1 348/375/348 325/350/325
f 325/350/325 348/375/348 349/376/349 326/351/326
f 326/351/326 349/376/349 350/377/350 327/352/327
f 327/352/327 350/377/350 351/378/351 328/353/328
f 328/353/328 351/378/351 352/379/352 329/354/329
f 329/354/329 352/379/352 353/380/353 330/355/330
f 330/355/330 353/380/353 354/381/354 331/356/331
f 331/356/331 354/381/354 355/382/355 332/357/332
f 332/357/332 355/382/355 356/383/356 333/358/333
f 333/358/333 356/383/356 357/384/357 334/359/334
f 334/359/334 357/384/357 358/385/358 335/360/335
f 335/360/335 358/385/358 359/386/359 336/361/336
f 336/361/336 359/386/359 360/387/360 337/362/337
f 337/362/337 360/387/360 361/388/361 338/363/338
f 338/363/338 361/388/361 362/389/362 339/364/339
f 339/364/339 362/389/362 363/390/363 340/365/340
f 340/365/340 363/390/363 364/391/364 341/366/341
f 341/366/341 364/391/364 365/392/365 342/367/342
f 342/367/342 365/392/365 366/393/366 343/368/343
f 343/368/343 366/393/366 367/394/367 344/369/344
f 344/369/344 367/394/367 368/395/368 345/370/345
f 345/370/345 368/395/368 369/396/369 346/371/346
f 346/371/346 369/396/369 370/397/370 347/372/347
f 347/372/347 370/397/370 25/398/48
f 1/399/1 371/400/371 348/375/348
f 348/375/348 371/400/371 372/401/372 349/376/349
f 349/376/349 372/401/372 373/402/373 350/377/350
f 350/377/350 373/402/373 374/403/374 351/378/351
f 351/378/351 374/403/374 375/404/375 352/379/352
f 352/379/352 375/404/375 376/405/376 353/380/353
f 353/380/353 376/405/376 377/406/377 354/381/354
f 354/381/354 377/406/377 378/407/378 355/382/355
f 355/382/355 378/407/378 379/408/379 356/383/356
f 356/383/356 379/408/379 380/409/380 357/384/357
f 357/384/357 380/409/380 381/410/381 358/385/358
f 358/385/358 381/410/381 382/411/382 359/386/359
f 359/386/359 382/411/382 383/412/383 360/387/360
f 360/387/360 383/412/383 384/413/384 361/388/361
f 361/388/361 384/413/384 385/414/385 362/389/362
f 362/389/362 385/414/385 386/415/386 363/390/363
f 363/390/363 386/415/386 387/416/387 364/391/364
f 364/391/364 387/416/387 388/417/388 365/392/365
f 365/392/365 388/417/388 389/418/389 366/393/366
f 366/393/366 389/418/389 390/419/390 367/394/367
f 367/394/367 390/419/390 391/420/391 368/395/368
f 368/395/368 391/420/391 392/421/392 369/396/369
f 369/396/369 392/421/392 393/422/393 370/397/370
f 370/397/370 393/422/393 25/423/48
f 1/424/1 394/425/394 371/400/371
f 371/400/371 394/425/394 395/426/395 372/401/372
f 372/401/372 395/426/395 396/427/396 373/402/373
f 373/402/373 396/427/396 397/428/397 374/403/374
f 374/403/374 397/428/397 398/429/398 375/404/375
f 375/404/375 398/429/398 399/430/399 376/405/376
f 376/405/376 399/430/399 400/431/400 377/406/377
f 377/406/377 400/431/400 401/432/401 378/407/378
f 378/407/378 401/432/401 402/433/402 379/408/379
f 379/408/379 402/433/402 403/434/403 380/409/380
f 380/409/380 403/434/403 404/435/404 381/410/381
f 381/410/381 404/435/404 405/436/405 382/411/382
f 382/411/382 405/436/405 406/437/406 383/412/383
f 383/412/383 406/437/406 407/438/407 384/413/384
f 384/413/384 407/438/407 408/439/408 385/414/385
f 385/414/385 408/439/408 409/440/409 386/415/386
f 386/415/386 409/440/409 410/441/410 387/416/387
f 387/416/387 410/441/410 411/442/411 388/417/388
f 388/417/388 411/442/411 412/443/412 389/418/389
f 389/418/389 412/443/412 413/444/413 390/419/390
f 390/419/390 413/444/413 414/445/414 391/420/391
f 391/420/391 414/445/414 415/446/415 392/421/392
f 392/421/392 415/446/415 416/447/416 393/422/393
f 393/422/393 416/447/416 25/448/48
f 1/449/1 417/450/417 394/425/394
f 394/425/394 417/450/417 418/451/418 395/426/395
f 395/426/395 418/451/418 419/452/419 396/427/396
f 396/427/396 419/452/419 420/453/420 397/428/397
f 397/428/397 420/453/420 421/454/421 398/429/398
f 398/429/398 421/454/421 422/455/422 399/430/399
f 399/430/399 422/455/422 423/456/423 400/431/400
f 400/431/400 423/456/423 424/457/424 401/432/401
f 401/432/401 424/457/424 425/458/425 402/433/402
f 402/433/402 425/458/425 426/459/426 403/434/403
f 403/434/403 426/459/426 427/460/427 404/435/404
f 404/435/404 427/460/427 428/461/428 405/436/405
f 405/436/405 428/461/428 429/462/429 406/437/406
f 406/437/406 429/462/429 430/463/430 407/438/407
f 407/438/407 430/463/430 431/464/431 408/439/408
f 408/439/408 431/464/431 432/465/432 409/440/409
f 409/440/409 432/465/432 433/466/433 410/441/410
f 410/441/410 433/466/433 434/467/434 411/442/411
f 411/442/411 434/467/434 435/468/435 412/443/412
f 412/443/412 435/468/435 436/469/436 413/444/413
f 413/444/413 436/469/436 437/470/437 414/445/414
f 414/445/414 437/470/437 438/471/438 415/446/415
f 415/446/415 438/471/438 439/472/439 416/447/416
f 416/447/416 439/472/439 25/473/48
f 1/474/1 440/475/440 417/450/417
f 417/450/417 440/475/440 441/476/441 418/451/418
f 418/451/418 441/476/441 442/477/442 419/452/419
f 419/452/419 442/477/442 443/478/443 420/453/420
f 420/453/420 443/478/443 444/479/444 421/454/421
f 421/454/421 444/479/444 445/480/445 422/455/422
f 422/455/422 445/480/445 446/481/446 423/456/423
f 423/456/423 446/481/446 447/482/447 424/457/424
f 424/457/424 447/482/447 448/483/448 425/458/425
f 425/458/425 448/483/448 449/484/449 426/459/426
f 426/459/426 449/484/449 450/485/450 427/460/427
f 427/460/427 450/485/450 451/486/451 428/461/428
f 428/461/428 451/486/451 452/487/452 429/462/429
f 429/462/429 452/487/452 453/488/453 430/463/430
f 430/463/430 453/488/453 454/489/454 431/464/431
f 431/464/431 454/489/454 455/490/455 432/465/432
f 432/465/432 455/490/455 456/491/456 433/466/433
f 433/466/433 456/491/456 457/492/457 434/467/434
f 434/467/434 457/492/457 458/493/458 435/468/435
f 435/468/435 458/493/458 459/494/459 436/469/436
f 436/469/436 459/494/459 460/495/460 437/470/437
f 437/470/437 460/495/460 461/496/461 438/471/438
f 438/471/438 461/496/461 462/497/462 439/472/439
f 439/472/439 462/497/462 25/498/48
f 1/499/1 463/500/463 440/475/440
f 440/475/440 463/500/463 464/501/464 441/476/441
f 441/476/441 464/501/464 465/502/465 442/477/442
f 442/477/442 465/502/465 466/503/466 443/478/443
f 443/478/443 466/503/466 467/504/467 444/479/444
f 444/479/444 467/504/467 468/505/468 445/480/445
f 445/480/445 468/505/468 469/506/469 446/481/446
f 446/481/446 469/506/469 470/507/470 447/482/447
f 447/482/447 470/507/470 471/508/471 448/483/448
f 448/483/448 471/508/471 472/509/472 449/484/449
f 449/484/449 472/509/472 473/510/473 450/485/450
f 450/485/450 473/510/473 474/511/474 451/486/451
f 451/486/451 474/511/474 475/512/475 452/487/452
f 452/487/452 475/512/475 476/513/476 453/488/453
f 453/488/453 476/513/476 477/514/477 454/489/454
f 454/489/454 477/514/477 478/515/478 455/490/455
f 455/490/455 478/515/478 479/516/479 456/491/456
f 456/491/456 479/516/479 480/517/480 457/492/457
f 457/492/457 480/517/480 481/518/481 458/493/458
f 458/493/458 481/518/481 482/519/482 459/494/459
f 459/494/459 482/519/482 483/520/483 460/495/460
f 460/495/460 483/520/483 484/521/484 461/496/461
f 461/496/461 484/521/484 485/522/485 462/497/462
f 462/497/462 485/522/485 25/523/48
f 1/524/1 486/525/486 463/500/463
f 463/500/463 486/525/486 487/526/487 464/501/464
f 464/501/464 487/526/487 488/527/488 465/502/465
f 465/502/465 488/527/488 489/528/489 466/503/466
f 466/503/466 489/528/489 490/529/490 467/504/467
f 467/504/467 490/529/490 491/530/491 468/505/468
f 468/505/468 491/530/491 492/531/492 469/506/469
f 469/506/469 492/531/492 493/532/493 470/507/470
f 470/507/470 493/532/493 494/533/494 471/508/471
f 471/508/471 494/533/494 495/534/495 472/509/472
f 472/509/472 495/534/495 496/535/496 473/510/473
f 473/510/473 496/535/496 497/536/497 474/511/474
f 474/511/474 497/536/497 498/537/498 475/512/475
f 475/512/475 498/537/498 499/538/499 476/513/476
f 476/513/476 499/538/499 500/539/500 477/514/477
f 477/514/477 500/539/500 501/540/501 478/515/478
f 478/515/478 501/540/501 502/541/502 479/516/479
f 479/516/479 502/541/502 503/542/503 480/517/480
f 480/517/480 503/542/503 504/543/504 481/518/481
f 481/518/481 504/543/504 505/544/505 482/519/482
f 482/519/482 505/544/505 506/545/506 483/520/483
f 483/520/483 506/545/506 507/546/507 484/521/484
f 484/521/484 507/546/507 508/547/508 485/522/485
f 485/522/485 508/547/508 25/548/48
f 1/549/1 509/550/509 486/525/486
f 486/525/486 509/550/509 510/551/510 487/526/487
f 487/526/487 510/551/510 511/552/511 488/527/488
f 488/527/488 511/552/511 512/553/512 489/528/489
f 489/528/489 512/553/512 513/554/513 490/529/490
f 490/529/490 513/554/513 514/555/514 491/530/491
f 491/530/491 514/555/514 515/556/515 492/531/492
f 492/531/492 515/556/515 516/557/516 493/532/493
f 493/532/493 516/557/516 517/558/517 494/533/494
f 494/533/494 517/558/517 518/559/518 495/534/495
f 495/534/495 518/559/518 519/560/519 496/535/496
f 496/535/496 519/560/519 520/561/520 497/536/497
f 497/536/497 520/561/520 521/562/521 498/537/498
f 498/537/498 521/562/521 522/563/522 499/538/499
f 499/538/499 522/563/522 523/564/523 500/539/500
f 500/539/500 523/564/523 524/565/524 501/540/501
f 501/540/501 524/565/524 525/566/525 502/541/502
f 502/541/502 525/566/525 526/567/526 503/542/503
f 503/542/503 526/567/526 527/568/527 504/543/504
f 504/543/504 527/568/527 528/569/528 505/544/505
f 505/544/505 528/569/528 529/570/529 506/545/506
f 506/545/506 529/570/529 530/571/530 507/546/507
f 507/546/507 530/571/530 531/572/531 508/547/508
f 508/547/508 531/572/531 25/573/48
f 1/574/1 532/575/532 509/550/509
f 509/550/509 532/575/532 533/576/533 510/551/510
f 510/551/510 533/576/533 534/577/534 511/552/511
f 511/552/511 534/577/534 535/578/535 512/553/512
f 512/553/512 535/578/535 536/579/536 513/554/513
f 513/554/513 536/579/536 537/580/537 514/555/514
f 514/555/514 537/580/537 538/581/538 515/556/515
f 515/556/515 538/581/538 539/582/539 516/557/516
f 516/557/516 539/582/539 540/583/540 517/558/517
f 517/558/517 540/583/540 541/584/541 518/559/518
f 518/559/518 541/584/541 542/585/542 519/560/519
f 519/560/519 542/585/542 543/586/543 520/561/520
f 520/561/520 543/586/543 544/587/544 521/562/521
f 521/562/521 544/587/544 545/588/545 522/563/522
f 522/563/522 545/588/545 546/589/546 523/564/523
f 523/564/523 546/589/546 547/590/547 524/565/524
f 524/565/524 547/590/547 548/591/548 525/566/525
f 525/566/525 548/591/548 549/592/549 526/567/526
f 526/567/526 549/592/549 550/593/550 527/568/527
f 527/568/527 550/593/550 551/594/551 528/569/528
f 528/569/528 551/594/551 552/595/552 529/570/529
f 529/570/529 552/595/552 553/596/553 530/571/530
f 530/571/530 553/596/553 554/597/554 531/572/531
f 531/572/531 554/597/554 25/598/48
f 1/599/1 2/600/3 532/575/532
f 532/575/532 2/600/3 3/601/5 533/576/533
f 533/576/533 3/601/5 4/602/7 534/577/534
f 534/577/534 4/602/7 5/603/9 535/578/535
f 535/578/535 5/603/9 6/604/11 536/579/536
f 536/579/536 6/604/11 7/605/13 537/580/537
f 537/580/537 7/605/13 8/606/15 538/581/538
f 538/581/538 8/606/15 9/607/17 539/582/539
f 539/582/539 9/607/17 10/608/19 540/583/540
f 540/583/540 10/608/19 11/609/21 541/584/541
f 541/584/541 11/609/21 12/610/23 542/585/542
f 542/585/542 12/610/23 13/611/25 543/586/543
f 543/586/543 13/611/25 14/612/27 544/587/544
f 544/587/544 14/612/27 15/613/29 545/588/545
f 545/588/545 15/613/29 16/614/31 546/589/546
f 546/589/546 16/614/31 17/615/33 547/590/547
f 547/590/547 17/615/33 18/616/35 548/591/548
f 548/591/548 18/616/35 19/617/37 549/592/549
f 549/592/549 19/617/37 20/618/39 550/593/550
f 550/593/550 20/618/39 21/619/41 551/594/551
f 551/594/551 21/619/41 22/620/43 552/595/552
f 552/595/552 22/620/43 23/621/45 553/596/553
f 553/596/553 23/621/45 24/622/47 554/597/554
f 554/597/554 24/622/47 25/623/48
o Sphere4
v 0.420313 0.273969 -0.000000
v 0.456093 0.271613 -0.000000
v 0.491216 0.264654 -0.000000
v 0.525134 0.253092 -0.000000
v 0.557297 0.237257 -0.000000
v 0.587105 0.217367 -0.000000
v 0.614064 0.193751 -0.000000
v 0.637680 0.166792 -0.000000
v 0.657570 0.136984 -0.000000
v 0.673405 0.104820 -0.000000
v 0.684967 0.070903 -0.000000
v 0.691926 0.035780 -0.000000
v 0.694282 0.000000 0.000000
v 0.691926 -0.035780 0.000000
v 0.684967 -0.070903 0.000000
v 0.673405 -0.104820 0.000000
v 0.657570 -0.136984 0.000000
v 0.637680 -0.166792 0.000000
v 0.614064 -0.193751 0.000000
v 0.587105 -0.217367 0.000000
v 0.557297 -0.237257 0.000000
v 0.525134 -0.253092 0.000000
v 0.491216 -0.264654 0.000000
v 0.456093 -0.271613 0.000000
v 0.420313 -0.273969 0.000000
v 0.454833 0.271613 0.009260
v 0.488805 0.264654 0.018356
v 0.521572 0.253092 0.027123
v 0.552640 0.237257 0.035452
v 0.581407 0.217367 0.043177
v 0.607434 0.193751 0.050136
v 0.630283 0.166792 0.056273
v 0.649515 0.136984 0.061424
v 0.664803 0.104820 0.065533
v 0.675926 0.070903 0.068492
v 0.682666 0.035780 0.070300
v 0.684967 0.000000 0.070903
v 0.682666 -0.035780 0.070300
v 0.675926 -0.070903 0.068492
v 0.664803 -0.104820 0.065533
v 0.649515 -0.136984 0.061424
v 0.630283 -0.166792 0.056273
v 0.607434 -0.193751 0.050136
v 0.581407 -0.217367 0.043177
v 0.552640 -0.237257 0.035452
v 0.521572 -0.253092 0.027123
v 0.488805 -0.264654 0.018356
v 0.454833 -0.271613 0.009260
v 0.451272 0.271613 0.017863
v 0.481737 0.264654 0.035452
v 0.511106 0.253092 0.052438
v 0.538942 0.237257 0.068492
v 0.564749 0.217367 0.083396
v 0.588092 0.193751 0.096875
v 0.608530 0.166792 0.108656
v 0.625790 0.136984 0.118628
v 0.639543 0.104820 0.126574
v 0.649515 0.070903 0.132327
v 0.655543 0.035780 0.135834
v 0.657570 0.000000 0.136984
v 0.655543 -0.035780 0.135834
v 0.649515 -0.070903 0.132327
v 0.639543 -0.104820 0.126574
v 0.625790 -0.136984 0.118628
v 0.608530 -0.166792 0.108656
v 0.588092 -0.193751 0.096875
v 0.564749 -0.217367 0.083396
v 0.538942 -0.237257 0.068492
v 0.511106 -0.253092 0.052438
v 0.481737 -0.264654 0.035452
v 0.451272 -0.271613 0.017863
v 0.445573 0.271613 0.025260
v 0.470449 0.264654 0.050136
v 0.494449 0.253092 0.074136
v 0.517188 0.237257 0.096875
v 0.538229 0.217367 0.117916
v 0.557297 0.193751 0.136984
v 0.574010 0.166792 0.153696
v 0.588092 0.136984 0.167778
v 0.599269 0.104820 0.178956
v 0.607434 0.070903 0.187121
v 0.612365 0.035780 0.192052
v 0.614064 0.000000 0.193751
v 0.612365 -0.035780 0.192052
v 0.607434 -0.070903 0.187121
v 0.599269 -0.104820 0.178956
v 0.588092 -0.136984 0.167778
v 0.574010 -0.166792 0.153696
v 0.557297 -0.193751 0.136984
v 0.538229 -0.217367 0.117916
v 0.517188 -0.237257 0.096875
v 0.494449 -0.253092 0.074136
v 0.470449 -0.264654 0.050136
v 0.445573 -0.271613 0.025260
v 0.438176 0.271613 0.030958
v 0.455765 0.264654 0.061424
v 0.472751 0.253092 0.090793
v 0.488805 0.237257 0.118628
v 0.503709 0.217367 0.144436
v 0.517188 0.193751 0.167778
v 0.528969 0.166792 0.188216
v 0.538942 0.136984 0.205477
v 0.546887 0.104820 0.219230
v 0.552640 0.070903 0.229202
v 0.556147 0.035780 0.235230
v 0.557297 0.000000 0.237257
v 0.556147 -0.035780 0.235230
v 0.552640 -0.070903 0.229202
v 0.546887 -0.104820 0.219230
v 0.538942 -0.136984 0.205477
v 0.528969 -0.166792 0.188216
v 0.517188 -0.193751 0.167778
v 0.503709 -0.217367 0.144436
v 0.488805 -0.237257 0.118628
v 0.472751 -0.253092 0.090793
v 0.455765 -0.264654 0.061424
v 0.438176 -0.271613 0.030958
v 0.429573 0.271613 0.034520
v 0.438669 0.264654 0.068492
v 0.447436 0.253092 0.101259
v 0.455765 0.237257 0.132327
v 0.463491 0.217367 0.161094
v 0.470449 0.193751 0.187121
v 0.476586 0.166792 0.209970
v 0.481737 0.136984 0.229202
v 0.485846 0.104820 0.244490
v 0.488805 0.070903 0.255613
v 0.490613 0.035780 0.262352
v 0.491216 0.000000 0.264654
v 0.490613 -0.035780 0.262352
v 0.488805 -0.070903 0.255613
v 0.485846 -0.104820 0.244490
v 0.481737 -0.136984 0.229202
v 0.476586 -0.166792 0.209970
v 0.470449 -0.193751 0.187121
v 0.463491 -0.217367 0.161094
v 0.455765 -0.237257 0.132327
v 0.447436 -0.253092 0.101259
v 0.438669 -0.264654 0.068492
v 0.429573 -0.271613 0.034520
v 0.420313 0.271613 0.035780
v 0.420313 0.264654 0.070903
v 0.420313 0.253092 0.104820
v 0.420313 0.237257 0.136984
v 0.420313 0.217367 0.166792
v 0.420313 0.193751 0.193751
v 0.420313 0.166792 0.217367
v 0.420313 0.136984 0.237257
v 0.420313 0.104820 0.253092
v 0.420313 0.070903 0.264654
v 0.420313 0.035780 0.271613
v 0.420313 0.000000 0.273969
v 0.420313 -0.035780 0.271613
v 0.420313 -0.070903 0.264654
v 0.420313 -0.104820 0.253092
v 0.420313 -0.136984 0.237257
v 0.420313 -0.166792 0.217367
v 0.420313 -0.193751 0.193751
v 0.420313 -0.217367 0.166792
v 0.420313 -0.237257 0.136984
v 0.420313 -0.253092 0.104820
v 0.420313 -0.264654 0.070903
v 0.420313 -0.271613 0.035780
v 0.411053 0.271613 0.034520
v 0.401957 0.264654 0.068492
v 0.393190 0.253092 0.101259
v 0.384862 0.237257 0.132327
v 0.377136 0.217367 0.161094
v 0.370177 0.193751 0.187121
v 0.364040 0.166792 0.209970
v 0.358889 0.136984 0.229202
v 0.354780 0.104820 0.244490
v 0.351821 0.070903 0.255613
v 0.350013 0.035780 0.262352
v 0.349410 0.000000 0.264654
v 0.350013 -0.035780 0.262352
v 0.351821 -0.070903 0.255613
v 0.354780 -0.104820 0.244490
v 0.358889 -0.136984 0.229202
v 0.364040 -0.166792 0.209970
v 0.370177 -0.193751 0.187121
v 0.377136 -0.217367 0.161094
v 0.384862 -0.237257 0.132327
v 0.393190 -0.253092 0.101259
v 0.401957 -0.264654 0.068492
v 0.411053 -0.271613 0.034520
v 0.402450 0.271613 0.030958
v 0.384862 0.264654 0.061424
v 0.367876 0.253092 0.090793
v 0.351821 0.237257 0.118628
v 0.336917 0.217367 0.144436
v 0.323438 0.193751 0.167778
v 0.311657 0.166792 0.188216
v 0.301685 0.136984 0.205477
v 0.293740 0.104820 0.219230
v 0.287986 0.070903 0.229202
v 0.284479 0.035780 0.235230
v 0.283329 0.000000 0.237257
v 0.284479 -0.035780 0.235230
v 0.287986 -0.070903 0.229202
v 0.293740 -0.104820 0.219230
v 0.301685 -0.136984 0.205477
v 0.311657 -0.166792 0.188216
v 0.323438 -0.193751 0.167778
v 0.336917 -0.217367 0.144436
v 0.351821 -0.237257 0.118628
v 0.367876 -0.253092 0.090793
v 0.384862 -0.264654 0.061424
v 0.402450 -0.271613 0.030958
v 0.395053 0.271613 0.025260
v 0.370177 0.264654 0.050136
v 0.346177 0.253092 0.074136
v 0.323438 0.237257 0.096875
v 0.302397 0.217367 0.117916
v 0.283329 0.193751 0.136984
v 0.266617 0.166792 0.153696
v 0.252535 0.136984 0.167778
v 0.241357 0.104820 0.178956
v 0.233192 0.070903 0.187121
v 0.228261 0.035780 0.192052
v 0.226562 0.000000 0.193751
v 0.228261 -0.035780 0.192052
v 0.233192 -0.070903 0.187121
v 0.241357 -0.104820 0.178956
v 0.252535 -0.136984 0.167778
v 0.266617 -0.166792 0.153696
v 0.283329 -0.193751 0.136984
v 0.302397 -0.217367 0.117916
v 0.323438 -0.237257 0.096875
v 0.346177 -0.253092 0.074136
v 0.370177 -0.264654 0.050136
v 0.395053 -0.271613 0.025260
v 0.389355 0.271613 0.017863
v 0.358889 0.264654 0.035452
v 0.329520 0.253092 0.052438
v 0.301685 0.237257 0.068492
v 0.275877 0.217367 0.083396
v 0.252535 0.193751 0.096875
v 0.232097 0.166792 0.108656
v 0.214837 0.136984 0.118628
v 0.201083 0.104820 0.126574
v 0.191111 0.070903 0.132327
v 0.185084 0.035780 0.135834
v 0.183056 0.000000 0.136984
v 0.185084 -0.035780 0.135834
v 0.191111 -0.070903 0.132327
v 0.201083 -0.104820 0.126574
v 0.214837 -0.136984 0.118628
v 0.232097 -0.166792 0.108656
v 0.252535 -0.193751 0.096875
v 0.275877 -0.217367 0.083396
v 0.301685 -0.237257 0.068492
v 0.329520 -0.253092 0.052438
v 0.358889 -0.264654 0.035452
v 0.389355 -0.271613 0.017863
v 0.385793 0.271613 0.009260
v 0.351821 0.264654 0.018356
v 0.319054 0.253092 0.027123
v 0.287986 0.237257 0.035452
v 0.259220 0.217367 0.043177
v 0.233192 0.193751 0.050136
v 0.210344 0.166792 0.056273
v 0.191111 0.136984 0.061424
v 0.175823 0.104820 0.065533
v 0.164700 0.070903 0.068492
v 0.157961 0.035780 0.070300
v 0.155659 0.000000 0.070903
v 0.157961 -0.035780 0.070300
v 0.164700 -0.070903 0.068492
v 0.175823 -0.104820 0.065533
v 0.191111 -0.136984 0.061424
v 0.210344 -0.166792 0.056273
v 0.233192 -0.193751 0.050136
v 0.259220 -0.217367 0.043177
v 0.287986 -0.237257 0.035452
v 0.319054 -0.253092 0.027123
v 0.351821 -0.264654 0.018356
v 0.385793 -0.271613 0.009260
v 0.384533 0.271613 -0.000000
v 0.349410 0.264654 -0.000000
v 0.315493 0.253092 -0.000000
v 0.283329 0.237257 -0.000000
v 0.253521 0.217367 -0.000000
v 0.226562 0.193751 -0.000000
v 0.202946 0.166792 -0.000000
v 0.183056 0.136984 -0.000000
v 0.167221 0.104820 -0.000000
v 0.155659 0.070903 -0.000000
v 0.148701 0.035780 -0.000000
v 0.146344 0.000000 0.000000
v 0.148701 -0.035780 0.000000
v 0.155659 -0.070903 0.000000
v 0.167221 -0.104820 0.000000
v 0.183056 -0.136984 0.000000
v 0.202946 -0.166792 0.000000
v 0.226562 -0.193751 0.000000
v 0.253521 -0.217367 0.000000
v 0.283329 -0.237257 0.000000
v 0.315493 -0.253092 0.000000
v 0.349410 -0.264654 0.000000
v 0.384533 -0.271613 0.000000
v 0.385793 0.271613 -0.009260
v 0.351821 0.264654 -0.018356
v 0.319054 0.253092 -0.027123
v 0.287986 0.237257 -0.035452
v 0.259220 0.217367 -0.043177
v 0.233192 0.193751 -0.050136
v 0.210344 0.166792 -0.056273
v 0.191111 0.136984 -0.061424
v 0.175823 0.104820 -0.065533
v 0.164700 0.070903 -0.068492
v 0.157961 0.035780 -0.070300
v 0.155659 -0.000000 -0.070903
v 0.157961 -0.035780 -0.070300
v 0.164700 -0.070903 -0.068492
v 0.175823 -0.104820 -0.065533
v 0.191111 -0.136984 -0.061424
v 0.210344 -0.166792 -0.056273
v 0.233192 -0.193751 -0.050136
v 0.259220 -0.217367 -0.043177
v 0.287986 -0.237257 -0.035452
v 0.319054 -0.253092 -0.027123
v 0.351821 -0.264654 -0.018356
v 0.385793 -0.271613 -0.009260
v 0.389355 0.271613 -0.017863
v 0.358889 0.264654 -0.035452
v 0.329520 0.253092 -0.052438
v 0.301685 0.237257 -0.068492
v 0.275877 0.217367 -0.083396
v 0.252535 0.193751 -0.096875
v 0.232097 0.166792 -0.108656
v 0.214837 0.136984 -0.118628
v 0.201083 0.104820 -0.126574
v 0.191111 0.070903 -0.132327
v 0.185084 0.035780 -0.135834
v 0.183056 -0.000000 -0.136984
v 0.185084 -0.035780 -0.135834
v 0.191111 -0.070903 -0.132327
v 0.201083 -0.104820 -0.126574
v 0.214837 -0.136984 -0.118628
v 0.232097 -0.166792 -0.108656
v 0.252535 -0.193751 -0.096875
v 0.275877 -0.217367 -0.083396
v 0.301685 -0.237257 -0.068492
v 0.329520 -0.253092 -0.052438
v 0.358889 -0.264654 -0.035452
v 0.389355 -0.271613 -0.017863
v 0.395053 0.271613 -0.025260
v 0.370177 0.264654 -0.050136
v 0.346177 0.253092 -0.074136
v 0.323438 0.237257 -0.096875
v 0.302397 0.217367 -0.117916
v 0.283329 0.193751 -0.136984
v 0.266617 0.166792 -0.153696
v 0.252535 0.136984 -0.167778
v 0.241357 0.104820 -0.178956
v 0.233192 0.070903 -0.187121
v 0.228261 0.035780 -0.192052
v 0.226562 -0.000000 -0.193751
v 0.228261 -0.035780 -0.192052
v 0.233192 -0.070903 -0.187121
v 0.241357 -0.104820 -0.178956
v 0.252535 -0.136984 -0.167778
v 0.266617 -0.166792 -0.153696
v 0.283329 -0.193751 -0.136984
v 0.302397 -0.217367 -0.117916
v 0.323438 -0.237257 -0.096875
v 0.346177 -0.253092 -0.074136
v 0.370177 -0.264654 -0.050136
v 0.395053 -0.271613 -0.025260
v 0.402450 0.271613 -0.030958
v 0.384862 0.264654 -0.061424
v 0.367876 0.253092 -0.090793
v 0.351821 0.237257 -0.118628
v 0.336917 0.217367 -0.144436
v 0.323438 0.193751 -0.167778
v 0.311657 0.166792 -0.188216
v 0.301685 0.136984 -0.205477
v 0.293740 0.104820 -0.219230
v 0.287986 0.070903 -0.229202
v 0.284479 0.035780 -0.235230
v 0.283329 -0.000000 -0.237257
v 0.284479 -0.035780 -0.235230
v 0.287986 -0.070903 -0.229202
v 0.293740 -0.104820 -0.219230
v 0.301685 -0.136984 -0.205477
v 0.311657 -0.166792 -0.188216
v 0.323438 -0.193751 -0.167778
v 0.336917 -0.217367 -0.144436
v 0.351821 -0.237257 -0.118628
v 0.367876 -0.253092 -0.090793
v 0.384862 -0.264654 -0.061424
v 0.402450 -0.271613 -0.030958
v 0.411053 0.271613 -0.034520
v 0.401957 0.264654 -0.068492
v 0.393190 0.253092 -0.101259
v 0.384862 0.237257 -0.132327
v 0.377136 0.217367 -0.161094
v 0.370177 0.193751 -0.187121
v 0.364040 0.166792 -0.209970
v 0.358889 0.136984 -0.229202
v 0.354780 0.104820 -0.244490
v 0.351821 0.070903 -0.255613
v 0.350013 0.035780 -0.262352
v 0.349410 -0.000000 -0.264654
v 0.350013 -0.035780 -0.262352
v 0.351821 -0.070903 -0.255613
v 0.354780 -0.104820 -0.244490
v 0.358889 -0.136984 -0.229202
v 0.364040 -0.166792 -0.209970
v 0.370177 -0.193751 -0.187121
v 0.377136 -0.217367 -0.161094
v 0.384862 -0.237257 -0.132327
v 0.393190 -0.253092 -0.101259
v 0.401957 -0.264654 -0.068492
v 0.411053 -0.271613 -0.034520
v 0.420313 0.271613 -0.035780
v 0.420313 0.264654 -0.070903
v 0.420313 0.253092 -0.104820
v 0.420313 0.237257 -0.136984
v 0.420313 0.217367 -0.166792
v 0.420313 0.193751 -0.193751
v 0.420313 0.166792 -0.217367
v 0.420313 0.136984 -0.237257
v 0.420313 0.104820 -0.253092
v 0.420313 0.070903 -0.264654
v 0.420313 0.035780 -0.271613
v 0.420313 -0.000000 -0.273969
v 0.420313 -0.035780 -0.271613
v 0.420313 -0.070903 -0.264654
v 0.420313 -0.104820 -0.253092
v 0.420313 -0.136984 -0.237257
v 0.420313 -0.166792 -0.217367
v 0.420313 -0.193751 -0.193751
v 0.420313 -0.217367 -0.166792
v 0.420313 -0.237257 -0.136984
v 0.420313 -0.253092 -0.104820
v 0.420313 -0.264654 -0.070903
v 0.420313 -0.271613 -0.035780
v 0.429573 0.271613 -0.034520
v 0.438669 0.264654 -0.068492
v 0.447436 0.253092 -0.101259
v 0.455765 0.237257 -0.132327
v 0.463491 0.217367 -0.161094
v 0.470449 0.193751 -0.187121
v 0.476586 0.166792 -0.209970
v 0.481737 0.136984 -0.229202
v 0.485846 0.104820 -0.244490
v 0.488805 0.070903 -0.255613
v 0.490613 0.035780 -0.262352
v 0.491216 -0.000000 -0.264654
v 0.490613 -0.035780 -0.262352
v 0.488805 -0.070903 -0.255613
v 0.485846 -0.104820 -0.244490
v 0.481737 -0.136984 -0.229202
v 0.476586 -0.166792 -0.209970
v 0.470449 -0.193751 -0.187121
v 0.463491 -0.217367 -0.161094
v 0.455765 -0.237257 -0.132327
v 0.447436 -0.253092 -0.101259
v 0.438669 -0.264654 -0.068492
v 0.429573 -0.271613 -0.034520
v 0.438176 0.271613 -0.030958
v 0.455765 0.264654 -0.061424
v 0.472751 0.253092 -0.090793
v 0.488805 0.237257 -0.118628
v 0.503709 0.217367 -0.144436
v 0.517188 0.193751 -0.167778
v 0.528969 0.166792 -0.188216
v 0.538942 0.136984 -0.205477
v 0.546887 0.104820 -0.219230
v 0.552640 0.070903 -0.229202
v 0.556147 0.035780 -0.235230
v 0.557297 -0.000000 -0.237257
v 0.556147 -0.035780 -0.235230
v 0.552640 -0.070903 -0.229202
v 0.546887 -0.104820 -0.219230
v 0.538942 -0.136984 -0.205477
v 0.528969 -0.166792 -0.188216
v 0.517188 -0.193751 -0.167778
v 0.503709 -0.217367 -0.144436
v 0.488805 -0.237257 -0.118628
v 0.472751 -0.253092 -0.090793
v 0.455765 -0.264654 -0.061424
v 0.438176 -0.271613 -0.030958
v 0.445573 0.271613 -0.025260
v 0.470449 0.264654 -0.050136
v 0.494449 0.253092 -0.074136
v 0.517188 0.237257 -0.096875
v 0.538229 0.217367 -0.117916
v 0.557297 0.193751 -0.136984
v 0.574010 0.166792 -0.153696
v 0.588092 0.136984 -0.167778
v 0.599269 0.104820 -0.178956
v 0.607434 0.070903 -0.187121
v 0.612365 0.035780 -0.192052
v 0.614064 -0.000000 -0.193751
v 0.612365 -0.035780 -0.192052
v 0.607434 -0.070903 -0.187121
v 0.599269 -0.104820 -0.178956
v 0.588092 -0.136984 -0.167778
v 0.574010 -0.166792 -0.153696
v 0.557297 -0.193751 -0.136984
v 0.538229 -0.217367 -0.117916
v 0.517188 -0.237257 -0.096875
v 0.494449 -0.253092 -0.074136
v 0.470449 -0.264654 -0.050136
v 0.445573 -0.271613 -0.025260
v 0.451272 0.271613 -0.017863
v 0.481737 0.264654 -0.035452
v 0.511106 0.253092 -0.052438
v 0.538942 0.237257 -0.068492
v 0.564749 0.217367 -0.083396
v 0.588092 0.193751 -0.096875
v 0.608530 0.166792 -0.108656
v 0.625790 0.136984 -0.118628
v 0.639543 0.104820 -0.126574
v 0.649515 0.070903 -0.132327
v 0.655543 0.035780 -0.135834
v 0.657570 -0.000000 -0.136984
v 0.655543 -0.035780 -0.135834
v 0.649515 -0.070903 -0.132327
v 0.639543 -0.104820 -0.126574
v 0.625790 -0.136984 -0.118628
v 0.608530 -0.166792 -0.108656
v 0.588092 -0.193751 -0.096875
v 0.564749 -0.217367 -0.083396
v 0.538942 -0.237257 -0.068492
v 0.511106 -0.253092 -0.052438
v 0.481737 -0.264654 -0.035452
v 0.451272 -0.271613 -0.017863
v 0.454833 0.271613 -0.009260
v 0.488805 0.264654 -0.018356
v 0.521572 0.253092 -0.027123
v 0.552640 0.237257 -0.035452
v 0.581407 0.217367 -0.043177
v 0.607434 0.193751 -0.050136
v 0.630283 0.166792 -0.056273
v 0.649515 0.136984 -0.061424
v 0.664803 0.104820 -0.065533
v 0.675926 0.070903 -0.068492
v 0.682666 0.035780 -0.070300
v 0.684967 -0.000000 -0.070903
v 0.682666 -0.035780 -0.070300
v 0.675926 -0.070903 -0.068492
v 0.664803 -0.104820 -0.065533
v 0.649515 -0.136984 -0.061424
v 0.630283 -0.166792 -0.056273
v 0.607434 -0.193751 -0.050136
v 0.581407 -0.217367 -0.043177
v 0.552640 -0.237257 -0.035452
v 0.521572 -0.253092 -0.027123
v 0.488805 -0.264654 -0.018356
v 0.454833 -0.271613 -0.009260
vt 1.000000 1.000000
vt 0.958333 0.958333
vt 1.000000 0.958333
vt 0.958333 0.916667
vt 1.000000 0.916667
vt 0.958333 0.875000
vt 1.000000 0.875000
vt 0.958333 0.833333
vt 1.000000 0.833333
vt 0.958333 0.791667
vt 1.000000 0.791667
vt 0.958333 0.750000
vt 1.000000 0.750000
vt 0.958333 0.708333
vt 1.000000 0.708333
vt 0.958333 0.666667
vt 1.000000 0.666667
vt 0.958333 0.625000
vt 1.000000 0.625000
vt 0.958333 0.583333
vt 1.000000 0.583333
vt 0.958333 0.541667
vt 1.000000 0.541667
vt 0.958333 0.500000
vt 1.000000 0.500000
vt 0.958333 0.458333
vt 1.000000 0.458333
vt 0.958333 0.416667
vt 1.000000 0.416667
vt 0.958333 0.375000
vt 1.000000 0.375000
vt 0.958333 0.333333
vt 1.000000 0.333333
vt 0.958333 0.291667
vt 1.000000 0.291667
vt 0.958333 0.250000
vt 1.000000 0.250000
vt 0.958333 0.208333
vt 1.000000 0.208333
vt 0.958333 0.166667
vt 1.000000 0.166667
vt 0.958333 0.125000
vt 1.000000 0.125000
vt 0.958333 0.083333
vt 1.000000 0.083333
vt 0.958333 0.041667
vt 1.000000 0.041667
vt 0.958333 0.000000
vt 0.958333 1.000000
vt 0.916667 0.958333
vt 0.916667 0.916667
vt 0.916667 0.875000
vt 0.916667 0.833333
vt 0.916667 0.791667
vt 0.916667 0.750000
vt 0.916667 0.708333
vt 0.916667 0.666667
vt 0.916667 0.625000
vt 0.916667 0.583333
vt 0.916667 0.541667
vt 0.916667 0.500000
vt 0.916667 0.458333
vt 0.916667 0.416667
vt 0.916667 0.375000
vt 0.916667 0.333333
vt 0.916667 0.291667
vt 0.916667 0.250000
vt 0.916667 0.208333
vt 0.916667 0.166667
vt 0.916667 0.125000
vt 0.916667 0.083333
vt 0.916667 0.041667
vt 0.916667 0.000000
vt 0.916667 1.000000
vt 0.875000 0.958333
vt 0.875000 0.916667
vt 0.875000 0.875000
vt 0.875000 0.833333
vt 0.875000 0.791667
vt 0.875000 0.750000
vt 0.875000 0.708333
vt 0.875000 0.666667
vt 0.875000 0.625000
vt 0.875000 0.583333
vt 0.875000 0.541667
vt 0.875000 0.500000
vt 0.875000 0.458333
vt 0.875000 0.416667
vt 0.875000 0.375000
vt 0.875000 0.333333
vt 0.875000 0.291667
vt 0.875000 0.250000
vt 0.875000 0.208333
vt 0.875000 0.166667
vt 0.875000 0.125000
vt 0.875000 0.083333
vt 0.875000 0.041667
vt 0.875000 0.000000
vt 0.875000 1.000000
vt 0.833333 0.958333
vt 0.833333 0.916667
vt 0.833333 0.875000
vt 0.833333 0.833333
vt 0.833333 0.791667
vt 0.833333 0.750000
vt 0.833333 0.708333
vt 0.833333 0.666667
vt 0.833333 0.625000
vt 0.833333 0.583333
vt 0.833333 0.541667
vt 0.833333 0.500000
vt 0.833333 0.458333
vt 0.833333 0.416667
vt 0.833333 0.375000
vt 0.833333 0.333333
vt 0.833333 0.291667
vt 0.833333 0.250000
vt 0.833333 0.208333
vt 0.833333 0.166667
vt 0.833333 0.125000
vt 0.833333 0.083333
vt 0.833333 0.041667
vt 0.833333 0.000000
vt 0.833333 1.000000
vt 0.791667 0.958333
vt 0.791667 0.916667
vt 0.791667 0.875000
vt 0.791667 0.833333
vt 0.791667 0.791667
vt 0.791667 0.750000
vt 0.791667 0.708333
vt 0.791667 0.666667
vt 0.791667 0.625000
vt 0.791667 0.583333
vt 0.791667 0.541667
vt 0.791667 0.500000
vt 0.791667 0.458333
vt 0.791667 0.416667
vt 0.791667 0.375000
vt 0.791667 0.333333
vt 0.791667 0.291667
vt 0.791667 0.250000
vt 0.791667 0.208333
vt 0.791667 0.166667
vt 0.791667 0.125000
vt 0.791667 0.083333
vt 0.791667 0.041667
vt 0.791667 0.000000
vt 0.791667 1.000000
vt 0.750000 0.958333
vt 0.750000 0.916667
vt 0.750000 0.875000
vt 0.750000 0.833333
vt 0.750000 0.791667
vt 0.750000 0.750000
vt 0.750000 0.708333
vt 0.750000 0.666667
vt 0.750000 0.625000
vt 0.750000 0.583333
vt 0.750000 0.541667
vt 0.750000 0.500000
vt 0.750000 0.458333
vt 0.750000 0.416667
vt 0.750000 0.375000
vt 0.750000 0.333333
vt 0.750000 0.291667
vt 0.750000 0.250000
vt 0.750000 0.208333
vt 0.750000 0.166667
vt 0.750000 0.125000
vt 0.750000 0.083333
vt 0.750000 0.041667
vt 0.750000 0.000000
vt 0.750000 1.000000
vt 0.708333 0.958333
vt 0.708333 0.916667
vt 0.708333 0.875000
vt 0.708333 0.833333
vt 0.708333 0.791667
vt 0.708333 0.750000
vt 0.708333 0.708333
vt 0.708333 0.666667
vt 0.708333 0.625000
vt 0.708333 0.583333
vt 0.708333 0.541667
vt 0.708333 0.500000
vt 0.708333 0.458333
vt 0.708333 0.416667
vt 0.708333 0.375000
vt 0.708333 0.333333
vt 0.708333 0.291667
vt 0.708333 0.250000
vt 0.708333 0.208333
vt 0.708333 0.166667
vt 0.708333 0.125000
vt 0.708333 0.083333
vt 0.708333 0.041667
vt 0.708333 0.000000
vt 0.708333 1.000000
vt 0.666667 0.958333
vt 0.666667 0.916667
vt 0.666667 0.875000
vt 0.666667 0.833333
vt 0.666667 0.791667
vt 0.666667 0.750000
vt 0.666667 0.708333
vt 0.666667 0.666667
vt 0.666667 0.625000
vt 0.666667 0.583333
vt 0.666667 0.541667
vt 0.666667 0.500000
vt 0.666667 0.458333
vt 0.666667 0.416667
vt 0.666667 0.375000
vt 0.666667 0.333333
vt 0.666667 0.291667
vt 0.666667 0.250000
vt 0.666667 0.208333
vt 0.666667 0.166667
vt 0.666667 0.125000
vt 0.666667 0.083333
vt 0.666667 0.041667
vt 0.666667 0.000000
vt 0.666667 1.000000
vt 0.625000 0.958333
vt 0.625000 0.916667
vt 0.625000 0.875000
vt 0.625000 0.833333
vt 0.625000 0.791667
vt 0.625000 0.750000
vt 0.625000 0.708333
vt 0.625000 0.666667
vt 0.625000 0.625000
vt 0.625000 0.583333
vt 0.625000 0.541667
vt 0.625000 0.500000
vt 0.625000 0.458333
vt 0.625000 0.416667
vt 0.625000 0.375000
vt 0.625000 0.333333
vt 0.625000 0.291667
vt 0.625000 0.250000
vt 0.625000 0.208333
vt 0.625000 0.166667
vt 0.625000 0.125000
vt 0.625000 0.083333
vt 0.625000 0.041667
vt 0.625000 0.000000
vt 0.625000 1.000000
vt 0.583333 0.958333
vt 0.583333 0.916667
vt 0.583333 0.875000
vt 0.583333 0.833333
vt 0.583333 0.791667
vt 0.583333 0.750000
vt 0.583333 0.708333
vt 0.583333 0.666667
vt 0.583333 0.625000
vt 0.583333 0.583333
vt 0.583333 0.541667
vt 0.583333 0.500000
vt 0.583333 0.458333
vt 0.583333 0.416667
vt 0.583333 0.375000
vt 0.583333 0.333333
vt 0.583333 0.291667
vt 0.583333 0.250000
vt 0.583333 0.208333
vt 0.583333 0.166667
vt 0.583333 0.125000
vt 0.583333 0.083333
vt 0.583333 0.041667
vt 0.583333 0.000000
vt 0.583333 1.000000
vt 0.541667 0.958333
vt 0.541667 0.916667
vt 0.541667 0.875000
vt 0.541667 0.833333
vt 0.541667 0.791667
vt 0.541667 0.750000
vt 0.541667 0.708333
vt 0.541667 0.666667
vt 0.541667 0.625000
vt 0.541667 0.583333
vt 0.541667 0.541667
vt 0.541667 0.500000
vt 0.541667 0.458333
vt 0.541667 0.416667
vt 0.541667 0.375000
vt 0.541667 0.333333
vt 0.541667 0.291667
vt 0.541667 0.250000
vt 0.541667 0.208333
vt 0.541667 0.166667
vt 0.541667 0.125000
vt 0.541667 0.083333
vt 0.541667 0.041667
vt 0.541667 0.000000
vt 0.541667 1.000000
vt 0.500000 0.958333
vt 0.500000 0.916667
vt 0.500000 0.875000
vt 0.500000 0.833333
vt 0.500000 0.791667
vt 0.500000 0.750000
vt 0.500000 0.708333
vt 0.500000 0.666667
vt 0.500000 0.625000
vt 0.500000 0.583333
vt 0.500000 0.541667
vt 0.500000 0.500000
vt 0.500000 0.458333
vt 0.500000 0.416667
vt 0.500000 0.375000
vt 0.500000 0.333333
vt 0.500000 0.291667
vt 0.500000 0.250000
vt 0.500000 0.208333
vt 0.500000 0.166667
vt 0.500000 0.125000
vt 0.500000 0.083333
vt 0.500000 0.041667
vt 0.500000 0.000000
vt 0.500000 1.000000
vt 0.458333 0.958333
vt 0.458333 0.916667
vt 0.458333 0.875000
vt 0.458333 0.833333
vt 0.458333 0.791667
vt 0.458333 0.750000
vt 0.458333 0.708333
vt 0.458333 0.666667
vt 0.458333 0.625000
vt 0.458333 0.583333
vt 0.458333 0.541667
vt 0.458333 0.500000
vt 0.458333 0.458333
vt 0.458333 0.416667
vt 0.458333 0.375000
vt 0.458333 0.333333
vt 0.458333 0.291667
vt 0.458333 0.250000
vt 0.458333 0.208333
vt 0.458333 0.166667
vt 0.458333 0.125000
vt 0.458333 0.083333
vt 0.458333 0.041667
vt 0.458333 0.000000
vt 0.458333 1.000000
vt 0.416667 0.958333
vt 0.416667 0.916667
vt 0.416667 0.875000
vt 0.416667 0.833333
vt 0.416667 0.791667
vt 0.416667 0.750000
vt 0.416667 0.708333
vt 0.416667 0.666667
vt 0.416667 0.625000
vt 0.416667 0.583333
vt 0.416667 0.541667
vt 0.416667 0.500000
vt 0.416667 0.458333
vt 0.416667 0.416667
vt 0.416667 0.375000
vt 0.416667 0.333333
vt 0.416667 0.291667
vt 0.416667 0.250000
vt 0.416667 0.208333
vt 0.416667 0.166667
vt 0.416667 0.125000
vt 0.416667 0.083333
vt 0.416667 0.041667
vt 0.416667 0.000000
vt 0.416667 1.000000
vt 0.375000 0.958333
vt 0.375000 0.916667
vt 0.375000 0.875000
vt 0.375000 0.833333
vt 0.375000 0.791667
vt 0.375000 0.750000
vt 0.375000 0.708333
vt 0.375000 0.666667
vt 0.375000 0.625000
vt 0.375000 0.583333
vt 0.375000 0.541667
vt 0.375000 0.500000
vt 0.375000 0.458333
vt 0.375000 0.416667
vt 0.375000 0.375000
vt 0.375000 0.333333
vt 0.375000 0.291667
vt 0.375000 0.250000
vt 0.375000 0.208333
vt 0.375000 0.166667
vt 0.375000 0.125000
vt 0.375000 0.083333
vt 0.375000 0.041667
vt 0.375000 0.000000
vt 0.375000 1.000000
vt 0.333333 0.958333
vt 0.333333 0.916667
vt 0.333333 0.875000
vt 0.333333 0.833333
vt 0.333333 0.791667
vt 0.333333 0.750000
vt 0.333333 0.708333
vt 0.333333 0.666667
vt 0.333333 0.625000
vt 0.333333 0.583333
vt 0.333333 0.541667
vt 0.333333 0.500000
vt 0.333333 0.458333
vt 0.333333 0.416667
vt 0.333333 0.375000
vt 0.333333 0.333333
vt 0.333333 0.291667
vt 0.333333 0.250000
vt 0.333333 0.208333
vt 0.333333 0.166667
vt 0.333333 0.125000
vt 0.333333 0.083333
vt 0.333333 0.041667
vt 0.333333 0.000000
vt 0.333333 1.000000
vt 0.291667 0.958333
vt 0.291667 0.916667
vt 0.291667 0.875000
vt 0.291667 0.833333
vt 0.291667 0.791667
vt 0.291667 0.750000
vt 0.291667 0.708333
vt 0.291667 0.666667
vt 0.291667 0.625000
vt 0.291667 0.583333
vt 0.291667 0.541667
vt 0.291667 0.500000
vt 0.291667 0.458333
vt 0.291667 0.416667
vt 0.291667 0.375000
vt 0.291667 0.333333
vt 0.291667 0.291667
vt 0.291667 0.250000
vt 0.291667 0.208333
vt 0.291667 0.166667
vt 0.291667 0.125000
vt 0.291667 0.083333
vt 0.291667 0.041667
vt 0.291667 0.000000
vt 0.291667 1.000000
vt 0.250000 0.958333
vt 0.250000 0.916667
vt 0.250000 0.875000
vt 0.250000 0.833333
vt 0.250000 0.791667
vt 0.250000 0.750000
vt 0.250000 0.708333
vt 0.250000 0.666667
vt 0.250000 0.625000
vt 0.250000 0.583333
vt 0.250000 0.541667
vt 0.250000 0.500000
vt 0.250000 0.458333
vt 0.250000 0.416667
vt 0.250000 0.375000
vt 0.250000 0.333333
vt 0.250000 0.291667
vt 0.250000 0.250000
vt 0.250000 0.208333
vt 0.250000 0.166667
vt 0.250000 0.125000
vt 0.250000 0.083333
vt 0.250000 0.041667
vt 0.250000 0.000000
vt 0.250000 1.000000
vt 0.208333 0.958333
vt 0.208333 0.916667
vt 0.208333 0.875000
vt 0.208333 0.833333
vt 0.208333 0.791667
vt 0.208333 0.750000
vt 0.208333 0.708333
vt 0.208333 0.666667
vt 0.208333 0.625000
vt 0.208333 0.583333
vt 0.208333 0.541667
vt 0.208333 0.500000
vt 0.208333 0.458333
vt 0.208333 0.416667
vt 0.208333 0.375000
vt 0.208333 0.333333
vt 0.208333 0.291667
vt 0.208333 0.250000
vt 0.208333 0.208333
vt 0.208333 0.166667
vt 0.208333 0.125000
vt 0.208333 0.083333
vt 0.208333 0.041667
vt 0.208333 0.000000
vt 0.208333 1.000000
vt 0.166667 0.958333
vt 0.166667 0.916667
vt 0.166667 0.875000
vt 0.166667 0.833333
vt 0.166667 0.791667
vt 0.166667 0.750000
vt 0.166667 0.708333
vt 0.166667 0.666667
vt 0.166667 0.625000
vt 0.166667 0.583333
vt 0.166667 0.541667
vt 0.166667 0.500000
vt 0.166667 0.458333
vt 0.166667 0.416667
vt 0.166667 0.375000
vt 0.166667 0.333333
vt 0.166667 0.291667
vt 0.166667 0.250000
vt 0.166667 0.208333
vt 0.166667 0.166667
vt 0.166667 0.125000
vt 0.166667 0.083333
vt 0.166667 0.041667
vt 0.166667 0.000000
vt 0.166667 1.000000
vt 0.125000 0.958333
vt 0.125000 0.916667
vt 0.125000 0.875000
vt 0.125000 0.833333
vt 0.125000 0.791667
vt 0.125000 0.750000
vt 0.125000 0.708333
vt 0.125000 0.666667
vt 0.125000 0.625000
vt 0.125000 0.583333
vt 0.125000 0.541667
vt 0.125000 0.500000
vt 0.125000 0.458333
vt 0.125000 0.416667
vt 0.125000 0.375000
vt 0.125000 0.333333
vt 0.125000 0.291667
vt 0.125000 0.250000
vt 0.125000 0.208333
vt 0.125000 0.166667
vt 0.125000 0.125000
vt 0.125000 0.083333
vt 0.125000 0.041667
vt 0.125000 0.000000
vt 0.125000 1.000000
vt 0.083333 0.958333
vt 0.083333 0.916667
vt 0.083333 0.875000
vt 0.083333 0.833333
vt 0.083333 0.791667
vt 0.083333 0.750000
vt 0.083333 0.708333
vt 0.083333 0.666667
vt 0.083333 0.625000
vt 0.083333 0.583333
vt 0.083333 0.541667
vt 0.083333 0.500000
vt 0.083333 0.458333
vt 0.083333 0.416667
vt 0.083333 0.375000
vt 0.083333 0.333333
vt 0.083333 0.291667
vt 0.083333 0.250000
vt 0.083333 0.208333
vt 0.083333 0.166667
vt 0.083333 0.125000
vt 0.083333 0.083333
vt 0.083333 0.041667
vt 0.083333 0.000000
vt 0.083333 1.000000
vt 0.041667 0.958333
vt 0.041667 0.916667
vt 0.041667 0.875000
vt 0.041667 0.833333
vt 0.041667 0.791667
vt 0.041667 0.750000
vt 0.041667 0.708333
vt 0.041667 0.666667
vt 0.041667 0.625000
vt 0.041667 0.583333
vt 0.041667 0.541667
vt 0.041667 0.500000
vt 0.041667 0.458333
vt 0.041667 0.416667
vt 0.041667 0.375000
vt 0.041667 0.333333
vt 0.041667 0.291667
vt 0.041667 0.250000
vt 0.041667 0.208333
vt 0.041667 0.166667
vt 0.041667 0.125000
vt 0.041667 0.083333
vt 0.041667 0.041667
vt 0.041667 0.000000
vt 0.041667 1.000000
vt 0.000000 0.958333
vt 0.000000 0.916667
vt 0.000000 0.875000
vt 0.000000 0.833333
vt 0.000000 0.791667
vt 0.000000 0.750000
vt 0.000000 0.708333
vt 0.000000 0.666667
vt 0.000000 0.625000
vt 0.000000 0.583333
vt 0.000000 0.541667
vt 0.000000 0.500000
vt 0.000000 0.458333
vt 0.000000 0.416667
vt 0.000000 0.375000
vt 0.000000 0.333333
vt 0.000000 0.291667
vt 0.000000 0.250000
vt 0.000000 0.208333
vt 0.000000 0.166667
vt 0.000000 0.125000
vt 0.000000 0.083333
vt 0.000000 0.041667
vt 0.000000 0.000000
vn 0.000000 1.000000 0.000000
vn 0.125800 0.991500 0.033800
vn 0.130200 0.991500 0.000000
vn 0.250200 0.965900 0.067000
vn 0.259000 0.965900 0.000000
vn 0.370000 0.923800 0.099000
vn 0.382900 0.923800 0.000000
vn 0.482500 0.866300 0.129300
vn 0.499500 0.866300 0.000000
vn 0.587700 0.793600 0.157500
vn 0.608400 0.793700 0.000000
vn 0.682900 0.707200 0.183100
vn 0.706900 0.707300 -0.000000
vn 0.766400 0.608700 0.205500
vn 0.793500 0.608600 -0.000000
vn 0.836600 0.499800 0.224100
vn 0.866300 0.499500 -0.000000
vn 0.892500 0.382600 0.238900
vn 0.923900 0.382700 -0.000000
vn 0.933100 0.258800 0.249900
vn 0.965900 0.258900 -0.000000
vn 0.957700 0.130600 0.256500
vn 0.991400 0.130600 -0.000000
vn 0.965900 0.000000 0.258800
vn 1.000000 0.000000 0.000000
vn 0.957700 -0.130600 0.256500
vn 0.991400 -0.130600 -0.000000
vn 0.933000 -0.258800 0.249900
vn 0.965900 -0.258900 -0.000000
vn 0.892500 -0.382600 0.238900
vn 0.923900 -0.382600 -0.000000
vn 0.836600 -0.499800 0.224100
vn 0.866300 -0.499500 -0.000000
vn 0.766400 -0.608700 0.205500
vn 0.793500 -0.608600 -0.000000
vn 0.682900 -0.707200 0.183100
vn 0.706900 -0.707300 -0.000000
vn 0.587700 -0.793600 0.157500
vn 0.608400 -0.793700 -0.000000
vn 0.482500 -0.866300 0.129300
vn 0.499500 -0.866300 -0.000000
vn 0.370000 -0.923800 0.099000
vn 0.382900 -0.923800 0.000000
vn 0.250200 -0.965900 0.067000
vn 0.259000 -0.965900 -0.000000
vn 0.125800 -0.991500 0.033800
vn 0.130200 -0.991500 0.000000
vn 0.000000 -1.000000 0.000000
vn 0.112700 0.991500 0.065200
vn 0.224200 0.965900 0.129400
vn 0.331700 0.923800 0.191400
vn 0.432700 0.866200 0.249800
vn 0.526900 0.793600 0.304300
vn 0.612300 0.707100 0.353600
vn 0.687100 0.608600 0.396800
vn 0.749900 0.500000 0.433200
vn 0.800000 0.382700 0.462100
vn 0.836500 0.258800 0.483000
vn 0.858600 0.130700 0.495700
vn 0.866100 0.000000 0.499900
vn 0.858600 -0.130700 0.495700
vn 0.836500 -0.258800 0.483000
vn 0.800000 -0.382600 0.462100
vn 0.749900 -0.500000 0.433100
vn 0.687100 -0.608600 0.396800
vn 0.612300 -0.707100 0.353600
vn 0.526900 -0.793600 0.304300
vn 0.432700 -0.866200 0.249800
vn 0.331700 -0.923700 0.191500
vn 0.224200 -0.965900 0.129400
vn 0.112700 -0.991500 0.065100
vn 0.092000 0.991500 0.092000
vn 0.183100 0.965900 0.183100
vn 0.270800 0.923800 0.270800
vn 0.353400 0.866200 0.353400
vn 0.430200 0.793600 0.430200
vn 0.500000 0.707100 0.500000
vn 0.561100 0.608600 0.561100
vn 0.612400 0.499900 0.612400
vn 0.653300 0.382700 0.653300
vn 0.683000 0.258800 0.683000
vn 0.701100 0.130600 0.701100
vn 0.707100 -0.000000 0.707100
vn 0.701100 -0.130600 0.701100
vn 0.683000 -0.258800 0.683000
vn 0.653300 -0.382700 0.653300
vn 0.612400 -0.500000 0.612400
vn 0.561100 -0.608600 0.561100
vn 0.500000 -0.707100 0.500000
vn 0.430200 -0.793600 0.430200
vn 0.353400 -0.866200 0.353400
vn 0.270800 -0.923800 0.270800
vn 0.183100 -0.965900 0.183100
vn 0.092100 -0.991500 0.092100
vn 0.065100 0.991500 0.112700
vn 0.129400 0.965900 0.224200
vn 0.191400 0.923800 0.331700
vn 0.249800 0.866200 0.432700
vn 0.304300 0.793600 0.526900
vn 0.353600 0.707100 0.612400
vn 0.396800 0.608600 0.687100
vn 0.433200 0.500000 0.749900
vn 0.462100 0.382700 0.800000
vn 0.483100 0.258700 0.836500
vn 0.495700 0.130800 0.858600
vn 0.499900 0.000000 0.866100
vn 0.495700 -0.130700 0.858600
vn 0.483100 -0.258700 0.836500
vn 0.462100 -0.382700 0.800000
vn 0.433200 -0.500000 0.749900
vn 0.396800 -0.608700 0.687100
vn 0.353600 -0.707100 0.612300
vn 0.304300 -0.793600 0.526900
vn 0.249800 -0.866200 0.432700
vn 0.191400 -0.923800 0.331700
vn 0.129400 -0.965900 0.224200
vn 0.065100 -0.991500 0.112700
vn 0.033800 0.991500 0.125800
vn 0.067000 0.965900 0.250200
vn 0.099000 0.923800 0.370000
vn 0.129300 0.866300 0.482500
vn 0.157500 0.793600 0.587700
vn 0.183100 0.707200 0.682900
vn 0.205500 0.608700 0.766400
vn 0.224100 0.499800 0.836600
vn 0.238900 0.382600 0.892500
vn 0.249900 0.258900 0.933000
vn 0.256500 0.130600 0.957700
vn 0.258800 0.000000 0.965900
vn 0.256500 -0.130600 0.957700
vn 0.249900 -0.258700 0.933100
vn 0.238900 -0.382600 0.892500
vn 0.224100 -0.499800 0.836600
vn 0.205500 -0.608700 0.766400
vn 0.183100 -0.707200 0.682900
vn 0.157500 -0.793600 0.587700
vn 0.129300 -0.866300 0.482500
vn 0.099000 -0.923800 0.370000
vn 0.067000 -0.965900 0.250200
vn 0.033800 -0.991500 0.125800
vn -0.000000 0.991500 0.130200
vn -0.000000 0.965900 0.259000
vn -0.000000 0.923800 0.382900
vn 0.000000 0.866300 0.499500
vn 0.000000 0.793700 0.608400
vn 0.000000 0.707300 0.706900
vn 0.000000 0.608600 0.793500
vn 0.000000 0.499400 0.866300
vn 0.000000 0.382600 0.923900
vn -0.000000 0.258900 0.965900
vn -0.000000 0.130600 0.991400
vn 0.000000 -0.000000 1.000000
vn -0.000000 -0.130600 0.991400
vn -0.000000 -0.258900 0.965900
vn 0.000000 -0.382700 0.923900
vn 0.000000 -0.499500 0.866300
vn 0.000000 -0.608600 0.793500
vn 0.000000 -0.707300 0.706900
vn 0.000000 -0.793700 0.608400
vn 0.000000 -0.866300 0.499500
vn -0.000000 -0.923800 0.382900
vn -0.000000 -0.965900 0.259000
vn -0.000000 -0.991500 0.130200
vn -0.033800 0.991500 0.125800
vn -0.067000 0.965900 0.250200
vn -0.099000 0.923800 0.370000
vn -0.129300 0.866300 0.482500
vn -0.157500 0.793600 0.587700
vn -0.183100 0.707200 0.682900
vn -0.205500 0.608700 0.766400
vn -0.224100 0.499800 0.836600
vn -0.238900 0.382600 0.892500
vn -0.249900 0.258700 0.933100
vn -0.256500 0.130600 0.957700
vn -0.258800 -0.000000 0.965900
vn -0.256500 -0.130600 0.957700
vn -0.249900 -0.258800 0.933000
vn -0.238900 -0.382600 0.892500
vn -0.224100 -0.499800 0.836600
vn -0.205500 -0.608700 0.766400
vn -0.183100 -0.707200 0.682900
vn -0.157500 -0.793600 0.587700
vn -0.129300 -0.866300 0.482500
vn -0.099000 -0.923800 0.370000
vn -0.067000 -0.965900 0.250200
vn -0.033800 -0.991500 0.125800
vn -0.065100 0.991500 0.112700
vn -0.129400 0.965900 0.224200
vn -0.191400 0.923800 0.331700
vn -0.249800 0.866200 0.432700
vn -0.304300 0.793600 0.526900
vn -0.353600 0.707100 0.612300
vn -0.396800 0.608700 0.687100
vn -0.433200 0.500000 0.749900
vn -0.462100 0.382600 0.800000
vn -0.483100 0.258700 0.836500
vn -0.495700 0.130700 0.858600
vn -0.499900 -0.000000 0.866100
vn -0.495700 -0.130700 0.858600
vn -0.483100 -0.258700 0.836500
vn -0.462100 -0.382700 0.800000
vn -0.433100 -0.500000 0.749900
vn -0.396800 -0.608700 0.687100
vn -0.353600 -0.707100 0.612300
vn -0.304300 -0.793600 0.526900
vn -0.249800 -0.866200 0.432700
vn -0.191500 -0.923700 0.331700
vn -0.129400 -0.965900 0.224200
vn -0.065200 -0.991500 0.112700
vn -0.092000 0.991500 0.092000
vn -0.183100 0.965900 0.183100
vn -0.270800 0.923800 0.270800
vn -0.353400 0.866200 0.353400
vn -0.430200 0.793600 0.430200
vn -0.500000 0.707100 0.500000
vn -0.561100 0.608600 0.561100
vn -0.612400 0.499900 0.612400
vn -0.653300 0.382700 0.653300
vn -0.683000 0.258800 0.683000
vn -0.701100 0.130600 0.701100
vn -0.707100 0.000000 0.707100
vn -0.701100 -0.130600 0.701100
vn -0.683000 -0.258800 0.683000
vn -0.653300 -0.382700 0.653300
vn -0.612400 -0.499900 0.612400
vn -0.561100 -0.608600 0.561100
vn -0.500000 -0.707100 0.500000
vn -0.430200 -0.793600 0.430200
vn -0.353400 -0.866200 0.353400
vn -0.270800 -0.923800 0.270800
vn -0.183100 -0.965900 0.183100
vn -0.092000 -0.991500 0.092000
vn -0.112700 0.991500 0.065200
vn -0.224200 0.965900 0.129400
vn -0.331700 0.923800 0.191400
vn -0.432700 0.866200 0.249800
vn -0.526900 0.793600 0.304300
vn -0.612300 0.707100 0.353600
vn -0.687100 0.608600 0.396800
vn -0.749900 0.500000 0.433100
vn -0.800000 0.382700 0.462100
vn -0.836500 0.258700 0.483100
vn -0.858600 0.130700 0.495700
vn -0.866100 -0.000000 0.499900
vn -0.858600 -0.130600 0.495700
vn -0.836500 -0.258700 0.483100
vn -0.800000 -0.382700 0.462100
vn -0.749900 -0.500000 0.433200
vn -0.687100 -0.608600 0.396800
vn -0.612300 -0.707100 0.353600
vn -0.526900 -0.793600 0.304300
vn -0.432700 -0.866200 0.249800
vn -0.331700 -0.923700 0.191500
vn -0.224200 -0.965900 0.129400
vn -0.112700 -0.991500 0.065100
vn -0.125800 0.991500 0.033800
vn -0.250200 0.965900 0.067000
vn -0.370000 0.923800 0.099000
vn -0.482500 0.866300 0.129300
vn -0.587700 0.793600 0.157500
vn -0.682900 0.707200 0.183100
vn -0.766400 0.608700 0.205500
vn -0.836600 0.499800 0.224100
vn -0.892500 0.382600 0.238900
vn -0.933100 0.258700 0.249900
vn -0.957700 0.130600 0.256500
vn -0.965900 0.000000 0.258800
vn -0.957700 -0.130600 0.256500
vn -0.933000 -0.258800 0.249900
vn -0.892500 -0.382600 0.238900
vn -0.836600 -0.499800 0.224100
vn -0.766400 -0.608700 0.205500
vn -0.682900 -0.707200 0.183100
vn -0.587700 -0.793600 0.157500
vn -0.482500 -0.866300 0.129300
vn -0.370000 -0.923800 0.099000
vn -0.250200 -0.965900 0.067000
vn -0.125800 -0.991500 0.033800
vn -0.130200 0.991500 -0.000000
vn -0.259000 0.965900 -0.000000
vn -0.382900 0.923800 -0.000000
vn -0.499500 0.866300 0.000000
vn -0.608400 0.793700 0.000000
vn -0.706900 0.707300 0.000000
vn -0.793500 0.608600 0.000000
vn -0.866300 0.499500 0.000000
vn -0.923900 0.382600 0.000000
vn -0.965900 0.258900 -0.000000
vn -0.991400 0.130600 -0.000000
vn -1.000000 0.000000 0.000000
vn -0.991400 -0.130600 -0.000000
vn -0.965900 -0.258900 -0.000000
vn -0.923900 -0.382700 0.000000
vn -0.866300 -0.499500 0.000000
vn -0.793500 -0.608600 0.000000
vn -0.706900 -0.707300 0.000000
vn -0.608400 -0.793700 0.000000
vn -0.499500 -0.866300 0.000000
vn -0.382900 -0.923800 -0.000000
vn -0.259000 -0.965900 -0.000000
vn -0.130200 -0.991500 -0.000000
vn -0.125800 0.991500 -0.033800
vn -0.250200 0.965900 -0.067000
vn -0.370000 0.923800 -0.099000
vn -0.482500 0.866300 -0.129300
vn -0.587700 0.793600 -0.157500
vn -0.682900 0.707200 -0.183100
vn -0.766400 0.608700 -0.205500
vn -0.836600 0.499800 -0.224100
vn -0.892500 0.382600 -0.238900
vn -0.933100 0.258800 -0.249900
vn -0.957700 0.130600 -0.256500
vn -0.965900 0.000000 -0.258800
vn -0.957700 -0.130600 -0.256500
vn -0.933000 -0.258800 -0.249900
vn -0.892500 -0.382600 -0.238900
vn -0.836600 -0.499800 -0.224100
vn -0.766400 -0.608700 -0.205500
vn -0.682900 -0.707200 -0.183100
vn -0.587700 -0.793600 -0.157500
vn -0.482500 -0.866300 -0.129300
vn -0.370000 -0.923800 -0.099000
vn -0.250200 -0.965900 -0.067000
vn -0.125800 -0.991500 -0.033800
vn -0.112700 0.991500 -0.065200
vn -0.224200 0.965900 -0.129400
vn -0.331700 0.923800 -0.191400
vn -0.432700 0.866200 -0.249800
vn -0.526900 0.793600 -0.304300
vn -0.612300 0.707100 -0.353600
vn -0.687100 0.608600 -0.396800
vn -0.749900 0.500000 -0.433200
vn -0.800000 0.382700 -0.462100
vn -0.836500 0.258800 -0.483000
vn -0.858600 0.130700 -0.495700
vn -0.866100 -0.000000 -0.499900
vn -0.858600 -0.130700 -0.495700
vn -0.836500 -0.258800 -0.483000
vn -0.800000 -0.382600 -0.462100
vn -0.749900 -0.500000 -0.433100
vn -0.687100 -0.608600 -0.396800
vn -0.612300 -0.707100 -0.353600
vn -0.526900 -0.793600 -0.304300
vn -0.432700 -0.866200 -0.249800
vn -0.331700 -0.923700 -0.191500
vn -0.224200 -0.965900 -0.129400
vn -0.112700 -0.991500 -0.065100
vn -0.092000 0.991500 -0.092000
vn -0.183100 0.965900 -0.183100
vn -0.270800 0.923800 -0.270800
vn -0.353400 0.866200 -0.353400
vn -0.430200 0.793600 -0.430200
vn -0.500000 0.707100 -0.500000
vn -0.561100 0.608600 -0.561100
vn -0.612400 0.499900 -0.612400
vn -0.653300 0.382700 -0.653300
vn -0.683000 0.258800 -0.683000
vn -0.701100 0.130600 -0.701100
vn -0.707100 0.000000 -0.707100
vn -0.701100 -0.130600 -0.701100
vn -0.683000 -0.258800 -0.683000
vn -0.653300 -0.382700 -0.653300
vn -0.612400 -0.500000 -0.612400
vn -0.561100 -0.608600 -0.561100
vn -0.500000 -0.707100 -0.500000
vn -0.430200 -0.793600 -0.430200
vn -0.353400 -0.866200 -0.353400
vn -0.270800 -0.923800 -0.270800
vn -0.183100 -0.965900 -0.183100
vn -0.092100 -0.991500 -0.092100
vn -0.065100 0.991500 -0.112700
vn -0.129400 0.965900 -0.224200
vn -0.191400 0.923800 -0.331700
vn -0.249800 0.866200 -0.432700
vn -0.304300 0.793600 -0.526900
vn -0.353600 0.707100 -0.612400
vn -0.396800 0.608600 -0.687100
vn -0.433200 0.500000 -0.749900
vn -0.462100 0.382700 -0.800000
vn -0.483100 0.258700 -0.836500
vn -0.495700 0.130800 -0.858600
vn -0.499900 -0.000000 -0.866100
vn -0.495700 -0.130700 -0.858600
vn -0.483100 -0.258700 -0.836500
vn -0.462100 -0.382700 -0.800000
vn -0.433200 -0.500000 -0.749900
vn -0.396800 -0.608700 -0.687100
vn -0.353600 -0.707100 -0.612300
vn -0.304300 -0.793600 -0.526900
vn -0.249800 -0.866200 -0.432700
vn -0.191400 -0.923800 -0.331700
vn -0.129400 -0.965900 -0.224200
vn -0.065100 -0.991500 -0.112700
vn -0.033800 0.991500 -0.125800
vn -0.067000 0.965900 -0.250200
vn -0.099000 0.923800 -0.370000
vn -0.129300 0.866300 -0.482500
vn -0.157500 0.793600 -0.587700
vn -0.183100 0.707200 -0.682900
vn -0.205500 0.608700 -0.766400
vn -0.224100 0.499800 -0.836600
vn -0.238900 0.382600 -0.892500
vn -0.249900 0.258900 -0.933000
vn -0.256500 0.130600 -0.957700
vn -0.258800 0.000000 -0.965900
vn -0.256500 -0.130600 -0.957700
vn -0.249900 -0.258700 -0.933100
vn -0.238900 -0.382600 -0.892500
vn -0.224100 -0.499800 -0.836600
vn -0.205500 -0.608700 -0.766400
vn -0.183100 -0.707200 -0.682900
vn -0.157500 -0.793600 -0.587700
vn -0.129300 -0.866300 -0.482500
vn -0.099000 -0.923800 -0.370000
vn -0.067000 -0.965900 -0.250200
vn -0.033800 -0.991500 -0.125800
vn 0.000000 0.991500 -0.130200
vn 0.000000 0.965900 -0.259000
vn 0.000000 0.923800 -0.382900
vn -0.000000 0.866300 -0.499500
vn -0.000000 0.793700 -0.608400
vn -0.000000 0.707300 -0.706900
vn -0.000000 0.608600 -0.793500
vn -0.000000 0.499400 -0.866300
vn -0.000000 0.382600 -0.923900
vn 0.000000 0.258900 -0.965900
vn 0.000000 0.130600 -0.991400
vn 0.000000 0.000000 -1.000000
vn 0.000000 -0.130600 -0.991400
vn 0.000000 -0.258900 -0.965900
vn -0.000000 -0.382700 -0.923900
vn -0.000000 -0.499500 -0.866300
vn -0.000000 -0.608600 -0.793500
vn -0.000000 -0.707300 -0.706900
vn -0.000000 -0.793700 -0.608400
vn -0.000000 -0.866300 -0.499500
vn 0.000000 -0.923800 -0.382900
vn 0.000000 -0.965900 -0.259000
vn 0.000000 -0.991500 -0.130200
vn 0.033800 0.991500 -0.125800
vn 0.067000 0.965900 -0.250200
vn 0.099000 0.923800 -0.370000
vn 0.129300 0.866300 -0.482500
vn 0.157500 0.793600 -0.587700
vn 0.183100 0.707200 -0.682900
vn 0.205500 0.608700 -0.766400
vn 0.224100 0.499800 -0.836600
vn 0.238900 0.382600 -0.892500
vn 0.249900 0.258700 -0.933100
vn 0.256500 0.130600 -0.957700
vn 0.258800 0.000000 -0.965900
vn 0.256500 -0.130600 -0.957700
vn 0.249900 -0.258800 -0.933000
vn 0.238900 -0.382600 -0.892500
vn 0.224100 -0.499800 -0.836600
vn 0.205500 -0.608700 -0.766400
vn 0.183100 -0.707200 -0.682900
vn 0.157500 -0.793600 -0.587700
vn 0.129300 -0.866300 -0.482500
vn 0.099000 -0.923800 -0.370000
vn 0.067000 -0.965900 -0.250200
vn 0.033800 -0.991500 -0.125800
vn 0.065100 0.991500 -0.112700
vn 0.129400 0.965900 -0.224200
vn 0.191400 0.923800 -0.331700
vn 0.249800 0.866200 -0.432700
vn 0.304300 0.793600 -0.526900
vn 0.353600 0.707100 -0.612300
vn 0.396800 0.608700 -0.687100
vn 0.433200 0.500000 -0.749900
vn 0.462100 0.382600 -0.800000
vn 0.483100 0.258700 -0.836500
vn 0.495700 0.130700 -0.858600
vn 0.499900 0.000000 -0.866100
vn 0.495700 -0.130700 -0.858600
vn 0.483100 -0.258700 -0.836500
vn 0.462100 -0.382700 -0.800000
vn 0.433100 -0.500000 -0.749900
vn 0.396800 -0.608700 -0.687100
vn 0.353600 -0.707100 -0.612300
vn 0.304300 -0.793600 -0.526900
vn 0.249800 -0.866200 -0.432700
vn 0.191500 -0.923700 -0.331700
vn 0.129400 -0.965900 -0.224200
vn 0.065200 -0.991500 -0.112700
vn 0.092000 0.991500 -0.092000
vn 0.183100 0.965900 -0.183100
vn 0.270800 0.923800 -0.270800
vn 0.353400 0.866200 -0.353400
vn 0.430200 0.793600 -0.430200
vn 0.500000 0.707100 -0.500000
vn 0.561100 0.608600 -0.561100
vn 0.612400 0.499900 -0.612400
vn 0.653300 0.382700 -0.653300
vn 0.683000 0.258800 -0.683000
vn 0.701100 0.130600 -0.701100
vn 0.707100 -0.000000 -0.707100
vn 0.701100 -0.130600 -0.701100
vn 0.683000 -0.258800 -0.683000
vn 0.653300 -0.382700 -0.653300
vn 0.612400 -0.499900 -0.612400
vn 0.561100 -0.608600 -0.561100
vn 0.500000 -0.707100 -0.500000
vn 0.430200 -0.793600 -0.430200
vn 0.353400 -0.866200 -0.353400
vn 0.270800 -0.923800 -0.270800
vn 0.183100 -0.965900 -0.183100
vn 0.092000 -0.991500 -0.092000
vn 0.112700 0.991500 -0.065200
vn 0.224200 0.965900 -0.129400
vn 0.331700 0.923800 -0.191400
vn 0.432700 0.866200 -0.249800
vn 0.526900 0.793600 -0.304300
vn 0.612300 0.707100 -0.353600
vn 0.687100 0.608600 -0.396800
vn 0.749900 0.500000 -0.433100
vn 0.800000 0.382700 -0.462100
vn 0.836500 0.258700 -0.483100
vn 0.858600 0.130700 -0.495700
vn 0.866100 0.000000 -0.499900
vn 0.858600 -0.130600 -0.495700
vn 0.836500 -0.258700 -0.483100
vn 0.800000 -0.382700 -0.462100
vn 0.749900 -0.500000 -0.433200
vn 0.687100 -0.608600 -0.396800
vn 0.612300 -0.707100 -0.353600
vn 0.526900 -0.793600 -0.304300
vn 0.432700 -0.866200 -0.249800
vn 0.331700 -0.923700 -0.191500
vn 0.224200 -0.965900 -0.129400
vn 0.112700 -0.991500 -0.065100
vn 0.125800 0.991500 -0.033800
vn 0.250200 0.965900 -0.067000
vn 0.370000 0.923800 -0.099000
vn 0.482500 0.866300 -0.129300
vn 0.587700 0.793600 -0.157500
vn 0.682900 0.707200 -0.183100
vn 0.766400 0.608700 -0.205500
vn 0.836600 0.499800 -0.224100
vn 0.892500 0.382600 -0.238900
vn 0.933100 0.258700 -0.249900
vn 0.957700 0.130600 -0.256500
vn 0.965900 0.000000 -0.258800
vn 0.957700 -0.130600 -0.256500
vn 0.933000 -0.258800 -0.249900
vn 0.892500 -0.382600 -0.238900
vn 0.836600 -0.499800 -0.224100
vn 0.766400 -0.608700 -0.205500
vn 0.682900 -0.707200 -0.183100
vn 0.587700 -0.793600 -0.157500
vn 0.482500 -0.866300 -0.129300
vn 0.370000 -0.923800 -0.099000
vn 0.250200 -0.965900 -0.067000
vn 0.125800 -0.991500 -0.033800
usemtl Physical6
s 1
f 555/624/555 580/625/556 556/626/557
f 556/626/557 580/625/556 581/627/558 557/628/559
f 557/628/559 581/627/558 582/629/560 558/630/561
f 558/630/561 582/629/560 583/631/562 559/632/563
f 559/632/563 583/631/562 584/633/564 560/634/565
f 560/634/565 584/633/564 585/635/566 561/636/567
f 561/636/567 585/635/566 586/637/568 562/638/569
f 562/638/569 586/637/568 587/639/570 563/640/571
f 563/640/571 587/639/570 588/641/572 564/642/573
f 564/642/573 588/641/572 589/643/574 565/644/575
f 565/644/575 589/643/574 590/645/576 566/646/577
f 566/646/577 590/645/576 591/647/578 567/648/579
f 567/648/579 591/647/578 592/649/580 568/650/581
f 568/650/581 592/649/580 593/651/582 569/652/583
f 569/652/583 593/651/582 594/653/584 570/654/585
f 570/654/585 594/653/584 595/655/586 571/656/587
f 571/656/587 595/655/586 596/657/588 572/658/589
f 572/658/589 596/657/588 597/659/590 573/660/591
f 573/660/591 597/659/590 598/661/592 574/662/593
f 574/662/593 598/661/592 599/663/594 575/664/595
f 575/664/595 599/663/594 600/665/596 576/666/597
f 576/666/597 600/665/596 601/667/598 577/668/599
f 577/668/599 601/667/598 602/669/600 578/670/601
f 578/670/601 602/669/600 579/671/602
f 555/672/555 603/673/603 580/625/556
f 580/625/556 603/673/603 604/674/604 581/627/558
f 581/627/558 604/674/604 605/675/605 582/629/560
f 582/629/560 605/675/605 606/676/606 583/631/562
f 583/631/562 606/676/606 607/677/607 584/633/564
f 584/633/564 607/677/607 608/678/608 585/635/566
f 585/635/566 608/678/608 609/679/609 586/637/568
f 586/637/568 609/679/609 610/680/610 587/639/570
f 587/639/570 610/680/610 611/681/611 588/641/572
f 588/641/572 611/681/611 612/682/612 589/643/574
f 589/643/574 612/682/612 613/683/613 590/645/576
f 590/645/576 613/683/613 614/684/614 591/647/578
f 591/647/578 614/684/614 615/685/615 592/649/580
f 592/649/580 615/685/615 616/686/616 593/651/582
f 593/651/582 616/686/616 617/687/617 594/653/584
f 594/653/584 617/687/617 618/688/618 595/655/586
f 595/655/586 618/688/618 619/689/619 596/657/588
f 596/657/588 619/689/619 620/690/620 597/659/590
f 597/659/590 620/690/620 621/691/621 598/661/592
f 598/661/592 621/691/621 622/692/622 599/663/594
f 599/663/594 622/692/622 623/693/623 600/665/596
f 600/665/596 623/693/623 624/694/624 601/667/598
f 601/667/598 624/694/624 625/695/625 602/669/600
f 602/669/600 625/695/625 579/696/602
f 555/697/555 626/698/626 603/673/603
f 603/673/603 626/698/626 627/699/627 604/674/604
f 604/674/604 627/699/627 628/700/628 605/675/605
f 605/675/605 628/700/628 629/701/629 606/676/606
f 606/676/606 629/701/629 630/702/630 607/677/607
f 607/677/607 630/702/630 631/703/631 608/678/608
f 608/678/608 631/703/631 632/704/632 609/679/609
f 609/679/609 632/704/632 633/705/633 610/680/610
f 610/680/610 633/705/633 634/706/634 611/681/611
f 611/681/611 634/706/634 635/707/635 612/682/612
f 612/682/612 635/707/635 636/708/636 613/683/613
f 613/683/613 636/708/636 637/709/637 614/684/614
f 614/684/614 637/709/637 638/710/638 615/685/615
f 615/685/615 638/710/638 639/711/639 616/686/616
f 616/686/616 639/711/639 640/712/640 617/687/617
f 617/687/617 640/712/640 641/713/641 618/688/618
f 618/688/618 641/713/641 642/714/642 619/689/619
f 619/689/619 642/714/642 643/715/643 620/690/620
f 620/690/620 643/715/643 644/716/644 621/691/621
f 621/691/621 644/716/644 645/717/645 622/692/622
f 622/692/622 645/717/645 646/718/646 623/693/623
f 623/693/623 646/718/646 647/719/647 624/694/624
f 624/694/624 647/719/647 648/720/648 625/695/625
f 625/695/625 648/720/648 579/721/602
f 555/722/555 649/723/649 626/698/626
f 626/698/626 649/723/649 650/724/650 627/699/627
f 627/699/627 650/724/650 651/725/651 628/700/628
f 628/700/628 651/725/651 652/726/652 629/701/629
f 629/701/629 652/726/652 653/727/653 630/702/630
f 630/702/630 653/727/653 654/728/654 631/703/631
f 631/703/631 654/728/654 655/729/655 632/704/632
f 632/704/632 655/729/655 656/730/656 633/705/633
f 633/705/633 656/730/656 657/731/657 634/706/634
f 634/706/634 657/731/657 658/732/658 635/707/635
f 635/707/635 658/732/658 659/733/659 636/708/636
f 636/708/636 659/733/659 660/734/660 637/709/637
f 637/709/637 660/734/660 661/735/661 638/710/638
f 638/710/638 661/735/661 662/736/662 639/711/639
f 639/711/639 662/736/662 663/737/663 640/712/640
f 640/712/640 663/737/663 664/738/664 641/713/641
f 641/713/641 664/738/664 665/739/665 642/714/642
f 642/714/642 665/739/665 666/740/666 643/715/643
f 643/715/643 666/740/666 667/741/667 644/716/644
f 644/716/644 667/741/667 668/742/668 645/717/645
f 645/717/645 668/742/668 669/743/669 646/718/646
f 646/718/646 669/743/669 670/744/670 647/719/647
f 647/719/647 670/744/670 671/745/671 648/720/648
f 648/720/648 671/745/671 579/746/602
f 555/747/555 672/748/672 649/723/649
f 649/723/649 672/748/672 673/749/673 650/724/650
f 650/724/650 673/749/673 674/750/674 651/725/651
f 651/725/651 674/750/674 675/751/675 652/726/652
f 652/726/652 675/751/675 676/752/676 653/727/653
f 653/727/653 676/752/676 677/753/677 654/728/654
f 654/728/654 677/753/677 678/754/678 655/729/655
f 655/729/655 678/754/678 679/755/679 656/730/656
f 656/730/656 679/755/679 680/756/680 657/731/657
f 657/731/657 680/756/680 681/757/681 658/732/658
f 658/732/658 681/757/681 682/758/682 659/733/659
f 659/733/659 682/758/682 683/759/683 660/734/660
f 660/734/660 683/759/683 684/760/684 661/735/661
f 661/735/661 684/760/684 685/761/685 662/736/662
f 662/736/662 685/761/685 686/762/686 663/737/663
f 663/737/663 686/762/686 687/763/687 664/738/664
f 664/738/664 687/763/687 688/764/688 665/739/665
f 665/739/665 688/764/688 689/765/689 666/740/666
f 666/740/666 689/765/689 690/766/690 667/741/667
f 667/741/667 690/766/690 691/767/691 668/742/668
f 668/742/668 691/767/691 692/768/692 669/743/669
f 669/743/669 692/768/692 693/769/693 670/744/670
f 670/744/670 693/769/693 694/770/694 671/745/671
f 671/745/671 694/770/694 579/771/602
f 555/772/555 695/773/695 672/748/672
f 672/748/672 695/773/695 696/774/696 673/749/673
f 673/749/673 696/774/696 697/775/697 674/750/674
f 674/750/674 697/775/697 698/776/698 675/751/675
f 675/751/675 698/776/698 699/777/699 676/752/676
f 676/752/676 699/777/699 700/778/700 677/753/677
f 677/753/677 700/778/700 701/779/701 678/754/678
f 678/754/678 701/779/701 702/780/702 679/755/679
f 679/755/679 702/780/702 703/781/703 680/756/680
f 680/756/680 703/781/703 704/782/704 681/757/681
f 681/757/681 704/782/704 705/783/705 682/758/682
f 682/758/682 705/783/705 706/784/706 683/759/683
f 683/759/683 706/784/706 707/785/707 684/760/684
f 684/760/684 707/785/707 708/786/708 685/761/685
f 685/761/685 708/786/708 709/787/709 686/762/686
f 686/762/686 709/787/709 710/788/710 687/763/687
f 687/763/687 710/788/710 711/789/711 688/764/688
f 688/764/688 711/789/711 712/790/712 689/765/689
f 689/765/689 712/790/712 713/791/713 690/766/690
f 690/766/690 713/791/713 714/792/714 691/767/691
f 691/767/691 714/792/714 715/793/715 692/768/692
f 692/768/692 715/793/715 716/794/716 693/769/693
f 693/769/693 716/794/716 717/795/717 694/770/694
f 694/770/694 717/795/717 579/796/602
f 555/797/555 718/798/718 695/773/695
f 695/773/695 718/798/718 719/799/719 696/774/696
f 696/774/696 719/799/719 720/800/720 697/775/697
f 697/775/697 720/800/720 721/801/721 698/776/698
f 698/776/698 721/801/721 722/802/722 699/777/699
f 699/777/699 722/802/722 723/803/723 700/778/700
f 700/778/700 723/803/723 724/804/724 701/779/701
f 701/779/701 724/804/724 725/805/725 702/780/702
f 702/780/702 725/805/725 726/806/726 703/781/703
f 703/781/703 726/806/726 727/807/727 704/782/704
f 704/782/704 727/807/727 728/808/728 705/783/705
f 705/783/705 728/808/728 729/809/729 706/784/706
f 706/784/706 729/809/729 730/810/730 707/785/707
f 707/785/707 730/810/730 731/811/731 708/786/708
f 708/786/708 731/811/731 732/812/732 709/787/709
f 709/787/709 732/812/732 733/813/733 710/788/710
f 710/788/710 733/813/733 734/814/734 711/789/711
f 711/789/711 734/814/734 735/815/735 712/790/712
f 712/790/712 735/815/735 736/816/736 713/791/713
f 713/791/713 736/816/736 737/817/737 714/792/714
f 714/792/714 737/817/737 738/818/738 715/793/715
f 715/793/715 738/818/738 739/819/739 716/794/716
f 716/794/716 739/819/739 740/820/740 717/795/717
f 717/795/717 740/820/740 579/821/602
f 555/822/555 741/823/741 718/798/718
f 718/798/718 741/823/741 742/824/742 719/799/719
f 719/799/719 742/824/742 743/825/743 720/800/720
f 720/800/720 743/825/743 744/826/744 721/801/721
f 721/801/721 744/826/744 745/827/745 722/802/722
f 722/802/722 745/827/745 746/828/746 723/803/723
f 723/803/723 746/828/746 747/829/747 724/804/724
f 724/804/724 747/829/747 748/830/748 725/805/725
f 725/805/725 748/830/748 749/831/749 726/806/726
f 726/806/726 749/831/749 750/832/750 727/807/727
f 727/807/727 750/832/750 751/833/751 728/808/728
f 728/808/728 751/833/751 752/834/752 729/809/729
f 729/809/729 752/834/752 753/835/753 730/810/730
f 730/810/730 753/835/753 754/836/754 731/811/731
f 731/811/731 754/836/754 755/837/755 732/812/732
f 732/812/732 755/837/755 756/838/756 733/813/733
f 733/813/733 756/838/756 757/839/757 734/814/734
f 734/814/734 757/839/757 758/840/758 735/815/735
f 735/815/735 758/840/758 759/841/759 736/816/736
f 736/816/736 759/841/759 760/842/760 737/817/737
f 737/817/737 760/842/760 761/843/761 738/818/738
f 738/818/738 761/843/761 762/844/762 739/819/739
f 739/819/739 762/844/762 763/845/763 740/820/740
f 740/820/740 763/845/763 579/846/602
f 555/847/555 764/848/764 741/823/741
f 741/823/741 764/848/764 765/849/765 742/824/742
f 742/824/742 765/849/765 766/850/766 743/825/743
f 743/825/743 766/850/766 767/851/767 744/826/744
f 744/826/744 767/851/767 768/852/768 745/827/745
f 745/827/745 768/852/768 769/853/769 746/828/746
f 746/828/746 769/853/769 770/854/770 747/829/747
f 747/829/747 770/854/770 771/855/771 748/830/748
f 748/830/748 771/855/771 772/856/772 749/831/749
f 749/831/749 772/856/772 773/857/773 750/832/750
f 750/832/750 773/857/773 774/858/774 751/833/751
f 751/833/751 774/858/774 775/859/775 752/834/752
f 752/834/752 775/859/775 776/860/776 753/835/753
f 753/835/753 776/860/776 777/861/777 754/836/754
f 754/836/754 777/861/777 778/862/778 755/837/755
f 755/837/755 778/862/778 779/863/779 756/838/756
f 756/838/756 779/863/779 780/864/780 757/839/757
f 757/839/757 780/864/780 781/865/781 758/840/758
f 758/840/758 781/865/781 782/866/782 759/841/759
f 759/841/759 782/866/782 783/867/783 760/842/760
f 760/842/760 783/867/783 784/868/784 761/843/761
f 761/843/761 784/868/784 785/869/785 762/844/762
f 762/844/762 785/869/785 786/870/786 763/845/763
f 763/845/763 786/870/786 579/871/602
f 555/872/555 787/873/787 764/848/764
f 764/848/764 787/873/787 788/874/788 765/849/765
f 765/849/765 788/874/788 789/875/789 766/850/766
f 766/850/766 789/875/789 790/876/790 767/851/767
f 767/851/767 790/876/790 791/877/791 768/852/768
f 768/852/768 791/877/791 792/878/792 769/853/769
f 769/853/769 792/878/792 793/879/793 770/854/770
f 770/854/770 793/879/793 794/880/794 771/855/771
f 771/855/771 794/880/794 795/881/795 772/856/772
f 772/856/772 795/881/795 796/882/796 773/857/773
f 773/857/773 796/882/796 797/883/797 774/858/774
f 774/858/774 797/883/797 798/884/798 775/859/775
f 775/859/775 798/884/798 799/885/799 776/860/776
f 776/860/776 799/885/799 800/886/800 777/861/777
f 777/861/777 800/886/800 801/887/801 778/862/778
f 778/862/778 801/887/801 802/888/802 779/863/779
f 779/863/779 802/888/802 803/889/803 780/864/780
f 780/864/780 803/889/803 804/890/804 781/865/781
f 781/865/781 804/890/804 805/891/805 782/866/782
f 782/866/782 805/891/805 806/892/806 783/867/783
f 783/867/783 806/892/806 807/893/807 784/868/784
f 784/868/784 807/893/807 808/894/808 785/869/785
f 785/869/785 808/894/808 809/895/809 786/870/786
f 786/870/786 809/895/809 579/896/602
f 555/897/555 810/898/810 787/873/787
f 787/873/787 810/898/810 811/899/811 788/874/788
f 788/874/788 811/899/811 812/900/812 789/875/789
f 789/875/789 812/900/812 813/901/813 790/876/790
f 790/876/790 813/901/813 814/902/814 791/877/791
f 791/877/791 814/902/814 815/903/815 792/878/792
f 792/878/792 815/903/815 816/904/816 793/879/793
f 793/879/793 816/904/816 817/905/817 794/880/794
f 794/880/794 817/905/817 818/906/818 795/881/795
f 795/881/795 818/906/818 819/907/819 796/882/796
f 796/882/796 819/907/819 820/908/820 797/883/797
f 797/883/797 820/908/820 821/909/821 798/884/798
f 798/884/798 821/909/821 822/910/822 799/885/799
f 799/885/799 822/910/822 823/911/823 800/886/800
f 800/886/800 823/911/823 824/912/824 801/887/801
f 801/887/801 824/912/824 825/913/825 802/888/802
f 802/888/802 825/913/825 826/914/826 803/889/803
f 803/889/803 826/914/826 827/915/827 804/890/804
f 804/890/804 827/915/827 828/916/828 805/891/805
f 805/891/805 828/916/828 829/917/829 806/892/806
f 806/892/806 829/917/829 830/918/830 807/893/807
f 807/893/807 830/918/830 831/919/831 808/894/808
f 808/894/808 831/919/831 832/920/832 809/895/809
f 809/895/809 832/920/832 579/921/602
f 555/922/555 833/923/833 810/898/810
f 810/898/810 833/923/833 834/924/834 811/899/811
f 811/899/811 834/924/834 835/925/835 812/900/812
f 812/900/812 835/925/835 836/926/836 813/901/813
f 813/901/813 836/926/836 837/927/837 814/902/814
f 814/902/814 837/927/837 838/928/838 815/903/815
f 815/903/815 838/928/838 839/929/839 816/904/816
f 816/904/816 839/929/839 840/930/840 817/905/817
f 817/905/817 840/930/840 841/931/841 818/906/818
f 818/906/818 841/931/841 842/932/842 819/907/819
f 819/907/819 842/932/842 843/933/843 820/908/820
f 820/908/820 843/933/843 844/934/844 821/909/821
f 821/909/821 844/934/844 845/935/845 822/910/822
f 822/910/822 845/935/845 846/936/846 823/911/823
f 823/911/823 846/936/846 847/937/847 824/912/824
f 824/912/824 847/937/847 848/938/848 825/913/825
f 825/913/825 848/938/848 849/939/849 826/914/826
f 826/914/826 849/939/849 850/940/850 827/915/827
f 827/915/827 850/940/850 851/941/851 828/916/828
f 828/916/828 851/941/851 852/942/852 829/917/829
f 829/917/829 852/942/852 853/943/853 830/918/830
f 830/918/830 853/943/853 854/944/854 831/919/831
f 831/919/831 854/944/854 855/945/855 832/920/832
f 832/920/832 855/945/855 579/946/602
f 555/947/555 856/948/856 833/923/833
f 833/923/833 856/948/856 857/949/857 834/924/834
f 834/924/834 857/949/857 858/950/858 835/925/835
f 835/925/835 858/950/858 859/951/859 836/926/836
f 836/926/836 859/951/859 860/952/860 837/927/837
f 837/927/837 860/952/860 861/953/861 838/928/838
f 838/928/838 861/953/861 862/954/862 839/929/839
f 839/929/839 862/954/862 863/955/863 840/930/840
f 840/930/840 863/955/863 864/956/864 841/931/841
f 841/931/841 864/956/864 865/957/865 842/932/842
f 842/932/842 865/957/865 866/958/866 843/933/843
f 843/933/843 866/958/866 867/959/867 844/934/844
f 844/934/844 867/959/867 868/960/868 845/935/845
f 845/935/845 868/960/868 869/961/869 846/936/846
f 846/936/846 869/961/869 870/962/870 847/937/847
f 847/937/847 870/962/870 871/963/871 848/938/848
f 848/938/848 871/963/871 872/964/872 849/939/849
f 849/939/849 872/964/872 873/965/873 850/940/850
f 850/940/850 873/965/873 874/966/874 851/941/851
f 851/941/851 874/966/874 875/967/875 852/942/852
f 852/942/852 875/967/875 876/968/876 853/943/853
f 853/943/853 876/968/876 877/969/877 854/944/854
f 854/944/854 877/969/877 878/970/878 855/945/855
f 855/945/855 878/970/878 579/971/602
f 555/972/555 879/973/879 856/948/856
f 856/948/856 879/973/879 880/974/880 857/949/857
f 857/949/857 880/974/880 881/975/881 858/950/858
f 858/950/858 881/975/881 882/976/882 859/951/859
f 859/951/859 882/976/882 883/977/883 860/952/860
f 860/952/860 883/977/883 884/978/884 861/953/861
f 861/953/861 884/978/884 885/979/885 862/954/862
f 862/954/862 885/979/885 886/980/886 863/955/863
f 863/955/863 886/980/886 887/981/887 864/956/864
f 864/956/864 887/981/887 888/982/888 865/957/865
f 865/957/865 888/982/888 889/983/889 866/958/866
f 866/958/866 889/983/889 890/984/890 867/959/867
f 867/959/867 890/984/890 891/985/891 868/960/868
f 868/960/868 891/985/891 892/986/892 869/961/869
f 869/961/869 892/986/892 893/987/893 870/962/870
f 870/962/870 893/987/893 894/988/894 871/963/871
f 871/963/871 894/988/894 895/989/895 872/964/872
f 872/964/872 895/989/895 896/990/896 873/965/873
f 873/965/873 896/990/896 897/991/897 874/966/874
f 874/966/874 897/991/897 898/992/898 875/967/875
f 875/967/875 898/992/898 899/993/899 876/968/876
f 876/968/876 899/993/899 900/994/900 877/969/877
f 877/969/877 900/994/900 901/995/901 878/970/878
f 878/970/878 901/995/901 579/996/602
f 555/997/555 902/998/902 879/973/879
f 879/973/879 902/998/902 903/999/903 880/974/880
f 880/974/880 903/999/903 904/1000/904 881/975/881
f 881/975/881 904/1000/904 905/1001/905 882/976/882
f 882/976/882 905/1001/905 906/1002/906 883/977/883
f 883/977/883 906/1002/906 907/1003/907 884/978/884
f 884/978/884 907/1003/907 908/1004/908 885/979/885
f 885/979/885 908/1004/908 909/1005/909 886/980/886
f 886/980/886 909/1005/909 910/1006/910 887/981/887
f 887/981/887 910/1006/910 911/1007/911 888/982/888
f 888/982/888 911/1007/911 912/1008/912 889/983/889
f 889/983/889 912/1008/912 913/1009/913 890/984/890
f 890/984/890 913/1009/913 914/1010/914 891/985/891
f 891/985/891 914/1010/914 915/1011/915 892/986/892
f 892/986/892 915/1011/915 916/1012/916 893/987/893
f 893/987/893 916/1012/916 917/1013/917 894/988/894
f 894/988/894 917/1013/917 918/1014/918 895/989/895
f 895/989/895 918/1014/918 919/1015/919 896/990/896
f 896/990/896 919/1015/919 920/1016/920 897/991/897
f 897/991/897 920/1016/920 921/1017/921 898/992/898
f 898/992/898 921/1017/921 922/1018/922 899/993/899
f 899/993/899 922/1018/922 923/1019/923 900/994/900
f 900/994/900 923/1019/923 924/1020/924 901/995/901
f 901/995/901 924/1020/924 579/1021/602
f 555/1022/555 925/1023/925 902/998/902
f 902/998/902 925/1023/925 926/1024/926 903/999/903
f 903/999/903 926/1024/926 927/1025/927 904/1000/904
f 904/1000/904 927/1025/927 928/1026/928 905/1001/905
f 905/1001/905 928/1026/928 929/1027/929 906/1002/906
f 906/1002/906 929/1027/929 930/1028/930 907/1003/907
f 907/1003/907 930/1028/930 931/1029/931 908/1004/908
f 908/1004/908 931/1029/931 932/1030/932 909/1005/909
f 909/1005/909 932/1030/932 933/1031/933 910/1006/910
f 910/1006/910 933/1031/933 934/1032/934 911/1007/911
f 911/1007/911 934/1032/934 935/1033/935 912/1008/912
f 912/1008/912 935/1033/935 936/1034/936 913/1009/913
f 913/1009/913 936/1034/936 937/1035/937 914/1010/914
f 914/1010/914 937/1035/937 938/1036/938 915/1011/915
f 915/1011/915 938/1036/938 939/1037/939 916/1012/916
f 916/1012/916 939/1037/939 940/1038/940 917/1013/917
f 917/1013/917 940/1038/940 941/1039/941 918/1014/918
f 918/1014/918 941/1039/941 942/1040/942 919/1015/919
f 919/1015/919 942/1040/942 943/1041/943 920/1016/920
f 920/1016/920 943/1041/943 944/1042/944 921/1017/921
f 921/1017/921 944/1042/944 945/1043/945 922/1018/922
f 922/1018/922 945/1043/945 946/1044/946 923/1019/923
f 923/1019/923 946/1044/946 947/1045/947 924/1020/924
f 924/1020/924 947/1045/947 579/1046/602
f 555/1047/555 948/1048/948 925/1023/925
f 925/1023/925 948/1048/948 949/1049/949 926/1024/926
f 926/1024/926 949/1049/949 950/1050/950 927/1025/927
f 927/1025/927 950/1050/950 951/1051/951 928/1026/928
f 928/1026/928 951/1051/951 952/1052/952 929/1027/929
f 929/1027/929 952/1052/952 953/1053/953 930/1028/930
f 930/1028/930 953/1053/953 954/1054/954 931/1029/931
f 931/1029/931 954/1054/954 955/1055/955 932/1030/932
f 932/1030/932 955/1055/955 956/1056/956 933/1031/933
f 933/1031/933 956/1056/956 957/1057/957 934/1032/934
f 934/1032/934 957/1057/957 958/1058/958 935/1033/935
f 935/1033/935 958/1058/958 959/1059/959 936/1034/936
f 936/1034/936 959/1059/959 960/1060/960 937/1035/937
f 937/1035/937 960/1060/960 961/1061/961 938/1036/938
f 938/1036/938 961/1061/961 962/1062/962 939/1037/939
f 939/1037/939 962/1062/962 963/1063/963 940/1038/940
f 940/1038/940 963/1063/963 964/1064/964 941/1039/941
f 941/1039/941 964/1064/964 965/1065/965 942/1040/942
f 942/1040/942 965/1065/965 966/1066/966 943/1041/943
f 943/1041/943 966/1066/966 967/1067/967 944/1042/944
f 944/1042/944 967/1067/967 968/1068/968 945/1043/945
f 945/1043/945 968/1068/968 969/1069/969 946/1044/946
f 946/1044/946 969/1069/969 970/1070/970 947/1045/947
f 947/1045/947 970/1070/970 579/1071/602
f 555/1072/555 971/1073/971 948/1048/948
f 948/1048/948 971/1073/971 972/1074/972 949/1049/949
f 949/1049/949 972/1074/972 973/1075/973 950/1050/950
f 950/1050/950 973/1075/973 974/1076/974 951/1051/951
f 951/1051/951 974/1076/974 975/1077/975 952/1052/952
f 952/1052/952 975/1077/975 976/1078/976 953/1053/953
f 953/1053/953 976/1078/976 977/1079/977 954/1054/954
f 954/1054/954 977/1079/977 978/1080/978 955/1055/955
f 955/1055/955 978/1080/978 979/1081/979 956/1056/956
f 956/1056/956 979/1081/979 980/1082/980 957/1057/957
f 957/1057/957 980/1082/980 981/1083/981 958/1058/958
f 958/1058/958 981/1083/981 982/1084/982 959/1059/959
f 959/1059/959 982/1084/982 983/1085/983 960/1060/960
f 960/1060/960 983/1085/983 984/1086/984 961/1061/961
f 961/1061/961 984/1086/984 985/1087/985 962/1062/962
f 962/1062/962 985/1087/985 986/1088/986 963/1063/963
f 963/1063/963 986/1088/986 987/1089/987 964/1064/964
f 964/1064/964 987/1089/987 988/1090/988 965/1065/965
f 965/1065/965 988/1090/988 989/1091/989 966/1066/966
f 966/1066/966 989/1091/989 990/1092/990 967/1067/967
f 967/1067/967 990/1092/990 991/1093/991 968/1068/968
f 968/1068/968 991/1093/991 992/1094/992 969/1069/969
f 969/1069/969 992/1094/992 993/1095/993 970/1070/970
f 970/1070/970 993/1095/993 579/1096/602
f 555/1097/555 994/1098/994 971/1073/971
f 971/1073/971 994/1098/994 995/1099/995 972/1074/972
f 972/1074/972 995/1099/995 996/1100/996 973/1075/973
f 973/1075/973 996/1100/996 997/1101/997 974/1076/974
f 974/1076/974 997/1101/997 998/1102/998 975/1077/975
f 975/1077/975 998/1102/998 999/1103/999 976/1078/976
f 976/1078/976 999/1103/999 1000/1104/1000 977/1079/977
f 977/1079/977 1000/1104/1000 1001/1105/1001 978/1080/978
f 978/1080/978 1001/1105/1001 1002/1106/1002 979/1081/979
f 979/1081/979 1002/1106/1002 1003/1107/1003 980/1082/980
f 980/1082/980 1003/1107/1003 1004/1108/1004 981/1083/981
f 981/1083/981 1004/1108/1004 1005/1109/1005 982/1084/982
f 982/1084/982 1005/1109/1005 1006/1110/1006 983/1085/983
f 983/1085/983 1006/1110/1006 1007/1111/1007 984/1086/984
f 984/1086/984 1007/1111/1007 1008/1112/1008 985/1087/985
f 985/1087/985 1008/1112/1008 1009/1113/1009 986/1088/986
f 986/1088/986 1009/1113/1009 1010/1114/1010 987/1089/987
f 987/1089/987 1010/1114/1010 1011/1115/1011 988/1090/988
f 988/1090/988 1011/1115/1011 1012/1116/1012 989/1091/989
f 989/1091/989 1012/1116/1012 1013/1117/1013 990/1092/990
f 990/1092/990 1013/1117/1013 1014/1118/1014 991/1093/991
f 991/1093/991 1014/1118/1014 1015/1119/1015 992/1094/992
f 992/1094/992 1015/1119/1015 1016/1120/1016 993/1095/993
f 993/1095/993 1016/1120/1016 579/1121/602
f 555/1122/555 1017/1123/1017 994/1098/994
f 994/1098/994 1017/1123/1017 1018/1124/1018 995/1099/995
f 995/1099/995 1018/1124/1018 1019/1125/1019 996/1100/996
f 996/1100/996 1019/1125/1019 1020/1126/1020 997/1101/997
f 997/1101/997 1020/1126/1020 1021/1127/1021 998/1102/998
f 998/1102/998 1021/1127/1021 1022/1128/1022 999/1103/999
f 999/1103/999 1022/1128/1022 1023/1129/1023 1000/1104/1000
f 1000/1104/1000 1023/1129/1023 1024/1130/1024 1001/1105/1001
f 1001/1105/1001 1024/1130/1024 1025/1131/1025 1002/1106/1002
f 1002/1106/1002 1025/1131/1025 1026/1132/1026 1003/1107/1003
f 1003/1107/1003 1026/1132/1026 1027/1133/1027 1004/1108/1004
f 1004/1108/1004 1027/1133/1027 1028/1134/1028 1005/1109/1005
f 1005/1109/1005 1028/1134/1028 1029/1135/1029 1006/1110/1006
f 1006/1110/1006 1029/1135/1029 1030/1136/1030 1007/1111/1007
f 1007/1111/1007 1030/1136/1030 1031/1137/1031 1008/1112/1008
f 1008/1112/1008 1031/1137/1031 1032/1138/1032 1009/1113/1009
f 1009/1113/1009 1032/1138/1032 1033/1139/1033 1010/1114/1010
f 1010/1114/1010 1033/1139/1033 1034/1140/1034 1011/1115/1011
f 1011/1115/1011 1034/1140/1034 1035/1141/1035 1012/1116/1012
f 1012/1116/1012 1035/1141/1035 1036/1142/1036 1013/1117/1013
f 1013/1117/1013 1036/1142/1036 1037/1143/1037 1014/1118/1014
f 1014/1118/1014 1037/1143/1037 1038/1144/1038 1015/1119/1015
f 1015/1119/1015 1038/1144/1038 1039/1145/1039 1016/1120/1016
f 1016/1120/1016 1039/1145/1039 579/1146/602
f 555/1147/555 1040/1148/1040 1017/1123/1017
f 1017/1123/1017 1040/1148/1040 1041/1149/1041 1018/1124/1018
f 1018/1124/1018 1041/1149/1041 1042/1150/1042 1019/1125/1019
f 1019/1125/1019 1042/1150/1042 1043/1151/1043 1020/1126/1020
f 1020/1126/1020 1043/1151/1043 1044/1152/1044 1021/1127/1021
f 1021/1127/1021 1044/1152/1044 1045/1153/1045 1022/1128/1022
f 1022/1128/1022 1045/1153/1045 1046/1154/1046 1023/1129/1023
f 1023/1129/1023 1046/1154/1046 1047/1155/1047 1024/1130/1024
f 1024/1130/1024 1047/1155/1047 1048/1156/1048 1025/1131/1025
f 1025/1131/1025 1048/1156/1048 1049/1157/1049 1026/1132/1026
f 1026/1132/1026 1049/1157/1049 1050/1158/1050 1027/1133/1027
f 1027/1133/1027 1050/1158/1050 1051/1159/1051 1028/1134/1028
f 1028/1134/1028 1051/1159/1051 1052/1160/1052 1029/1135/1029
f 1029/1135/1029 1052/1160/1052 1053/1161/1053 1030/1136/1030
f 1030/1136/1030 1053/1161/1053 1054/1162/1054 1031/1137/1031
f 1031/1137/1031 1054/1162/1054 1055/1163/1055 1032/1138/1032
f 1032/1138/1032 1055/1163/1055 1056/1164/1056 1033/1139/1033
f 1033/1139/1033 1056/1164/1056 1057/1165/1057 1034/1140/1034
f 1034/1140/1034 1057/1165/1057 1058/1166/1058 1035/1141/1035
f 1035/1141/1035 1058/1166/1058 1059/1167/1059 1036/1142/1036
f 1036/1142/1036 1059/1167/1059 1060/1168/1060 1037/1143/1037
f 1037/1143/1037 1060/1168/1060 1061/1169/1061 1038/1144/1038
f 1038/1144/1038 1061/1169/1061 1062/1170/1062 1039/1145/1039
f 1039/1145/1039 1062/1170/1062 579/1171/602
f 555/1172/555 1063/1173/1063 1040/1148/1040
f 1040/1148/1040 1063/1173/1063 1064/1174/1064 1041/1149/1041
f 1041/1149/1041 1064/1174/1064 1065/1175/1065 1042/1150/1042
f 1042/1150/1042 1065/1175/1065 1066/1176/1066 1043/1151/1043
f 1043/1151/1043 1066/1176/1066 1067/1177/1067 1044/1152/1044
f 1044/1152/1044 1067/1177/1067 1068/1178/1068 1045/1153/1045
f 1045/1153/1045 1068/1178/1068 1069/1179/1069 1046/1154/1046
f 1046/1154/1046 1069/1179/1069 1070/1180/1070 1047/1155/1047
f 1047/1155/1047 1070/1180/1070 1071/1181/1071 1048/1156/1048
f 1048/1156/1048 1071/1181/1071 1072/1182/1072 1049/1157/1049
f 1049/1157/1049 1072/1182/1072 1073/1183/1073 1050/1158/1050
f 1050/1158/1050 1073/1183/1073 1074/1184/1074 1051/1159/1051
f 1051/1159/1051 1074/1184/1074 1075/1185/1075 1052/1160/1052
f 1052/1160/1052 1075/1185/1075 1076/1186/1076 1053/1161/1053
f 1053/1161/1053 1076/1186/1076 1077/1187/1077 1054/1162/1054
f 1054/1162/1054 1077/1187/1077 1078/1188/1078 1055/1163/1055
f 1055/1163/1055 1078/1188/1078 1079/1189/1079 1056/1164/1056
f 1056/1164/1056 1079/1189/1079 1080/1190/1080 1057/1165/1057
f 1057/1165/1057 1080/1190/1080 1081/1191/1081 1058/1166/1058
f 1058/1166/1058 1081/1191/1081 1082/1192/1082 1059/1167/1059
f 1059/1167/1059 1082/1192/1082 1083/1193/1083 1060/1168/1060
f 1060/1168/1060 1083/1193/1083 1084/1194/1084 1061/1169/1061
f 1061/1169/1061 1084/1194/1084 1085/1195/1085 1062/1170/1062
f 1062/1170/1062 1085/1195/1085 579/1196/602
f 555/1197/555 1086/1198/1086 1063/1173/1063
f 1063/1173/1063 1086/1198/1086 1087/1199/1087 1064/1174/1064
f 1064/1174/1064 1087/1199/1087 1088/1200/1088 1065/1175/1065
f 1065/1175/1065 1088/1200/1088 1089/1201/1089 1066/1176/1066
f 1066/1176/1066 1089/1201/1089 1090/1202/1090 1067/1177/1067
f 1067/1177/1067 1090/1202/1090 1091/1203/1091 1068/1178/1068
f 1068/1178/1068 1091/1203/1091 1092/1204/1092 1069/1179/1069
f 1069/1179/1069 1092/1204/1092 1093/1205/1093 1070/1180/1070
f 1070/1180/1070 1093/1205/1093 1094/1206/1094 1071/1181/1071
f 1071/1181/1071 1094/1206/1094 1095/1207/1095 1072/1182/1072
f 1072/1182/1072 1095/1207/1095 1096/1208/1096 1073/1183/1073
f 1073/1183/1073 1096/1208/1096 1097/1209/1097 1074/1184/1074
f 1074/1184/1074 1097/1209/1097 1098/1210/1098 1075/1185/1075
f 1075/1185/1075 1098/1210/1098 1099/1211/1099 1076/1186/1076
f 1076/1186/1076 1099/1211/1099 1100/1212/1100 1077/1187/1077
f 1077/1187/1077 1100/1212/1100 1101/1213/1101 1078/1188/1078
f 1078/1188/1078 1101/1213/1101 1102/1214/1102 1079/1189/1079
f 1079/1189/1079 1102/1214/1102 1103/1215/1103 1080/1190/1080
f 1080/1190/1080 1103/1215/1103 1104/1216/1104 1081/1191/1081
f 1081/1191/1081 1104/1216/1104 1105/1217/1105 1082/1192/1082
f 1082/1192/1082 1105/1217/1105 1106/1218/1106 1083/1193/1083
f 1083/1193/1083 1106/1218/1106 1107/1219/1107 1084/1194/1084
f 1084/1194/1084 1107/1219/1107 1108/1220/1108 1085/1195/1085
f 1085/1195/1085 1108/1220/1108 579/1221/602
f 555/1222/555 556/1223/557 1086/1198/1086
f 1086/1198/1086 556/1223/557 557/1224/559 1087/1199/1087
f 1087/1199/1087 557/1224/559 558/1225/561 1088/1200/1088
f 1088/1200/1088 558/1225/561 559/1226/563 1089/1201/1089
f 1089/1201/1089 559/1226/563 560/1227/565 1090/1202/1090
f 1090/1202/1090 560/1227/565 561/1228/567 1091/1203/1091
f 1091/1203/1091 561/1228/567 562/1229/569 1092/1204/1092
f 1092/1204/1092 562/1229/569 563/1230/571 1093/1205/1093
f 1093/1205/1093 563/1230/571 564/1231/573 1094/1206/1094
f 1094/1206/1094 564/1231/573 565/1232/575 1095/1207/1095
f 1095/1207/1095 565/1232/575 566/1233/577 1096/1208/1096
f 1096/1208/1096 566/1233/577 567/1234/579 1097/1209/1097
f 1097/1209/1097 567/1234/579 568/1235/581 1098/1210/1098
f 1098/1210/1098 568/1235/581 569/1236/583 1099/1211/1099
f 1099/1211/1099 569/1236/583 570/1237/585 1100/1212/1100
f 1100/1212/1100 570/1237/585 571/1238/587 1101/1213/1101
f 1101/1213/1101 571/1238/587 572/1239/589 1102/1214/1102
f 1102/1214/1102 572/1239/589 573/1240/591 1103/1215/1103
f 1103/1215/1103 573/1240/591 574/1241/593 1104/1216/1104
f 1104/1216/1104 574/1241/593 575/1242/595 1105/1217/1105
f 1105/1217/1105 575/1242/595 576/1243/597 1106/1218/1106
f 1106/1218/1106 576/1243/597 577/1244/599 1107/1219/1107
f 1107/1219/1107 577/1244/599 578/1245/601 1108/1220/1108
f 1108/1220/1108 578/1245/601 579/1246/602
o Torus
v -1.593304 0.000000 0.000000
v -1.601218 -0.006729 0.000000
v -1.624494 -0.012991 0.000000
v -1.661502 -0.018369 0.000000
v -1.709683 -0.022501 0.000000
v -1.765778 -0.025099 0.000000
v -1.826063 -0.025982 0.000000
v -1.886347 -0.025099 0.000000
v -1.942442 -0.022501 0.000000
v -1.990623 -0.018369 0.000000
v -2.027631 -0.012991 0.000000
v -2.050907 -0.006729 0.000000
v -2.058821 0.000000 0.000000
v -2.050907 0.006729 -0.000000
v -2.027631 0.012991 -0.000000
v -1.990623 0.018369 -0.000000
v -1.942442 0.022501 -0.000000
v -1.886347 0.025099 -0.000000
v -1.826063 0.025982 -0.000000
v -1.765778 0.025099 -0.000000
v -1.709683 0.022501 -0.000000
v -1.661502 0.018369 -0.000000
v -1.624494 0.012991 -0.000000
v -1.601218 0.006729 -0.000000
v -1.613089 0.000000 0.150595
v -1.620770 -0.006729 0.148500
v -1.643231 -0.012991 0.142564
v -1.678959 -0.018369 0.132905
v -1.725511 -0.022501 0.120452
v -1.779744 -0.025099 0.105905
v -1.837933 -0.025982 0.090310
v -1.896123 -0.025099 0.074715
v -1.950356 -0.022501 0.060284
v -1.996907 -0.018369 0.047715
v -2.032635 -0.012991 0.038172
v -2.055097 -0.006729 0.032121
v -2.062778 0.000000 0.030142
v -2.055097 0.006729 0.032121
v -2.032635 0.012991 0.038172
v -1.996907 0.018369 0.047715
v -1.950356 0.022501 0.060284
v -1.896123 0.025099 0.074715
v -1.837933 0.025982 0.090310
v -1.779744 0.025099 0.105905
v -1.725511 0.022501 0.120452
v -1.678959 0.018369 0.132905
v -1.643231 0.012991 0.142564
v -1.620770 0.006729 0.148500
v -1.671278 0.000000 0.290948
v -1.678145 -0.006729 0.286991
v -1.698278 -0.012991 0.275353
v -1.730283 -0.018369 0.256849
v -1.772063 -0.022501 0.232758
v -1.820709 -0.025099 0.204711
v -1.872847 -0.025982 0.174569
v -1.924985 -0.025099 0.144427
v -1.973631 -0.022501 0.116379
v -2.015411 -0.018369 0.092289
v -2.047416 -0.012991 0.073784
v -2.067549 -0.006729 0.062146
v -2.074416 0.000000 0.058190
v -2.067549 0.006729 0.062146
v -2.047416 0.012991 0.073784
v -2.015411 0.018369 0.092289
v -1.973631 0.022501 0.116379
v -1.924985 0.025099 0.144427
v -1.872847 0.025982 0.174569
v -1.820709 0.025099 0.204711
v -1.772063 0.022501 0.232758
v -1.730283 0.018369 0.256849
v -1.698278 0.012991 0.275353
v -1.678145 0.006729 0.286991
v -1.763683 0.000000 0.411517
v -1.769386 -0.006729 0.405814
v -1.785795 -0.012991 0.389405
v -1.811981 -0.018369 0.363219
v -1.846080 -0.022501 0.329120
v -1.885765 -0.025099 0.289435
v -1.928360 -0.025982 0.246840
v -1.970955 -0.025099 0.204245
v -2.010640 -0.022501 0.164560
v -2.044739 -0.018369 0.130461
v -2.070808 -0.012991 0.104392
v -2.087334 -0.006729 0.087866
v -2.092920 0.000000 0.082280
v -2.087334 0.006729 0.087866
v -2.070808 0.012991 0.104392
v -2.044739 0.018369 0.130461
v -2.010640 0.022501 0.164560
v -1.970955 0.025099 0.204245
v -1.928360 0.025982 0.246840
v -1.885765 0.025099 0.289435
v -1.846080 0.022501 0.329120
v -1.811981 0.018369 0.363219
v -1.785795 0.012991 0.389405
v -1.769386 0.006729 0.405814
v -1.884252 0.000000 0.503922
v -1.888209 -0.006729 0.497055
v -1.899847 -0.012991 0.476922
v -1.918351 -0.018369 0.444917
v -1.942442 -0.022501 0.403137
v -1.970489 -0.025099 0.354491
v -2.000631 -0.025982 0.302353
v -2.030773 -0.025099 0.250215
v -2.058821 -0.022501 0.201569
v -2.082911 -0.018369 0.159789
v -2.101416 -0.012991 0.127784
v -2.113054 -0.006729 0.107651
v -2.117010 0.000000 0.100784
v -2.113054 0.006729 0.107651
v -2.101416 0.012991 0.127784
v -2.082911 0.018369 0.159789
v -2.058821 0.022501 0.201569
v -2.030773 0.025099 0.250215
v -2.000631 0.025982 0.302353
v -1.970489 0.025099 0.354491
v -1.942442 0.022501 0.403137
v -1.918351 0.018369 0.444917
v -1.899847 0.012991 0.476922
v -1.888209 0.006729 0.497055
v -2.024605 0.000000 0.562111
v -2.026700 -0.006729 0.554430
v -2.032635 -0.012991 0.531969
v -2.042295 -0.018369 0.496241
v -2.054748 -0.022501 0.449689
v -2.069295 -0.025099 0.395456
v -2.084890 -0.025982 0.337267
v -2.100485 -0.025099 0.279077
v -2.114916 -0.022501 0.224845
v -2.127485 -0.018369 0.178293
v -2.137028 -0.012991 0.142564
v -2.143079 -0.006729 0.120103
v -2.145058 0.000000 0.112422
v -2.143079 0.006729 0.120103
v -2.137028 0.012991 0.142564
v -2.127485 0.018369 0.178293
v -2.114916 0.022501 0.224845
v -2.100485 0.025099 0.279077
v -2.084890 0.025982 0.337267
v -2.069295 0.025099 0.395456
v -2.054748 0.022501 0.449689
v -2.042295 0.018369 0.496241
v -2.032635 0.012991 0.531969
v -2.026700 0.006729 0.554430
v -2.175200 0.000000 0.581896
v -2.175200 -0.006729 0.573982
v -2.175200 -0.012991 0.550706
v -2.175200 -0.018369 0.513698
v -2.175200 -0.022501 0.465517
v -2.175200 -0.025099 0.409422
v -2.175200 -0.025982 0.349137
v -2.175200 -0.025099 0.288853
v -2.175200 -0.022501 0.232758
v -2.175200 -0.018369 0.184577
v -2.175200 -0.012991 0.147569
v -2.175200 -0.006729 0.124293
v -2.175200 0.000000 0.116379
v -2.175200 0.006729 0.124293
v -2.175200 0.012991 0.147569
v -2.175200 0.018369 0.184577
v -2.175200 0.022501 0.232758
v -2.175200 0.025099 0.288853
v -2.175200 0.025982 0.349137
v -2.175200 0.025099 0.409422
v -2.175200 0.022501 0.465517
v -2.175200 0.018369 0.513698
v -2.175200 0.012991 0.550706
v -2.175200 0.006729 0.573982
v -2.325795 0.000000 0.562111
v -2.323700 -0.006729 0.554430
v -2.317765 -0.012991 0.531969
v -2.308105 -0.018369 0.496241
v -2.295652 -0.022501 0.449689
v -2.281105 -0.025099 0.395456
v -2.265510 -0.025982 0.337267
v -2.249915 -0.025099 0.279077
v -2.235484 -0.022501 0.224845
v -2.222915 -0.018369 0.178293
v -2.213372 -0.012991 0.142564
v -2.207321 -0.006729 0.120103
v -2.205342 0.000000 0.112422
v -2.207321 0.006729 0.120103
v -2.213372 0.012991 0.142564
v -2.222915 0.018369 0.178293
v -2.235484 0.022501 0.224845
v -2.249915 0.025099 0.279077
v -2.265510 0.025982 0.337267
v -2.281105 0.025099 0.395456
v -2.295652 0.022501 0.449689
v -2.308105 0.018369 0.496241
v -2.317765 0.012991 0.531969
v -2.323700 0.006729 0.554430
v -2.466148 0.000000 0.503922
v -2.462191 -0.006729 0.497055
v -2.450553 -0.012991 0.476922
v -2.432049 -0.018369 0.444917
v -2.407958 -0.022501 0.403137
v -2.379911 -0.025099 0.354491
v -2.349769 -0.025982 0.302353
v -2.319627 -0.025099 0.250215
v -2.291579 -0.022501 0.201569
v -2.267489 -0.018369 0.159789
v -2.248984 -0.012991 0.127784
v -2.237346 -0.006729 0.107651
v -2.233390 0.000000 0.100784
v -2.237346 0.006729 0.107651
v -2.248984 0.012991 0.127784
v -2.267489 0.018369 0.159789
v -2.291579 0.022501 0.201569
v -2.319627 0.025099 0.250215
v -2.349769 0.025982 0.302353
v -2.379911 0.025099 0.354491
v -2.407958 0.022501 0.403137
v -2.432049 0.018369 0.444917
v -2.450553 0.012991 0.476922
v -2.462191 0.006729 0.497055
v -2.586717 0.000000 0.411517
v -2.581014 -0.006729 0.405814
v -2.564605 -0.012991 0.389405
v -2.538419 -0.018369 0.363219
v -2.504320 -0.022501 0.329120
v -2.464635 -0.025099 0.289435
v -2.422040 -0.025982 0.246840
v -2.379445 -0.025099 0.204245
v -2.339760 -0.022501 0.164560
v -2.305661 -0.018369 0.130461
v -2.279592 -0.012991 0.104392
v -2.263066 -0.006729 0.087866
v -2.257480 0.000000 0.082280
v -2.263066 0.006729 0.087866
v -2.279592 0.012991 0.104392
v -2.305661 0.018369 0.130461
v -2.339760 0.022501 0.164560
v -2.379445 0.025099 0.204245
v -2.422040 0.025982 0.246840
v -2.464635 0.025099 0.289435
v -2.504320 0.022501 0.329120
v -2.538419 0.018369 0.363219
v -2.564605 0.012991 0.389405
v -2.581014 0.006729 0.405814
v -2.679122 0.000000 0.290948
v -2.672255 -0.006729 0.286991
v -2.652122 -0.012991 0.275353
v -2.620117 -0.018369 0.256849
v -2.578337 -0.022501 0.232758
v -2.529691 -0.025099 0.204711
v -2.477553 -0.025982 0.174569
v -2.425415 -0.025099 0.144427
v -2.376769 -0.022501 0.116379
v -2.334989 -0.018369 0.092289
v -2.302984 -0.012991 0.073784
v -2.282851 -0.006729 0.062146
v -2.275984 0.000000 0.058190
v -2.282851 0.006729 0.062146
v -2.302984 0.012991 0.073784
v -2.334989 0.018369 0.092289
v -2.376769 0.022501 0.116379
v -2.425415 0.025099 0.144427
v -2.477553 0.025982 0.174569
v -2.529691 0.025099 0.204711
v -2.578337 0.022501 0.232758
v -2.620117 0.018369 0.256849
v -2.652122 0.012991 0.275353
v -2.672255 0.006729 0.286991
v -2.737311 0.000000 0.150595
v -2.729630 -0.006729 0.148500
v -2.707169 -0.012991 0.142564
v -2.671441 -0.018369 0.132905
v -2.624889 -0.022501 0.120452
v -2.570656 -0.025099 0.105905
v -2.512467 -0.025982 0.090310
v -2.454277 -0.025099 0.074715
v -2.400044 -0.022501 0.060284
v -2.353493 -0.018369 0.047715
v -2.317765 -0.012991 0.038172
v -2.295303 -0.006729 0.032121
v -2.287622 0.000000 0.030142
v -2.295303 0.006729 0.032121
v -2.317765 0.012991 0.038172
v -2.353493 0.018369 0.047715
v -2.400044 0.022501 0.060284
v -2.454277 0.025099 0.074715
v -2.512467 0.025982 0.090310
v -2.570656 0.025099 0.105905
v -2.624889 0.022501 0.120452
v -2.671441 0.018369 0.132905
v -2.707169 0.012991 0.142564
v -2.729630 0.006729 0.148500
v -2.757096 0.000000 0.000000
v -2.749182 -0.006729 0.000000
v -2.725906 -0.012991 0.000000
v -2.688898 -0.018369 0.000000
v -2.640717 -0.022501 0.000000
v -2.584622 -0.025099 0.000000
v -2.524337 -0.025982 0.000000
v -2.464053 -0.025099 0.000000
v -2.407958 -0.022501 0.000000
v -2.359777 -0.018369 0.000000
v -2.322769 -0.012991 0.000000
v -2.299493 -0.006729 0.000000
v -2.291579 0.000000 0.000000
v -2.299493 0.006729 -0.000000
v -2.322769 0.012991 -0.000000
v -2.359777 0.018369 -0.000000
v -2.407958 0.022501 -0.000000
v -2.464053 0.025099 -0.000000
v -2.524337 0.025982 -0.000000
v -2.584622 0.025099 -0.000000
v -2.640717 0.022501 -0.000000
v -2.688898 0.018369 -0.000000
v -2.725906 0.012991 -0.000000
v -2.749182 0.006729 -0.000000
v -2.737311 -0.000000 -0.150595
v -2.729630 -0.006729 -0.148500
v -2.707169 -0.012991 -0.142564
v -2.671441 -0.018369 -0.132905
v -2.624889 -0.022501 -0.120452
v -2.570656 -0.025099 -0.105905
v -2.512467 -0.025982 -0.090310
v -2.454277 -0.025099 -0.074715
v -2.400044 -0.022501 -0.060284
v -2.353493 -0.018369 -0.047715
v -2.317765 -0.012991 -0.038172
v -2.295303 -0.006729 -0.032121
v -2.287622 -0.000000 -0.030142
v -2.295303 0.006729 -0.032121
v -2.317765 0.012991 -0.038172
v -2.353493 0.018369 -0.047715
v -2.400044 0.022501 -0.060284
v -2.454277 0.025099 -0.074715
v -2.512467 0.025982 -0.090310
v -2.570656 0.025099 -0.105905
v -2.624889 0.022501 -0.120452
v -2.671441 0.018369 -0.132905
v -2.707169 0.012991 -0.142564
v -2.729630 0.006729 -0.148500
v -2.679122 -0.000000 -0.290948
v -2.672255 -0.006729 -0.286991
v -2.652122 -0.012991 -0.275353
v -2.620117 -0.018369 -0.256849
v -2.578337 -0.022501 -0.232758
v -2.529691 -0.025099 -0.204711
v -2.477553 -0.025982 -0.174569
v -2.425415 -0.025099 -0.144427
v -2.376769 -0.022501 -0.116379
v -2.334989 -0.018369 -0.092289
v -2.302984 -0.012991 -0.073784
v -2.282851 -0.006729 -0.062146
v -2.275984 -0.000000 -0.058190
v -2.282851 0.006729 -0.062146
v -2.302984 0.012991 -0.073784
v -2.334989 0.018369 -0.092289
v -2.376769 0.022501 -0.116379
v -2.425415 0.025099 -0.144427
v -2.477553 0.025982 -0.174569
v -2.529691 0.025099 -0.204711
v -2.578337 0.022501 -0.232758
v -2.620117 0.018369 -0.256849
v -2.652122 0.012991 -0.275353
v -2.672255 0.006729 -0.286991
v -2.586717 -0.000000 -0.411517
v -2.581014 -0.006729 -0.405814
v -2.564605 -0.012991 -0.389405
v -2.538419 -0.018369 -0.363219
v -2.504320 -0.022501 -0.329120
v -2.464635 -0.025099 -0.289435
v -2.422040 -0.025982 -0.246840
v -2.379445 -0.025099 -0.204245
v -2.339760 -0.022501 -0.164560
v -2.305661 -0.018369 -0.130461
v -2.279592 -0.012991 -0.104392
v -2.263066 -0.006729 -0.087866
v -2.257480 -0.000000 -0.082280
v -2.263066 0.006729 -0.087866
v -2.279592 0.012991 -0.104392
v -2.305661 0.018369 -0.130461
v -2.339760 0.022501 -0.164560
v -2.379445 0.025099 -0.204245
v -2.422040 0.025982 -0.246840
v -2.464635 0.025099 -0.289435
v -2.504320 0.022501 -0.329120
v -2.538419 0.018369 -0.363219
v -2.564605 0.012991 -0.389405
v -2.581014 0.006729 -0.405814
v -2.466148 -0.000000 -0.503922
v -2.462191 -0.006729 -0.497055
v -2.450553 -0.012991 -0.476922
v -2.432049 -0.018369 -0.444917
v -2.407958 -0.022501 -0.403137
v -2.379911 -0.025099 -0.354491
v -2.349769 -0.025982 -0.302353
v -2.319627 -0.025099 -0.250215
v -2.291579 -0.022501 -0.201569
v -2.267489 -0.018369 -0.159789
v -2.248984 -0.012991 -0.127784
v -2.237346 -0.006729 -0.107651
v -2.233390 -0.000000 -0.100784
v -2.237346 0.006729 -0.107651
v -2.248984 0.012991 -0.127784
v -2.267489 0.018369 -0.159789
v -2.291579 0.022501 -0.201569
v -2.319627 0.025099 -0.250215
v -2.349769 0.025982 -0.302353
v -2.379911 0.025099 -0.354491
v -2.407958 0.022501 -0.403137
v -2.432049 0.018369 -0.444917
v -2.450553 0.012991 -0.476922
v -2.462191 0.006729 -0.497055
v -2.325795 -0.000000 -0.562111
v -2.323700 -0.006729 -0.554430
v -2.317765 -0.012991 -0.531969
v -2.308105 -0.018369 -0.496241
v -2.295652 -0.022501 -0.449689
v -2.281105 -0.025099 -0.395456
v -2.265510 -0.025982 -0.337267
v -2.249915 -0.025099 -0.279077
v -2.235484 -0.022501 -0.224845
v -2.222915 -0.018369 -0.178293
v -2.213372 -0.012991 -0.142564
v -2.207321 -0.006729 -0.120103
v -2.205342 -0.000000 -0.112422
v -2.207321 0.006729 -0.120103
v -2.213372 0.012991 -0.142564
v -2.222915 0.018369 -0.178293
v -2.235484 0.022501 -0.224845
v -2.249915 0.025099 -0.279077
v -2.265510 0.025982 -0.337267
v -2.281105 0.025099 -0.395456
v -2.295652 0.022501 -0.449689
v -2.308105 0.018369 -0.496241
v -2.317765 0.012991 -0.531969
v -2.323700 0.006729 -0.554430
v -2.175200 -0.000000 -0.581896
v -2.175200 -0.006729 -0.573982
v -2.175200 -0.012991 -0.550706
v -2.175200 -0.018369 -0.513698
v -2.175200 -0.022501 -0.465517
v -2.175200 -0.025099 -0.409422
v -2.175200 -0.025982 -0.349137
v -2.175200 -0.025099 -0.288853
v -2.175200 -0.022501 -0.232758
v -2.175200 -0.018369 -0.184577
v -2.175200 -0.012991 -0.147569
v -2.175200 -0.006729 -0.124293
v -2.175200 -0.000000 -0.116379
v -2.175200 0.006729 -0.124293
v -2.175200 0.012991 -0.147569
v -2.175200 0.018369 -0.184577
v -2.175200 0.022501 -0.232758
v -2.175200 0.025099 -0.288853
v -2.175200 0.025982 -0.349137
v -2.175200 0.025099 -0.409422
v -2.175200 0.022501 -0.465517
v -2.175200 0.018369 -0.513698
v -2.175200 0.012991 -0.550706
v -2.175200 0.006729 -0.573982
v -2.024605 -0.000000 -0.562111
v -2.026700 -0.006729 -0.554430
v -2.032635 -0.012991 -0.531969
v -2.042295 -0.018369 -0.496241
v -2.054748 -0.022501 -0.449689
v -2.069295 -0.025099 -0.395456
v -2.084890 -0.025982 -0.337267
v -2.100485 -0.025099 -0.279077
v -2.114916 -0.022501 -0.224845
v -2.127485 -0.018369 -0.178293
v -2.137028 -0.012991 -0.142564
v -2.143079 -0.006729 -0.120103
v -2.145058 -0.000000 -0.112422
v -2.143079 0.006729 -0.120103
v -2.137028 0.012991 -0.142564
v -2.127485 0.018369 -0.178293
v -2.114916 0.022501 -0.224845
v -2.100485 0.025099 -0.279077
v -2.084890 0.025982 -0.337267
v -2.069295 0.025099 -0.395456
v -2.054748 0.022501 -0.449689
v -2.042295 0.018369 -0.496241
v -2.032635 0.012991 -0.531969
v -2.026700 0.006729 -0.554430
v -1.884252 -0.000000 -0.503922
v -1.888209 -0.006729 -0.497055
v -1.899847 -0.012991 -0.476922
v -1.918351 -0.018369 -0.444917
v -1.942442 -0.022501 -0.403137
v -1.970489 -0.025099 -0.354491
v -2.000631 -0.025982 -0.302353
v -2.030773 -0.025099 -0.250215
v -2.058821 -0.022501 -0.201569
v -2.082911 -0.018369 -0.159789
v -2.101416 -0.012991 -0.127784
v -2.113054 -0.006729 -0.107651
v -2.117010 -0.000000 -0.100784
v -2.113054 0.006729 -0.107651
v -2.101416 0.012991 -0.127784
v -2.082911 0.018369 -0.159789
v -2.058821 0.022501 -0.201569
v -2.030773 0.025099 -0.250215
v -2.000631 0.025982 -0.302353
v -1.970489 0.025099 -0.354491
v -1.942442 0.022501 -0.403137
v -1.918351 0.018369 -0.444917
v -1.899847 0.012991 -0.476922
v -1.888209 0.006729 -0.497055
v -1.763683 -0.000000 -0.411517
v -1.769386 -0.006729 -0.405814
v -1.785795 -0.012991 -0.389405
v -1.811981 -0.018369 -0.363219
v -1.846080 -0.022501 -0.329120
v -1.885765 -0.025099 -0.289435
v -1.928360 -0.025982 -0.246840
v -1.970955 -0.025099 -0.204245
v -2.010640 -0.022501 -0.164560
v -2.044739 -0.018369 -0.130461
v -2.070808 -0.012991 -0.104392
v -2.087334 -0.006729 -0.087866
v -2.092920 -0.000000 -0.082280
v -2.087334 0.006729 -0.087866
v -2.070808 0.012991 -0.104392
v -2.044739 0.018369 -0.130461
v -2.010640 0.022501 -0.164560
v -1.970955 0.025099 -0.204245
v -1.928360 0.025982 -0.246840
v -1.885765 0.025099 -0.289435
v -1.846080 0.022501 -0.329120
v -1.811981 0.018369 -0.363219
v -1.785795 0.012991 -0.389405
v -1.769386 0.006729 -0.405814
v -1.671278 -0.000000 -0.290948
v -1.678145 -0.006729 -0.286991
v -1.698278 -0.012991 -0.275353
v -1.730283 -0.018369 -0.256849
v -1.772063 -0.022501 -0.232758
v -1.820709 -0.025099 -0.204711
v -1.872847 -0.025982 -0.174569
v -1.924985 -0.025099 -0.144427
v -1.973631 -0.022501 -0.116379
v -2.015411 -0.018369 -0.092289
v -2.047416 -0.012991 -0.073784
v -2.067549 -0.006729 -0.062146
v -2.074416 -0.000000 -0.058190
v -2.067549 0.006729 -0.062146
v -2.047416 0.012991 -0.073784
v -2.015411 0.018369 -0.092289
v -1.973631 0.022501 -0.116379
v -1.924985 0.025099 -0.144427
v -1.872847 0.025982 -0.174569
v -1.820709 0.025099 -0.204711
v -1.772063 0.022501 -0.232758
v -1.730283 0.018369 -0.256849
v -1.698278 0.012991 -0.275353
v -1.678145 0.006729 -0.286991
v -1.613089 -0.000000 -0.150595
v -1.620770 -0.006729 -0.148500
v -1.643231 -0.012991 -0.142564
v -1.678959 -0.018369 -0.132905
v -1.725511 -0.022501 -0.120452
v -1.779744 -0.025099 -0.105905
v -1.837933 -0.025982 -0.090310
v -1.896123 -0.025099 -0.074715
v -1.950356 -0.022501 -0.060284
v -1.996907 -0.018369 -0.047715
v -2.032635 -0.012991 -0.038172
v -2.055097 -0.006729 -0.032121
v -2.062778 -0.000000 -0.030142
v -2.055097 0.006729 -0.032121
v -2.032635 0.012991 -0.038172
v -1.996907 0.018369 -0.047715
v -1.950356 0.022501 -0.060284
v -1.896123 0.025099 -0.074715
v -1.837933 0.025982 -0.090310
v -1.779744 0.025099 -0.105905
v -1.725511 0.022501 -0.120452
v -1.678959 0.018369 -0.132905
v -1.643231 0.012991 -0.142564
v -1.620770 0.006729 -0.148500
vt 1.000000 1.000000
vt 0.958333 1.000000
vt 0.958333 0.958333
vt 1.000000 0.958333
vt 0.958333 0.916667
vt 1.000000 0.916667
vt 0.958333 0.875000
vt 1.000000 0.875000
vt 0.958333 0.833333
vt 1.000000 0.833333
vt 0.958333 0.791667
vt 1.000000 0.791667
vt 0.958333 0.750000
vt 1.000000 0.750000
vt 0.958333 0.708333
vt 1.000000 0.708333
vt 0.958333 0.666667
vt 1.000000 0.666667
vt 0.958333 0.625000
vt 1.000000 0.625000
vt 0.958333 0.583333
vt 1.000000 0.583333
vt 0.958333 0.541667
vt 1.000000 0.541667
vt 0.958333 0.500000
vt 1.000000 0.500000
vt 0.958333 0.458333
vt 1.000000 0.458333
vt 0.958333 0.416667
vt 1.000000 0.416667
vt 0.958333 0.375000
vt 1.000000 0.375000
vt 0.958333 0.333333
vt 1.000000 0.333333
vt 0.958333 0.291667
vt 1.000000 0.291667
vt 0.958333 0.250000
vt 1.000000 0.250000
vt 0.958333 0.208333
vt 1.000000 0.208333
vt 0.958333 0.166667
vt 1.000000 0.166667
vt 0.958333 0.125000
vt 1.000000 0.125000
vt 0.958333 0.083333
vt 1.000000 0.083333
vt 0.958333 0.041667
vt 1.000000 0.041667
vt 0.958333 0.000000
vt 1.000000 0.000000
vt 0.916667 1.000000
vt 0.916667 0.958333
vt 0.916667 0.916667
vt 0.916667 0.875000
vt 0.916667 0.833333
vt 0.916667 0.791667
vt 0.916667 0.750000
vt 0.916667 0.708333
vt 0.916667 0.666667
vt 0.916667 0.625000
vt 0.916667 0.583333
vt 0.916667 0.541667
vt 0.916667 0.500000
vt 0.916667 0.458333
vt 0.916667 0.416667
vt 0.916667 0.375000
vt 0.916667 0.333333
vt 0.916667 0.291667
vt 0.916667 0.250000
vt 0.916667 0.208333
vt 0.916667 0.166667
vt 0.916667 0.125000
vt 0.916667 0.083333
vt 0.916667 0.041667
vt 0.916667 0.000000
vt 0.875000 1.000000
vt 0.875000 0.958333
vt 0.875000 0.916667
vt 0.875000 0.875000
vt 0.875000 0.833333
vt 0.875000 0.791667
vt 0.875000 0.750000
vt 0.875000 0.708333
vt 0.875000 0.666667
vt 0.875000 0.625000
vt 0.875000 0.583333
vt 0.875000 0.541667
vt 0.875000 0.500000
vt 0.875000 0.458333
vt 0.875000 0.416667
vt 0.875000 0.375000
vt 0.875000 0.333333
vt 0.875000 0.291667
vt 0.875000 0.250000
vt 0.875000 0.208333
vt 0.875000 0.166667
vt 0.875000 0.125000
vt 0.875000 0.083333
vt 0.875000 0.041667
vt 0.875000 0.000000
vt 0.833333 1.000000
vt 0.833333 0.958333
vt 0.833333 0.916667
vt 0.833333 0.875000
vt 0.833333 0.833333
vt 0.833333 0.791667
vt 0.833333 0.750000
vt 0.833333 0.708333
vt 0.833333 0.666667
vt 0.833333 0.625000
vt 0.833333 0.583333
vt 0.833333 0.541667
vt 0.833333 0.500000
vt 0.833333 0.458333
vt 0.833333 0.416667
vt 0.833333 0.375000
vt 0.833333 0.333333
vt 0.833333 0.291667
vt 0.833333 0.250000
vt 0.833333 0.208333
vt 0.833333 0.166667
vt 0.833333 0.125000
vt 0.833333 0.083333
vt 0.833333 0.041667
vt 0.833333 0.000000
vt 0.791667 1.000000
vt 0.791667 0.958333
vt 0.791667 0.916667
vt 0.791667 0.875000
vt 0.791667 0.833333
vt 0.791667 0.791667
vt 0.791667 0.750000
vt 0.791667 0.708333
vt 0.791667 0.666667
vt 0.791667 0.625000
vt 0.791667 0.583333
vt 0.791667 0.541667
vt 0.791667 0.500000
vt 0.791667 0.458333
vt 0.791667 0.416667
vt 0.791667 0.375000
vt 0.791667 0.333333
vt 0.791667 0.291667
vt 0.791667 0.250000
vt 0.791667 0.208333
vt 0.791667 0.166667
vt 0.791667 0.125000
vt 0.791667 0.083333
vt 0.791667 0.041667
vt 0.791667 0.000000
vt 0.750000 1.000000
vt 0.750000 0.958333
vt 0.750000 0.916667
vt 0.750000 0.875000
vt 0.750000 0.833333
vt 0.750000 0.791667
vt 0.750000 0.750000
vt 0.750000 0.708333
vt 0.750000 0.666667
vt 0.750000 0.625000
vt 0.750000 0.583333
vt 0.750000 0.541667
vt 0.750000 0.500000
vt 0.750000 0.458333
vt 0.750000 0.416667
vt 0.750000 0.375000
vt 0.750000 0.333333
vt 0.750000 0.291667
vt 0.750000 0.250000
vt 0.750000 0.208333
vt 0.750000 0.166667
vt 0.750000 0.125000
vt 0.750000 0.083333
vt 0.750000 0.041667
vt 0.750000 0.000000
vt 0.708333 1.000000
vt 0.708333 0.958333
vt 0.708333 0.916667
vt 0.708333 0.875000
vt 0.708333 0.833333
vt 0.708333 0.791667
vt 0.708333 0.750000
vt 0.708333 0.708333
vt 0.708333 0.666667
vt 0.708333 0.625000
vt 0.708333 0.583333
vt 0.708333 0.541667
vt 0.708333 0.500000
vt 0.708333 0.458333
vt 0.708333 0.416667
vt 0.708333 0.375000
vt 0.708333 0.333333
vt 0.708333 0.291667
vt 0.708333 0.250000
vt 0.708333 0.208333
vt 0.708333 0.166667
vt 0.708333 0.125000
vt 0.708333 0.083333
vt 0.708333 0.041667
vt 0.708333 0.000000
vt 0.666667 1.000000
vt 0.666667 0.958333
vt 0.666667 0.916667
vt 0.666667 0.875000
vt 0.666667 0.833333
vt 0.666667 0.791667
vt 0.666667 0.750000
vt 0.666667 0.708333
vt 0.666667 0.666667
vt 0.666667 0.625000
vt 0.666667 0.583333
vt 0.666667 0.541667
vt 0.666667 0.500000
vt 0.666667 0.458333
vt 0.666667 0.416667
vt 0.666667 0.375000
vt 0.666667 0.333333
vt 0.666667 0.291667
vt 0.666667 0.250000
vt 0.666667 0.208333
vt 0.666667 0.166667
vt 0.666667 0.125000
vt 0.666667 0.083333
vt 0.666667 0.041667
vt 0.666667 0.000000
vt 0.625000 1.000000
vt 0.625000 0.958333
vt 0.625000 0.916667
vt 0.625000 0.875000
vt 0.625000 0.833333
vt 0.625000 0.791667
vt 0.625000 0.750000
vt 0.625000 0.708333
vt 0.625000 0.666667
vt 0.625000 0.625000
vt 0.625000 0.583333
vt 0.625000 0.541667
vt 0.625000 0.500000
vt 0.625000 0.458333
vt 0.625000 0.416667
vt 0.625000 0.375000
vt 0.625000 0.333333
vt 0.625000 0.291667
vt 0.625000 0.250000
vt 0.625000 0.208333
vt 0.625000 0.166667
vt 0.625000 0.125000
vt 0.625000 0.083333
vt 0.625000 0.041667
vt 0.625000 0.000000
vt 0.583333 1.000000
vt 0.583333 0.958333
vt 0.583333 0.916667
vt 0.583333 0.875000
vt 0.583333 0.833333
vt 0.583333 0.791667
vt 0.583333 0.750000
vt 0.583333 0.708333
vt 0.583333 0.666667
vt 0.583333 0.625000
vt 0.583333 0.583333
vt 0.583333 0.541667
vt 0.583333 0.500000
vt 0.583333 0.458333
vt 0.583333 0.416667
vt 0.583333 0.375000
vt 0.583333 0.333333
vt 0.583333 0.291667
vt 0.583333 0.250000
vt 0.583333 0.208333
vt 0.583333 0.166667
vt 0.583333 0.125000
vt 0.583333 0.083333
vt 0.583333 0.041667
vt 0.583333 0.000000
vt 0.541667 1.000000
vt 0.541667 0.958333
vt 0.541667 0.916667
vt 0.541667 0.875000
vt 0.541667 0.833333
vt 0.541667 0.791667
vt 0.541667 0.750000
vt 0.541667 0.708333
vt 0.541667 0.666667
vt 0.541667 0.625000
vt 0.541667 0.583333
vt 0.541667 0.541667
vt 0.541667 0.500000
vt 0.541667 0.458333
vt 0.541667 0.416667
vt 0.541667 0.375000
vt 0.541667 0.333333
vt 0.541667 0.291667
vt 0.541667 0.250000
vt 0.541667 0.208333
vt 0.541667 0.166667
vt 0.541667 0.125000
vt 0.541667 0.083333
vt 0.541667 0.041667
vt 0.541667 0.000000
vt 0.500000 1.000000
vt 0.500000 0.958333
vt 0.500000 0.916667
vt 0.500000 0.875000
vt 0.500000 0.833333
vt 0.500000 0.791667
vt 0.500000 0.750000
vt 0.500000 0.708333
vt 0.500000 0.666667
vt 0.500000 0.625000
vt 0.500000 0.583333
vt 0.500000 0.541667
vt 0.500000 0.500000
vt 0.500000 0.458333
vt 0.500000 0.416667
vt 0.500000 0.375000
vt 0.500000 0.333333
vt 0.500000 0.291667
vt 0.500000 0.250000
vt 0.500000 0.208333
vt 0.500000 0.166667
vt 0.500000 0.125000
vt 0.500000 0.083333
vt 0.500000 0.041667
vt 0.500000 0.000000
vt 0.458333 1.000000
vt 0.458333 0.958333
vt 0.458333 0.916667
vt 0.458333 0.875000
vt 0.458333 0.833333
vt 0.458333 0.791667
vt 0.458333 0.750000
vt 0.458333 0.708333
vt 0.458333 0.666667
vt 0.458333 0.625000
vt 0.458333 0.583333
vt 0.458333 0.541667
vt 0.458333 0.500000
vt 0.458333 0.458333
vt 0.458333 0.416667
vt 0.458333 0.375000
vt 0.458333 0.333333
vt 0.458333 0.291667
vt 0.458333 0.250000
vt 0.458333 0.208333
vt 0.458333 0.166667
vt 0.458333 0.125000
vt 0.458333 0.083333
vt 0.458333 0.041667
vt 0.458333 0.000000
vt 0.416667 1.000000
vt 0.416667 0.958333
vt 0.416667 0.916667
vt 0.416667 0.875000
vt 0.416667 0.833333
vt 0.416667 0.791667
vt 0.416667 0.750000
vt 0.416667 0.708333
vt 0.416667 0.666667
vt 0.416667 0.625000
vt 0.416667 0.583333
vt 0.416667 0.541667
vt 0.416667 0.500000
vt 0.416667 0.458333
vt 0.416667 0.416667
vt 0.416667 0.375000
vt 0.416667 0.333333
vt 0.416667 0.291667
vt 0.416667 0.250000
vt 0.416667 0.208333
vt 0.416667 0.166667
vt 0.416667 0.125000
vt 0.416667 0.083333
vt 0.416667 0.041667
vt 0.416667 0.000000
vt 0.375000 1.000000
vt 0.375000 0.958333
vt 0.375000 0.916667
vt 0.375000 0.875000
vt 0.375000 0.833333
vt 0.375000 0.791667
vt 0.375000 0.750000
vt 0.375000 0.708333
vt 0.375000 0.666667
vt 0.375000 0.625000
vt 0.375000 0.583333
vt 0.375000 0.541667
vt 0.375000 0.500000
vt 0.375000 0.458333
vt 0.375000 0.416667
vt 0.375000 0.375000
vt 0.375000 0.333333
vt 0.375000 0.291667
vt 0.375000 0.250000
vt 0.375000 0.208333
vt 0.375000 0.166667
vt 0.375000 0.125000
vt 0.375000 0.083333
vt 0.375000 0.041667
vt 0.375000 0.000000
vt 0.333333 1.000000
vt 0.333333 0.958333
vt 0.333333 0.916667
vt 0.333333 0.875000
vt 0.333333 0.833333
vt 0.333333 0.791667
vt 0.333333 0.750000
vt 0.333333 0.708333
vt 0.333333 0.666667
vt 0.333333 0.625000
vt 0.333333 0.583333
vt 0.333333 0.541667
vt 0.333333 0.500000
vt 0.333333 0.458333
vt 0.333333 0.416667
vt 0.333333 0.375000
vt 0.333333 0.333333
vt 0.333333 0.291667
vt 0.333333 0.250000
vt 0.333333 0.208333
vt 0.333333 0.166667
vt 0.333333 0.125000
vt 0.333333 0.083333
vt 0.333333 0.041667
vt 0.333333 0.000000
vt 0.291667 1.000000
vt 0.291667 0.958333
vt 0.291667 0.916667
vt 0.291667 0.875000
vt 0.291667 0.833333
vt 0.291667 0.791667
vt 0.291667 0.750000
vt 0.291667 0.708333
vt 0.291667 0.666667
vt 0.291667 0.625000
vt 0.291667 0.583333
vt 0.291667 0.541667
vt 0.291667 0.500000
vt 0.291667 0.458333
vt 0.291667 0.416667
vt 0.291667 0.375000
vt 0.291667 0.333333
vt 0.291667 0.291667
vt 0.291667 0.250000
vt 0.291667 0.208333
vt 0.291667 0.166667
vt 0.291667 0.125000
vt 0.291667 0.083333
vt 0.291667 0.041667
vt 0.291667 0.000000
vt 0.250000 1.000000
vt 0.250000 0.958333
vt 0.250000 0.916667
vt 0.250000 0.875000
vt 0.250000 0.833333
vt 0.250000 0.791667
vt 0.250000 0.750000
vt 0.250000 0.708333
vt 0.250000 0.666667
vt 0.250000 0.625000
vt 0.250000 0.583333
vt 0.250000 0.541667
vt 0.250000 0.500000
vt 0.250000 0.458333
vt 0.250000 0.416667
vt 0.250000 0.375000
vt 0.250000 0.333333
vt 0.250000 0.291667
vt 0.250000 0.250000
vt 0.250000 0.208333
vt 0.250000 0.166667
vt 0.250000 0.125000
vt 0.250000 0.083333
vt 0.250000 0.041667
vt 0.250000 0.000000
vt 0.208333 1.000000
vt 0.208333 0.958333
vt 0.208333 0.916667
vt 0.208333 0.875000
vt 0.208333 0.833333
vt 0.208333 0.791667
vt 0.208333 0.750000
vt 0.208333 0.708333
vt 0.208333 0.666667
vt 0.208333 0.625000
vt 0.208333 0.583333
vt 0.208333 0.541667
vt 0.208333 0.500000
vt 0.208333 0.458333
vt 0.208333 0.416667
vt 0.208333 0.375000
vt 0.208333 0.333333
vt 0.208333 0.291667
vt 0.208333 0.250000
vt 0.208333 0.208333
vt 0.208333 0.166667
vt 0.208333 0.125000
vt 0.208333 0.083333
vt 0.208333 0.041667
vt 0.208333 0.000000
vt 0.166667 1.000000
vt 0.166667 0.958333
vt 0.166667 0.916667
vt 0.166667 0.875000
vt 0.166667 0.833333
vt 0.166667 0.791667
vt 0.166667 0.750000
vt 0.166667 0.708333
vt 0.166667 0.666667
vt 0.166667 0.625000
vt 0.166667 0.583333
vt 0.166667 0.541667
vt 0.166667 0.500000
vt 0.166667 0.458333
vt 0.166667 0.416667
vt 0.166667 0.375000
vt 0.166667 0.333333
vt 0.166667 0.291667
vt 0.166667 0.250000
vt 0.166667 0.208333
vt 0.166667 0.166667
vt 0.166667 0.125000
vt 0.166667 0.083333
vt 0.166667 0.041667
vt 0.166667 0.000000
vt 0.125000 1.000000
vt 0.125000 0.958333
vt 0.125000 0.916667
vt 0.125000 0.875000
vt 0.125000 0.833333
vt 0.125000 0.791667
vt 0.125000 0.750000
vt 0.125000 0.708333
vt 0.125000 0.666667
vt 0.125000 0.625000
vt 0.125000 0.583333
vt 0.125000 0.541667
vt 0.125000 0.500000
vt 0.125000 0.458333
vt 0.125000 0.416667
vt 0.125000 0.375000
vt 0.125000 0.333333
vt 0.125000 0.291667
vt 0.125000 0.250000
vt 0.125000 0.208333
vt 0.125000 0.166667
vt 0.125000 0.125000
vt 0.125000 0.083333
vt 0.125000 0.041667
vt 0.125000 0.000000
vt 0.083333 1.000000
vt 0.083333 0.958333
vt 0.083333 0.916667
vt 0.083333 0.875000
vt 0.083333 0.833333
vt 0.083333 0.791667
vt 0.083333 0.750000
vt 0.083333 0.708333
vt 0.083333 0.666667
vt 0.083333 0.625000
vt 0.083333 0.583333
vt 0.083333 0.541667
vt 0.083333 0.500000
vt 0.083333 0.458333
vt 0.083333 0.416667
vt 0.083333 0.375000
vt 0.083333 0.333333
vt 0.083333 0.291667
vt 0.083333 0.250000
vt 0.083333 0.208333
vt 0.083333 0.166667
vt 0.083333 0.125000
vt 0.083333 0.083333
vt 0.083333 0.041667
vt 0.083333 0.000000
vt 0.041667 1.000000
vt 0.041667 0.958333
vt 0.041667 0.916667
vt 0.041667 0.875000
vt 0.041667 0.833333
vt 0.041667 0.791667
vt 0.041667 0.750000
vt 0.041667 0.708333
vt 0.041667 0.666667
vt 0.041667 0.625000
vt 0.041667 0.583333
vt 0.041667 0.541667
vt 0.041667 0.500000
vt 0.041667 0.458333
vt 0.041667 0.416667
vt 0.041667 0.375000
vt 0.041667 0.333333
vt 0.041667 0.291667
vt 0.041667 0.250000
vt 0.041667 0.208333
vt 0.041667 0.166667
vt 0.041667 0.125000
vt 0.041667 0.083333
vt 0.041667 0.041667
vt 0.041667 0.000000
vt 0.000000 1.000000
vt 0.000000 0.958333
vt 0.000000 0.916667
vt 0.000000 0.875000
vt 0.000000 0.833333
vt 0.000000 0.791667
vt 0.000000 0.750000
vt 0.000000 0.708333
vt 0.000000 0.666667
vt 0.000000 0.625000
vt 0.000000 0.583333
vt 0.000000 0.541667
vt 0.000000 0.500000
vt 0.000000 0.458333
vt 0.000000 0.416667
vt 0.000000 0.375000
vt 0.000000 0.333333
vt 0.000000 0.291667
vt 0.000000 0.250000
vt 0.000000 0.208333
vt 0.000000 0.166667
vt 0.000000 0.125000
vt 0.000000 0.083333
vt 0.000000 0.041667
vt 0.000000 0.000000
vn 1.000000 0.000000 0.000000
vn 0.965900 0.000000 0.259100
vn 0.459700 -0.879400 0.123400
vn 0.476100 -0.879400 -0.000000
vn 0.195000 -0.979400 0.052600
vn 0.201900 -0.979400 -0.000000
vn 0.106000 -0.993900 0.028700
vn 0.109800 -0.993900 0.000000
vn 0.056500 -0.998300 0.015300
vn 0.058500 -0.998300 0.000000
vn 0.020900 -0.999800 0.005700
vn 0.021600 -0.999800 0.000000
vn -0.008900 -1.000000 -0.002400
vn -0.009200 -1.000000 -0.000000
vn -0.038000 -0.999200 -0.010200
vn -0.039300 -0.999200 -0.000000
vn -0.070900 -0.997300 -0.018800
vn -0.073400 -0.997300 -0.000000
vn -0.115700 -0.992800 -0.030800
vn -0.119800 -0.992800 0.000000
vn -0.196000 -0.979200 -0.052100
vn -0.202800 -0.979200 -0.000000
vn -0.437400 -0.891600 -0.116800
vn -0.453000 -0.891500 -0.000000
vn -0.965900 -0.000000 -0.258900
vn -1.000000 0.000000 0.000000
vn -0.437400 0.891600 -0.116800
vn -0.453000 0.891500 0.000000
vn -0.196000 0.979200 -0.052100
vn -0.202800 0.979200 0.000000
vn -0.115700 0.992800 -0.030800
vn -0.119800 0.992800 -0.000000
vn -0.070900 0.997300 -0.018800
vn -0.073400 0.997300 -0.000000
vn -0.038000 0.999200 -0.010200
vn -0.039300 0.999200 0.000000
vn -0.008900 1.000000 -0.002400
vn -0.009200 1.000000 0.000000
vn 0.020900 0.999800 0.005700
vn 0.021600 0.999800 0.000000
vn 0.056500 0.998300 0.015300
vn 0.058500 0.998300 -0.000000
vn 0.106000 0.993900 0.028700
vn 0.109800 0.993900 -0.000000
vn 0.195000 0.979400 0.052600
vn 0.201900 0.979400 -0.000000
vn 0.459700 0.879400 0.123400
vn 0.476100 0.879400 -0.000000
vn 0.866100 0.000000 0.499800
vn 0.411400 -0.879900 0.237800
vn 0.174800 -0.979400 0.101300
vn 0.095000 -0.993900 0.055200
vn 0.050500 -0.998300 0.029400
vn 0.018800 -0.999800 0.010900
vn -0.008000 -1.000000 -0.004600
vn -0.034100 -0.999200 -0.019700
vn -0.063600 -0.997300 -0.036600
vn -0.103900 -0.992800 -0.059700
vn -0.175800 -0.979200 -0.101100
vn -0.392300 -0.891500 -0.226500
vn -0.865600 -0.000000 -0.500700
vn -0.392300 0.891500 -0.226500
vn -0.175800 0.979200 -0.101100
vn -0.103900 0.992800 -0.059700
vn -0.063600 0.997300 -0.036600
vn -0.034100 0.999200 -0.019700
vn -0.008000 1.000000 -0.004600
vn 0.018800 0.999800 0.010900
vn 0.050500 0.998300 0.029400
vn 0.094900 0.994000 0.055200
vn 0.174800 0.979400 0.101300
vn 0.411400 0.879900 0.237800
vn 0.707100 0.000000 0.707100
vn 0.335400 -0.880200 0.335700
vn 0.142600 -0.979400 0.143100
vn 0.077500 -0.994000 0.077900
vn 0.041300 -0.998300 0.041500
vn 0.015300 -0.999800 0.015400
vn -0.006500 -1.000000 -0.006500
vn -0.027800 -0.999200 -0.027800
vn -0.051900 -0.997300 -0.051700
vn -0.084900 -0.992800 -0.084500
vn -0.143500 -0.979300 -0.143000
vn -0.320600 -0.891500 -0.320200
vn -0.707100 0.000000 -0.707100
vn -0.320600 0.891500 -0.320200
vn -0.143600 0.979200 -0.143100
vn -0.084900 0.992800 -0.084500
vn -0.051900 0.997300 -0.051700
vn -0.027800 0.999200 -0.027800
vn -0.006500 1.000000 -0.006500
vn 0.015300 0.999800 0.015400
vn 0.041300 0.998300 0.041500
vn 0.077500 0.994000 0.077900
vn 0.142600 0.979400 0.143100
vn 0.335400 0.880200 0.335700
vn 0.499800 0.000000 0.866100
vn 0.237400 -0.879900 0.411700
vn 0.100800 -0.979400 0.175100
vn 0.054700 -0.994000 0.095200
vn 0.029100 -0.998300 0.050700
vn 0.010800 -0.999800 0.018800
vn -0.004600 -1.000000 -0.008000
vn -0.019700 -0.999200 -0.034100
vn -0.036800 -0.997300 -0.063400
vn -0.060200 -0.992800 -0.103600
vn -0.101700 -0.979200 -0.175400
vn -0.226900 -0.891500 -0.392100
vn -0.500700 0.000000 -0.865600
vn -0.226900 0.891500 -0.392100
vn -0.101700 0.979200 -0.175400
vn -0.060200 0.992800 -0.103600
vn -0.036800 0.997300 -0.063400
vn -0.019700 0.999200 -0.034100
vn -0.004600 1.000000 -0.008000
vn 0.010800 0.999800 0.018800
vn 0.029100 0.998300 0.050700
vn 0.054700 0.994000 0.095200
vn 0.100800 0.979400 0.175100
vn 0.237300 0.879900 0.411600
vn 0.259100 -0.000000 0.965900
vn 0.122900 -0.879500 0.459800
vn 0.051900 -0.979400 0.195200
vn 0.028200 -0.993900 0.106200
vn 0.015000 -0.998300 0.056500
vn 0.005600 -0.999800 0.021000
vn -0.002400 -1.000000 -0.008900
vn -0.010200 -0.999200 -0.038000
vn -0.019100 -0.997300 -0.070900
vn -0.031300 -0.992800 -0.115600
vn -0.052800 -0.979200 -0.195800
vn -0.117200 -0.891600 -0.437300
vn -0.259300 0.000000 -0.965800
vn -0.117200 0.891600 -0.437300
vn -0.052800 0.979200 -0.195800
vn -0.031300 0.992800 -0.115600
vn -0.019100 0.997300 -0.070900
vn -0.010200 0.999200 -0.038000
vn -0.002400 1.000000 -0.008900
vn 0.005600 0.999800 0.021000
vn 0.015000 0.998300 0.056500
vn 0.028200 0.993900 0.106200
vn 0.051900 0.979400 0.195200
vn 0.122900 0.879400 0.459900
vn -0.000000 -0.000000 1.000000
vn -0.000200 -0.879400 0.476100
vn -0.000300 -0.979400 0.201900
vn -0.000300 -0.993900 0.109800
vn -0.000200 -0.998300 0.058500
vn -0.000000 -0.999800 0.021600
vn 0.000000 -1.000000 -0.009200
vn -0.000000 -0.999200 -0.039300
vn -0.000100 -0.997300 -0.073300
vn -0.000300 -0.992800 -0.119800
vn -0.000300 -0.979200 -0.202800
vn -0.000200 -0.891500 -0.453000
vn 0.000000 0.000000 -1.000000
vn -0.000200 0.891500 -0.453000
vn -0.000300 0.979200 -0.202800
vn -0.000300 0.992800 -0.119800
vn -0.000100 0.997300 -0.073300
vn -0.000000 0.999200 -0.039300
vn 0.000000 1.000000 -0.009200
vn -0.000000 0.999800 0.021600
vn -0.000200 0.998300 0.058500
vn -0.000300 0.993900 0.109800
vn -0.000300 0.979400 0.201900
vn -0.000200 0.879400 0.476100
vn -0.259100 0.000000 0.965900
vn -0.123400 -0.879400 0.459700
vn -0.052600 -0.979400 0.195000
vn -0.028700 -0.993900 0.106000
vn -0.015300 -0.998300 0.056500
vn -0.005700 -0.999800 0.020900
vn 0.002400 -1.000000 -0.008900
vn 0.010200 -0.999200 -0.038000
vn 0.018800 -0.997300 -0.070900
vn 0.030800 -0.992800 -0.115700
vn 0.052100 -0.979200 -0.196000
vn 0.116800 -0.891600 -0.437400
vn 0.259300 0.000000 -0.965800
vn 0.116800 0.891600 -0.437400
vn 0.052100 0.979200 -0.195900
vn 0.030800 0.992800 -0.115700
vn 0.018800 0.997300 -0.070900
vn 0.010200 0.999200 -0.038000
vn 0.002400 1.000000 -0.008900
vn -0.005700 0.999800 0.020900
vn -0.015300 0.998300 0.056500
vn -0.028700 0.993900 0.106000
vn -0.052600 0.979400 0.195000
vn -0.123400 0.879400 0.459800
vn -0.499800 0.000000 0.866100
vn -0.237800 -0.879900 0.411400
vn -0.101300 -0.979400 0.174800
vn -0.055200 -0.994000 0.094900
vn -0.029400 -0.998300 0.050500
vn -0.010900 -0.999800 0.018800
vn 0.004600 -1.000000 -0.008000
vn 0.019700 -0.999200 -0.034100
vn 0.036600 -0.997300 -0.063600
vn 0.059700 -0.992800 -0.103900
vn 0.101100 -0.979200 -0.175800
vn 0.226400 -0.891500 -0.392300
vn 0.500700 -0.000000 -0.865600
vn 0.226400 0.891500 -0.392300
vn 0.101100 0.979200 -0.175800
vn 0.059700 0.992800 -0.103900
vn 0.036600 0.997300 -0.063600
vn 0.019700 0.999200 -0.034100
vn 0.004600 1.000000 -0.008000
vn -0.010900 0.999800 0.018800
vn -0.029400 0.998300 0.050500
vn -0.055200 0.994000 0.094900
vn -0.101300 0.979400 0.174800
vn -0.237800 0.879900 0.411400
vn -0.707100 0.000000 0.707100
vn -0.335700 -0.880200 0.335400
vn -0.143100 -0.979400 0.142600
vn -0.077900 -0.994000 0.077500
vn -0.041500 -0.998300 0.041300
vn -0.015400 -0.999800 0.015300
vn 0.006500 -1.000000 -0.006500
vn 0.027800 -0.999200 -0.027800
vn 0.051700 -0.997300 -0.051900
vn 0.084500 -0.992800 -0.084900
vn 0.143000 -0.979300 -0.143500
vn 0.320200 -0.891500 -0.320600
vn 0.707100 -0.000000 -0.707100
vn 0.320200 0.891500 -0.320600
vn 0.143000 0.979300 -0.143500
vn 0.084500 0.992800 -0.084900
vn 0.051700 0.997300 -0.051900
vn 0.027800 0.999200 -0.027800
vn 0.006500 1.000000 -0.006500
vn -0.015400 0.999800 0.015300
vn -0.041500 0.998300 0.041300
vn -0.077900 0.994000 0.077500
vn -0.143100 0.979400 0.142600
vn -0.335700 0.880200 0.335400
vn -0.866100 0.000000 0.499800
vn -0.411600 -0.879900 0.237300
vn -0.175100 -0.979400 0.100800
vn -0.095200 -0.994000 0.054700
vn -0.050700 -0.998300 0.029100
vn -0.018800 -0.999800 0.010800
vn 0.008000 -1.000000 -0.004600
vn 0.034100 -0.999200 -0.019700
vn 0.063400 -0.997300 -0.036800
vn 0.103600 -0.992800 -0.060200
vn 0.175400 -0.979200 -0.101700
vn 0.392100 -0.891500 -0.226900
vn 0.865600 -0.000000 -0.500700
vn 0.392100 0.891500 -0.226900
vn 0.175400 0.979200 -0.101700
vn 0.103600 0.992800 -0.060200
vn 0.063400 0.997300 -0.036800
vn 0.034100 0.999200 -0.019700
vn 0.008000 1.000000 -0.004600
vn -0.018800 0.999800 0.010800
vn -0.050700 0.998300 0.029100
vn -0.095200 0.994000 0.054700
vn -0.175100 0.979400 0.100800
vn -0.411700 0.879900 0.237400
vn -0.965900 0.000000 0.259100
vn -0.459800 -0.879500 0.122900
vn -0.195200 -0.979400 0.051900
vn -0.106200 -0.993900 0.028200
vn -0.056500 -0.998300 0.015000
vn -0.021000 -0.999800 0.005600
vn 0.008900 -1.000000 -0.002400
vn 0.038000 -0.999200 -0.010200
vn 0.070900 -0.997300 -0.019100
vn 0.115600 -0.992800 -0.031300
vn 0.195800 -0.979200 -0.052800
vn 0.437300 -0.891600 -0.117200
vn 0.965900 0.000000 -0.258900
vn 0.437300 0.891600 -0.117200
vn 0.195800 0.979200 -0.052800
vn 0.115600 0.992800 -0.031300
vn 0.070900 0.997300 -0.019100
vn 0.038000 0.999200 -0.010200
vn 0.008900 1.000000 -0.002400
vn -0.021000 0.999800 0.005600
vn -0.056500 0.998300 0.015000
vn -0.106200 0.993900 0.028200
vn -0.195200 0.979400 0.051900
vn -0.459900 0.879400 0.122900
vn -0.476100 -0.879400 -0.000200
vn -0.201900 -0.979400 -0.000300
vn -0.109900 -0.993900 -0.000300
vn -0.058500 -0.998300 -0.000200
vn -0.021600 -0.999800 -0.000000
vn 0.009200 -1.000000 0.000000
vn 0.039300 -0.999200 -0.000000
vn 0.073400 -0.997300 -0.000200
vn 0.119800 -0.992800 -0.000300
vn 0.202800 -0.979200 -0.000300
vn 0.453000 -0.891500 -0.000200
vn 0.453000 0.891500 -0.000200
vn 0.202800 0.979200 -0.000300
vn 0.119800 0.992800 -0.000300
vn 0.073400 0.997300 -0.000200
vn 0.039300 0.999200 -0.000000
vn 0.009200 1.000000 0.000000
vn -0.021600 0.999800 -0.000000
vn -0.058500 0.998300 -0.000200
vn -0.109900 0.993900 -0.000300
vn -0.201900 0.979400 -0.000300
vn -0.476100 0.879400 -0.000200
vn -0.965900 0.000000 -0.259100
vn -0.459700 -0.879500 -0.123400
vn -0.195000 -0.979400 -0.052600
vn -0.106000 -0.993900 -0.028700
vn -0.056400 -0.998300 -0.015300
vn -0.020900 -0.999800 -0.005700
vn 0.008900 -1.000000 0.002400
vn 0.038000 -0.999200 0.010200
vn 0.070900 -0.997300 0.018800
vn 0.115700 -0.992800 0.030800
vn 0.196000 -0.979200 0.052100
vn 0.437400 -0.891600 0.116800
vn 0.965900 -0.000000 0.258900
vn 0.437400 0.891600 0.116800
vn 0.196000 0.979200 0.052100
vn 0.115700 0.992800 0.030800
vn 0.070900 0.997300 0.018800
vn 0.038000 0.999200 0.010200
vn 0.008900 1.000000 0.002400
vn -0.020900 0.999800 -0.005700
vn -0.056500 0.998300 -0.015300
vn -0.106000 0.993900 -0.028700
vn -0.195000 0.979400 -0.052600
vn -0.459700 0.879500 -0.123400
vn -0.866100 0.000000 -0.499800
vn -0.411400 -0.879900 -0.237800
vn -0.174800 -0.979400 -0.101300
vn -0.095000 -0.993900 -0.055200
vn -0.050500 -0.998300 -0.029400
vn -0.018800 -0.999800 -0.010900
vn 0.008000 -1.000000 0.004600
vn 0.034100 -0.999200 0.019700
vn 0.063600 -0.997300 0.036600
vn 0.103900 -0.992800 0.059700
vn 0.175800 -0.979200 0.101100
vn 0.392300 -0.891500 0.226500
vn 0.865600 -0.000000 0.500700
vn 0.392300 0.891500 0.226500
vn 0.175800 0.979200 0.101100
vn 0.103900 0.992800 0.059700
vn 0.063600 0.997300 0.036600
vn 0.034100 0.999200 0.019700
vn 0.008000 1.000000 0.004600
vn -0.018800 0.999800 -0.010900
vn -0.050500 0.998300 -0.029400
vn -0.094900 0.994000 -0.055200
vn -0.174800 0.979400 -0.101300
vn -0.411400 0.879900 -0.237800
vn -0.335400 -0.880200 -0.335700
vn -0.142600 -0.979400 -0.143100
vn -0.077500 -0.994000 -0.077900
vn -0.041300 -0.998300 -0.041500
vn -0.015300 -0.999800 -0.015400
vn 0.006500 -1.000000 0.006500
vn 0.027800 -0.999200 0.027800
vn 0.051900 -0.997300 0.051700
vn 0.084900 -0.992800 0.084500
vn 0.143500 -0.979300 0.143000
vn 0.320600 -0.891500 0.320200
vn 0.320600 0.891500 0.320200
vn 0.143600 0.979200 0.143100
vn 0.084900 0.992800 0.084500
vn 0.051900 0.997300 0.051700
vn 0.027800 0.999200 0.027800
vn 0.006500 1.000000 0.006500
vn -0.015300 0.999800 -0.015400
vn -0.041300 0.998300 -0.041500
vn -0.077500 0.994000 -0.077900
vn -0.142600 0.979400 -0.143100
vn -0.335400 0.880200 -0.335700
vn -0.499800 0.000000 -0.866100
vn -0.237400 -0.879900 -0.411700
vn -0.100800 -0.979400 -0.175100
vn -0.054700 -0.994000 -0.095200
vn -0.029100 -0.998300 -0.050700
vn -0.010800 -0.999800 -0.018800
vn 0.004600 -1.000000 0.008000
vn 0.019700 -0.999200 0.034100
vn 0.036800 -0.997300 0.063400
vn 0.060200 -0.992800 0.103600
vn 0.101700 -0.979200 0.175400
vn 0.226900 -0.891500 0.392000
vn 0.500700 -0.000000 0.865600
vn 0.226900 0.891500 0.392000
vn 0.101700 0.979200 0.175400
vn 0.060200 0.992800 0.103600
vn 0.036800 0.997300 0.063400
vn 0.019700 0.999200 0.034100
vn 0.004600 1.000000 0.008000
vn -0.010800 0.999800 -0.018800
vn -0.029100 0.998300 -0.050700
vn -0.054700 0.994000 -0.095200
vn -0.100800 0.979400 -0.175100
vn -0.237300 0.879900 -0.411600
vn -0.259100 0.000000 -0.965900
vn -0.122900 -0.879500 -0.459800
vn -0.051900 -0.979400 -0.195200
vn -0.028200 -0.993900 -0.106200
vn -0.015000 -0.998300 -0.056500
vn -0.005600 -0.999800 -0.021000
vn 0.002400 -1.000000 0.008900
vn 0.010200 -0.999200 0.038000
vn 0.019100 -0.997300 0.070900
vn 0.031300 -0.992800 0.115600
vn 0.052800 -0.979200 0.195800
vn 0.117200 -0.891600 0.437300
vn 0.259300 0.000000 0.965800
vn 0.117200 0.891600 0.437300
vn 0.052800 0.979200 0.195800
vn 0.031300 0.992800 0.115600
vn 0.019100 0.997300 0.070900
vn 0.010200 0.999200 0.038000
vn 0.002400 1.000000 0.008900
vn -0.005600 0.999800 -0.021000
vn -0.015000 0.998300 -0.056500
vn -0.028200 0.993900 -0.106200
vn -0.051900 0.979400 -0.195200
vn -0.122900 0.879400 -0.459900
vn 0.000200 -0.879400 -0.476100
vn 0.000300 -0.979400 -0.201900
vn 0.000300 -0.993900 -0.109800
vn 0.000200 -0.998300 -0.058500
vn 0.000000 -0.999800 -0.021600
vn -0.000000 -1.000000 0.009200
vn 0.000000 -0.999200 0.039300
vn 0.000100 -0.997300 0.073300
vn 0.000300 -0.992800 0.119800
vn 0.000300 -0.979200 0.202800
vn 0.000200 -0.891500 0.453000
vn 0.000200 0.891500 0.453000
vn 0.000300 0.979200 0.202800
vn 0.000300 0.992800 0.119800
vn 0.000100 0.997300 0.073300
vn 0.000000 0.999200 0.039300
vn -0.000000 1.000000 0.009200
vn 0.000000 0.999800 -0.021600
vn 0.000200 0.998300 -0.058500
vn 0.000300 0.993900 -0.109800
vn 0.000300 0.979400 -0.201900
vn 0.000200 0.879400 -0.476100
vn 0.259100 0.000000 -0.965900
vn 0.123400 -0.879400 -0.459700
vn 0.052600 -0.979400 -0.195000
vn 0.028700 -0.993900 -0.106000
vn 0.015300 -0.998300 -0.056500
vn 0.005700 -0.999800 -0.020900
vn -0.002400 -1.000000 0.008900
vn -0.010200 -0.999200 0.038000
vn -0.018800 -0.997300 0.070900
vn -0.030800 -0.992800 0.115700
vn -0.052100 -0.979200 0.196000
vn -0.116800 -0.891600 0.437400
vn -0.259300 -0.000000 0.965800
vn -0.116800 0.891600 0.437400
vn -0.052100 0.979200 0.195900
vn -0.030800 0.992800 0.115700
vn -0.018800 0.997300 0.070900
vn -0.010200 0.999200 0.038000
vn -0.002400 1.000000 0.008900
vn 0.005700 0.999800 -0.020900
vn 0.015300 0.998300 -0.056500
vn 0.028700 0.993900 -0.106000
vn 0.052600 0.979400 -0.195000
vn 0.123400 0.879400 -0.459800
vn 0.499800 0.000000 -0.866100
vn 0.237800 -0.879900 -0.411400
vn 0.101300 -0.979400 -0.174800
vn 0.055200 -0.994000 -0.094900
vn 0.029400 -0.998300 -0.050500
vn 0.010900 -0.999800 -0.018800
vn -0.004600 -1.000000 0.008000
vn -0.019700 -0.999200 0.034100
vn -0.036600 -0.997300 0.063600
vn -0.059700 -0.992800 0.103900
vn -0.101100 -0.979200 0.175800
vn -0.226400 -0.891500 0.392300
vn -0.500700 -0.000000 0.865600
vn -0.226400 0.891500 0.392300
vn -0.101100 0.979200 0.175800
vn -0.059700 0.992800 0.103900
vn -0.036600 0.997300 0.063600
vn -0.019700 0.999200 0.034100
vn -0.004600 1.000000 0.008000
vn 0.010900 0.999800 -0.018800
vn 0.029400 0.998300 -0.050500
vn 0.055200 0.994000 -0.094900
vn 0.101300 0.979400 -0.174800
vn 0.237800 0.879900 -0.411400
vn 0.335700 -0.880200 -0.335400
vn 0.143100 -0.979400 -0.142600
vn 0.077900 -0.994000 -0.077500
vn 0.041500 -0.998300 -0.041300
vn 0.015400 -0.999800 -0.015300
vn -0.006500 -1.000000 0.006500
vn -0.027800 -0.999200 0.027800
vn -0.051700 -0.997300 0.051900
vn -0.084500 -0.992800 0.084900
vn -0.143000 -0.979300 0.143500
vn -0.320200 -0.891500 0.320600
vn -0.320200 0.891500 0.320600
vn -0.143000 0.979300 0.143500
vn -0.084500 0.992800 0.084900
vn -0.051700 0.997300 0.051900
vn -0.027800 0.999200 0.027800
vn -0.006500 1.000000 0.006500
vn 0.015400 0.999800 -0.015300
vn 0.041500 0.998300 -0.041300
vn 0.077900 0.994000 -0.077500
vn 0.143100 0.979400 -0.142600
vn 0.335700 0.880200 -0.335400
vn 0.866100 0.000000 -0.499800
vn 0.411600 -0.879900 -0.237300
vn 0.175100 -0.979400 -0.100800
vn 0.095200 -0.994000 -0.054700
vn 0.050700 -0.998300 -0.029100
vn 0.018800 -0.999800 -0.010800
vn -0.008000 -1.000000 0.004600
vn -0.034100 -0.999200 0.019700
vn -0.063400 -0.997300 0.036800
vn -0.103600 -0.992800 0.060200
vn -0.175400 -0.979200 0.101700
vn -0.392100 -0.891500 0.226900
vn -0.865600 0.000000 0.500700
vn -0.392100 0.891500 0.226900
vn -0.175400 0.979200 0.101700
vn -0.103600 0.992800 0.060200
vn -0.063400 0.997300 0.036800
vn -0.034100 0.999200 0.019700
vn -0.008000 1.000000 0.004600
vn 0.018800 0.999800 -0.010800
vn 0.050700 0.998300 -0.029100
vn 0.095200 0.994000 -0.054700
vn 0.175100 0.979400 -0.100800
vn 0.411700 0.879900 -0.237400
vn 0.965900 0.000000 -0.259100
vn 0.459800 -0.879500 -0.122900
vn 0.195200 -0.979400 -0.051900
vn 0.106200 -0.993900 -0.028200
vn 0.056500 -0.998300 -0.015000
vn 0.021000 -0.999800 -0.005600
vn -0.008900 -1.000000 0.002400
vn -0.038000 -0.999200 0.010200
vn -0.070900 -0.997300 0.019100
vn -0.115600 -0.992800 0.031300
vn -0.195800 -0.979200 0.052800
vn -0.437300 -0.891600 0.117200
vn -0.965900 0.000000 0.258900
vn -0.437300 0.891600 0.117200
vn -0.195800 0.979200 0.052800
vn -0.115600 0.992800 0.031300
vn -0.070900 0.997300 0.019100
vn -0.038000 0.999200 0.010200
vn -0.008900 1.000000 0.002400
vn 0.021000 0.999800 -0.005600
vn 0.056500 0.998300 -0.015000
vn 0.106200 0.993900 -0.028200
vn 0.195200 0.979400 -0.051900
vn 0.459900 0.879400 -0.122900
usemtl Physical3
s 1
f 1109/1247/1109 1133/1248/1110 1134/1249/1111 1110/1250/1112
f 1110/1250/1112 1134/1249/1111 1135/1251/1113 1111/1252/1114
f 1111/1252/1114 1135/1251/1113 1136/1253/1115 1112/1254/1116
f 1112/1254/1116 1136/1253/1115 1137/1255/1117 1113/1256/1118
f 1113/1256/1118 1137/1255/1117 1138/1257/1119 1114/1258/1120
f 1114/1258/1120 1138/1257/1119 1139/1259/1121 1115/1260/1122
f 1115/1260/1122 1139/1259/1121 1140/1261/1123 1116/1262/1124
f 1116/1262/1124 1140/1261/1123 1141/1263/1125 1117/1264/1126
f 1117/1264/1126 1141/1263/1125 1142/1265/1127 1118/1266/1128
f 1118/1266/1128 1142/1265/1127 1143/1267/1129 1119/1268/1130
f 1119/1268/1130 1143/1267/1129 1144/1269/1131 1120/1270/1132
f 1120/1270/1132 1144/1269/1131 1145/1271/1133 1121/1272/1134
f 1121/1272/1134 1145/1271/1133 1146/1273/1135 1122/1274/1136
f 1122/1274/1136 1146/1273/1135 1147/1275/1137 1123/1276/1138
f 1123/1276/1138 1147/1275/1137 1148/1277/1139 1124/1278/1140
f 1124/1278/1140 1148/1277/1139 1149/1279/1141 1125/1280/1142
f 1125/1280/1142 1149/1279/1141 1150/1281/1143 1126/1282/1144
f 1126/1282/1144 1150/1281/1143 1151/1283/1145 1127/1284/1146
f 1127/1284/1146 1151/1283/1145 1152/1285/1147 1128/1286/1148
f 1128/1286/1148 1152/1285/1147 1153/1287/1149 1129/1288/1150
f 1129/1288/1150 1153/1287/1149 1154/1289/1151 1130/1290/1152
f 1130/1290/1152 1154/1289/1151 1155/1291/1153 1131/1292/1154
f 1131/1292/1154 1155/1291/1153 1156/1293/1155 1132/1294/1156
f 1132/1294/1156 1156/1293/1155 1133/1295/1110 1109/1296/1109
f 1133/1248/1110 1157/1297/1157 1158/1298/1158 1134/1249/1111
f 1134/1249/1111 1158/1298/1158 1159/1299/1159 1135/1251/1113
f 1135/1251/1113 1159/1299/1159 1160/1300/1160 1136/1253/1115
f 1136/1253/1115 1160/1300/1160 1161/1301/1161 1137/1255/1117
f 1137/1255/1117 1161/1301/1161 1162/1302/1162 1138/1257/1119
f 1138/1257/1119 1162/1302/1162 1163/1303/1163 1139/1259/1121
f 1139/1259/1121 1163/1303/1163 1164/1304/1164 1140/1261/1123
f 1140/1261/1123 1164/1304/1164 1165/1305/1165 1141/1263/1125
f 1141/1263/1125 1165/1305/1165 1166/1306/1166 1142/1265/1127
f 1142/1265/1127 1166/1306/1166 1167/1307/1167 1143/1267/1129
f 1143/1267/1129 1167/1307/1167 1168/1308/1168 1144/1269/1131
f 1144/1269/1131 1168/1308/1168 1169/1309/1169 1145/1271/1133
f 1145/1271/1133 1169/1309/1169 1170/1310/1170 1146/1273/1135
f 1146/1273/1135 1170/1310/1170 1171/1311/1171 1147/1275/1137
f 1147/1275/1137 1171/1311/1171 1172/1312/1172 1148/1277/1139
f 1148/1277/1139 1172/1312/1172 1173/1313/1173 1149/1279/1141
f 1149/1279/1141 1173/1313/1173 1174/1314/1174 1150/1281/1143
f 1150/1281/1143 1174/1314/1174 1175/1315/1175 1151/1283/1145
f 1151/1283/1145 1175/1315/1175 1176/1316/1176 1152/1285/1147
f 1152/1285/1147 1176/1316/1176 1177/1317/1177 1153/1287/1149
f 1153/1287/1149 1177/1317/1177 1178/1318/1178 1154/1289/1151
f 1154/1289/1151 1178/1318/1178 1179/1319/1179 1155/1291/1153
f 1155/1291/1153 1179/1319/1179 1180/1320/1180 1156/1293/1155
f 1156/1293/1155 1180/1320/1180 1157/1321/1157 1133/1295/1110
f 1157/1297/1157 1181/1322/1181 1182/1323/1182 1158/1298/1158
f 1158/1298/1158 1182/1323/1182 1183/1324/1183 1159/1299/1159
f 1159/1299/1159 1183/1324/1183 1184/1325/1184 1160/1300/1160
f 1160/1300/1160 1184/1325/1184 1185/1326/1185 1161/1301/1161
f 1161/1301/1161 1185/1326/1185 1186/1327/1186 1162/1302/1162
f 1162/1302/1162 1186/1327/1186 1187/1328/1187 1163/1303/1163
f 1163/1303/1163 1187/1328/1187 1188/1329/1188 1164/1304/1164
f 1164/1304/1164 1188/1329/1188 1189/1330/1189 1165/1305/1165
f 1165/1305/1165 1189/1330/1189 1190/1331/1190 1166/1306/1166
f 1166/1306/1166 1190/1331/1190 1191/1332/1191 1167/1307/1167
f 1167/1307/1167 1191/1332/1191 1192/1333/1192 1168/1308/1168
f 1168/1308/1168 1192/1333/1192 1193/1334/1193 1169/1309/1169
f 1169/1309/1169 1193/1334/1193 1194/1335/1194 1170/1310/1170
f 1170/1310/1170 1194/1335/1194 1195/1336/1195 1171/1311/1171
f 1171/1311/1171 1195/1336/1195 1196/1337/1196 1172/1312/1172
f 1172/1312/1172 1196/1337/1196 1197/1338/1197 1173/1313/1173
f 1173/1313/1173 1197/1338/1197 1198/1339/1198 1174/1314/1174
f 1174/1314/1174 1198/1339/1198 1199/1340/1199 1175/1315/1175
f 1175/1315/1175 1199/1340/1199 1200/1341/1200 1176/1316/1176
f 1176/1316/1176 1200/1341/1200 1201/1342/1201 1177/1317/1177
f 1177/1317/1177 1201/1342/1201 1202/1343/1202 1178/1318/1178
f 1178/1318/1178 1202/1343/1202 1203/1344/1203 1179/1319/1179
f 1179/1319/1179 1203/1344/1203 1204/1345/1204 1180/1320/1180
f 1180/1320/1180 1204/1345/1204 1181/1346/1181 1157/1321/1157
f 1181/1322/1181 1205/1347/1205 1206/1348/1206 1182/1323/1182
f 1182/1323/1182 1206/1348/1206 1207/1349/1207 1183/1324/1183
f 1183/1324/1183 1207/1349/1207 1208/1350/1208 1184/1325/1184
f 1184/1325/1184 1208/1350/1208 1209/1351/1209 1185/1326/1185
f 1185/1326/1185 1209/1351/1209 1210/1352/1210 1186/1327/1186
f 1186/1327/1186 1210/1352/1210 1211/1353/1211 1187/1328/1187
f 1187/1328/1187 1211/1353/1211 1212/1354/1212 1188/1329/1188
f 1188/1329/1188 1212/1354/1212 1213/1355/1213 1189/1330/1189
f 1189/1330/1189 1213/1355/1213 1214/1356/1214 1190/1331/1190
f 1190/1331/1190 1214/1356/1214 1215/1357/1215 1191/1332/1191
f 1191/1332/1191 1215/1357/1215 1216/1358/1216 1192/1333/1192
f 1192/1333/1192 1216/1358/1216 1217/1359/1217 1193/1334/1193
f 1193/1334/1193 1217/1359/1217 1218/1360/1218 1194/1335/1194
f 1194/1335/1194 1218/1360/1218 1219/1361/1219 1195/1336/1195
f 1195/1336/1195 1219/1361/1219 1220/1362/1220 1196/1337/1196
f 1196/1337/1196 1220/1362/1220 1221/1363/1221 1197/1338/1197
f 1197/1338/1197 1221/1363/1221 1222/1364/1222 1198/1339/1198
f 1198/1339/1198 1222/1364/1222 1223/1365/1223 1199/1340/1199
f 1199/1340/1199 1223/1365/1223 1224/1366/1224 1200/1341/1200
f 1200/1341/1200 1224/1366/1224 1225/1367/1225 1201/1342/1201
f 1201/1342/1201 1225/1367/1225 1226/1368/1226 1202/1343/1202
f 1202/1343/1202 1226/1368/1226 1227/1369/1227 1203/1344/1203
f 1203/1344/1203 1227/1369/1227 1228/1370/1228 1204/1345/1204
f 1204/1345/1204 1228/1370/1228 1205/1371/1205 1181/1346/1181
f 1205/1347/1205 1229/1372/1229 1230/1373/1230 1206/1348/1206
f 1206/1348/1206 1230/1373/1230 1231/1374/1231 1207/1349/1207
f 1207/1349/1207 1231/1374/1231 1232/1375/1232 1208/1350/1208
f 1208/1350/1208 1232/1375/1232 1233/1376/1233 1209/1351/1209
f 1209/1351/1209 1233/1376/1233 1234/1377/1234 1210/1352/1210
f 1210/1352/1210 1234/1377/1234 1235/1378/1235 1211/1353/1211
f 1211/1353/1211 1235/1378/1235 1236/1379/1236 1212/1354/1212
f 1212/1354/1212 1236/1379/1236 1237/1380/1237 1213/1355/1213
f 1213/1355/1213 1237/1380/1237 1238/1381/1238 1214/1356/1214
f 1214/1356/1214 1238/1381/1238 1239/1382/1239 1215/1357/1215
f 1215/1357/1215 1239/1382/1239 1240/1383/1240 1216/1358/1216
f 1216/1358/1216 1240/1383/1240 1241/1384/1241 1217/1359/1217
f 1217/1359/1217 1241/1384/1241 1242/1385/1242 1218/1360/1218
f 1218/1360/1218 1242/1385/1242 1243/1386/1243 1219/1361/1219
f 1219/1361/1219 1243/1386/1243 1244/1387/1244 1220/1362/1220
f 1220/1362/1220 1244/1387/1244 1245/1388/1245 1221/1363/1221
f 1221/1363/1221 1245/1388/1245 1246/1389/1246 1222/1364/1222
f 1222/1364/1222 1246/1389/1246 1247/1390/1247 1223/1365/1223
f 1223/1365/1223 1247/1390/1247 1248/1391/1248 1224/1366/1224
f 1224/1366/1224 1248/1391/1248 1249/1392/1249 1225/1367/1225
f 1225/1367/1225 1249/1392/1249 1250/1393/1250 1226/1368/1226
f 1226/1368/1226 1250/1393/1250 1251/1394/1251 1227/1369/1227
f 1227/1369/1227 1251/1394/1251 1252/1395/1252 1228/1370/1228
f 1228/1370/1228 1252/1395/1252 1229/1396/1229 1205/1371/1205
f 1229/1372/1229 1253/1397/1253 1254/1398/1254 1230/1373/1230
f 1230/1373/1230 1254/1398/1254 1255/1399/1255 1231/1374/1231
f 1231/1374/1231 1255/1399/1255 1256/1400/1256 1232/1375/1232
f 1232/1375/1232 1256/1400/1256 1257/1401/1257 1233/1376/1233
f 1233/1376/1233 1257/1401/1257 1258/1402/1258 1234/1377/1234
f 1234/1377/1234 1258/1402/1258 1259/1403/1259 1235/1378/1235
f 1235/1378/1235 1259/1403/1259 1260/1404/1260 1236/1379/1236
f 1236/1379/1236 1260/1404/1260 1261/1405/1261 1237/1380/1237
f 1237/1380/1237 1261/1405/1261 1262/1406/1262 1238/1381/1238
f 1238/1381/1238 1262/1406/1262 1263/1407/1263 1239/1382/1239
f 1239/1382/1239 1263/1407/1263 1264/1408/1264 1240/1383/1240
f 1240/1383/1240 1264/1408/1264 1265/1409/1265 1241/1384/1241
f 1241/1384/1241 1265/1409/1265 1266/1410/1266 1242/1385/1242
f 1242/1385/1242 1266/1410/1266 1267/1411/1267 1243/1386/1243
f 1243/1386/1243 1267/1411/1267 1268/1412/1268 1244/1387/1244
f 1244/1387/1244 1268/1412/1268 1269/1413/1269 1245/1388/1245
f 1245/1388/1245 1269/1413/1269 1270/1414/1270 1246/1389/1246
f 1246/1389/1246 1270/1414/1270 1271/1415/1271 1247/1390/1247
f 1247/1390/1247 1271/1415/1271 1272/1416/1272 1248/1391/1248
f 1248/1391/1248 1272/1416/1272 1273/1417/1273 1249/1392/1249
f 1249/1392/1249 1273/1417/1273 1274/1418/1274 1250/1393/1250
f 1250/1393/1250 1274/1418/1274 1275/1419/1275 1251/1394/1251
f 1251/1394/1251 1275/1419/1275 1276/1420/1276 1252/1395/1252
f 1252/1395/1252 1276/1420/1276 1253/1421/1253 1229/1396/1229
f 1253/1397/1253 1277/1422/1277 1278/1423/1278 1254/1398/1254
f 1254/1398/1254 1278/1423/1278 1279/1424/1279 1255/1399/1255
f 1255/1399/1255 1279/1424/1279 1280/1425/1280 1256/1400/1256
f 1256/1400/1256 1280/1425/1280 1281/1426/1281 1257/1401/1257
f 1257/1401/1257 1281/1426/1281 1282/1427/1282 1258/1402/1258
f 1258/1402/1258 1282/1427/1282 1283/1428/1283 1259/1403/1259
f 1259/1403/1259 1283/1428/1283 1284/1429/1284 1260/1404/1260
f 1260/1404/1260 1284/1429/1284 1285/1430/1285 1261/1405/1261
f 1261/1405/1261 1285/1430/1285 1286/1431/1286 1262/1406/1262
f 1262/1406/1262 1286/1431/1286 1287/1432/1287 1263/1407/1263
f 1263/1407/1263 1287/1432/1287 1288/1433/1288 1264/1408/1264
f 1264/1408/1264 1288/1433/1288 1289/1434/1289 1265/1409/1265
f 1265/1409/1265 1289/1434/1289 1290/1435/1290 1266/1410/1266
f 1266/1410/1266 1290/1435/1290 1291/1436/1291 1267/1411/1267
f 1267/1411/1267 1291/1436/1291 1292/1437/1292 1268/1412/1268
f 1268/1412/1268 1292/1437/1292 1293/1438/1293 1269/1413/1269
f 1269/1413/1269 1293/1438/1293 1294/1439/1294 1270/1414/1270
f 1270/1414/1270 1294/1439/1294 1295/1440/1295 1271/1415/1271
f 1271/1415/1271 1295/1440/1295 1296/1441/1296 1272/1416/1272
f 1272/1416/1272 1296/1441/1296 1297/1442/1297 1273/1417/1273
f 1273/1417/1273 1297/1442/1297 1298/1443/1298 1274/1418/1274
f 1274/1418/1274 1298/1443/1298 1299/1444/1299 1275/1419/1275
f 1275/1419/1275 1299/1444/1299 1300/1445/1300 1276/1420/1276
f 1276/1420/1276 1300/1445/1300 1277/1446/1277 1253/1421/1253
f 1277/1422/1277 1301/1447/1301 1302/1448/1302 1278/1423/1278
f 1278/1423/1278 1302/1448/1302 1303/1449/1303 1279/1424/1279
f 1279/1424/1279 1303/1449/1303 1304/1450/1304 1280/1425/1280
f 1280/1425/1280 1304/1450/1304 1305/1451/1305 1281/1426/1281
f 1281/1426/1281 1305/1451/1305 1306/1452/1306 1282/1427/1282
f 1282/1427/1282 1306/1452/1306 1307/1453/1307 1283/1428/1283
f 1283/1428/1283 1307/1453/1307 1308/1454/1308 1284/1429/1284
f 1284/1429/1284 1308/1454/1308 1309/1455/1309 1285/1430/1285
f 1285/1430/1285 1309/1455/1309 1310/1456/1310 1286/1431/1286
f 1286/1431/1286 1310/1456/1310 1311/1457/1311 1287/1432/1287
f 1287/1432/1287 1311/1457/1311 1312/1458/1312 1288/1433/1288
f 1288/1433/1288 1312/1458/1312 1313/1459/1313 1289/1434/1289
f 1289/1434/1289 1313/1459/1313 1314/1460/1314 1290/1435/1290
f 1290/1435/1290 1314/1460/1314 1315/1461/1315 1291/1436/1291
f 1291/1436/1291 1315/1461/1315 1316/1462/1316 1292/1437/1292
f 1292/1437/1292 1316/1462/1316 1317/1463/1317 1293/1438/1293
f 1293/1438/1293 1317/1463/1317 1318/1464/1318 1294/1439/1294
f 1294/1439/1294 1318/1464/1318 1319/1465/1319 1295/1440/1295
f 1295/1440/1295 1319/1465/1319 1320/1466/1320 1296/1441/1296
f 1296/1441/1296 1320/1466/1320 1321/1467/1321 1297/1442/1297
f 1297/1442/1297 1321/1467/1321 1322/1468/1322 1298/1443/1298
f 1298/1443/1298 1322/1468/1322 1323/1469/1323 1299/1444/1299
f 1299/1444/1299 1323/1469/1323 1324/1470/1324 1300/1445/1300
f 1300/1445/1300 1324/1470/1324 1301/1471/1301 1277/1446/1277
f 1301/1447/1301 1325/1472/1325 1326/1473/1326 1302/1448/1302
f 1302/1448/1302 1326/1473/1326 1327/1474/1327 1303/1449/1303
f 1303/1449/1303 1327/1474/1327 1328/1475/1328 1304/1450/1304
f 1304/1450/1304 1328/1475/1328 1329/1476/1329 1305/1451/1305
f 1305/1451/1305 1329/1476/1329 1330/1477/1330 1306/1452/1306
f 1306/1452/1306 1330/1477/1330 1331/1478/1331 1307/1453/1307
f 1307/1453/1307 1331/1478/1331 1332/1479/1332 1308/1454/1308
f 1308/1454/1308 1332/1479/1332 1333/1480/1333 1309/1455/1309
f 1309/1455/1309 1333/1480/1333 1334/1481/1334 1310/1456/1310
f 1310/1456/1310 1334/1481/1334 1335/1482/1335 1311/1457/1311
f 1311/1457/1311 1335/1482/1335 1336/1483/1336 1312/1458/1312
f 1312/1458/1312 1336/1483/1336 1337/1484/1337 1313/1459/1313
f 1313/1459/1313 1337/1484/1337 1338/1485/1338 1314/1460/1314
f 1314/1460/1314 1338/1485/1338 1339/1486/1339 1315/1461/1315
f 1315/1461/1315 1339/1486/1339 1340/1487/1340 1316/1462/1316
f 1316/1462/1316 1340/1487/1340 1341/1488/1341 1317/1463/1317
f 1317/1463/1317 1341/1488/1341 1342/1489/1342 1318/1464/1318
f 1318/1464/1318 1342/1489/1342 1343/1490/1343 1319/1465/1319
f 1319/1465/1319 1343/1490/1343 1344/1491/1344 1320/1466/1320
f 1320/1466/1320 1344/1491/1344 1345/1492/1345 1321/1467/1321
f 1321/1467/1321 1345/1492/1345 1346/1493/1346 1322/1468/1322
f 1322/1468/1322 1346/1493/1346 1347/1494/1347 1323/1469/1323
f 1323/1469/1323 1347/1494/1347 1348/1495/1348 1324/1470/1324
f 1324/1470/1324 1348/1495/1348 1325/1496/1325 1301/1471/1301
f 1325/1472/1325 1349/1497/1349 1350/1498/1350 1326/1473/1326
f 1326/1473/1326 1350/1498/1350 1351/1499/1351 1327/1474/1327
f 1327/1474/1327 1351/1499/1351 1352/1500/1352 1328/1475/1328
f 1328/1475/1328 1352/1500/1352 1353/1501/1353 1329/1476/1329
f 1329/1476/1329 1353/1501/1353 1354/1502/1354 1330/1477/1330
f 1330/1477/1330 1354/1502/1354 1355/1503/1355 1331/1478/1331
f 1331/1478/1331 1355/1503/1355 1356/1504/1356 1332/1479/1332
f 1332/1479/1332 1356/1504/1356 1357/1505/1357 1333/1480/1333
f 1333/1480/1333 1357/1505/1357 1358/1506/1358 1334/1481/1334
f 1334/1481/1334 1358/1506/1358 1359/1507/1359 1335/1482/1335
f 1335/1482/1335 1359/1507/1359 1360/1508/1360 1336/1483/1336
f 1336/1483/1336 1360/1508/1360 1361/1509/1361 1337/1484/1337
f 1337/1484/1337 1361/1509/1361 1362/1510/1362 1338/1485/1338
f 1338/1485/1338 1362/1510/1362 1363/1511/1363 1339/1486/1339
f 1339/1486/1339 1363/1511/1363 1364/1512/1364 1340/1487/1340
f 1340/1487/1340 1364/1512/1364 1365/1513/1365 1341/1488/1341
f 1341/1488/1341 1365/1513/1365 1366/1514/1366 1342/1489/1342
f 1342/1489/1342 1366/1514/1366 1367/1515/1367 1343/1490/1343
f 1343/1490/1343 1367/1515/1367 1368/1516/1368 1344/1491/1344
f 1344/1491/1344 1368/1516/1368 1369/1517/1369 1345/1492/1345
f 1345/1492/1345 1369/1517/1369 1370/1518/1370 1346/1493/1346
f 1346/1493/1346 1370/1518/1370 1371/1519/1371 1347/1494/1347
f 1347/1494/1347 1371/1519/1371 1372/1520/1372 1348/1495/1348
f 1348/1495/1348 1372/1520/1372 1349/1521/1349 1325/1496/1325
f 1349/1497/1349 1373/1522/1373 1374/1523/1374 1350/1498/1350
f 1350/1498/1350 1374/1523/1374 1375/1524/1375 1351/1499/1351
f 1351/1499/1351 1375/1524/1375 1376/1525/1376 1352/1500/1352
f 1352/1500/1352 1376/1525/1376 1377/1526/1377 1353/1501/1353
f 1353/1501/1353 1377/1526/1377 1378/1527/1378 1354/1502/1354
f 1354/1502/1354 1378/1527/1378 1379/1528/1379 1355/1503/1355
f 1355/1503/1355 1379/1528/1379 1380/1529/1380 1356/1504/1356
f 1356/1504/1356 1380/1529/1380 1381/1530/1381 1357/1505/1357
f 1357/1505/1357 1381/1530/1381 1382/1531/1382 1358/1506/1358
f 1358/1506/1358 1382/1531/1382 1383/1532/1383 1359/1507/1359
f 1359/1507/1359 1383/1532/1383 1384/1533/1384 1360/1508/1360
f 1360/1508/1360 1384/1533/1384 1385/1534/1385 1361/1509/1361
f 1361/1509/1361 1385/1534/1385 1386/1535/1386 1362/1510/1362
f 1362/1510/1362 1386/1535/1386 1387/1536/1387 1363/1511/1363
f 1363/1511/1363 1387/1536/1387 1388/1537/1388 1364/1512/1364
f 1364/1512/1364 1388/1537/1388 1389/1538/1389 1365/1513/1365
f 1365/1513/1365 1389/1538/1389 1390/1539/1390 1366/1514/1366
f 1366/1514/1366 1390/1539/1390 1391/1540/1391 1367/1515/1367
f 1367/1515/1367 1391/1540/1391 1392/1541/1392 1368/1516/1368
f 1368/1516/1368 1392/1541/1392 1393/1542/1393 1369/1517/1369
f 1369/1517/1369 1393/1542/1393 1394/1543/1394 1370/1518/1370
f 1370/1518/1370 1394/1543/1394 1395/1544/1395 1371/1519/1371
f 1371/1519/1371 1395/1544/1395 1396/1545/1396 1372/1520/1372
f 1372/1520/1372 1396/1545/1396 1373/1546/1373 1349/1521/1349
f 1373/1522/1373 1397/1547/1134 1398/1548/1397 1374/1523/1374
f 1374/1523/1374 1398/1548/1397 1399/1549/1398 1375/1524/1375
f 1375/1524/1375 1399/1549/1398 1400/1550/1399 1376/1525/1376
f 1376/1525/1376 1400/1550/1399 1401/1551/1400 1377/1526/1377
f 1377/1526/1377 1401/1551/1400 1402/1552/1401 1378/1527/1378
f 1378/1527/1378 1402/1552/1401 1403/1553/1402 1379/1528/1379
f 1379/1528/1379 1403/1553/1402 1404/1554/1403 1380/1529/1380
f 1380/1529/1380 1404/1554/1403 1405/1555/1404 1381/1530/1381
f 1381/1530/1381 1405/1555/1404 1406/1556/1405 1382/1531/1382
f 1382/1531/1382 1406/1556/1405 1407/1557/1406 1383/1532/1383
f 1383/1532/1383 1407/1557/1406 1408/1558/1407 1384/1533/1384
f 1384/1533/1384 1408/1558/1407 1409/1559/1109 1385/1534/1385
f 1385/1534/1385 1409/1559/1109 1410/1560/1408 1386/1535/1386
f 1386/1535/1386 1410/1560/1408 1411/1561/1409 1387/1536/1387
f 1387/1536/1387 1411/1561/1409 1412/1562/1410 1388/1537/1388
f 1388/1537/1388 1412/1562/1410 1413/1563/1411 1389/1538/1389
f 1389/1538/1389 1413/1563/1411 1414/1564/1412 1390/1539/1390
f 1390/1539/1390 1414/1564/1412 1415/1565/1413 1391/1540/1391
f 1391/1540/1391 1415/1565/1413 1416/1566/1414 1392/1541/1392
f 1392/1541/1392 1416/1566/1414 1417/1567/1415 1393/1542/1393
f 1393/1542/1393 1417/1567/1415 1418/1568/1416 1394/1543/1394
f 1394/1543/1394 1418/1568/1416 1419/1569/1417 1395/1544/1395
f 1395/1544/1395 1419/1569/1417 1420/1570/1418 1396/1545/1396
f 1396/1545/1396 1420/1570/1418 1397/1571/1134 1373/1546/1373
f 1397/1547/1134 1421/1572/1419 1422/1573/1420 1398/1548/1397
f 1398/1548/1397 1422/1573/1420 1423/1574/1421 1399/1549/1398
f 1399/1549/1398 1423/1574/1421 1424/1575/1422 1400/1550/1399
f 1400/1550/1399 1424/1575/1422 1425/1576/1423 1401/1551/1400
f 1401/1551/1400 1425/1576/1423 1426/1577/1424 1402/1552/1401
f 1402/1552/1401 1426/1577/1424 1427/1578/1425 1403/1553/1402
f 1403/1553/1402 1427/1578/1425 1428/1579/1426 1404/1554/1403
f 1404/1554/1403 1428/1579/1426 1429/1580/1427 1405/1555/1404
f 1405/1555/1404 1429/1580/1427 1430/1581/1428 1406/1556/1405
f 1406/1556/1405 1430/1581/1428 1431/1582/1429 1407/1557/1406
f 1407/1557/1406 1431/1582/1429 1432/1583/1430 1408/1558/1407
f 1408/1558/1407 1432/1583/1430 1433/1584/1431 1409/1559/1109
f 1409/1559/1109 1433/1584/1431 1434/1585/1432 1410/1560/1408
f 1410/1560/1408 1434/1585/1432 1435/1586/1433 1411/1561/1409
f 1411/1561/1409 1435/1586/1433 1436/1587/1434 1412/1562/1410
f 1412/1562/1410 1436/1587/1434 1437/1588/1435 1413/1563/1411
f 1413/1563/1411 1437/1588/1435 1438/1589/1436 1414/1564/1412
f 1414/1564/1412 1438/1589/1436 1439/1590/1437 1415/1565/1413
f 1415/1565/1413 1439/1590/1437 1440/1591/1438 1416/1566/1414
f 1416/1566/1414 1440/1591/1438 1441/1592/1439 1417/1567/1415
f 1417/1567/1415 1441/1592/1439 1442/1593/1440 1418/1568/1416
f 1418/1568/1416 1442/1593/1440 1443/1594/1441 1419/1569/1417
f 1419/1569/1417 1443/1594/1441 1444/1595/1442 1420/1570/1418
f 1420/1570/1418 1444/1595/1442 1421/1596/1419 1397/1571/1134
f 1421/1572/1419 1445/1597/1443 1446/1598/1444 1422/1573/1420
f 1422/1573/1420 1446/1598/1444 1447/1599/1445 1423/1574/1421
f 1423/1574/1421 1447/1599/1445 1448/1600/1446 1424/1575/1422
f 1424/1575/1422 1448/1600/1446 1449/1601/1447 1425/1576/1423
f 1425/1576/1423 1449/1601/1447 1450/1602/1448 1426/1577/1424
f 1426/1577/1424 1450/1602/1448 1451/1603/1449 1427/1578/1425
f 1427/1578/1425 1451/1603/1449 1452/1604/1450 1428/1579/1426
f 1428/1579/1426 1452/1604/1450 1453/1605/1451 1429/1580/1427
f 1429/1580/1427 1453/1605/1451 1454/1606/1452 1430/1581/1428
f 1430/1581/1428 1454/1606/1452 1455/1607/1453 1431/1582/1429
f 1431/1582/1429 1455/1607/1453 1456/1608/1454 1432/1583/1430
f 1432/1583/1430 1456/1608/1454 1457/1609/1455 1433/1584/1431
f 1433/1584/1431 1457/1609/1455 1458/1610/1456 1434/1585/1432
f 1434/1585/1432 1458/1610/1456 1459/1611/1457 1435/1586/1433
f 1435/1586/1433 1459/1611/1457 1460/1612/1458 1436/1587/1434
f 1436/1587/1434 1460/1612/1458 1461/1613/1459 1437/1588/1435
f 1437/1588/1435 1461/1613/1459 1462/1614/1460 1438/1589/1436
f 1438/1589/1436 1462/1614/1460 1463/1615/1461 1439/1590/1437
f 1439/1590/1437 1463/1615/1461 1464/1616/1462 1440/1591/1438
f 1440/1591/1438 1464/1616/1462 1465/1617/1463 1441/1592/1439
f 1441/1592/1439 1465/1617/1463 1466/1618/1464 1442/1593/1440
f 1442/1593/1440 1466/1618/1464 1467/1619/1465 1443/1594/1441
f 1443/1594/1441 1467/1619/1465 1468/1620/1466 1444/1595/1442
f 1444/1595/1442 1468/1620/1466 1445/1621/1443 1421/1596/1419
f 1445/1597/1443 1469/1622/1193 1470/1623/1467 1446/1598/1444
f 1446/1598/1444 1470/1623/1467 1471/1624/1468 1447/1599/1445
f 1447/1599/1445 1471/1624/1468 1472/1625/1469 1448/1600/1446
f 1448/1600/1446 1472/1625/1469 1473/1626/1470 1449/1601/1447
f 1449/1601/1447 1473/1626/1470 1474/1627/1471 1450/1602/1448
f 1450/1602/1448 1474/1627/1471 1475/1628/1472 1451/1603/1449
f 1451/1603/1449 1475/1628/1472 1476/1629/1473 1452/1604/1450
f 1452/1604/1450 1476/1629/1473 1477/1630/1474 1453/1605/1451
f 1453/1605/1451 1477/1630/1474 1478/1631/1475 1454/1606/1452
f 1454/1606/1452 1478/1631/1475 1479/1632/1476 1455/1607/1453
f 1455/1607/1453 1479/1632/1476 1480/1633/1477 1456/1608/1454
f 1456/1608/1454 1480/1633/1477 1481/1634/1181 1457/1609/1455
f 1457/1609/1455 1481/1634/1181 1482/1635/1478 1458/1610/1456
f 1458/1610/1456 1482/1635/1478 1483/1636/1479 1459/1611/1457
f 1459/1611/1457 1483/1636/1479 1484/1637/1480 1460/1612/1458
f 1460/1612/1458 1484/1637/1480 1485/1638/1481 1461/1613/1459
f 1461/1613/1459 1485/1638/1481 1486/1639/1482 1462/1614/1460
f 1462/1614/1460 1486/1639/1482 1487/1640/1483 1463/1615/1461
f 1463/1615/1461 1487/1640/1483 1488/1641/1484 1464/1616/1462
f 1464/1616/1462 1488/1641/1484 1489/1642/1485 1465/1617/1463
f 1465/1617/1463 1489/1642/1485 1490/1643/1486 1466/1618/1464
f 1466/1618/1464 1490/1643/1486 1491/1644/1487 1467/1619/1465
f 1467/1619/1465 1491/1644/1487 1492/1645/1488 1468/1620/1466
f 1468/1620/1466 1492/1645/1488 1469/1646/1193 1445/1621/1443
f 1469/1622/1193 1493/1647/1489 1494/1648/1490 1470/1623/1467
f 1470/1623/1467 1494/1648/1490 1495/1649/1491 1471/1624/1468
f 1471/1624/1468 1495/1649/1491 1496/1650/1492 1472/1625/1469
f 1472/1625/1469 1496/1650/1492 1497/1651/1493 1473/1626/1470
f 1473/1626/1470 1497/1651/1493 1498/1652/1494 1474/1627/1471
f 1474/1627/1471 1498/1652/1494 1499/1653/1495 1475/1628/1472
f 1475/1628/1472 1499/1653/1495 1500/1654/1496 1476/1629/1473
f 1476/1629/1473 1500/1654/1496 1501/1655/1497 1477/1630/1474
f 1477/1630/1474 1501/1655/1497 1502/1656/1498 1478/1631/1475
f 1478/1631/1475 1502/1656/1498 1503/1657/1499 1479/1632/1476
f 1479/1632/1476 1503/1657/1499 1504/1658/1500 1480/1633/1477
f 1480/1633/1477 1504/1658/1500 1505/1659/1501 1481/1634/1181
f 1481/1634/1181 1505/1659/1501 1506/1660/1502 1482/1635/1478
f 1482/1635/1478 1506/1660/1502 1507/1661/1503 1483/1636/1479
f 1483/1636/1479 1507/1661/1503 1508/1662/1504 1484/1637/1480
f 1484/1637/1480 1508/1662/1504 1509/1663/1505 1485/1638/1481
f 1485/1638/1481 1509/1663/1505 1510/1664/1506 1486/1639/1482
f 1486/1639/1482 1510/1664/1506 1511/1665/1507 1487/1640/1483
f 1487/1640/1483 1511/1665/1507 1512/1666/1508 1488/1641/1484
f 1488/1641/1484 1512/1666/1508 1513/1667/1509 1489/1642/1485
f 1489/1642/1485 1513/1667/1509 1514/1668/1510 1490/1643/1486
f 1490/1643/1486 1514/1668/1510 1515/1669/1511 1491/1644/1487
f 1491/1644/1487 1515/1669/1511 1516/1670/1512 1492/1645/1488
f 1492/1645/1488 1516/1670/1512 1493/1671/1489 1469/1646/1193
f 1493/1647/1489 1517/1672/1513 1518/1673/1514 1494/1648/1490
f 1494/1648/1490 1518/1673/1514 1519/1674/1515 1495/1649/1491
f 1495/1649/1491 1519/1674/1515 1520/1675/1516 1496/1650/1492
f 1496/1650/1492 1520/1675/1516 1521/1676/1517 1497/1651/1493
f 1497/1651/1493 1521/1676/1517 1522/1677/1518 1498/1652/1494
f 1498/1652/1494 1522/1677/1518 1523/1678/1519 1499/1653/1495
f 1499/1653/1495 1523/1678/1519 1524/1679/1520 1500/1654/1496
f 1500/1654/1496 1524/1679/1520 1525/1680/1521 1501/1655/1497
f 1501/1655/1497 1525/1680/1521 1526/1681/1522 1502/1656/1498
f 1502/1656/1498 1526/1681/1522 1527/1682/1523 1503/1657/1499
f 1503/1657/1499 1527/1682/1523 1528/1683/1524 1504/1658/1500
f 1504/1658/1500 1528/1683/1524 1529/1684/1525 1505/1659/1501
f 1505/1659/1501 1529/1684/1525 1530/1685/1526 1506/1660/1502
f 1506/1660/1502 1530/1685/1526 1531/1686/1527 1507/1661/1503
f 1507/1661/1503 1531/1686/1527 1532/1687/1528 1508/1662/1504
f 1508/1662/1504 1532/1687/1528 1533/1688/1529 1509/1663/1505
f 1509/1663/1505 1533/1688/1529 1534/1689/1530 1510/1664/1506
f 1510/1664/1506 1534/1689/1530 1535/1690/1531 1511/1665/1507
f 1511/1665/1507 1535/1690/1531 1536/1691/1532 1512/1666/1508
f 1512/1666/1508 1536/1691/1532 1537/1692/1533 1513/1667/1509
f 1513/1667/1509 1537/1692/1533 1538/1693/1534 1514/1668/1510
f 1514/1668/1510 1538/1693/1534 1539/1694/1535 1515/1669/1511
f 1515/1669/1511 1539/1694/1535 1540/1695/1536 1516/1670/1512
f 1516/1670/1512 1540/1695/1536 1517/1696/1513 1493/1671/1489
f 1517/1672/1513 1541/1697/1265 1542/1698/1537 1518/1673/1514
f 1518/1673/1514 1542/1698/1537 1543/1699/1538 1519/1674/1515
f 1519/1674/1515 1543/1699/1538 1544/1700/1539 1520/1675/1516
f 1520/1675/1516 1544/1700/1539 1545/1701/1540 1521/1676/1517
f 1521/1676/1517 1545/1701/1540 1546/1702/1541 1522/1677/1518
f 1522/1677/1518 1546/1702/1541 1547/1703/1542 1523/1678/1519
f 1523/1678/1519 1547/1703/1542 1548/1704/1543 1524/1679/1520
f 1524/1679/1520 1548/1704/1543 1549/1705/1544 1525/1680/1521
f 1525/1680/1521 1549/1705/1544 1550/1706/1545 1526/1681/1522
f 1526/1681/1522 1550/1706/1545 1551/1707/1546 1527/1682/1523
f 1527/1682/1523 1551/1707/1546 1552/1708/1547 1528/1683/1524
f 1528/1683/1524 1552/1708/1547 1553/1709/1253 1529/1684/1525
f 1529/1684/1525 1553/1709/1253 1554/1710/1548 1530/1685/1526
f 1530/1685/1526 1554/1710/1548 1555/1711/1549 1531/1686/1527
f 1531/1686/1527 1555/1711/1549 1556/1712/1550 1532/1687/1528
f 1532/1687/1528 1556/1712/1550 1557/1713/1551 1533/1688/1529
f 1533/1688/1529 1557/1713/1551 1558/1714/1552 1534/1689/1530
f 1534/1689/1530 1558/1714/1552 1559/1715/1553 1535/1690/1531
f 1535/1690/1531 1559/1715/1553 1560/1716/1554 1536/1691/1532
f 1536/1691/1532 1560/1716/1554 1561/1717/1555 1537/1692/1533
f 1537/1692/1533 1561/1717/1555 1562/1718/1556 1538/1693/1534
f 1538/1693/1534 1562/1718/1556 1563/1719/1557 1539/1694/1535
f 1539/1694/1535 1563/1719/1557 1564/1720/1558 1540/1695/1536
f 1540/1695/1536 1564/1720/1558 1541/1721/1265 1517/1696/1513
f 1541/1697/1265 1565/1722/1559 1566/1723/1560 1542/1698/1537
f 1542/1698/1537 1566/1723/1560 1567/1724/1561 1543/1699/1538
f 1543/1699/1538 1567/1724/1561 1568/1725/1562 1544/1700/1539
f 1544/1700/1539 1568/1725/1562 1569/1726/1563 1545/1701/1540
f 1545/1701/1540 1569/1726/1563 1570/1727/1564 1546/1702/1541
f 1546/1702/1541 1570/1727/1564 1571/1728/1565 1547/1703/1542
f 1547/1703/1542 1571/1728/1565 1572/1729/1566 1548/1704/1543
f 1548/1704/1543 1572/1729/1566 1573/1730/1567 1549/1705/1544
f 1549/1705/1544 1573/1730/1567 1574/1731/1568 1550/1706/1545
f 1550/1706/1545 1574/1731/1568 1575/1732/1569 1551/1707/1546
f 1551/1707/1546 1575/1732/1569 1576/1733/1570 1552/1708/1547
f 1552/1708/1547 1576/1733/1570 1577/1734/1571 1553/1709/1253
f 1553/1709/1253 1577/1734/1571 1578/1735/1572 1554/1710/1548
f 1554/1710/1548 1578/1735/1572 1579/1736/1573 1555/1711/1549
f 1555/1711/1549 1579/1736/1573 1580/1737/1574 1556/1712/1550
f 1556/1712/1550 1580/1737/1574 1581/1738/1575 1557/1713/1551
f 1557/1713/1551 1581/1738/1575 1582/1739/1576 1558/1714/1552
f 1558/1714/1552 1582/1739/1576 1583/1740/1577 1559/1715/1553
f 1559/1715/1553 1583/1740/1577 1584/1741/1578 1560/1716/1554
f 1560/1716/1554 1584/1741/1578 1585/1742/1579 1561/1717/1555
f 1561/1717/1555 1585/1742/1579 1586/1743/1580 1562/1718/1556
f 1562/1718/1556 1586/1743/1580 1587/1744/1581 1563/1719/1557
f 1563/1719/1557 1587/1744/1581 1588/1745/1582 1564/1720/1558
f 1564/1720/1558 1588/1745/1582 1565/1746/1559 1541/1721/1265
f 1565/1722/1559 1589/1747/1583 1590/1748/1584 1566/1723/1560
f 1566/1723/1560 1590/1748/1584 1591/1749/1585 1567/1724/1561
f 1567/1724/1561 1591/1749/1585 1592/1750/1586 1568/1725/1562
f 1568/1725/1562 1592/1750/1586 1593/1751/1587 1569/1726/1563
f 1569/1726/1563 1593/1751/1587 1594/1752/1588 1570/1727/1564
f 1570/1727/1564 1594/1752/1588 1595/1753/1589 1571/1728/1565
f 1571/1728/1565 1595/1753/1589 1596/1754/1590 1572/1729/1566
f 1572/1729/1566 1596/1754/1590 1597/1755/1591 1573/1730/1567
f 1573/1730/1567 1597/1755/1591 1598/1756/1592 1574/1731/1568
f 1574/1731/1568 1598/1756/1592 1599/1757/1593 1575/1732/1569
f 1575/1732/1569 1599/1757/1593 1600/1758/1594 1576/1733/1570
f 1576/1733/1570 1600/1758/1594 1601/1759/1595 1577/1734/1571
f 1577/1734/1571 1601/1759/1595 1602/1760/1596 1578/1735/1572
f 1578/1735/1572 1602/1760/1596 1603/1761/1597 1579/1736/1573
f 1579/1736/1573 1603/1761/1597 1604/1762/1598 1580/1737/1574
f 1580/1737/1574 1604/1762/1598 1605/1763/1599 1581/1738/1575
f 1581/1738/1575 1605/1763/1599 1606/1764/1600 1582/1739/1576
f 1582/1739/1576 1606/1764/1600 1607/1765/1601 1583/1740/1577
f 1583/1740/1577 1607/1765/1601 1608/1766/1602 1584/1741/1578
f 1584/1741/1578 1608/1766/1602 1609/1767/1603 1585/1742/1579
f 1585/1742/1579 1609/1767/1603 1610/1768/1604 1586/1743/1580
f 1586/1743/1580 1610/1768/1604 1611/1769/1605 1587/1744/1581
f 1587/1744/1581 1611/1769/1605 1612/1770/1606 1588/1745/1582
f 1588/1745/1582 1612/1770/1606 1589/1771/1583 1565/1746/1559
f 1589/1747/1583 1613/1772/1337 1614/1773/1607 1590/1748/1584
f 1590/1748/1584 1614/1773/1607 1615/1774/1608 1591/1749/1585
f 1591/1749/1585 1615/1774/1608 1616/1775/1609 1592/1750/1586
f 1592/1750/1586 1616/1775/1609 1617/1776/1610 1593/1751/1587
f 1593/1751/1587 1617/1776/1610 1618/1777/1611 1594/1752/1588
f 1594/1752/1588 1618/1777/1611 1619/1778/1612 1595/1753/1589
f 1595/1753/1589 1619/1778/1612 1620/1779/1613 1596/1754/1590
f 1596/1754/1590 1620/1779/1613 1621/1780/1614 1597/1755/1591
f 1597/1755/1591 1621/1780/1614 1622/1781/1615 1598/1756/1592
f 1598/1756/1592 1622/1781/1615 1623/1782/1616 1599/1757/1593
f 1599/1757/1593 1623/1782/1616 1624/1783/1617 1600/1758/1594
f 1600/1758/1594 1624/1783/1617 1625/1784/1325 1601/1759/1595
f 1601/1759/1595 1625/1784/1325 1626/1785/1618 1602/1760/1596
f 1602/1760/1596 1626/1785/1618 1627/1786/1619 1603/1761/1597
f 1603/1761/1597 1627/1786/1619 1628/1787/1620 1604/1762/1598
f 1604/1762/1598 1628/1787/1620 1629/1788/1621 1605/1763/1599
f 1605/1763/1599 1629/1788/1621 1630/1789/1622 1606/1764/1600
f 1606/1764/1600 1630/1789/1622 1631/1790/1623 1607/1765/1601
f 1607/1765/1601 1631/1790/1623 1632/1791/1624 1608/1766/1602
f 1608/1766/1602 1632/1791/1624 1633/1792/1625 1609/1767/1603
f 1609/1767/1603 1633/1792/1625 1634/1793/1626 1610/1768/1604
f 1610/1768/1604 1634/1793/1626 1635/1794/1627 1611/1769/1605
f 1611/1769/1605 1635/1794/1627 1636/1795/1628 1612/1770/1606
f 1612/1770/1606 1636/1795/1628 1613/1796/1337 1589/1771/1583
f 1613/1772/1337 1637/1797/1629 1638/1798/1630 1614/1773/1607
f 1614/1773/1607 1638/1798/1630 1639/1799/1631 1615/1774/1608
f 1615/1774/1608 1639/1799/1631 1640/1800/1632 1616/1775/1609
f 1616/1775/1609 1640/1800/1632 1641/1801/1633 1617/1776/1610
f 1617/1776/1610 1641/1801/1633 1642/1802/1634 1618/1777/1611
f 1618/1777/1611 1642/1802/1634 1643/1803/1635 1619/1778/1612
f 1619/1778/1612 1643/1803/1635 1644/1804/1636 1620/1779/1613
f 1620/1779/1613 1644/1804/1636 1645/1805/1637 1621/1780/1614
f 1621/1780/1614 1645/1805/1637 1646/1806/1638 1622/1781/1615
f 1622/1781/1615 1646/1806/1638 1647/1807/1639 1623/1782/1616
f 1623/1782/1616 1647/1807/1639 1648/1808/1640 1624/1783/1617
f 1624/1783/1617 1648/1808/1640 1649/1809/1641 1625/1784/1325
f 1625/1784/1325 1649/1809/1641 1650/1810/1642 1626/1785/1618
f 1626/1785/1618 1650/1810/1642 1651/1811/1643 1627/1786/1619
f 1627/1786/1619 1651/1811/1643 1652/1812/1644 1628/1787/1620
f 1628/1787/1620 1652/1812/1644 1653/1813/1645 1629/1788/1621
f 1629/1788/1621 1653/1813/1645 1654/1814/1646 1630/1789/1622
f 1630/1789/1622 1654/1814/1646 1655/1815/1647 1631/1790/1623
f 1631/1790/1623 1655/1815/1647 1656/1816/1648 1632/1791/1624
f 1632/1791/1624 1656/1816/1648 1657/1817/1649 1633/1792/1625
f 1633/1792/1625 1657/1817/1649 1658/1818/1650 1634/1793/1626
f 1634/1793/1626 1658/1818/1650 1659/1819/1651 1635/1794/1627
f 1635/1794/1627 1659/1819/1651 1660/1820/1652 1636/1795/1628
f 1636/1795/1628 1660/1820/1652 1637/1821/1629 1613/1796/1337
f 1637/1797/1629 1661/1822/1653 1662/1823/1654 1638/1798/1630
f 1638/1798/1630 1662/1823/1654 1663/1824/1655 1639/1799/1631
f 1639/1799/1631 1663/1824/1655 1664/1825/1656 1640/1800/1632
f 1640/1800/1632 1664/1825/1656 1665/1826/1657 1641/1801/1633
f 1641/1801/1633 1665/1826/1657 1666/1827/1658 1642/1802/1634
f 1642/1802/1634 1666/1827/1658 1667/1828/1659 1643/1803/1635
f 1643/1803/1635 1667/1828/1659 1668/1829/1660 1644/1804/1636
f 1644/1804/1636 1668/1829/1660 1669/1830/1661 1645/1805/1637
f 1645/1805/1637 1669/1830/1661 1670/1831/1662 1646/1806/1638
f 1646/1806/1638 1670/1831/1662 1671/1832/1663 1647/1807/1639
f 1647/1807/1639 1671/1832/1663 1672/1833/1664 1648/1808/1640
f 1648/1808/1640 1672/1833/1664 1673/1834/1665 1649/1809/1641
f 1649/1809/1641 1673/1834/1665 1674/1835/1666 1650/1810/1642
f 1650/1810/1642 1674/1835/1666 1675/1836/1667 1651/1811/1643
f 1651/1811/1643 1675/1836/1667 1676/1837/1668 1652/1812/1644
f 1652/1812/1644 1676/1837/1668 1677/1838/1669 1653/1813/1645
f 1653/1813/1645 1677/1838/1669 1678/1839/1670 1654/1814/1646
f 1654/1814/1646 1678/1839/1670 1679/1840/1671 1655/1815/1647
f 1655/1815/1647 1679/1840/1671 1680/1841/1672 1656/1816/1648
f 1656/1816/1648 1680/1841/1672 1681/1842/1673 1657/1817/1649
f 1657/1817/1649 1681/1842/1673 1682/1843/1674 1658/1818/1650
f 1658/1818/1650 1682/1843/1674 1683/1844/1675 1659/1819/1651
f 1659/1819/1651 1683/1844/1675 1684/1845/1676 1660/1820/1652
f 1660/1820/1652 1684/1845/1676 1661/1846/1653 1637/1821/1629
f 1661/1822/1653 1109/1847/1109 1110/1848/1112 1662/1823/1654
f 1662/1823/1654 1110/1848/1112 1111/1849/1114 1663/1824/1655
f 1663/1824/1655 1111/1849/1114 1112/1850/1116 1664/1825/1656
f 1664/1825/1656 1112/1850/1116 1113/1851/1118 1665/1826/1657
f 1665/1826/1657 1113/1851/1118 1114/1852/1120 1666/1827/1658
f 1666/1827/1658 1114/1852/1120 1115/1853/1122 1667/1828/1659
f 1667/1828/1659 1115/1853/1122 1116/1854/1124 1668/1829/1660
f 1668/1829/1660 1116/1854/1124 1117/1855/1126 1669/1830/1661
f 1669/1830/1661 1117/1855/1126 1118/1856/1128 1670/1831/1662
f 1670/1831/1662 1118/1856/1128 1119/1857/1130 1671/1832/1663
f 1671/1832/1663 1119/1857/1130 1120/1858/1132 1672/1833/1664
f 1672/1833/1664 1120/1858/1132 1121/1859/1134 1673/1834/1665
f 1673/1834/1665 1121/1859/1134 1122/1860/1136 1674/1835/1666
f 1674/1835/1666 1122/1860/1136 1123/1861/1138 1675/1836/1667
f 1675/1836/1667 1123/1861/1138 1124/1862/1140 1676/1837/1668
f 1676/1837/1668 1124/1862/1140 1125/1863/1142 1677/1838/1669
f 1677/1838/1669 1125/1863/1142 1126/1864/1144 1678/1839/1670
f 1678/1839/1670 1126/1864/1144 1127/1865/1146 1679/1840/1671
f 1679/1840/1671 1127/1865/1146 1128/1866/1148 1680/1841/1672
f 1680/1841/1672 1128/1866/1148 1129/1867/1150 1681/1842/1673
f 1681/1842/1673 1129/1867/1150 1130/1868/1152 1682/1843/1674
f 1682/1843/1674 1130/1868/1152 1131/1869/1154 1683/1844/1675
f 1683/1844/1675 1131/1869/1154 1132/1870/1156 1684/1845/1676
f 1684/1845/1676 1132/1870/1156 1109/1871/1109 1661/1846/1653
o Sphere2
v -2.175200 0.346800 -0.000000
v -2.129908 0.343818 -0.000000
v -2.085448 0.335009 -0.000000
v -2.042514 0.320374 -0.000000
v -2.001800 0.300329 -0.000000
v -1.964068 0.275151 -0.000000
v -1.929943 0.245257 -0.000000
v -1.900049 0.211132 -0.000000
v -1.874871 0.173400 -0.000000
v -1.854826 0.132686 -0.000000
v -1.840191 0.089752 -0.000000
v -1.831383 0.045292 -0.000000
v -1.828400 0.000000 0.000000
v -1.831383 -0.045292 0.000000
v -1.840191 -0.089752 0.000000
v -1.854826 -0.132686 0.000000
v -1.874871 -0.173400 0.000000
v -1.900049 -0.211132 0.000000
v -1.929943 -0.245257 0.000000
v -1.964068 -0.275151 0.000000
v -2.001800 -0.300329 0.000000
v -2.042514 -0.320374 0.000000
v -2.085448 -0.335009 0.000000
v -2.129908 -0.343818 0.000000
v -2.175200 -0.346800 0.000000
v -2.131503 0.343818 0.011722
v -2.088500 0.335009 0.023236
v -2.047023 0.320374 0.034333
v -2.007696 0.300329 0.044876
v -1.971282 0.275151 0.054656
v -1.938336 0.245257 0.063464
v -1.909413 0.211132 0.071233
v -1.885067 0.173400 0.077753
v -1.865716 0.132686 0.082955
v -1.851636 0.089752 0.086700
v -1.843104 0.045292 0.088989
v -1.840191 0.000000 0.089752
v -1.843104 -0.045292 0.088989
v -1.851636 -0.089752 0.086700
v -1.865716 -0.132686 0.082955
v -1.885067 -0.173400 0.077753
v -1.909413 -0.211132 0.071233
v -1.938336 -0.245257 0.063464
v -1.971282 -0.275151 0.054656
v -2.007696 -0.300329 0.044876
v -2.047023 -0.320374 0.034333
v -2.088500 -0.335009 0.023236
v -2.131503 -0.343818 0.011722
v -2.136012 0.343818 0.022611
v -2.097447 0.335009 0.044876
v -2.060271 0.320374 0.066378
v -2.025036 0.300329 0.086700
v -1.992367 0.275151 0.105566
v -1.962820 0.245257 0.122628
v -1.936948 0.211132 0.137541
v -1.915100 0.173400 0.150164
v -1.897691 0.132686 0.160222
v -1.885067 0.089752 0.167504
v -1.877437 0.045292 0.171943
v -1.874871 0.000000 0.173400
v -1.877437 -0.045292 0.171943
v -1.885067 -0.089752 0.167504
v -1.897691 -0.132686 0.160222
v -1.915100 -0.173400 0.150164
v -1.936948 -0.211132 0.137541
v -1.962820 -0.245257 0.122628
v -1.992367 -0.275151 0.105566
v -2.025036 -0.300329 0.086700
v -2.060271 -0.320374 0.066378
v -2.097447 -0.335009 0.044876
v -2.136012 -0.343818 0.022611
v -2.143225 0.343818 0.031975
v -2.111736 0.335009 0.063464
v -2.081356 0.320374 0.093844
v -2.052572 0.300329 0.122628
v -2.025937 0.275151 0.149263
v -2.001800 0.245257 0.173400
v -1.980645 0.211132 0.194555
v -1.962820 0.173400 0.212380
v -1.948670 0.132686 0.226530
v -1.938336 0.089752 0.236864
v -1.932093 0.045292 0.243107
v -1.929943 0.000000 0.245257
v -1.932093 -0.045292 0.243107
v -1.938336 -0.089752 0.236864
v -1.948670 -0.132686 0.226530
v -1.962820 -0.173400 0.212380
v -1.980645 -0.211132 0.194555
v -2.001800 -0.245257 0.173400
v -2.025937 -0.275151 0.149263
v -2.052572 -0.300329 0.122628
v -2.081356 -0.320374 0.093844
v -2.111736 -0.335009 0.063464
v -2.143225 -0.343818 0.031975
v -2.152589 0.343818 0.039188
v -2.130324 0.335009 0.077753
v -2.108822 0.320374 0.114930
v -2.088500 0.300329 0.150164
v -2.069634 0.275151 0.182833
v -2.052572 0.245257 0.212380
v -2.037659 0.211132 0.238252
v -2.025036 0.173400 0.260100
v -2.014978 0.132686 0.277509
v -2.007696 0.089752 0.290133
v -2.003257 0.045292 0.297762
v -2.001800 0.000000 0.300329
v -2.003257 -0.045292 0.297762
v -2.007696 -0.089752 0.290133
v -2.014978 -0.132686 0.277509
v -2.025036 -0.173400 0.260100
v -2.037659 -0.211132 0.238252
v -2.052572 -0.245257 0.212380
v -2.069634 -0.275151 0.182833
v -2.088500 -0.300329 0.150164
v -2.108822 -0.320374 0.114930
v -2.130324 -0.335009 0.077753
v -2.152589 -0.343818 0.039188
v -2.163478 0.343818 0.043697
v -2.151964 0.335009 0.086700
v -2.140867 0.320374 0.128177
v -2.130324 0.300329 0.167504
v -2.120544 0.275151 0.203918
v -2.111736 0.245257 0.236864
v -2.103967 0.211132 0.265788
v -2.097447 0.173400 0.290133
v -2.092245 0.132686 0.309484
v -2.088500 0.089752 0.323564
v -2.086211 0.045292 0.332096
v -2.085448 0.000000 0.335009
v -2.086211 -0.045292 0.332096
v -2.088500 -0.089752 0.323564
v -2.092245 -0.132686 0.309484
v -2.097447 -0.173400 0.290133
v -2.103967 -0.211132 0.265788
v -2.111736 -0.245257 0.236864
v -2.120544 -0.275151 0.203918
v -2.130324 -0.300329 0.167504
v -2.140867 -0.320374 0.128177
v -2.151964 -0.335009 0.086700
v -2.163478 -0.343818 0.043697
v -2.175200 0.343818 0.045292
v -2.175200 0.335009 0.089752
v -2.175200 0.320374 0.132686
v -2.175200 0.300329 0.173400
v -2.175200 0.275151 0.211132
v -2.175200 0.245257 0.245257
v -2.175200 0.211132 0.275151
v -2.175200 0.173400 0.300329
v -2.175200 0.132686 0.320374
v -2.175200 0.089752 0.335009
v -2.175200 0.045292 0.343818
v -2.175200 0.000000 0.346800
v -2.175200 -0.045292 0.343818
v -2.175200 -0.089752 0.335009
v -2.175200 -0.132686 0.320374
v -2.175200 -0.173400 0.300329
v -2.175200 -0.211132 0.275151
v -2.175200 -0.245257 0.245257
v -2.175200 -0.275151 0.211132
v -2.175200 -0.300329 0.173400
v -2.175200 -0.320374 0.132686
v -2.175200 -0.335009 0.089752
v -2.175200 -0.343818 0.045292
v -2.186922 0.343818 0.043697
v -2.198436 0.335009 0.086700
v -2.209533 0.320374 0.128177
v -2.220076 0.300329 0.167504
v -2.229856 0.275151 0.203918
v -2.238664 0.245257 0.236864
v -2.246433 0.211132 0.265788
v -2.252953 0.173400 0.290133
v -2.258155 0.132686 0.309484
v -2.261900 0.089752 0.323564
v -2.264189 0.045292 0.332096
v -2.264952 0.000000 0.335009
v -2.264189 -0.045292 0.332096
v -2.261900 -0.089752 0.323564
v -2.258155 -0.132686 0.309484
v -2.252953 -0.173400 0.290133
v -2.246433 -0.211132 0.265788
v -2.238664 -0.245257 0.236864
v -2.229856 -0.275151 0.203918
v -2.220076 -0.300329 0.167504
v -2.209533 -0.320374 0.128177
v -2.198436 -0.335009 0.086700
v -2.186922 -0.343818 0.043697
v -2.197811 0.343818 0.039188
v -2.220076 0.335009 0.077753
v -2.241578 0.320374 0.114930
v -2.261900 0.300329 0.150164
v -2.280766 0.275151 0.182833
v -2.297828 0.245257 0.212380
v -2.312741 0.211132 0.238252
v -2.325364 0.173400 0.260100
v -2.335422 0.132686 0.277509
v -2.342704 0.089752 0.290133
v -2.347143 0.045292 0.297762
v -2.348600 0.000000 0.300329
v -2.347143 -0.045292 0.297762
v -2.342704 -0.089752 0.290133
v -2.335422 -0.132686 0.277509
v -2.325364 -0.173400 0.260100
v -2.312741 -0.211132 0.238252
v -2.297828 -0.245257 0.212380
v -2.280766 -0.275151 0.182833
v -2.261900 -0.300329 0.150164
v -2.241578 -0.320374 0.114930
v -2.220076 -0.335009 0.077753
v -2.197811 -0.343818 0.039188
v -2.207175 0.343818 0.031975
v -2.238664 0.335009 0.063464
v -2.269044 0.320374 0.093844
v -2.297828 0.300329 0.122628
v -2.324463 0.275151 0.149263
v -2.348600 0.245257 0.173400
v -2.369755 0.211132 0.194555
v -2.387580 0.173400 0.212380
v -2.401730 0.132686 0.226530
v -2.412064 0.089752 0.236864
v -2.418307 0.045292 0.243107
v -2.420457 0.000000 0.245257
v -2.418307 -0.045292 0.243107
v -2.412064 -0.089752 0.236864
v -2.401730 -0.132686 0.226530
v -2.387580 -0.173400 0.212380
v -2.369755 -0.211132 0.194555
v -2.348600 -0.245257 0.173400
v -2.324463 -0.275151 0.149263
v -2.297828 -0.300329 0.122628
v -2.269044 -0.320374 0.093844
v -2.238664 -0.335009 0.063464
v -2.207175 -0.343818 0.031975
v -2.214388 0.343818 0.022611
v -2.252953 0.335009 0.044876
v -2.290129 0.320374 0.066378
v -2.325364 0.300329 0.086700
v -2.358033 0.275151 0.105566
v -2.387580 0.245257 0.122628
v -2.413452 0.211132 0.137541
v -2.435300 0.173400 0.150164
v -2.452709 0.132686 0.160222
v -2.465333 0.089752 0.167504
v -2.472962 0.045292 0.171943
v -2.475529 0.000000 0.173400
v -2.472962 -0.045292 0.171943
v -2.465333 -0.089752 0.167504
v -2.452709 -0.132686 0.160222
v -2.435300 -0.173400 0.150164
v -2.413452 -0.211132 0.137541
v -2.387580 -0.245257 0.122628
v -2.358033 -0.275151 0.105566
v -2.325364 -0.300329 0.086700
v -2.290129 -0.320374 0.066378
v -2.252953 -0.335009 0.044876
v -2.214388 -0.343818 0.022611
v -2.218897 0.343818 0.011722
v -2.261900 0.335009 0.023236
v -2.303377 0.320374 0.034333
v -2.342704 0.300329 0.044876
v -2.379118 0.275151 0.054656
v -2.412064 0.245257 0.063464
v -2.440988 0.211132 0.071233
v -2.465333 0.173400 0.077753
v -2.484684 0.132686 0.082955
v -2.498765 0.089752 0.086700
v -2.507296 0.045292 0.088989
v -2.510209 0.000000 0.089752
v -2.507296 -0.045292 0.088989
v -2.498765 -0.089752 0.086700
v -2.484684 -0.132686 0.082955
v -2.465333 -0.173400 0.077753
v -2.440988 -0.211132 0.071233
v -2.412064 -0.245257 0.063464
v -2.379118 -0.275151 0.054656
v -2.342704 -0.300329 0.044876
v -2.303377 -0.320374 0.034333
v -2.261900 -0.335009 0.023236
v -2.218897 -0.343818 0.011722
v -2.220492 0.343818 -0.000000
v -2.264952 0.335009 -0.000000
v -2.307886 0.320374 -0.000000
v -2.348600 0.300329 -0.000000
v -2.386332 0.275151 -0.000000
v -2.420457 0.245257 -0.000000
v -2.450351 0.211132 -0.000000
v -2.475529 0.173400 -0.000000
v -2.495574 0.132686 -0.000000
v -2.510209 0.089752 -0.000000
v -2.519017 0.045292 -0.000000
v -2.522000 0.000000 0.000000
v -2.519017 -0.045292 0.000000
v -2.510209 -0.089752 0.000000
v -2.495574 -0.132686 0.000000
v -2.475529 -0.173400 0.000000
v -2.450351 -0.211132 0.000000
v -2.420457 -0.245257 0.000000
v -2.386332 -0.275151 0.000000
v -2.348600 -0.300329 0.000000
v -2.307886 -0.320374 0.000000
v -2.264952 -0.335009 0.000000
v -2.220492 -0.343818 0.000000
v -2.218897 0.343818 -0.011722
v -2.261900 0.335009 -0.023236
v -2.303377 0.320374 -0.034333
v -2.342704 0.300329 -0.044876
v -2.379118 0.275151 -0.054656
v -2.412064 0.245257 -0.063464
v -2.440988 0.211132 -0.071233
v -2.465333 0.173400 -0.077753
v -2.484684 0.132686 -0.082955
v -2.498765 0.089752 -0.086700
v -2.507296 0.045292 -0.088989
v -2.510209 -0.000000 -0.089752
v -2.507296 -0.045292 -0.088989
v -2.498765 -0.089752 -0.086700
v -2.484684 -0.132686 -0.082955
v -2.465333 -0.173400 -0.077753
v -2.440988 -0.211132 -0.071233
v -2.412064 -0.245257 -0.063464
v -2.379118 -0.275151 -0.054656
v -2.342704 -0.300329 -0.044876
v -2.303377 -0.320374 -0.034333
v -2.261900 -0.335009 -0.023236
v -2.218897 -0.343818 -0.011722
v -2.214388 0.343818 -0.022611
v -2.252953 0.335009 -0.044876
v -2.290129 0.320374 -0.066378
v -2.325364 0.300329 -0.086700
v -2.358033 0.275151 -0.105566
v -2.387580 0.245257 -0.122628
v -2.413452 0.211132 -0.137541
v -2.435300 0.173400 -0.150164
v -2.452709 0.132686 -0.160222
v -2.465333 0.089752 -0.167504
v -2.472962 0.045292 -0.171943
v -2.475529 -0.000000 -0.173400
v -2.472962 -0.045292 -0.171943
v -2.465333 -0.089752 -0.167504
v -2.452709 -0.132686 -0.160222
v -2.435300 -0.173400 -0.150164
v -2.413452 -0.211132 -0.137541
v -2.387580 -0.245257 -0.122628
v -2.358033 -0.275151 -0.105566
v -2.325364 -0.300329 -0.086700
v -2.290129 -0.320374 -0.066378
v -2.252953 -0.335009 -0.044876
v -2.214388 -0.343818 -0.022611
v -2.207175 0.343818 -0.031975
v -2.238664 0.335009 -0.063464
v -2.269044 0.320374 -0.093844
v -2.297828 0.300329 -0.122628
v -2.324463 0.275151 -0.149263
v -2.348600 0.245257 -0.173400
v -2.369755 0.211132 -0.194555
v -2.387580 0.173400 -0.212380
v -2.401730 0.132686 -0.226530
v -2.412064 0.089752 -0.236864
v -2.418307 0.045292 -0.243107
v -2.420457 -0.000000 -0.245257
v -2.418307 -0.045292 -0.243107
v -2.412064 -0.089752 -0.236864
v -2.401730 -0.132686 -0.226530
v -2.387580 -0.173400 -0.212380
v -2.369755 -0.211132 -0.194555
v -2.348600 -0.245257 -0.173400
v -2.324463 -0.275151 -0.149263
v -2.297828 -0.300329 -0.122628
v -2.269044 -0.320374 -0.093844
v -2.238664 -0.335009 -0.063464
v -2.207175 -0.343818 -0.031975
v -2.197811 0.343818 -0.039188
v -2.220076 0.335009 -0.077753
v -2.241578 0.320374 -0.114930
v -2.261900 0.300329 -0.150164
v -2.280766 0.275151 -0.182833
v -2.297828 0.245257 -0.212380
v -2.312741 0.211132 -0.238252
v -2.325364 0.173400 -0.260100
v -2.335422 0.132686 -0.277509
v -2.342704 0.089752 -0.290133
v -2.347143 0.045292 -0.297762
v -2.348600 -0.000000 -0.300329
v -2.347143 -0.045292 -0.297762
v -2.342704 -0.089752 -0.290133
v -2.335422 -0.132686 -0.277509
v -2.325364 -0.173400 -0.260100
v -2.312741 -0.211132 -0.238252
v -2.297828 -0.245257 -0.212380
v -2.280766 -0.275151 -0.182833
v -2.261900 -0.300329 -0.150164
v -2.241578 -0.320374 -0.114930
v -2.220076 -0.335009 -0.077753
v -2.197811 -0.343818 -0.039188
v -2.186922 0.343818 -0.043697
v -2.198436 0.335009 -0.086700
v -2.209533 0.320374 -0.128177
v -2.220076 0.300329 -0.167504
v -2.229856 0.275151 -0.203918
v -2.238664 0.245257 -0.236864
v -2.246433 0.211132 -0.265788
v -2.252953 0.173400 -0.290133
v -2.258155 0.132686 -0.309484
v -2.261900 0.089752 -0.323564
v -2.264189 0.045292 -0.332096
v -2.264952 -0.000000 -0.335009
v -2.264189 -0.045292 -0.332096
v -2.261900 -0.089752 -0.323564
v -2.258155 -0.132686 -0.309484
v -2.252953 -0.173400 -0.290133
v -2.246433 -0.211132 -0.265788
v -2.238664 -0.245257 -0.236864
v -2.229856 -0.275151 -0.203918
v -2.220076 -0.300329 -0.167504
v -2.209533 -0.320374 -0.128177
v -2.198436 -0.335009 -0.086700
v -2.186922 -0.343818 -0.043697
v -2.175200 0.343818 -0.045292
v -2.175200 0.335009 -0.089752
v -2.175200 0.320374 -0.132686
v -2.175200 0.300329 -0.173400
v -2.175200 0.275151 -0.211132
v -2.175200 0.245257 -0.245257
v -2.175200 0.211132 -0.275151
v -2.175200 0.173400 -0.300329
v -2.175200 0.132686 -0.320374
v -2.175200 0.089752 -0.335009
v -2.175200 0.045292 -0.343818
v -2.175200 -0.000000 -0.346800
v -2.175200 -0.045292 -0.343818
v -2.175200 -0.089752 -0.335009
v -2.175200 -0.132686 -0.320374
v -2.175200 -0.173400 -0.300329
v -2.175200 -0.211132 -0.275151
v -2.175200 -0.245257 -0.245257
v -2.175200 -0.275151 -0.211132
v -2.175200 -0.300329 -0.173400
v -2.175200 -0.320374 -0.132686
v -2.175200 -0.335009 -0.089752
v -2.175200 -0.343818 -0.045292
v -2.163478 0.343818 -0.043697
v -2.151964 0.335009 -0.086700
v -2.140867 0.320374 -0.128177
v -2.130324 0.300329 -0.167504
v -2.120544 0.275151 -0.203918
v -2.111736 0.245257 -0.236864
v -2.103967 0.211132 -0.265788
v -2.097447 0.173400 -0.290133
v -2.092245 0.132686 -0.309484
v -2.088500 0.089752 -0.323564
v -2.086211 0.045292 -0.332096
v -2.085448 -0.000000 -0.335009
v -2.086211 -0.045292 -0.332096
v -2.088500 -0.089752 -0.323564
v -2.092245 -0.132686 -0.309484
v -2.097447 -0.173400 -0.290133
v -2.103967 -0.211132 -0.265788
v -2.111736 -0.245257 -0.236864
v -2.120544 -0.275151 -0.203918
v -2.130324 -0.300329 -0.167504
v -2.140867 -0.320374 -0.128177
v -2.151964 -0.335009 -0.086700
v -2.163478 -0.343818 -0.043697
v -2.152589 0.343818 -0.039188
v -2.130324 0.335009 -0.077753
v -2.108822 0.320374 -0.114930
v -2.088500 0.300329 -0.150164
v -2.069634 0.275151 -0.182833
v -2.052572 0.245257 -0.212380
v -2.037659 0.211132 -0.238252
v -2.025036 0.173400 -0.260100
v -2.014978 0.132686 -0.277509
v -2.007696 0.089752 -0.290133
v -2.003257 0.045292 -0.297762
v -2.001800 -0.000000 -0.300329
v -2.003257 -0.045292 -0.297762
v -2.007696 -0.089752 -0.290133
v -2.014978 -0.132686 -0.277509
v -2.025036 -0.173400 -0.260100
v -2.037659 -0.211132 -0.238252
v -2.052572 -0.245257 -0.212380
v -2.069634 -0.275151 -0.182833
v -2.088500 -0.300329 -0.150164
v -2.108822 -0.320374 -0.114930
v -2.130324 -0.335009 -0.077753
v -2.152589 -0.343818 -0.039188
v -2.143225 0.343818 -0.031975
v -2.111736 0.335009 -0.063464
v -2.081356 0.320374 -0.093844
v -2.052572 0.300329 -0.122628
v -2.025937 0.275151 -0.149263
v -2.001800 0.245257 -0.173400
v -1.980645 0.211132 -0.194555
v -1.962820 0.173400 -0.212380
v -1.948670 0.132686 -0.226530
v -1.938336 0.089752 -0.236864
v -1.932093 0.045292 -0.243107
v -1.929943 -0.000000 -0.245257
v -1.932093 -0.045292 -0.243107
v -1.938336 -0.089752 -0.236864
v -1.948670 -0.132686 -0.226530
v -1.962820 -0.173400 -0.212380
v -1.980645 -0.211132 -0.194555
v -2.001800 -0.245257 -0.173400
v -2.025937 -0.275151 -0.149263
v -2.052572 -0.300329 -0.122628
v -2.081356 -0.320374 -0.093844
v -2.111736 -0.335009 -0.063464
v -2.143225 -0.343818 -0.031975
v -2.136012 0.343818 -0.022611
v -2.097447 0.335009 -0.044876
v -2.060271 0.320374 -0.066378
v -2.025036 0.300329 -0.086700
v -1.992367 0.275151 -0.105566
v -1.962820 0.245257 -0.122628
v -1.936948 0.211132 -0.137541
v -1.915100 0.173400 -0.150164
v -1.897691 0.132686 -0.160222
v -1.885067 0.089752 -0.167504
v -1.877437 0.045292 -0.171943
v -1.874871 -0.000000 -0.173400
v -1.877437 -0.045292 -0.171943
v -1.885067 -0.089752 -0.167504
v -1.897691 -0.132686 -0.160222
v -1.915100 -0.173400 -0.150164
v -1.936948 -0.211132 -0.137541
v -1.962820 -0.245257 -0.122628
v -1.992367 -0.275151 -0.105566
v -2.025036 -0.300329 -0.086700
v -2.060271 -0.320374 -0.066378
v -2.097447 -0.335009 -0.044876
v -2.136012 -0.343818 -0.022611
v -2.131503 0.343818 -0.011722
v -2.088500 0.335009 -0.023236
v -2.047023 0.320374 -0.034333
v -2.007696 0.300329 -0.044876
v -1.971282 0.275151 -0.054656
v -1.938336 0.245257 -0.063464
v -1.909413 0.211132 -0.071233
v -1.885067 0.173400 -0.077753
v -1.865716 0.132686 -0.082955
v -1.851636 0.089752 -0.086700
v -1.843104 0.045292 -0.088989
v -1.840191 -0.000000 -0.089752
v -1.843104 -0.045292 -0.088989
v -1.851636 -0.089752 -0.086700
v -1.865716 -0.132686 -0.082955
v -1.885067 -0.173400 -0.077753
v -1.909413 -0.211132 -0.071233
v -1.938336 -0.245257 -0.063464
v -1.971282 -0.275151 -0.054656
v -2.007696 -0.300329 -0.044876
v -2.047023 -0.320374 -0.034333
v -2.088500 -0.335009 -0.023236
v -2.131503 -0.343818 -0.011722
vt 1.000000 1.000000
vt 0.958333 0.958333
vt 1.000000 0.958333
vt 0.958333 0.916667
vt 1.000000 0.916667
vt 0.958333 0.875000
vt 1.000000 0.875000
vt 0.958333 0.833333
vt 1.000000 0.833333
vt 0.958333 0.791667
vt 1.000000 0.791667
vt 0.958333 0.750000
vt 1.000000 0.750000
vt 0.958333 0.708333
vt 1.000000 0.708333
vt 0.958333 0.666667
vt 1.000000 0.666667
vt 0.958333 0.625000
vt 1.000000 0.625000
vt 0.958333 0.583333
vt 1.000000 0.583333
vt 0.958333 0.541667
vt 1.000000 0.541667
vt 0.958333 0.500000
vt 1.000000 0.500000
vt 0.958333 0.458333
vt 1.000000 0.458333
vt 0.958333 0.416667
vt 1.000000 0.416667
vt 0.958333 0.375000
vt 1.000000 0.375000
vt 0.958333 0.333333
vt 1.000000 0.333333
vt 0.958333 0.291667
vt 1.000000 0.291667
vt 0.958333 0.250000
vt 1.000000 0.250000
vt 0.958333 0.208333
vt 1.000000 0.208333
vt 0.958333 0.166667
vt 1.000000 0.166667
vt 0.958333 0.125000
vt 1.000000 0.125000
vt 0.958333 0.083333
vt 1.000000 0.083333
vt 0.958333 0.041667
vt 1.000000 0.041667
vt 0.958333 0.000000
vt 0.958333 1.000000
vt 0.916667 0.958333
vt 0.916667 0.916667
vt 0.916667 0.875000
vt 0.916667 0.833333
vt 0.916667 0.791667
vt 0.916667 0.750000
vt 0.916667 0.708333
vt 0.916667 0.666667
vt 0.916667 0.625000
vt 0.916667 0.583333
vt 0.916667 0.541667
vt 0.916667 0.500000
vt 0.916667 0.458333
vt 0.916667 0.416667
vt 0.916667 0.375000
vt 0.916667 0.333333
vt 0.916667 0.291667
vt 0.916667 0.250000
vt 0.916667 0.208333
vt 0.916667 0.166667
vt 0.916667 0.125000
vt 0.916667 0.083333
vt 0.916667 0.041667
vt 0.916667 0.000000
vt 0.916667 1.000000
vt 0.875000 0.958333
vt 0.875000 0.916667
vt 0.875000 0.875000
vt 0.875000 0.833333
vt 0.875000 0.791667
vt 0.875000 0.750000
vt 0.875000 0.708333
vt 0.875000 0.666667
vt 0.875000 0.625000
vt 0.875000 0.583333
vt 0.875000 0.541667
vt 0.875000 0.500000
vt 0.875000 0.458333
vt 0.875000 0.416667
vt 0.875000 0.375000
vt 0.875000 0.333333
vt 0.875000 0.291667
vt 0.875000 0.250000
vt 0.875000 0.208333
vt 0.875000 0.166667
vt 0.875000 0.125000
vt 0.875000 0.083333
vt 0.875000 0.041667
vt 0.875000 0.000000
vt 0.875000 1.000000
vt 0.833333 0.958333
vt 0.833333 0.916667
vt 0.833333 0.875000
vt 0.833333 0.833333
vt 0.833333 0.791667
vt 0.833333 0.750000
vt 0.833333 0.708333
vt 0.833333 0.666667
vt 0.833333 0.625000
vt 0.833333 0.583333
vt 0.833333 0.541667
vt 0.833333 0.500000
vt 0.833333 0.458333
vt 0.833333 0.416667
vt 0.833333 0.375000
vt 0.833333 0.333333
vt 0.833333 0.291667
vt 0.833333 0.250000
vt 0.833333 0.208333
vt 0.833333 0.166667
vt 0.833333 0.125000
vt 0.833333 0.083333
vt 0.833333 0.041667
vt 0.833333 0.000000
vt 0.833333 1.000000
vt 0.791667 0.958333
vt 0.791667 0.916667
vt 0.791667 0.875000
vt 0.791667 0.833333
vt 0.791667 0.791667
vt 0.791667 0.750000
vt 0.791667 0.708333
vt 0.791667 0.666667
vt 0.791667 0.625000
vt 0.791667 0.583333
vt 0.791667 0.541667
vt 0.791667 0.500000
vt 0.791667 0.458333
vt 0.791667 0.416667
vt 0.791667 0.375000
vt 0.791667 0.333333
vt 0.791667 0.291667
vt 0.791667 0.250000
vt 0.791667 0.208333
vt 0.791667 0.166667
vt 0.791667 0.125000
vt 0.791667 0.083333
vt 0.791667 0.041667
vt 0.791667 0.000000
vt 0.791667 1.000000
vt 0.750000 0.958333
vt 0.750000 0.916667
vt 0.750000 0.875000
vt 0.750000 0.833333
vt 0.750000 0.791667
vt 0.750000 0.750000
vt 0.750000 0.708333
vt 0.750000 0.666667
vt 0.750000 0.625000
vt 0.750000 0.583333
vt 0.750000 0.541667
vt 0.750000 0.500000
vt 0.750000 0.458333
vt 0.750000 0.416667
vt 0.750000 0.375000
vt 0.750000 0.333333
vt 0.750000 0.291667
vt 0.750000 0.250000
vt 0.750000 0.208333
vt 0.750000 0.166667
vt 0.750000 0.125000
vt 0.750000 0.083333
vt 0.750000 0.041667
vt 0.750000 0.000000
vt 0.750000 1.000000
vt 0.708333 0.958333
vt 0.708333 0.916667
vt 0.708333 0.875000
vt 0.708333 0.833333
vt 0.708333 0.791667
vt 0.708333 0.750000
vt 0.708333 0.708333
vt 0.708333 0.666667
vt 0.708333 0.625000
vt 0.708333 0.583333
vt 0.708333 0.541667
vt 0.708333 0.500000
vt 0.708333 0.458333
vt 0.708333 0.416667
vt 0.708333 0.375000
vt 0.708333 0.333333
vt 0.708333 0.291667
vt 0.708333 0.250000
vt 0.708333 0.208333
vt 0.708333 0.166667
vt 0.708333 0.125000
vt 0.708333 0.083333
vt 0.708333 0.041667
vt 0.708333 0.000000
vt 0.708333 1.000000
vt 0.666667 0.958333
vt 0.666667 0.916667
vt 0.666667 0.875000
vt 0.666667 0.833333
vt 0.666667 0.791667
vt 0.666667 0.750000
vt 0.666667 0.708333
vt 0.666667 0.666667
vt 0.666667 0.625000
vt 0.666667 0.583333
vt 0.666667 0.541667
vt 0.666667 0.500000
vt 0.666667 0.458333
vt 0.666667 0.416667
vt 0.666667 0.375000
vt 0.666667 0.333333
vt 0.666667 0.291667
vt 0.666667 0.250000
vt 0.666667 0.208333
vt 0.666667 0.166667
vt 0.666667 0.125000
vt 0.666667 0.083333
vt 0.666667 0.041667
vt 0.666667 0.000000
vt 0.666667 1.000000
vt 0.625000 0.958333
vt 0.625000 0.916667
vt 0.625000 0.875000
vt 0.625000 0.833333
vt 0.625000 0.791667
vt 0.625000 0.750000
vt 0.625000 0.708333
vt 0.625000 0.666667
vt 0.625000 0.625000
vt 0.625000 0.583333
vt 0.625000 0.541667
vt 0.625000 0.500000
vt 0.625000 0.458333
vt 0.625000 0.416667
vt 0.625000 0.375000
vt 0.625000 0.333333
vt 0.625000 0.291667
vt 0.625000 0.250000
vt 0.625000 0.208333
vt 0.625000 0.166667
vt 0.625000 0.125000
vt 0.625000 0.083333
vt 0.625000 0.041667
vt 0.625000 0.000000
vt 0.625000 1.000000
vt 0.583333 0.958333
vt 0.583333 0.916667
vt 0.583333 0.875000
vt 0.583333 0.833333
vt 0.583333 0.791667
vt 0.583333 0.750000
vt 0.583333 0.708333
vt 0.583333 0.666667
vt 0.583333 0.625000
vt 0.583333 0.583333
vt 0.583333 0.541667
vt 0.583333 0.500000
vt 0.583333 0.458333
vt 0.583333 0.416667
vt 0.583333 0.375000
vt 0.583333 0.333333
vt 0.583333 0.291667
vt 0.583333 0.250000
vt 0.583333 0.208333
vt 0.583333 0.166667
vt 0.583333 0.125000
vt 0.583333 0.083333
vt 0.583333 0.041667
vt 0.583333 0.000000
vt 0.583333 1.000000
vt 0.541667 0.958333
vt 0.541667 0.916667
vt 0.541667 0.875000
vt 0.541667 0.833333
vt 0.541667 0.791667
vt 0.541667 0.750000
vt 0.541667 0.708333
vt 0.541667 0.666667
vt 0.541667 0.625000
vt 0.541667 0.583333
vt 0.541667 0.541667
vt 0.541667 0.500000
vt 0.541667 0.458333
vt 0.541667 0.416667
vt 0.541667 0.375000
vt 0.541667 0.333333
vt 0.541667 0.291667
vt 0.541667 0.250000
vt 0.541667 0.208333
vt 0.541667 0.166667
vt 0.541667 0.125000
vt 0.541667 0.083333
vt 0.541667 0.041667
vt 0.541667 0.000000
vt 0.541667 1.000000
vt 0.500000 0.958333
vt 0.500000 0.916667
vt 0.500000 0.875000
vt 0.500000 0.833333
vt 0.500000 0.791667
vt 0.500000 0.750000
vt 0.500000 0.708333
vt 0.500000 0.666667
vt 0.500000 0.625000
vt 0.500000 0.583333
vt 0.500000 0.541667
vt 0.500000 0.500000
vt 0.500000 0.458333
vt 0.500000 0.416667
vt 0.500000 0.375000
vt 0.500000 0.333333
vt 0.500000 0.291667
vt 0.500000 0.250000
vt 0.500000 0.208333
vt 0.500000 0.166667
vt 0.500000 0.125000
vt 0.500000 0.083333
vt 0.500000 0.041667
vt 0.500000 0.000000
vt 0.500000 1.000000
vt 0.458333 0.958333
vt 0.458333 0.916667
vt 0.458333 0.875000
vt 0.458333 0.833333
vt 0.458333 0.791667
vt 0.458333 0.750000
vt 0.458333 0.708333
vt 0.458333 0.666667
vt 0.458333 0.625000
vt 0.458333 0.583333
vt 0.458333 0.541667
vt 0.458333 0.500000
vt 0.458333 0.458333
vt 0.458333 0.416667
vt 0.458333 0.375000
vt 0.458333 0.333333
vt 0.458333 0.291667
vt 0.458333 0.250000
vt 0.458333 0.208333
vt 0.458333 0.166667
vt 0.458333 0.125000
vt 0.458333 0.083333
vt 0.458333 0.041667
vt 0.458333 0.000000
vt 0.458333 1.000000
vt 0.416667 0.958333
vt 0.416667 0.916667
vt 0.416667 0.875000
vt 0.416667 0.833333
vt 0.416667 0.791667
vt 0.416667 0.750000
vt 0.416667 0.708333
vt 0.416667 0.666667
vt 0.416667 0.625000
vt 0.416667 0.583333
vt 0.416667 0.541667
vt 0.416667 0.500000
vt 0.416667 0.458333
vt 0.416667 0.416667
vt 0.416667 0.375000
vt 0.416667 0.333333
vt 0.416667 0.291667
vt 0.416667 0.250000
vt 0.416667 0.208333
vt 0.416667 0.166667
vt 0.416667 0.125000
vt 0.416667 0.083333
vt 0.416667 0.041667
vt 0.416667 0.000000
vt 0.416667 1.000000
vt 0.375000 0.958333
vt 0.375000 0.916667
vt 0.375000 0.875000
vt 0.375000 0.833333
vt 0.375000 0.791667
vt 0.375000 0.750000
vt 0.375000 0.708333
vt 0.375000 0.666667
vt 0.375000 0.625000
vt 0.375000 0.583333
vt 0.375000 0.541667
vt 0.375000 0.500000
vt 0.375000 0.458333
vt 0.375000 0.416667
vt 0.375000 0.375000
vt 0.375000 0.333333
vt 0.375000 0.291667
vt 0.375000 0.250000
vt 0.375000 0.208333
vt 0.375000 0.166667
vt 0.375000 0.125000
vt 0.375000 0.083333
vt 0.375000 0.041667
vt 0.375000 0.000000
vt 0.375000 1.000000
vt 0.333333 0.958333
vt 0.333333 0.916667
vt 0.333333 0.875000
vt 0.333333 0.833333
vt 0.333333 0.791667
vt 0.333333 0.750000
vt 0.333333 0.708333
vt 0.333333 0.666667
vt 0.333333 0.625000
vt 0.333333 0.583333
vt 0.333333 0.541667
vt 0.333333 0.500000
vt 0.333333 0.458333
vt 0.333333 0.416667
vt 0.333333 0.375000
vt 0.333333 0.333333
vt 0.333333 0.291667
vt 0.333333 0.250000
vt 0.333333 0.208333
vt 0.333333 0.166667
vt 0.333333 0.125000
vt 0.333333 0.083333
vt 0.333333 0.041667
vt 0.333333 0.000000
vt 0.333333 1.000000
vt 0.291667 0.958333
vt 0.291667 0.916667
vt 0.291667 0.875000
vt 0.291667 0.833333
vt 0.291667 0.791667
vt 0.291667 0.750000
vt 0.291667 0.708333
vt 0.291667 0.666667
vt 0.291667 0.625000
vt 0.291667 0.583333
vt 0.291667 0.541667
vt 0.291667 0.500000
vt 0.291667 0.458333
vt 0.291667 0.416667
vt 0.291667 0.375000
vt 0.291667 0.333333
vt 0.291667 0.291667
vt 0.291667 0.250000
vt 0.291667 0.208333
vt 0.291667 0.166667
vt 0.291667 0.125000
vt 0.291667 0.083333
vt 0.291667 0.041667
vt 0.291667 0.000000
vt 0.291667 1.000000
vt 0.250000 0.958333
vt 0.250000 0.916667
vt 0.250000 0.875000
vt 0.250000 0.833333
vt 0.250000 0.791667
vt 0.250000 0.750000
vt 0.250000 0.708333
vt 0.250000 0.666667
vt 0.250000 0.625000
vt 0.250000 0.583333
vt 0.250000 0.541667
vt 0.250000 0.500000
vt 0.250000 0.458333
vt 0.250000 0.416667
vt 0.250000 0.375000
vt 0.250000 0.333333
vt 0.250000 0.291667
vt 0.250000 0.250000
vt 0.250000 0.208333
vt 0.250000 0.166667
vt 0.250000 0.125000
vt 0.250000 0.083333
vt 0.250000 0.041667
vt 0.250000 0.000000
vt 0.250000 1.000000
vt 0.208333 0.958333
vt 0.208333 0.916667
vt 0.208333 0.875000
vt 0.208333 0.833333
vt 0.208333 0.791667
vt 0.208333 0.750000
vt 0.208333 0.708333
vt 0.208333 0.666667
vt 0.208333 0.625000
vt 0.208333 0.583333
vt 0.208333 0.541667
vt 0.208333 0.500000
vt 0.208333 0.458333
vt 0.208333 0.416667
vt 0.208333 0.375000
vt 0.208333 0.333333
vt 0.208333 0.291667
vt 0.208333 0.250000
vt 0.208333 0.208333
vt 0.208333 0.166667
vt 0.208333 0.125000
vt 0.208333 0.083333
vt 0.208333 0.041667
vt 0.208333 0.000000
vt 0.208333 1.000000
vt 0.166667 0.958333
vt 0.166667 0.916667
vt 0.166667 0.875000
vt 0.166667 0.833333
vt 0.166667 0.791667
vt 0.166667 0.750000
vt 0.166667 0.708333
vt 0.166667 0.666667
vt 0.166667 0.625000
vt 0.166667 0.583333
vt 0.166667 0.541667
vt 0.166667 0.500000
vt 0.166667 0.458333
vt 0.166667 0.416667
vt 0.166667 0.375000
vt 0.166667 0.333333
vt 0.166667 0.291667
vt 0.166667 0.250000
vt 0.166667 0.208333
vt 0.166667 0.166667
vt 0.166667 0.125000
vt 0.166667 0.083333
vt 0.166667 0.041667
vt 0.166667 0.000000
vt 0.166667 1.000000
vt 0.125000 0.958333
vt 0.125000 0.916667
vt 0.125000 0.875000
vt 0.125000 0.833333
vt 0.125000 0.791667
vt 0.125000 0.750000
vt 0.125000 0.708333
vt 0.125000 0.666667
vt 0.125000 0.625000
vt 0.125000 0.583333
vt 0.125000 0.541667
vt 0.125000 0.500000
vt 0.125000 0.458333
vt 0.125000 0.416667
vt 0.125000 0.375000
vt 0.125000 0.333333
vt 0.125000 0.291667
vt 0.125000 0.250000
vt 0.125000 0.208333
vt 0.125000 0.166667
vt 0.125000 0.125000
vt 0.125000 0.083333
vt 0.125000 0.041667
vt 0.125000 0.000000
vt 0.125000 1.000000
vt 0.083333 0.958333
vt 0.083333 0.916667
vt 0.083333 0.875000
vt 0.083333 0.833333
vt 0.083333 0.791667
vt 0.083333 0.750000
vt 0.083333 0.708333
vt 0.083333 0.666667
vt 0.083333 0.625000
vt 0.083333 0.583333
vt 0.083333 0.541667
vt 0.083333 0.500000
vt 0.083333 0.458333
vt 0.083333 0.416667
vt 0.083333 0.375000
vt 0.083333 0.333333
vt 0.083333 0.291667
vt 0.083333 0.250000
vt 0.083333 0.208333
vt 0.083333 0.166667
vt 0.083333 0.125000
vt 0.083333 0.083333
vt 0.083333 0.041667
vt 0.083333 0.000000
vt 0.083333 1.000000
vt 0.041667 0.958333
vt 0.041667 0.916667
vt 0.041667 0.875000
vt 0.041667 0.833333
vt 0.041667 0.791667
vt 0.041667 0.750000
vt 0.041667 0.708333
vt 0.041667 0.666667
vt 0.041667 0.625000
vt 0.041667 0.583333
vt 0.041667 0.541667
vt 0.041667 0.500000
vt 0.041667 0.458333
vt 0.041667 0.416667
vt 0.041667 0.375000
vt 0.041667 0.333333
vt 0.041667 0.291667
vt 0.041667 0.250000
vt 0.041667 0.208333
vt 0.041667 0.166667
vt 0.041667 0.125000
vt 0.041667 0.083333
vt 0.041667 0.041667
vt 0.041667 0.000000
vt 0.041667 1.000000
vt 0.000000 0.958333
vt 0.000000 0.916667
vt 0.000000 0.875000
vt 0.000000 0.833333
vt 0.000000 0.791667
vt 0.000000 0.750000
vt 0.000000 0.708333
vt 0.000000 0.666667
vt 0.000000 0.625000
vt 0.000000 0.583333
vt 0.000000 0.541667
vt 0.000000 0.500000
vt 0.000000 0.458333
vt 0.000000 0.416667
vt 0.000000 0.375000
vt 0.000000 0.333333
vt 0.000000 0.291667
vt 0.000000 0.250000
vt 0.000000 0.208333
vt 0.000000 0.166667
vt 0.000000 0.125000
vt 0.000000 0.083333
vt 0.000000 0.041667
vt 0.000000 0.000000
vn -0.000000 1.000000 0.000000
vn 0.125800 0.991500 0.033800
vn 0.130200 0.991500 -0.000000
vn 0.250200 0.965900 0.067000
vn 0.259000 0.965900 0.000000
vn 0.370000 0.923800 0.099000
vn 0.382900 0.923800 0.000000
vn 0.482500 0.866300 0.129300
vn 0.499500 0.866300 -0.000000
vn 0.587700 0.793600 0.157500
vn 0.608400 0.793700 -0.000000
vn 0.682900 0.707200 0.183100
vn 0.706900 0.707300 -0.000000
vn 0.766400 0.608700 0.205500
vn 0.793500 0.608600 -0.000000
vn 0.836600 0.499800 0.224100
vn 0.866300 0.499500 0.000000
vn 0.892500 0.382600 0.238900
vn 0.923900 0.382700 0.000000
vn 0.933100 0.258800 0.249900
vn 0.965900 0.258900 -0.000000
vn 0.957700 0.130600 0.256500
vn 0.991400 0.130600 -0.000000
vn 0.965900 0.000000 0.258800
vn 1.000000 0.000000 0.000000
vn 0.957700 -0.130600 0.256500
vn 0.991400 -0.130600 -0.000000
vn 0.933000 -0.258800 0.249900
vn 0.965900 -0.258900 -0.000000
vn 0.892500 -0.382600 0.238900
vn 0.923900 -0.382600 -0.000000
vn 0.836600 -0.499800 0.224100
vn 0.866300 -0.499500 -0.000000
vn 0.766400 -0.608700 0.205500
vn 0.793500 -0.608600 -0.000000
vn 0.682900 -0.707200 0.183100
vn 0.706900 -0.707300 -0.000000
vn 0.587700 -0.793600 0.157500
vn 0.608400 -0.793700 -0.000000
vn 0.482500 -0.866300 0.129300
vn 0.499500 -0.866300 -0.000000
vn 0.370000 -0.923800 0.099000
vn 0.382900 -0.923800 0.000000
vn 0.250200 -0.965900 0.067000
vn 0.259000 -0.965900 -0.000000
vn 0.125800 -0.991500 0.033800
vn 0.130200 -0.991500 0.000000
vn -0.000000 -1.000000 -0.000000
vn 0.112700 0.991500 0.065200
vn 0.224200 0.965900 0.129400
vn 0.331700 0.923800 0.191400
vn 0.432700 0.866200 0.249800
vn 0.526900 0.793600 0.304300
vn 0.612300 0.707100 0.353600
vn 0.687100 0.608600 0.396800
vn 0.749900 0.500000 0.433200
vn 0.800000 0.382700 0.462100
vn 0.836500 0.258800 0.483000
vn 0.858600 0.130700 0.495700
vn 0.866100 0.000000 0.499900
vn 0.858600 -0.130700 0.495700
vn 0.836500 -0.258800 0.483000
vn 0.800000 -0.382600 0.462100
vn 0.749900 -0.500000 0.433100
vn 0.687100 -0.608600 0.396800
vn 0.612300 -0.707100 0.353600
vn 0.526900 -0.793600 0.304300
vn 0.432700 -0.866200 0.249800
vn 0.331700 -0.923700 0.191500
vn 0.224200 -0.965900 0.129400
vn 0.112700 -0.991500 0.065100
vn 0.092000 0.991500 0.092000
vn 0.183100 0.965900 0.183100
vn 0.270800 0.923800 0.270800
vn 0.353400 0.866200 0.353400
vn 0.430200 0.793600 0.430200
vn 0.500000 0.707100 0.500000
vn 0.561100 0.608600 0.561100
vn 0.612400 0.499900 0.612400
vn 0.653300 0.382700 0.653300
vn 0.683000 0.258800 0.683000
vn 0.701100 0.130600 0.701100
vn 0.707100 0.000000 0.707100
vn 0.701100 -0.130600 0.701100
vn 0.683000 -0.258800 0.683000
vn 0.653300 -0.382700 0.653300
vn 0.612400 -0.500000 0.612400
vn 0.561100 -0.608600 0.561100
vn 0.500000 -0.707100 0.500000
vn 0.430200 -0.793600 0.430200
vn 0.353400 -0.866200 0.353400
vn 0.270800 -0.923800 0.270800
vn 0.183100 -0.965900 0.183100
vn 0.092100 -0.991500 0.092100
vn 0.065100 0.991500 0.112700
vn 0.129400 0.965900 0.224200
vn 0.191400 0.923800 0.331700
vn 0.249800 0.866200 0.432700
vn 0.304300 0.793600 0.526900
vn 0.353600 0.707100 0.612400
vn 0.396800 0.608600 0.687100
vn 0.433200 0.500000 0.749900
vn 0.462100 0.382700 0.800000
vn 0.483100 0.258700 0.836500
vn 0.495700 0.130800 0.858600
vn 0.499900 -0.000000 0.866100
vn 0.495700 -0.130700 0.858600
vn 0.483100 -0.258700 0.836500
vn 0.462100 -0.382700 0.800000
vn 0.433200 -0.500000 0.749900
vn 0.396800 -0.608700 0.687100
vn 0.353600 -0.707100 0.612300
vn 0.304300 -0.793600 0.526900
vn 0.249800 -0.866200 0.432700
vn 0.191400 -0.923800 0.331700
vn 0.129400 -0.965900 0.224200
vn 0.065100 -0.991500 0.112700
vn 0.033800 0.991500 0.125800
vn 0.067000 0.965900 0.250200
vn 0.099000 0.923800 0.370000
vn 0.129300 0.866300 0.482500
vn 0.157500 0.793600 0.587700
vn 0.183100 0.707200 0.682900
vn 0.205500 0.608700 0.766400
vn 0.224100 0.499800 0.836600
vn 0.238900 0.382600 0.892500
vn 0.249900 0.258900 0.933000
vn 0.256500 0.130600 0.957700
vn 0.258800 -0.000000 0.965900
vn 0.256500 -0.130600 0.957700
vn 0.249900 -0.258700 0.933100
vn 0.238900 -0.382600 0.892500
vn 0.224100 -0.499800 0.836600
vn 0.205500 -0.608700 0.766400
vn 0.183100 -0.707200 0.682900
vn 0.157500 -0.793600 0.587700
vn 0.129300 -0.866300 0.482500
vn 0.099000 -0.923800 0.370000
vn 0.067000 -0.965900 0.250200
vn 0.033800 -0.991500 0.125800
vn -0.000000 0.991500 0.130200
vn -0.000000 0.965900 0.259000
vn -0.000000 0.923800 0.382900
vn 0.000000 0.866300 0.499500
vn 0.000000 0.793700 0.608400
vn 0.000000 0.707300 0.706900
vn 0.000000 0.608600 0.793500
vn 0.000000 0.499400 0.866300
vn 0.000000 0.382600 0.923900
vn -0.000000 0.258900 0.965900
vn -0.000000 0.130600 0.991400
vn 0.000000 -0.000000 1.000000
vn -0.000000 -0.130600 0.991400
vn -0.000000 -0.258900 0.965900
vn 0.000000 -0.382700 0.923900
vn 0.000000 -0.499500 0.866300
vn 0.000000 -0.608600 0.793500
vn 0.000000 -0.707300 0.706900
vn 0.000000 -0.793700 0.608400
vn 0.000000 -0.866300 0.499500
vn -0.000000 -0.923800 0.382900
vn -0.000000 -0.965900 0.259000
vn -0.000000 -0.991500 0.130200
vn -0.033800 0.991500 0.125800
vn -0.067000 0.965900 0.250200
vn -0.099000 0.923800 0.370000
vn -0.129300 0.866300 0.482500
vn -0.157500 0.793600 0.587700
vn -0.183100 0.707200 0.682900
vn -0.205500 0.608700 0.766400
vn -0.224100 0.499800 0.836600
vn -0.238900 0.382600 0.892500
vn -0.249900 0.258700 0.933100
vn -0.256500 0.130600 0.957700
vn -0.258800 -0.000000 0.965900
vn -0.256500 -0.130600 0.957700
vn -0.249900 -0.258800 0.933000
vn -0.238900 -0.382600 0.892500
vn -0.224100 -0.499800 0.836600
vn -0.205500 -0.608700 0.766400
vn -0.183100 -0.707200 0.682900
vn -0.157500 -0.793600 0.587700
vn -0.129300 -0.866300 0.482500
vn -0.099000 -0.923800 0.370000
vn -0.067000 -0.965900 0.250200
vn -0.033800 -0.991500 0.125800
vn -0.065100 0.991500 0.112700
vn -0.129400 0.965900 0.224200
vn -0.191400 0.923800 0.331700
vn -0.249800 0.866200 0.432700
vn -0.304300 0.793600 0.526900
vn -0.353600 0.707100 0.612300
vn -0.396800 0.608700 0.687100
vn -0.433200 0.500000 0.749900
vn -0.462100 0.382600 0.800000
vn -0.483100 0.258700 0.836500
vn -0.495700 0.130700 0.858600
vn -0.499900 0.000000 0.866100
vn -0.495700 -0.130700 0.858600
vn -0.483100 -0.258700 0.836500
vn -0.462100 -0.382700 0.800000
vn -0.433100 -0.500000 0.749900
vn -0.396800 -0.608700 0.687100
vn -0.353600 -0.707100 0.612300
vn -0.304300 -0.793600 0.526900
vn -0.249800 -0.866200 0.432700
vn -0.191500 -0.923700 0.331700
vn -0.129400 -0.965900 0.224200
vn -0.065200 -0.991500 0.112700
vn -0.092000 0.991500 0.092000
vn -0.183100 0.965900 0.183100
vn -0.270800 0.923800 0.270800
vn -0.353400 0.866200 0.353400
vn -0.430200 0.793600 0.430200
vn -0.500000 0.707100 0.500000
vn -0.561100 0.608600 0.561100
vn -0.612400 0.499900 0.612400
vn -0.653300 0.382700 0.653300
vn -0.683000 0.258800 0.683000
vn -0.701100 0.130600 0.701100
vn -0.707100 0.000000 0.707100
vn -0.701100 -0.130600 0.701100
vn -0.683000 -0.258800 0.683000
vn -0.653300 -0.382700 0.653300
vn -0.612400 -0.499900 0.612400
vn -0.561100 -0.608600 0.561100
vn -0.500000 -0.707100 0.500000
vn -0.430200 -0.793600 0.430200
vn -0.353400 -0.866200 0.353400
vn -0.270800 -0.923800 0.270800
vn -0.183100 -0.965900 0.183100
vn -0.092000 -0.991500 0.092000
vn -0.112700 0.991500 0.065200
vn -0.224200 0.965900 0.129400
vn -0.331700 0.923800 0.191400
vn -0.432700 0.866200 0.249800
vn -0.526900 0.793600 0.304300
vn -0.612300 0.707100 0.353600
vn -0.687100 0.608600 0.396800
vn -0.749900 0.500000 0.433100
vn -0.800000 0.382700 0.462100
vn -0.836500 0.258700 0.483100
vn -0.858600 0.130700 0.495700
vn -0.866100 0.000000 0.499900
vn -0.858600 -0.130600 0.495700
vn -0.836500 -0.258700 0.483100
vn -0.800000 -0.382700 0.462100
vn -0.749900 -0.500000 0.433200
vn -0.687100 -0.608600 0.396800
vn -0.612300 -0.707100 0.353600
vn -0.526900 -0.793600 0.304300
vn -0.432700 -0.866200 0.249800
vn -0.331700 -0.923700 0.191500
vn -0.224200 -0.965900 0.129400
vn -0.112700 -0.991500 0.065100
vn -0.125800 0.991500 0.033800
vn -0.250200 0.965900 0.067000
vn -0.370000 0.923800 0.099000
vn -0.482500 0.866300 0.129300
vn -0.587700 0.793600 0.157500
vn -0.682900 0.707200 0.183100
vn -0.766400 0.608700 0.205500
vn -0.836600 0.499800 0.224100
vn -0.892500 0.382600 0.238900
vn -0.933100 0.258700 0.249900
vn -0.957700 0.130600 0.256500
vn -0.965900 0.000000 0.258800
vn -0.957700 -0.130600 0.256600
vn -0.933000 -0.258800 0.249900
vn -0.892500 -0.382600 0.238900
vn -0.836600 -0.499800 0.224100
vn -0.766400 -0.608700 0.205500
vn -0.682900 -0.707200 0.183100
vn -0.587700 -0.793600 0.157500
vn -0.482500 -0.866300 0.129300
vn -0.370000 -0.923800 0.099000
vn -0.250200 -0.965900 0.067000
vn -0.125800 -0.991500 0.033800
vn -0.130200 0.991500 -0.000000
vn -0.259000 0.965900 -0.000000
vn -0.382900 0.923800 -0.000000
vn -0.499500 0.866300 0.000000
vn -0.608400 0.793700 0.000000
vn -0.706900 0.707300 0.000000
vn -0.793500 0.608600 0.000000
vn -0.866300 0.499500 0.000000
vn -0.923900 0.382600 0.000000
vn -0.965900 0.258900 -0.000000
vn -0.991400 0.130600 -0.000000
vn -1.000000 0.000000 0.000000
vn -0.991400 -0.130600 -0.000000
vn -0.965900 -0.258900 -0.000000
vn -0.923900 -0.382700 0.000000
vn -0.866300 -0.499500 0.000000
vn -0.793500 -0.608600 0.000000
vn -0.706900 -0.707300 0.000000
vn -0.608400 -0.793700 0.000000
vn -0.499500 -0.866300 0.000000
vn -0.382900 -0.923800 -0.000000
vn -0.259000 -0.965900 -0.000000
vn -0.130200 -0.991500 0.000000
vn -0.125800 0.991500 -0.033800
vn -0.250200 0.965900 -0.067000
vn -0.370000 0.923800 -0.099000
vn -0.482500 0.866300 -0.129300
vn -0.587700 0.793600 -0.157500
vn -0.682900 0.707200 -0.183100
vn -0.766400 0.608700 -0.205500
vn -0.836600 0.499800 -0.224100
vn -0.892500 0.382600 -0.238900
vn -0.933100 0.258800 -0.249900
vn -0.957700 0.130600 -0.256600
vn -0.965900 0.000000 -0.258800
vn -0.957700 -0.130600 -0.256600
vn -0.933000 -0.258800 -0.249900
vn -0.892500 -0.382600 -0.238900
vn -0.836600 -0.499800 -0.224100
vn -0.766400 -0.608700 -0.205500
vn -0.682900 -0.707200 -0.183100
vn -0.587700 -0.793600 -0.157500
vn -0.482500 -0.866300 -0.129300
vn -0.370000 -0.923800 -0.099000
vn -0.250200 -0.965900 -0.067000
vn -0.125800 -0.991500 -0.033800
vn -0.112700 0.991500 -0.065200
vn -0.224200 0.965900 -0.129400
vn -0.331700 0.923800 -0.191400
vn -0.432700 0.866200 -0.249800
vn -0.526900 0.793600 -0.304300
vn -0.612300 0.707100 -0.353600
vn -0.687100 0.608600 -0.396800
vn -0.749900 0.500000 -0.433200
vn -0.800000 0.382700 -0.462100
vn -0.836500 0.258800 -0.483000
vn -0.858600 0.130700 -0.495700
vn -0.866100 0.000000 -0.499900
vn -0.858600 -0.130700 -0.495700
vn -0.836500 -0.258800 -0.483000
vn -0.800000 -0.382600 -0.462100
vn -0.749900 -0.500000 -0.433100
vn -0.687100 -0.608600 -0.396800
vn -0.612300 -0.707100 -0.353600
vn -0.526900 -0.793600 -0.304300
vn -0.432700 -0.866200 -0.249800
vn -0.331700 -0.923700 -0.191500
vn -0.224200 -0.965900 -0.129400
vn -0.112700 -0.991500 -0.065100
vn -0.092000 0.991500 -0.092000
vn -0.183100 0.965900 -0.183100
vn -0.270800 0.923800 -0.270800
vn -0.353400 0.866200 -0.353400
vn -0.430200 0.793600 -0.430200
vn -0.500000 0.707100 -0.500000
vn -0.561100 0.608600 -0.561100
vn -0.612400 0.499900 -0.612400
vn -0.653300 0.382700 -0.653300
vn -0.683000 0.258800 -0.683000
vn -0.701100 0.130600 -0.701100
vn -0.707100 0.000000 -0.707100
vn -0.701100 -0.130600 -0.701100
vn -0.683000 -0.258800 -0.683000
vn -0.653300 -0.382700 -0.653300
vn -0.612400 -0.500000 -0.612400
vn -0.561100 -0.608600 -0.561100
vn -0.500000 -0.707100 -0.500000
vn -0.430200 -0.793600 -0.430200
vn -0.353400 -0.866200 -0.353400
vn -0.270800 -0.923800 -0.270800
vn -0.183100 -0.965900 -0.183100
vn -0.092100 -0.991500 -0.092100
vn -0.065100 0.991500 -0.112700
vn -0.129400 0.965900 -0.224200
vn -0.191400 0.923800 -0.331700
vn -0.249800 0.866200 -0.432700
vn -0.304300 0.793600 -0.526900
vn -0.353600 0.707100 -0.612400
vn -0.396800 0.608600 -0.687100
vn -0.433200 0.500000 -0.749900
vn -0.462100 0.382700 -0.800000
vn -0.483100 0.258700 -0.836500
vn -0.495700 0.130800 -0.858600
vn -0.499900 0.000000 -0.866100
vn -0.495700 -0.130700 -0.858600
vn -0.483100 -0.258700 -0.836500
vn -0.462100 -0.382700 -0.800000
vn -0.433200 -0.500000 -0.749900
vn -0.396800 -0.608700 -0.687100
vn -0.353600 -0.707100 -0.612300
vn -0.304300 -0.793600 -0.526900
vn -0.249800 -0.866200 -0.432700
vn -0.191400 -0.923800 -0.331700
vn -0.129400 -0.965900 -0.224200
vn -0.065100 -0.991500 -0.112700
vn -0.033800 0.991500 -0.125800
vn -0.067000 0.965900 -0.250200
vn -0.099000 0.923800 -0.370000
vn -0.129300 0.866300 -0.482500
vn -0.157500 0.793600 -0.587700
vn -0.183100 0.707200 -0.682900
vn -0.205500 0.608700 -0.766400
vn -0.224100 0.499800 -0.836600
vn -0.238900 0.382600 -0.892500
vn -0.249900 0.258900 -0.933000
vn -0.256500 0.130600 -0.957700
vn -0.258800 -0.000000 -0.965900
vn -0.256500 -0.130600 -0.957700
vn -0.249900 -0.258700 -0.933100
vn -0.238900 -0.382600 -0.892500
vn -0.224100 -0.499800 -0.836600
vn -0.205500 -0.608700 -0.766400
vn -0.183100 -0.707200 -0.682900
vn -0.157500 -0.793600 -0.587700
vn -0.129300 -0.866300 -0.482500
vn -0.099000 -0.923800 -0.370000
vn -0.067000 -0.965900 -0.250200
vn -0.033800 -0.991500 -0.125800
vn 0.000000 0.991500 -0.130200
vn 0.000000 0.965900 -0.259000
vn 0.000000 0.923800 -0.382900
vn -0.000000 0.866300 -0.499500
vn -0.000000 0.793700 -0.608400
vn -0.000000 0.707300 -0.706900
vn -0.000000 0.608600 -0.793500
vn -0.000000 0.499400 -0.866300
vn -0.000000 0.382600 -0.923900
vn 0.000000 0.258900 -0.965900
vn 0.000000 0.130600 -0.991400
vn 0.000000 -0.000000 -1.000000
vn 0.000000 -0.130600 -0.991400
vn 0.000000 -0.258900 -0.965900
vn -0.000000 -0.382700 -0.923900
vn -0.000000 -0.499500 -0.866300
vn -0.000000 -0.608600 -0.793500
vn -0.000000 -0.707300 -0.706900
vn -0.000000 -0.793700 -0.608400
vn -0.000000 -0.866300 -0.499500
vn 0.000000 -0.923800 -0.382900
vn 0.000000 -0.965900 -0.259000
vn 0.000000 -0.991500 -0.130200
vn 0.033800 0.991500 -0.125800
vn 0.067000 0.965900 -0.250200
vn 0.099000 0.923800 -0.370000
vn 0.129300 0.866300 -0.482500
vn 0.157500 0.793600 -0.587700
vn 0.183100 0.707200 -0.682900
vn 0.205500 0.608700 -0.766400
vn 0.224100 0.499800 -0.836600
vn 0.238900 0.382600 -0.892500
vn 0.249900 0.258700 -0.933100
vn 0.256500 0.130600 -0.957700
vn 0.258800 -0.000000 -0.965900
vn 0.256500 -0.130600 -0.957700
vn 0.249900 -0.258800 -0.933000
vn 0.238900 -0.382600 -0.892500
vn 0.224100 -0.499800 -0.836600
vn 0.205500 -0.608700 -0.766400
vn 0.183100 -0.707200 -0.682900
vn 0.157500 -0.793600 -0.587700
vn 0.129300 -0.866300 -0.482500
vn 0.099000 -0.923800 -0.370000
vn 0.067000 -0.965900 -0.250200
vn 0.033800 -0.991500 -0.125800
vn 0.065100 0.991500 -0.112700
vn 0.129400 0.965900 -0.224200
vn 0.191400 0.923800 -0.331700
vn 0.249800 0.866200 -0.432700
vn 0.304300 0.793600 -0.526900
vn 0.353600 0.707100 -0.612300
vn 0.396800 0.608700 -0.687100
vn 0.433200 0.500000 -0.749900
vn 0.462100 0.382600 -0.800000
vn 0.483100 0.258700 -0.836500
vn 0.495700 0.130700 -0.858600
vn 0.499900 0.000000 -0.866100
vn 0.495700 -0.130700 -0.858600
vn 0.483100 -0.258700 -0.836500
vn 0.462100 -0.382700 -0.800000
vn 0.433100 -0.500000 -0.749900
vn 0.396800 -0.608700 -0.687100
vn 0.353600 -0.707100 -0.612300
vn 0.304300 -0.793600 -0.526900
vn 0.249800 -0.866200 -0.432700
vn 0.191500 -0.923700 -0.331700
vn 0.129400 -0.965900 -0.224200
vn 0.065200 -0.991500 -0.112700
vn 0.092000 0.991500 -0.092000
vn 0.183100 0.965900 -0.183100
vn 0.270800 0.923800 -0.270800
vn 0.353400 0.866200 -0.353400
vn 0.430200 0.793600 -0.430200
vn 0.500000 0.707100 -0.500000
vn 0.561100 0.608600 -0.561100
vn 0.612400 0.499900 -0.612400
vn 0.653300 0.382700 -0.653300
vn 0.683000 0.258800 -0.683000
vn 0.701100 0.130600 -0.701100
vn 0.707100 -0.000000 -0.707100
vn 0.701100 -0.130600 -0.701100
vn 0.683000 -0.258800 -0.683000
vn 0.653300 -0.382700 -0.653300
vn 0.612400 -0.499900 -0.612400
vn 0.561100 -0.608600 -0.561100
vn 0.500000 -0.707100 -0.500000
vn 0.430200 -0.793600 -0.430200
vn 0.353400 -0.866200 -0.353400
vn 0.270800 -0.923800 -0.270800
vn 0.183100 -0.965900 -0.183100
vn 0.092000 -0.991500 -0.092000
vn 0.112700 0.991500 -0.065200
vn 0.224200 0.965900 -0.129400
vn 0.331700 0.923800 -0.191400
vn 0.432700 0.866200 -0.249800
vn 0.526900 0.793600 -0.304300
vn 0.612300 0.707100 -0.353600
vn 0.687100 0.608600 -0.396800
vn 0.749900 0.500000 -0.433100
vn 0.800000 0.382700 -0.462100
vn 0.836500 0.258700 -0.483100
vn 0.858600 0.130700 -0.495700
vn 0.866100 0.000000 -0.499900
vn 0.858600 -0.130600 -0.495700
vn 0.836500 -0.258700 -0.483100
vn 0.800000 -0.382700 -0.462100
vn 0.749900 -0.500000 -0.433200
vn 0.687100 -0.608600 -0.396800
vn 0.612300 -0.707100 -0.353600
vn 0.526900 -0.793600 -0.304300
vn 0.432700 -0.866200 -0.249800
vn 0.331700 -0.923700 -0.191500
vn 0.224200 -0.965900 -0.129400
vn 0.112700 -0.991500 -0.065100
vn 0.125800 0.991500 -0.033800
vn 0.250200 0.965900 -0.067000
vn 0.370000 0.923800 -0.099000
vn 0.482500 0.866300 -0.129300
vn 0.587700 0.793600 -0.157500
vn 0.682900 0.707200 -0.183100
vn 0.766400 0.608700 -0.205500
vn 0.836600 0.499800 -0.224100
vn 0.892500 0.382600 -0.238900
vn 0.933100 0.258700 -0.249900
vn 0.957700 0.130600 -0.256500
vn 0.965900 0.000000 -0.258800
vn 0.957700 -0.130600 -0.256500
vn 0.933000 -0.258800 -0.249900
vn 0.892500 -0.382600 -0.238900
vn 0.836600 -0.499800 -0.224100
vn 0.766400 -0.608700 -0.205500
vn 0.682900 -0.707200 -0.183100
vn 0.587700 -0.793600 -0.157500
vn 0.482500 -0.866300 -0.129300
vn 0.370000 -0.923800 -0.099000
vn 0.250200 -0.965900 -0.067000
vn 0.125800 -0.991500 -0.033800
usemtl Physical2
s 1
f 1685/1872/1677 1710/1873/1678 1686/1874/1679
f 1686/1874/1679 1710/1873/1678 1711/1875/1680 1687/1876/1681
f 1687/1876/1681 1711/1875/1680 1712/1877/1682 1688/1878/1683
f 1688/1878/1683 1712/1877/1682 1713/1879/1684 1689/1880/1685
f 1689/1880/1685 1713/1879/1684 1714/1881/1686 1690/1882/1687
f 1690/1882/1687 1714/1881/1686 1715/1883/1688 1691/1884/1689
f 1691/1884/1689 1715/1883/1688 1716/1885/1690 1692/1886/1691
f 1692/1886/1691 1716/1885/1690 1717/1887/1692 1693/1888/1693
f 1693/1888/1693 1717/1887/1692 1718/1889/1694 1694/1890/1695
f 1694/1890/1695 1718/1889/1694 1719/1891/1696 1695/1892/1697
f 1695/1892/1697 1719/1891/1696 1720/1893/1698 1696/1894/1699
f 1696/1894/1699 1720/1893/1698 1721/1895/1700 1697/1896/1701
f 1697/1896/1701 1721/1895/1700 1722/1897/1702 1698/1898/1703
f 1698/1898/1703 1722/1897/1702 1723/1899/1704 1699/1900/1705
f 1699/1900/1705 1723/1899/1704 1724/1901/1706 1700/1902/1707
f 1700/1902/1707 1724/1901/1706 1725/1903/1708 1701/1904/1709
f 1701/1904/1709 1725/1903/1708 1726/1905/1710 1702/1906/1711
f 1702/1906/1711 1726/1905/1710 1727/1907/1712 1703/1908/1713
f 1703/1908/1713 1727/1907/1712 1728/1909/1714 1704/1910/1715
f 1704/1910/1715 1728/1909/1714 1729/1911/1716 1705/1912/1717
f 1705/1912/1717 1729/1911/1716 1730/1913/1718 1706/1914/1719
f 1706/1914/1719 1730/1913/1718 1731/1915/1720 1707/1916/1721
f 1707/1916/1721 1731/1915/1720 1732/1917/1722 1708/1918/1723
f 1708/1918/1723 1732/1917/1722 1709/1919/1724
f 1685/1920/1677 1733/1921/1725 1710/1873/1678
f 1710/1873/1678 1733/1921/1725 1734/1922/1726 1711/1875/1680
f 1711/1875/1680 1734/1922/1726 1735/1923/1727 1712/1877/1682
f 1712/1877/1682 1735/1923/1727 1736/1924/1728 1713/1879/1684
f 1713/1879/1684 1736/1924/1728 1737/1925/1729 1714/1881/1686
f 1714/1881/1686 1737/1925/1729 1738/1926/1730 1715/1883/1688
f 1715/1883/1688 1738/1926/1730 1739/1927/1731 1716/1885/1690
f 1716/1885/1690 1739/1927/1731 1740/1928/1732 1717/1887/1692
f 1717/1887/1692 1740/1928/1732 1741/1929/1733 1718/1889/1694
f 1718/1889/1694 1741/1929/1733 1742/1930/1734 1719/1891/1696
f 1719/1891/1696 1742/1930/1734 1743/1931/1735 1720/1893/1698
f 1720/1893/1698 1743/1931/1735 1744/1932/1736 1721/1895/1700
f 1721/1895/1700 1744/1932/1736 1745/1933/1737 1722/1897/1702
f 1722/1897/1702 1745/1933/1737 1746/1934/1738 1723/1899/1704
f 1723/1899/1704 1746/1934/1738 1747/1935/1739 1724/1901/1706
f 1724/1901/1706 1747/1935/1739 1748/1936/1740 1725/1903/1708
f 1725/1903/1708 1748/1936/1740 1749/1937/1741 1726/1905/1710
f 1726/1905/1710 1749/1937/1741 1750/1938/1742 1727/1907/1712
f 1727/1907/1712 1750/1938/1742 1751/1939/1743 1728/1909/1714
f 1728/1909/1714 1751/1939/1743 1752/1940/1744 1729/1911/1716
f 1729/1911/1716 1752/1940/1744 1753/1941/1745 1730/1913/1718
f 1730/1913/1718 1753/1941/1745 1754/1942/1746 1731/1915/1720
f 1731/1915/1720 1754/1942/1746 1755/1943/1747 1732/1917/1722
f 1732/1917/1722 1755/1943/1747 1709/1944/1724
f 1685/1945/1677 1756/1946/1748 1733/1921/1725
f 1733/1921/1725 1756/1946/1748 1757/1947/1749 1734/1922/1726
f 1734/1922/1726 1757/1947/1749 1758/1948/1750 1735/1923/1727
f 1735/1923/1727 1758/1948/1750 1759/1949/1751 1736/1924/1728
f 1736/1924/1728 1759/1949/1751 1760/1950/1752 1737/1925/1729
f 1737/1925/1729 1760/1950/1752 1761/1951/1753 1738/1926/1730
f 1738/1926/1730 1761/1951/1753 1762/1952/1754 1739/1927/1731
f 1739/1927/1731 1762/1952/1754 1763/1953/1755 1740/1928/1732
f 1740/1928/1732 1763/1953/1755 1764/1954/1756 1741/1929/1733
f 1741/1929/1733 1764/1954/1756 1765/1955/1757 1742/1930/1734
f 1742/1930/1734 1765/1955/1757 1766/1956/1758 1743/1931/1735
f 1743/1931/1735 1766/1956/1758 1767/1957/1759 1744/1932/1736
f 1744/1932/1736 1767/1957/1759 1768/1958/1760 1745/1933/1737
f 1745/1933/1737 1768/1958/1760 1769/1959/1761 1746/1934/1738
f 1746/1934/1738 1769/1959/1761 1770/1960/1762 1747/1935/1739
f 1747/1935/1739 1770/1960/1762 1771/1961/1763 1748/1936/1740
f 1748/1936/1740 1771/1961/1763 1772/1962/1764 1749/1937/1741
f 1749/1937/1741 1772/1962/1764 1773/1963/1765 1750/1938/1742
f 1750/1938/1742 1773/1963/1765 1774/1964/1766 1751/1939/1743
f 1751/1939/1743 1774/1964/1766 1775/1965/1767 1752/1940/1744
f 1752/1940/1744 1775/1965/1767 1776/1966/1768 1753/1941/1745
f 1753/1941/1745 1776/1966/1768 1777/1967/1769 1754/1942/1746
f 1754/1942/1746 1777/1967/1769 1778/1968/1770 1755/1943/1747
f 1755/1943/1747 1778/1968/1770 1709/1969/1724
f 1685/1970/1677 1779/1971/1771 1756/1946/1748
f 1756/1946/1748 1779/1971/1771 1780/1972/1772 1757/1947/1749
f 1757/1947/1749 1780/1972/1772 1781/1973/1773 1758/1948/1750
f 1758/1948/1750 1781/1973/1773 1782/1974/1774 1759/1949/1751
f 1759/1949/1751 1782/1974/1774 1783/1975/1775 1760/1950/1752
f 1760/1950/1752 1783/1975/1775 1784/1976/1776 1761/1951/1753
f 1761/1951/1753 1784/1976/1776 1785/1977/1777 1762/1952/1754
f 1762/1952/1754 1785/1977/1777 1786/1978/1778 1763/1953/1755
f 1763/1953/1755 1786/1978/1778 1787/1979/1779 1764/1954/1756
f 1764/1954/1756 1787/1979/1779 1788/1980/1780 1765/1955/1757
f 1765/1955/1757 1788/1980/1780 1789/1981/1781 1766/1956/1758
f 1766/1956/1758 1789/1981/1781 1790/1982/1782 1767/1957/1759
f 1767/1957/1759 1790/1982/1782 1791/1983/1783 1768/1958/1760
f 1768/1958/1760 1791/1983/1783 1792/1984/1784 1769/1959/1761
f 1769/1959/1761 1792/1984/1784 1793/1985/1785 1770/1960/1762
f 1770/1960/1762 1793/1985/1785 1794/1986/1786 1771/1961/1763
f 1771/1961/1763 1794/1986/1786 1795/1987/1787 1772/1962/1764
f 1772/1962/1764 1795/1987/1787 1796/1988/1788 1773/1963/1765
f 1773/1963/1765 1796/1988/1788 1797/1989/1789 1774/1964/1766
f 1774/1964/1766 1797/1989/1789 1798/1990/1790 1775/1965/1767
f 1775/1965/1767 1798/1990/1790 1799/1991/1791 1776/1966/1768
f 1776/1966/1768 1799/1991/1791 1800/1992/1792 1777/1967/1769
f 1777/1967/1769 1800/1992/1792 1801/1993/1793 1778/1968/1770
f 1778/1968/1770 1801/1993/1793 1709/1994/1724
f 1685/1995/1677 1802/1996/1794 1779/1971/1771
f 1779/1971/1771 1802/1996/1794 1803/1997/1795 1780/1972/1772
f 1780/1972/1772 1803/1997/1795 1804/1998/1796 1781/1973/1773
f 1781/1973/1773 1804/1998/1796 1805/1999/1797 1782/1974/1774
f 1782/1974/1774 1805/1999/1797 1806/2000/1798 1783/1975/1775
f 1783/1975/1775 1806/2000/1798 1807/2001/1799 1784/1976/1776
f 1784/1976/1776 1807/2001/1799 1808/2002/1800 1785/1977/1777
f 1785/1977/1777 1808/2002/1800 1809/2003/1801 1786/1978/1778
f 1786/1978/1778 1809/2003/1801 1810/2004/1802 1787/1979/1779
f 1787/1979/1779 1810/2004/1802 1811/2005/1803 1788/1980/1780
f 1788/1980/1780 1811/2005/1803 1812/2006/1804 1789/1981/1781
f 1789/1981/1781 1812/2006/1804 1813/2007/1805 1790/1982/1782
f 1790/1982/1782 1813/2007/1805 1814/2008/1806 1791/1983/1783
f 1791/1983/1783 1814/2008/1806 1815/2009/1807 1792/1984/1784
f 1792/1984/1784 1815/2009/1807 1816/2010/1808 1793/1985/1785
f 1793/1985/1785 1816/2010/1808 1817/2011/1809 1794/1986/1786
f 1794/1986/1786 1817/2011/1809 1818/2012/1810 1795/1987/1787
f 1795/1987/1787 1818/2012/1810 1819/2013/1811 1796/1988/1788
f 1796/1988/1788 1819/2013/1811 1820/2014/1812 1797/1989/1789
f 1797/1989/1789 1820/2014/1812 1821/2015/1813 1798/1990/1790
f 1798/1990/1790 1821/2015/1813 1822/2016/1814 1799/1991/1791
f 1799/1991/1791 1822/2016/1814 1823/2017/1815 1800/1992/1792
f 1800/1992/1792 1823/2017/1815 1824/2018/1816 1801/1993/1793
f 1801/1993/1793 1824/2018/1816 1709/2019/1724
f 1685/2020/1677 1825/2021/1817 1802/1996/1794
f 1802/1996/1794 1825/2021/1817 1826/2022/1818 1803/1997/1795
f 1803/1997/1795 1826/2022/1818 1827/2023/1819 1804/1998/1796
f 1804/1998/1796 1827/2023/1819 1828/2024/1820 1805/1999/1797
f 1805/1999/1797 1828/2024/1820 1829/2025/1821 1806/2000/1798
f 1806/2000/1798 1829/2025/1821 1830/2026/1822 1807/2001/1799
f 1807/2001/1799 1830/2026/1822 1831/2027/1823 1808/2002/1800
f 1808/2002/1800 1831/2027/1823 1832/2028/1824 1809/2003/1801
f 1809/2003/1801 1832/2028/1824 1833/2029/1825 1810/2004/1802
f 1810/2004/1802 1833/2029/1825 1834/2030/1826 1811/2005/1803
f 1811/2005/1803 1834/2030/1826 1835/2031/1827 1812/2006/1804
f 1812/2006/1804 1835/2031/1827 1836/2032/1828 1813/2007/1805
f 1813/2007/1805 1836/2032/1828 1837/2033/1829 1814/2008/1806
f 1814/2008/1806 1837/2033/1829 1838/2034/1830 1815/2009/1807
f 1815/2009/1807 1838/2034/1830 1839/2035/1831 1816/2010/1808
f 1816/2010/1808 1839/2035/1831 1840/2036/1832 1817/2011/1809
f 1817/2011/1809 1840/2036/1832 1841/2037/1833 1818/2012/1810
f 1818/2012/1810 1841/2037/1833 1842/2038/1834 1819/2013/1811
f 1819/2013/1811 1842/2038/1834 1843/2039/1835 1820/2014/1812
f 1820/2014/1812 1843/2039/1835 1844/2040/1836 1821/2015/1813
f 1821/2015/1813 1844/2040/1836 1845/2041/1837 1822/2016/1814
f 1822/2016/1814 1845/2041/1837 1846/2042/1838 1823/2017/1815
f 1823/2017/1815 1846/2042/1838 1847/2043/1839 1824/2018/1816
f 1824/2018/1816 1847/2043/1839 1709/2044/1724
f 1685/2045/1677 1848/2046/1840 1825/2021/1817
f 1825/2021/1817 1848/2046/1840 1849/2047/1841 1826/2022/1818
f 1826/2022/1818 1849/2047/1841 1850/2048/1842 1827/2023/1819
f 1827/2023/1819 1850/2048/1842 1851/2049/1843 1828/2024/1820
f 1828/2024/1820 1851/2049/1843 1852/2050/1844 1829/2025/1821
f 1829/2025/1821 1852/2050/1844 1853/2051/1845 1830/2026/1822
f 1830/2026/1822 1853/2051/1845 1854/2052/1846 1831/2027/1823
f 1831/2027/1823 1854/2052/1846 1855/2053/1847 1832/2028/1824
f 1832/2028/1824 1855/2053/1847 1856/2054/1848 1833/2029/1825
f 1833/2029/1825 1856/2054/1848 1857/2055/1849 1834/2030/1826
f 1834/2030/1826 1857/2055/1849 1858/2056/1850 1835/2031/1827
f 1835/2031/1827 1858/2056/1850 1859/2057/1851 1836/2032/1828
f 1836/2032/1828 1859/2057/1851 1860/2058/1852 1837/2033/1829
f 1837/2033/1829 1860/2058/1852 1861/2059/1853 1838/2034/1830
f 1838/2034/1830 1861/2059/1853 1862/2060/1854 1839/2035/1831
f 1839/2035/1831 1862/2060/1854 1863/2061/1855 1840/2036/1832
f 1840/2036/1832 1863/2061/1855 1864/2062/1856 1841/2037/1833
f 1841/2037/1833 1864/2062/1856 1865/2063/1857 1842/2038/1834
f 1842/2038/1834 1865/2063/1857 1866/2064/1858 1843/2039/1835
f 1843/2039/1835 1866/2064/1858 1867/2065/1859 1844/2040/1836
f 1844/2040/1836 1867/2065/1859 1868/2066/1860 1845/2041/1837
f 1845/2041/1837 1868/2066/1860 1869/2067/1861 1846/2042/1838
f 1846/2042/1838 1869/2067/1861 1870/2068/1862 1847/2043/1839
f 1847/2043/1839 1870/2068/1862 1709/2069/1724
f 1685/2070/1677 1871/2071/1863 1848/2046/1840
f 1848/2046/1840 1871/2071/1863 1872/2072/1864 1849/2047/1841
f 1849/2047/1841 1872/2072/1864 1873/2073/1865 1850/2048/1842
f 1850/2048/1842 1873/2073/1865 1874/2074/1866 1851/2049/1843
f 1851/2049/1843 1874/2074/1866 1875/2075/1867 1852/2050/1844
f 1852/2050/1844 1875/2075/1867 1876/2076/1868 1853/2051/1845
f 1853/2051/1845 1876/2076/1868 1877/2077/1869 1854/2052/1846
f 1854/2052/1846 1877/2077/1869 1878/2078/1870 1855/2053/1847
f 1855/2053/1847 1878/2078/1870 1879/2079/1871 1856/2054/1848
f 1856/2054/1848 1879/2079/1871 1880/2080/1872 1857/2055/1849
f 1857/2055/1849 1880/2080/1872 1881/2081/1873 1858/2056/1850
f 1858/2056/1850 1881/2081/1873 1882/2082/1874 1859/2057/1851
f 1859/2057/1851 1882/2082/1874 1883/2083/1875 1860/2058/1852
f 1860/2058/1852 1883/2083/1875 1884/2084/1876 1861/2059/1853
f 1861/2059/1853 1884/2084/1876 1885/2085/1877 1862/2060/1854
f 1862/2060/1854 1885/2085/1877 1886/2086/1878 1863/2061/1855
f 1863/2061/1855 1886/2086/1878 1887/2087/1879 1864/2062/1856
f 1864/2062/1856 1887/2087/1879 1888/2088/1880 1865/2063/1857
f 1865/2063/1857 1888/2088/1880 1889/2089/1881 1866/2064/1858
f 1866/2064/1858 1889/2089/1881 1890/2090/1882 1867/2065/1859
f 1867/2065/1859 1890/2090/1882 1891/2091/1883 1868/2066/1860
f 1868/2066/1860 1891/2091/1883 1892/2092/1884 1869/2067/1861
f 1869/2067/1861 1892/2092/1884 1893/2093/1885 1870/2068/1862
f 1870/2068/1862 1893/2093/1885 1709/2094/1724
f 1685/2095/1677 1894/2096/1886 1871/2071/1863
f 1871/2071/1863 1894/2096/1886 1895/2097/1887 1872/2072/1864
f 1872/2072/1864 1895/2097/1887 1896/2098/1888 1873/2073/1865
f 1873/2073/1865 1896/2098/1888 1897/2099/1889 1874/2074/1866
f 1874/2074/1866 1897/2099/1889 1898/2100/1890 1875/2075/1867
f 1875/2075/1867 1898/2100/1890 1899/2101/1891 1876/2076/1868
f 1876/2076/1868 1899/2101/1891 1900/2102/1892 1877/2077/1869
f 1877/2077/1869 1900/2102/1892 1901/2103/1893 1878/2078/1870
f 1878/2078/1870 1901/2103/1893 1902/2104/1894 1879/2079/1871
f 1879/2079/1871 1902/2104/1894 1903/2105/1895 1880/2080/1872
f 1880/2080/1872 1903/2105/1895 1904/2106/1896 1881/2081/1873
f 1881/2081/1873 1904/2106/1896 1905/2107/1897 1882/2082/1874
f 1882/2082/1874 1905/2107/1897 1906/2108/1898 1883/2083/1875
f 1883/2083/1875 1906/2108/1898 1907/2109/1899 1884/2084/1876
f 1884/2084/1876 1907/2109/1899 1908/2110/1900 1885/2085/1877
f 1885/2085/1877 1908/2110/1900 1909/2111/1901 1886/2086/1878
f 1886/2086/1878 1909/2111/1901 1910/2112/1902 1887/2087/1879
f 1887/2087/1879 1910/2112/1902 1911/2113/1903 1888/2088/1880
f 1888/2088/1880 1911/2113/1903 1912/2114/1904 1889/2089/1881
f 1889/2089/1881 1912/2114/1904 1913/2115/1905 1890/2090/1882
f 1890/2090/1882 1913/2115/1905 1914/2116/1906 1891/2091/1883
f 1891/2091/1883 1914/2116/1906 1915/2117/1907 1892/2092/1884
f 1892/2092/1884 1915/2117/1907 1916/2118/1908 1893/2093/1885
f 1893/2093/1885 1916/2118/1908 1709/2119/1724
f 1685/2120/1677 1917/2121/1909 1894/2096/1886
f 1894/2096/1886 1917/2121/1909 1918/2122/1910 1895/2097/1887
f 1895/2097/1887 1918/2122/1910 1919/2123/1911 1896/2098/1888
f 1896/2098/1888 1919/2123/1911 1920/2124/1912 1897/2099/1889
f 1897/2099/1889 1920/2124/1912 1921/2125/1913 1898/2100/1890
f 1898/2100/1890 1921/2125/1913 1922/2126/1914 1899/2101/1891
f 1899/2101/1891 1922/2126/1914 1923/2127/1915 1900/2102/1892
f 1900/2102/1892 1923/2127/1915 1924/2128/1916 1901/2103/1893
f 1901/2103/1893 1924/2128/1916 1925/2129/1917 1902/2104/1894
f 1902/2104/1894 1925/2129/1917 1926/2130/1918 1903/2105/1895
f 1903/2105/1895 1926/2130/1918 1927/2131/1919 1904/2106/1896
f 1904/2106/1896 1927/2131/1919 1928/2132/1920 1905/2107/1897
f 1905/2107/1897 1928/2132/1920 1929/2133/1921 1906/2108/1898
f 1906/2108/1898 1929/2133/1921 1930/2134/1922 1907/2109/1899
f 1907/2109/1899 1930/2134/1922 1931/2135/1923 1908/2110/1900
f 1908/2110/1900 1931/2135/1923 1932/2136/1924 1909/2111/1901
f 1909/2111/1901 1932/2136/1924 1933/2137/1925 1910/2112/1902
f 1910/2112/1902 1933/2137/1925 1934/2138/1926 1911/2113/1903
f 1911/2113/1903 1934/2138/1926 1935/2139/1927 1912/2114/1904
f 1912/2114/1904 1935/2139/1927 1936/2140/1928 1913/2115/1905
f 1913/2115/1905 1936/2140/1928 1937/2141/1929 1914/2116/1906
f 1914/2116/1906 1937/2141/1929 1938/2142/1930 1915/2117/1907
f 1915/2117/1907 1938/2142/1930 1939/2143/1931 1916/2118/1908
f 1916/2118/1908 1939/2143/1931 1709/2144/1724
f 1685/2145/1677 1940/2146/1932 1917/2121/1909
f 1917/2121/1909 1940/2146/1932 1941/2147/1933 1918/2122/1910
f 1918/2122/1910 1941/2147/1933 1942/2148/1934 1919/2123/1911
f 1919/2123/1911 1942/2148/1934 1943/2149/1935 1920/2124/1912
f 1920/2124/1912 1943/2149/1935 1944/2150/1936 1921/2125/1913
f 1921/2125/1913 1944/2150/1936 1945/2151/1937 1922/2126/1914
f 1922/2126/1914 1945/2151/1937 1946/2152/1938 1923/2127/1915
f 1923/2127/1915 1946/2152/1938 1947/2153/1939 1924/2128/1916
f 1924/2128/1916 1947/2153/1939 1948/2154/1940 1925/2129/1917
f 1925/2129/1917 1948/2154/1940 1949/2155/1941 1926/2130/1918
f 1926/2130/1918 1949/2155/1941 1950/2156/1942 1927/2131/1919
f 1927/2131/1919 1950/2156/1942 1951/2157/1943 1928/2132/1920
f 1928/2132/1920 1951/2157/1943 1952/2158/1944 1929/2133/1921
f 1929/2133/1921 1952/2158/1944 1953/2159/1945 1930/2134/1922
f 1930/2134/1922 1953/2159/1945 1954/2160/1946 1931/2135/1923
f 1931/2135/1923 1954/2160/1946 1955/2161/1947 1932/2136/1924
f 1932/2136/1924 1955/2161/1947 1956/2162/1948 1933/2137/1925
f 1933/2137/1925 1956/2162/1948 1957/2163/1949 1934/2138/1926
f 1934/2138/1926 1957/2163/1949 1958/2164/1950 1935/2139/1927
f 1935/2139/1927 1958/2164/1950 1959/2165/1951 1936/2140/1928
f 1936/2140/1928 1959/2165/1951 1960/2166/1952 1937/2141/1929
f 1937/2141/1929 1960/2166/1952 1961/2167/1953 1938/2142/1930
f 1938/2142/1930 1961/2167/1953 1962/2168/1954 1939/2143/1931
f 1939/2143/1931 1962/2168/1954 1709/2169/1724
f 1685/2170/1677 1963/2171/1955 1940/2146/1932
f 1940/2146/1932 1963/2171/1955 1964/2172/1956 1941/2147/1933
f 1941/2147/1933 1964/2172/1956 1965/2173/1957 1942/2148/1934
f 1942/2148/1934 1965/2173/1957 1966/2174/1958 1943/2149/1935
f 1943/2149/1935 1966/2174/1958 1967/2175/1959 1944/2150/1936
f 1944/2150/1936 1967/2175/1959 1968/2176/1960 1945/2151/1937
f 1945/2151/1937 1968/2176/1960 1969/2177/1961 1946/2152/1938
f 1946/2152/1938 1969/2177/1961 1970/2178/1962 1947/2153/1939
f 1947/2153/1939 1970/2178/1962 1971/2179/1963 1948/2154/1940
f 1948/2154/1940 1971/2179/1963 1972/2180/1964 1949/2155/1941
f 1949/2155/1941 1972/2180/1964 1973/2181/1965 1950/2156/1942
f 1950/2156/1942 1973/2181/1965 1974/2182/1966 1951/2157/1943
f 1951/2157/1943 1974/2182/1966 1975/2183/1967 1952/2158/1944
f 1952/2158/1944 1975/2183/1967 1976/2184/1968 1953/2159/1945
f 1953/2159/1945 1976/2184/1968 1977/2185/1969 1954/2160/1946
f 1954/2160/1946 1977/2185/1969 1978/2186/1970 1955/2161/1947
f 1955/2161/1947 1978/2186/1970 1979/2187/1971 1956/2162/1948
f 1956/2162/1948 1979/2187/1971 1980/2188/1972 1957/2163/1949
f 1957/2163/1949 1980/2188/1972 1981/2189/1973 1958/2164/1950
f 1958/2164/1950 1981/2189/1973 1982/2190/1974 1959/2165/1951
f 1959/2165/1951 1982/2190/1974 1983/2191/1975 1960/2166/1952
f 1960/2166/1952 1983/2191/1975 1984/2192/1976 1961/2167/1953
f 1961/2167/1953 1984/2192/1976 1985/2193/1977 1962/2168/1954
f 1962/2168/1954 1985/2193/1977 1709/2194/1724
f 1685/2195/1677 1986/2196/1978 1963/2171/1955
f 1963/2171/1955 1986/2196/1978 1987/2197/1979 1964/2172/1956
f 1964/2172/1956 1987/2197/1979 1988/2198/1980 1965/2173/1957
f 1965/2173/1957 1988/2198/1980 1989/2199/1981 1966/2174/1958
f 1966/2174/1958 1989/2199/1981 1990/2200/1982 1967/2175/1959
f 1967/2175/1959 1990/2200/1982 1991/2201/1983 1968/2176/1960
f 1968/2176/1960 1991/2201/1983 1992/2202/1984 1969/2177/1961
f 1969/2177/1961 1992/2202/1984 1993/2203/1985 1970/2178/1962
f 1970/2178/1962 1993/2203/1985 1994/2204/1986 1971/2179/1963
f 1971/2179/1963 1994/2204/1986 1995/2205/1987 1972/2180/1964
f 1972/2180/1964 1995/2205/1987 1996/2206/1988 1973/2181/1965
f 1973/2181/1965 1996/2206/1988 1997/2207/1989 1974/2182/1966
f 1974/2182/1966 1997/2207/1989 1998/2208/1990 1975/2183/1967
f 1975/2183/1967 1998/2208/1990 1999/2209/1991 1976/2184/1968
f 1976/2184/1968 1999/2209/1991 2000/2210/1992 1977/2185/1969
f 1977/2185/1969 2000/2210/1992 2001/2211/1993 1978/2186/1970
f 1978/2186/1970 2001/2211/1993 2002/2212/1994 1979/2187/1971
f 1979/2187/1971 2002/2212/1994 2003/2213/1995 1980/2188/1972
f 1980/2188/1972 2003/2213/1995 2004/2214/1996 1981/2189/1973
f 1981/2189/1973 2004/2214/1996 2005/2215/1997 1982/2190/1974
f 1982/2190/1974 2005/2215/1997 2006/2216/1998 1983/2191/1975
f 1983/2191/1975 2006/2216/1998 2007/2217/1999 1984/2192/1976
f 1984/2192/1976 2007/2217/1999 2008/2218/2000 1985/2193/1977
f 1985/2193/1977 2008/2218/2000 1709/2219/1724
f 1685/2220/1677 2009/2221/2001 1986/2196/1978
f 1986/2196/1978 2009/2221/2001 2010/2222/2002 1987/2197/1979
f 1987/2197/1979 2010/2222/2002 2011/2223/2003 1988/2198/1980
f 1988/2198/1980 2011/2223/2003 2012/2224/2004 1989/2199/1981
f 1989/2199/1981 2012/2224/2004 2013/2225/2005 1990/2200/1982
f 1990/2200/1982 2013/2225/2005 2014/2226/2006 1991/2201/1983
f 1991/2201/1983 2014/2226/2006 2015/2227/2007 1992/2202/1984
f 1992/2202/1984 2015/2227/2007 2016/2228/2008 1993/2203/1985
f 1993/2203/1985 2016/2228/2008 2017/2229/2009 1994/2204/1986
f 1994/2204/1986 2017/2229/2009 2018/2230/2010 1995/2205/1987
f 1995/2205/1987 2018/2230/2010 2019/2231/2011 1996/2206/1988
f 1996/2206/1988 2019/2231/2011 2020/2232/2012 1997/2207/1989
f 1997/2207/1989 2020/2232/2012 2021/2233/2013 1998/2208/1990
f 1998/2208/1990 2021/2233/2013 2022/2234/2014 1999/2209/1991
f 1999/2209/1991 2022/2234/2014 2023/2235/2015 2000/2210/1992
f 2000/2210/1992 2023/2235/2015 2024/2236/2016 2001/2211/1993
f 2001/2211/1993 2024/2236/2016 2025/2237/2017 2002/2212/1994
f 2002/2212/1994 2025/2237/2017 2026/2238/2018 2003/2213/1995
f 2003/2213/1995 2026/2238/2018 2027/2239/2019 2004/2214/1996
f 2004/2214/1996 2027/2239/2019 2028/2240/2020 2005/2215/1997
f 2005/2215/1997 2028/2240/2020 2029/2241/2021 2006/2216/1998
f 2006/2216/1998 2029/2241/2021 2030/2242/2022 2007/2217/1999
f 2007/2217/1999 2030/2242/2022 2031/2243/2023 2008/2218/2000
f 2008/2218/2000 2031/2243/2023 1709/2244/1724
f 1685/2245/1677 2032/2246/2024 2009/2221/2001
f 2009/2221/2001 2032/2246/2024 2033/2247/2025 2010/2222/2002
f 2010/2222/2002 2033/2247/2025 2034/2248/2026 2011/2223/2003
f 2011/2223/2003 2034/2248/2026 2035/2249/2027 2012/2224/2004
f 2012/2224/2004 2035/2249/2027 2036/2250/2028 2013/2225/2005
f 2013/2225/2005 2036/2250/2028 2037/2251/2029 2014/2226/2006
f 2014/2226/2006 2037/2251/2029 2038/2252/2030 2015/2227/2007
f 2015/2227/2007 2038/2252/2030 2039/2253/2031 2016/2228/2008
f 2016/2228/2008 2039/2253/2031 2040/2254/2032 2017/2229/2009
f 2017/2229/2009 2040/2254/2032 2041/2255/2033 2018/2230/2010
f 2018/2230/2010 2041/2255/2033 2042/2256/2034 2019/2231/2011
f 2019/2231/2011 2042/2256/2034 2043/2257/2035 2020/2232/2012
f 2020/2232/2012 2043/2257/2035 2044/2258/2036 2021/2233/2013
f 2021/2233/2013 2044/2258/2036 2045/2259/2037 2022/2234/2014
f 2022/2234/2014 2045/2259/2037 2046/2260/2038 2023/2235/2015
f 2023/2235/2015 2046/2260/2038 2047/2261/2039 2024/2236/2016
f 2024/2236/2016 2047/2261/2039 2048/2262/2040 2025/2237/2017
f 2025/2237/2017 2048/2262/2040 2049/2263/2041 2026/2238/2018
f 2026/2238/2018 2049/2263/2041 2050/2264/2042 2027/2239/2019
f 2027/2239/2019 2050/2264/2042 2051/2265/2043 2028/2240/2020
f 2028/2240/2020 2051/2265/2043 2052/2266/2044 2029/2241/2021
f 2029/2241/2021 2052/2266/2044 2053/2267/2045 2030/2242/2022
f 2030/2242/2022 2053/2267/2045 2054/2268/2046 2031/2243/2023
f 2031/2243/2023 2054/2268/2046 1709/2269/1724
f 1685/2270/1677 2055/2271/2047 2032/2246/2024
f 2032/2246/2024 2055/2271/2047 2056/2272/2048 2033/2247/2025
f 2033/2247/2025 2056/2272/2048 2057/2273/2049 2034/2248/2026
f 2034/2248/2026 2057/2273/2049 2058/2274/2050 2035/2249/2027
f 2035/2249/2027 2058/2274/2050 2059/2275/2051 2036/2250/2028
f 2036/2250/2028 2059/2275/2051 2060/2276/2052 2037/2251/2029
f 2037/2251/2029 2060/2276/2052 2061/2277/2053 2038/2252/2030
f 2038/2252/2030 2061/2277/2053 2062/2278/2054 2039/2253/2031
f 2039/2253/2031 2062/2278/2054 2063/2279/2055 2040/2254/2032
f 2040/2254/2032 2063/2279/2055 2064/2280/2056 2041/2255/2033
f 2041/2255/2033 2064/2280/2056 2065/2281/2057 2042/2256/2034
f 2042/2256/2034 2065/2281/2057 2066/2282/2058 2043/2257/2035
f 2043/2257/2035 2066/2282/2058 2067/2283/2059 2044/2258/2036
f 2044/2258/2036 2067/2283/2059 2068/2284/2060 2045/2259/2037
f 2045/2259/2037 2068/2284/2060 2069/2285/2061 2046/2260/2038
f 2046/2260/2038 2069/2285/2061 2070/2286/2062 2047/2261/2039
f 2047/2261/2039 2070/2286/2062 2071/2287/2063 2048/2262/2040
f 2048/2262/2040 2071/2287/2063 2072/2288/2064 2049/2263/2041
f 2049/2263/2041 2072/2288/2064 2073/2289/2065 2050/2264/2042
f 2050/2264/2042 2073/2289/2065 2074/2290/2066 2051/2265/2043
f 2051/2265/2043 2074/2290/2066 2075/2291/2067 2052/2266/2044
f 2052/2266/2044 2075/2291/2067 2076/2292/2068 2053/2267/2045
f 2053/2267/2045 2076/2292/2068 2077/2293/2069 2054/2268/2046
f 2054/2268/2046 2077/2293/2069 1709/2294/1724
f 1685/2295/1677 2078/2296/2070 2055/2271/2047
f 2055/2271/2047 2078/2296/2070 2079/2297/2071 2056/2272/2048
f 2056/2272/2048 2079/2297/2071 2080/2298/2072 2057/2273/2049
f 2057/2273/2049 2080/2298/2072 2081/2299/2073 2058/2274/2050
f 2058/2274/2050 2081/2299/2073 2082/2300/2074 2059/2275/2051
f 2059/2275/2051 2082/2300/2074 2083/2301/2075 2060/2276/2052
f 2060/2276/2052 2083/2301/2075 2084/2302/2076 2061/2277/2053
f 2061/2277/2053 2084/2302/2076 2085/2303/2077 2062/2278/2054
f 2062/2278/2054 2085/2303/2077 2086/2304/2078 2063/2279/2055
f 2063/2279/2055 2086/2304/2078 2087/2305/2079 2064/2280/2056
f 2064/2280/2056 2087/2305/2079 2088/2306/2080 2065/2281/2057
f 2065/2281/2057 2088/2306/2080 2089/2307/2081 2066/2282/2058
f 2066/2282/2058 2089/2307/2081 2090/2308/2082 2067/2283/2059
f 2067/2283/2059 2090/2308/2082 2091/2309/2083 2068/2284/2060
f 2068/2284/2060 2091/2309/2083 2092/2310/2084 2069/2285/2061
f 2069/2285/2061 2092/2310/2084 2093/2311/2085 2070/2286/2062
f 2070/2286/2062 2093/2311/2085 2094/2312/2086 2071/2287/2063
f 2071/2287/2063 2094/2312/2086 2095/2313/2087 2072/2288/2064
f 2072/2288/2064 2095/2313/2087 2096/2314/2088 2073/2289/2065
f 2073/2289/2065 2096/2314/2088 2097/2315/2089 2074/2290/2066
f 2074/2290/2066 2097/2315/2089 2098/2316/2090 2075/2291/2067
f 2075/2291/2067 2098/2316/2090 2099/2317/2091 2076/2292/2068
f 2076/2292/2068 2099/2317/2091 2100/2318/2092 2077/2293/2069
f 2077/2293/2069 2100/2318/2092 1709/2319/1724
f 1685/2320/1677 2101/2321/2093 2078/2296/2070
f 2078/2296/2070 2101/2321/2093 2102/2322/2094 2079/2297/2071
f 2079/2297/2071 2102/2322/2094 2103/2323/2095 2080/2298/2072
f 2080/2298/2072 2103/2323/2095 2104/2324/2096 2081/2299/2073
f 2081/2299/2073 2104/2324/2096 2105/2325/2097 2082/2300/2074
f 2082/2300/2074 2105/2325/2097 2106/2326/2098 2083/2301/2075
f 2083/2301/2075 2106/2326/2098 2107/2327/2099 2084/2302/2076
f 2084/2302/2076 2107/2327/2099 2108/2328/2100 2085/2303/2077
f 2085/2303/2077 2108/2328/2100 2109/2329/2101 2086/2304/2078
f 2086/2304/2078 2109/2329/2101 2110/2330/2102 2087/2305/2079
f 2087/2305/2079 2110/2330/2102 2111/2331/2103 2088/2306/2080
f 2088/2306/2080 2111/2331/2103 2112/2332/2104 2089/2307/2081
f 2089/2307/2081 2112/2332/2104 2113/2333/2105 2090/2308/2082
f 2090/2308/2082 2113/2333/2105 2114/2334/2106 2091/2309/2083
f 2091/2309/2083 2114/2334/2106 2115/2335/2107 2092/2310/2084
f 2092/2310/2084 2115/2335/2107 2116/2336/2108 2093/2311/2085
f 2093/2311/2085 2116/2336/2108 2117/2337/2109 2094/2312/2086
f 2094/2312/2086 2117/2337/2109 2118/2338/2110 2095/2313/2087
f 2095/2313/2087 2118/2338/2110 2119/2339/2111 2096/2314/2088
f 2096/2314/2088 2119/2339/2111 2120/2340/2112 2097/2315/2089
f 2097/2315/2089 2120/2340/2112 2121/2341/2113 2098/2316/2090
f 2098/2316/2090 2121/2341/2113 2122/2342/2114 2099/2317/2091
f 2099/2317/2091 2122/2342/2114 2123/2343/2115 2100/2318/2092
f 2100/2318/2092 2123/2343/2115 1709/2344/1724
f 1685/2345/1677 2124/2346/2116 2101/2321/2093
f 2101/2321/2093 2124/2346/2116 2125/2347/2117 2102/2322/2094
f 2102/2322/2094 2125/2347/2117 2126/2348/2118 2103/2323/2095
f 2103/2323/2095 2126/2348/2118 2127/2349/2119 2104/2324/2096
f 2104/2324/2096 2127/2349/2119 2128/2350/2120 2105/2325/2097
f 2105/2325/2097 2128/2350/2120 2129/2351/2121 2106/2326/2098
f 2106/2326/2098 2129/2351/2121 2130/2352/2122 2107/2327/2099
f 2107/2327/2099 2130/2352/2122 2131/2353/2123 2108/2328/2100
f 2108/2328/2100 2131/2353/2123 2132/2354/2124 2109/2329/2101
f 2109/2329/2101 2132/2354/2124 2133/2355/2125 2110/2330/2102
f 2110/2330/2102 2133/2355/2125 2134/2356/2126 2111/2331/2103
f 2111/2331/2103 2134/2356/2126 2135/2357/2127 2112/2332/2104
f 2112/2332/2104 2135/2357/2127 2136/2358/2128 2113/2333/2105
f 2113/2333/2105 2136/2358/2128 2137/2359/2129 2114/2334/2106
f 2114/2334/2106 2137/2359/2129 2138/2360/2130 2115/2335/2107
f 2115/2335/2107 2138/2360/2130 2139/2361/2131 2116/2336/2108
f 2116/2336/2108 2139/2361/2131 2140/2362/2132 2117/2337/2109
f 2117/2337/2109 2140/2362/2132 2141/2363/2133 2118/2338/2110
f 2118/2338/2110 2141/2363/2133 2142/2364/2134 2119/2339/2111
f 2119/2339/2111 2142/2364/2134 2143/2365/2135 2120/2340/2112
f 2120/2340/2112 2143/2365/2135 2144/2366/2136 2121/2341/2113
f 2121/2341/2113 2144/2366/2136 2145/2367/2137 2122/2342/2114
f 2122/2342/2114 2145/2367/2137 2146/2368/2138 2123/2343/2115
f 2123/2343/2115 2146/2368/2138 1709/2369/1724
f 1685/2370/1677 2147/2371/2139 2124/2346/2116
f 2124/2346/2116 2147/2371/2139 2148/2372/2140 2125/2347/2117
f 2125/2347/2117 2148/2372/2140 2149/2373/2141 2126/2348/2118
f 2126/2348/2118 2149/2373/2141 2150/2374/2142 2127/2349/2119
f 2127/2349/2119 2150/2374/2142 2151/2375/2143 2128/2350/2120
f 2128/2350/2120 2151/2375/2143 2152/2376/2144 2129/2351/2121
f 2129/2351/2121 2152/2376/2144 2153/2377/2145 2130/2352/2122
f 2130/2352/2122 2153/2377/2145 2154/2378/2146 2131/2353/2123
f 2131/2353/2123 2154/2378/2146 2155/2379/2147 2132/2354/2124
f 2132/2354/2124 2155/2379/2147 2156/2380/2148 2133/2355/2125
f 2133/2355/2125 2156/2380/2148 2157/2381/2149 2134/2356/2126
f 2134/2356/2126 2157/2381/2149 2158/2382/2150 2135/2357/2127
f 2135/2357/2127 2158/2382/2150 2159/2383/2151 2136/2358/2128
f 2136/2358/2128 2159/2383/2151 2160/2384/2152 2137/2359/2129
f 2137/2359/2129 2160/2384/2152 2161/2385/2153 2138/2360/2130
f 2138/2360/2130 2161/2385/2153 2162/2386/2154 2139/2361/2131
f 2139/2361/2131 2162/2386/2154 2163/2387/2155 2140/2362/2132
f 2140/2362/2132 2163/2387/2155 2164/2388/2156 2141/2363/2133
f 2141/2363/2133 2164/2388/2156 2165/2389/2157 2142/2364/2134
f 2142/2364/2134 2165/2389/2157 2166/2390/2158 2143/2365/2135
f 2143/2365/2135 2166/2390/2158 2167/2391/2159 2144/2366/2136
f 2144/2366/2136 2167/2391/2159 2168/2392/2160 2145/2367/2137
f 2145/2367/2137 2168/2392/2160 2169/2393/2161 2146/2368/2138
f 2146/2368/2138 2169/2393/2161 1709/2394/1724
f 1685/2395/1677 2170/2396/2162 2147/2371/2139
f 2147/2371/2139 2170/2396/2162 2171/2397/2163 2148/2372/2140
f 2148/2372/2140 2171/2397/2163 2172/2398/2164 2149/2373/2141
f 2149/2373/2141 2172/2398/2164 2173/2399/2165 2150/2374/2142
f 2150/2374/2142 2173/2399/2165 2174/2400/2166 2151/2375/2143
f 2151/2375/2143 2174/2400/2166 2175/2401/2167 2152/2376/2144
f 2152/2376/2144 2175/2401/2167 2176/2402/2168 2153/2377/2145
f 2153/2377/2145 2176/2402/2168 2177/2403/2169 2154/2378/2146
f 2154/2378/2146 2177/2403/2169 2178/2404/2170 2155/2379/2147
f 2155/2379/2147 2178/2404/2170 2179/2405/2171 2156/2380/2148
f 2156/2380/2148 2179/2405/2171 2180/2406/2172 2157/2381/2149
f 2157/2381/2149 2180/2406/2172 2181/2407/2173 2158/2382/2150
f 2158/2382/2150 2181/2407/2173 2182/2408/2174 2159/2383/2151
f 2159/2383/2151 2182/2408/2174 2183/2409/2175 2160/2384/2152
f 2160/2384/2152 2183/2409/2175 2184/2410/2176 2161/2385/2153
f 2161/2385/2153 2184/2410/2176 2185/2411/2177 2162/2386/2154
f 2162/2386/2154 2185/2411/2177 2186/2412/2178 2163/2387/2155
f 2163/2387/2155 2186/2412/2178 2187/2413/2179 2164/2388/2156
f 2164/2388/2156 2187/2413/2179 2188/2414/2180 2165/2389/2157
f 2165/2389/2157 2188/2414/2180 2189/2415/2181 2166/2390/2158
f 2166/2390/2158 2189/2415/2181 2190/2416/2182 2167/2391/2159
f 2167/2391/2159 2190/2416/2182 2191/2417/2183 2168/2392/2160
f 2168/2392/2160 2191/2417/2183 2192/2418/2184 2169/2393/2161
f 2169/2393/2161 2192/2418/2184 1709/2419/1724
f 1685/2420/1677 2193/2421/2185 2170/2396/2162
f 2170/2396/2162 2193/2421/2185 2194/2422/2186 2171/2397/2163
f 2171/2397/2163 2194/2422/2186 2195/2423/2187 2172/2398/2164
f 2172/2398/2164 2195/2423/2187 2196/2424/2188 2173/2399/2165
f 2173/2399/2165 2196/2424/2188 2197/2425/2189 2174/2400/2166
f 2174/2400/2166 2197/2425/2189 2198/2426/2190 2175/2401/2167
f 2175/2401/2167 2198/2426/2190 2199/2427/2191 2176/2402/2168
f 2176/2402/2168 2199/2427/2191 2200/2428/2192 2177/2403/2169
f 2177/2403/2169 2200/2428/2192 2201/2429/2193 2178/2404/2170
f 2178/2404/2170 2201/2429/2193 2202/2430/2194 2179/2405/2171
f 2179/2405/2171 2202/2430/2194 2203/2431/2195 2180/2406/2172
f 2180/2406/2172 2203/2431/2195 2204/2432/2196 2181/2407/2173
f 2181/2407/2173 2204/2432/2196 2205/2433/2197 2182/2408/2174
f 2182/2408/2174 2205/2433/2197 2206/2434/2198 2183/2409/2175
f 2183/2409/2175 2206/2434/2198 2207/2435/2199 2184/2410/2176
f 2184/2410/2176 2207/2435/2199 2208/2436/2200 2185/2411/2177
f 2185/2411/2177 2208/2436/2200 2209/2437/2201 2186/2412/2178
f 2186/2412/2178 2209/2437/2201 2210/2438/2202 2187/2413/2179
f 2187/2413/2179 2210/2438/2202 2211/2439/2203 2188/2414/2180
f 2188/2414/2180 2211/2439/2203 2212/2440/2204 2189/2415/2181
f 2189/2415/2181 2212/2440/2204 2213/2441/2205 2190/2416/2182
f 2190/2416/2182 2213/2441/2205 2214/2442/2206 2191/2417/2183
f 2191/2417/2183 2214/2442/2206 2215/2443/2207 2192/2418/2184
f 2192/2418/2184 2215/2443/2207 1709/2444/1724
f 1685/2445/1677 2216/2446/2208 2193/2421/2185
f 2193/2421/2185 2216/2446/2208 2217/2447/2209 2194/2422/2186
f 2194/2422/2186 2217/2447/2209 2218/2448/2210 2195/2423/2187
f 2195/2423/2187 2218/2448/2210 2219/2449/2211 2196/2424/2188
f 2196/2424/2188 2219/2449/2211 2220/2450/2212 2197/2425/2189
f 2197/2425/2189 2220/2450/2212 2221/2451/2213 2198/2426/2190
f 2198/2426/2190 2221/2451/2213 2222/2452/2214 2199/2427/2191
f 2199/2427/2191 2222/2452/2214 2223/2453/2215 2200/2428/2192
f 2200/2428/2192 2223/2453/2215 2224/2454/2216 2201/2429/2193
f 2201/2429/2193 2224/2454/2216 2225/2455/2217 2202/2430/2194
f 2202/2430/2194 2225/2455/2217 2226/2456/2218 2203/2431/2195
f 2203/2431/2195 2226/2456/2218 2227/2457/2219 2204/2432/2196
f 2204/2432/2196 2227/2457/2219 2228/2458/2220 2205/2433/2197
f 2205/2433/2197 2228/2458/2220 2229/2459/2221 2206/2434/2198
f 2206/2434/2198 2229/2459/2221 2230/2460/2222 2207/2435/2199
f 2207/2435/2199 2230/2460/2222 2231/2461/2223 2208/2436/2200
f 2208/2436/2200 2231/2461/2223 2232/2462/2224 2209/2437/2201
f 2209/2437/2201 2232/2462/2224 2233/2463/2225 2210/2438/2202
f 2210/2438/2202 2233/2463/2225 2234/2464/2226 2211/2439/2203
f 2211/2439/2203 2234/2464/2226 2235/2465/2227 2212/2440/2204
f 2212/2440/2204 2235/2465/2227 2236/2466/2228 2213/2441/2205
f 2213/2441/2205 2236/2466/2228 2237/2467/2229 2214/2442/2206
f 2214/2442/2206 2237/2467/2229 2238/2468/2230 2215/2443/2207
f 2215/2443/2207 2238/2468/2230 1709/2469/1724
f 1685/2470/1677 1686/2471/1679 2216/2446/2208
f 2216/2446/2208 1686/2471/1679 1687/2472/1681 2217/2447/2209
f 2217/2447/2209 1687/2472/1681 1688/2473/1683 2218/2448/2210
f 2218/2448/2210 1688/2473/1683 1689/2474/1685 2219/2449/2211
f 2219/2449/2211 1689/2474/1685 1690/2475/1687 2220/2450/2212
f 2220/2450/2212 1690/2475/1687 1691/2476/1689 2221/2451/2213
f 2221/2451/2213 1691/2476/1689 1692/2477/1691 2222/2452/2214
f 2222/2452/2214 1692/2477/1691 1693/2478/1693 2223/2453/2215
f 2223/2453/2215 1693/2478/1693 1694/2479/1695 2224/2454/2216
f 2224/2454/2216 1694/2479/1695 1695/2480/1697 2225/2455/2217
f 2225/2455/2217 1695/2480/1697 1696/2481/1699 2226/2456/2218
f 2226/2456/2218 1696/2481/1699 1697/2482/1701 2227/2457/2219
f 2227/2457/2219 1697/2482/1701 1698/2483/1703 2228/2458/2220
f 2228/2458/2220 1698/2483/1703 1699/2484/1705 2229/2459/2221
f 2229/2459/2221 1699/2484/1705 1700/2485/1707 2230/2460/2222
f 2230/2460/2222 1700/2485/1707 1701/2486/1709 2231/2461/2223
f 2231/2461/2223 1701/2486/1709 1702/2487/1711 2232/2462/2224
f 2232/2462/2224 1702/2487/1711 1703/2488/1713 2233/2463/2225
f 2233/2463/2225 1703/2488/1713 1704/2489/1715 2234/2464/2226
f 2234/2464/2226 1704/2489/1715 1705/2490/1717 2235/2465/2227
f 2235/2465/2227 1705/2490/1717 1706/2491/1719 2236/2466/2228
f 2236/2466/2228 1706/2491/1719 1707/2492/1721 2237/2467/2229
f 2237/2467/2229 1707/2492/1721 1708/2493/1723 2238/2468/2230
f 2238/2468/2230 1708/2493/1723 1709/2494/1724
o Sphere6
v 1.673000 0.294300 -0.000000
v 1.711436 0.291769 -0.000000
v 1.749165 0.284294 -0.000000
v 1.785599 0.271874 -0.000000
v 1.820150 0.254864 -0.000000
v 1.852170 0.233498 -0.000000
v 1.881129 0.208129 -0.000000
v 1.906498 0.179170 -0.000000
v 1.927864 0.147150 -0.000000
v 1.944874 0.112599 -0.000000
v 1.957294 0.076165 -0.000000
v 1.964769 0.038436 -0.000000
v 1.967300 0.000000 0.000000
v 1.964769 -0.038436 0.000000
v 1.957294 -0.076165 0.000000
v 1.944874 -0.112599 0.000000
v 1.927864 -0.147150 0.000000
v 1.906498 -0.179170 0.000000
v 1.881129 -0.208129 0.000000
v 1.852170 -0.233498 0.000000
v 1.820150 -0.254864 0.000000
v 1.785599 -0.271874 0.000000
v 1.749165 -0.284294 0.000000
v 1.711436 -0.291769 0.000000
v 1.673000 -0.294300 0.000000
v 1.710082 0.291769 0.009947
v 1.746575 0.284294 0.019718
v 1.781773 0.271874 0.029136
v 1.815147 0.254864 0.038082
v 1.846048 0.233498 0.046382
v 1.874007 0.208129 0.053857
v 1.898551 0.179170 0.060449
v 1.919211 0.147150 0.065982
v 1.935633 0.112599 0.070397
v 1.947582 0.076165 0.073575
v 1.954822 0.038436 0.075517
v 1.957294 0.000000 0.076165
v 1.954822 -0.038436 0.075517
v 1.947582 -0.076165 0.073575
v 1.935633 -0.112599 0.070397
v 1.919211 -0.147150 0.065982
v 1.898551 -0.179170 0.060449
v 1.874007 -0.208129 0.053857
v 1.846048 -0.233498 0.046382
v 1.815147 -0.254864 0.038082
v 1.781773 -0.271874 0.029136
v 1.746575 -0.284294 0.019718
v 1.710082 -0.291769 0.009947
v 1.706256 0.291769 0.019188
v 1.738982 0.284294 0.038082
v 1.770531 0.271874 0.056329
v 1.800432 0.254864 0.073575
v 1.828155 0.233498 0.089585
v 1.853229 0.208129 0.104064
v 1.875184 0.179170 0.116719
v 1.893725 0.147150 0.127432
v 1.908499 0.112599 0.135967
v 1.919211 0.076165 0.142147
v 1.925686 0.038436 0.145914
v 1.927864 0.000000 0.147150
v 1.925686 -0.038436 0.145914
v 1.919211 -0.076165 0.142147
v 1.908499 -0.112599 0.135967
v 1.893725 -0.147150 0.127432
v 1.875184 -0.179170 0.116719
v 1.853229 -0.208129 0.104064
v 1.828155 -0.233498 0.089585
v 1.800432 -0.254864 0.073575
v 1.770531 -0.271874 0.056329
v 1.738982 -0.284294 0.038082
v 1.706256 -0.291769 0.019188
v 1.700134 0.291769 0.027134
v 1.726857 0.284294 0.053857
v 1.752638 0.271874 0.079638
v 1.777064 0.254864 0.104064
v 1.799667 0.233498 0.126667
v 1.820150 0.208129 0.147150
v 1.838102 0.179170 0.165102
v 1.853229 0.147150 0.180229
v 1.865237 0.112599 0.192237
v 1.874007 0.076165 0.201007
v 1.879304 0.038436 0.206304
v 1.881129 0.000000 0.208129
v 1.879304 -0.038436 0.206304
v 1.874007 -0.076165 0.201007
v 1.865237 -0.112599 0.192237
v 1.853229 -0.147150 0.180229
v 1.838102 -0.179170 0.165102
v 1.820150 -0.208129 0.147150
v 1.799667 -0.233498 0.126667
v 1.777064 -0.254864 0.104064
v 1.752638 -0.271874 0.079638
v 1.726857 -0.284294 0.053857
v 1.700134 -0.291769 0.027134
v 1.692188 0.291769 0.033256
v 1.711082 0.284294 0.065982
v 1.729329 0.271874 0.097531
v 1.746575 0.254864 0.127432
v 1.762585 0.233498 0.155155
v 1.777064 0.208129 0.180229
v 1.789719 0.179170 0.202184
v 1.800432 0.147150 0.220725
v 1.808967 0.112599 0.235499
v 1.815147 0.076165 0.246211
v 1.818914 0.038436 0.252686
v 1.820150 0.000000 0.254864
v 1.818914 -0.038436 0.252686
v 1.815147 -0.076165 0.246211
v 1.808967 -0.112599 0.235499
v 1.800432 -0.147150 0.220725
v 1.789719 -0.179170 0.202184
v 1.777064 -0.208129 0.180229
v 1.762585 -0.233498 0.155155
v 1.746575 -0.254864 0.127432
v 1.729329 -0.271874 0.097531
v 1.711082 -0.284294 0.065982
v 1.692188 -0.291769 0.033256
v 1.682947 0.291769 0.037082
v 1.692718 0.284294 0.073575
v 1.702136 0.271874 0.108773
v 1.711082 0.254864 0.142147
v 1.719382 0.233498 0.173048
v 1.726857 0.208129 0.201007
v 1.733449 0.179170 0.225552
v 1.738982 0.147150 0.246211
v 1.743397 0.112599 0.262633
v 1.746575 0.076165 0.274582
v 1.748517 0.038436 0.281822
v 1.749165 0.000000 0.284294
v 1.748517 -0.038436 0.281822
v 1.746575 -0.076165 0.274582
v 1.743397 -0.112599 0.262633
v 1.738982 -0.147150 0.246211
v 1.733449 -0.179170 0.225552
v 1.726857 -0.208129 0.201007
v 1.719382 -0.233498 0.173048
v 1.711082 -0.254864 0.142147
v 1.702136 -0.271874 0.108773
v 1.692718 -0.284294 0.073575
v 1.682947 -0.291769 0.037082
v 1.673000 0.291769 0.038436
v 1.673000 0.284294 0.076165
v 1.673000 0.271874 0.112599
v 1.673000 0.254864 0.147150
v 1.673000 0.233498 0.179170
v 1.673000 0.208129 0.208129
v 1.673000 0.179170 0.233498
v 1.673000 0.147150 0.254864
v 1.673000 0.112599 0.271874
v 1.673000 0.076165 0.284294
v 1.673000 0.038436 0.291769
v 1.673000 0.000000 0.294300
v 1.673000 -0.038436 0.291769
v 1.673000 -0.076165 0.284294
v 1.673000 -0.112599 0.271874
v 1.673000 -0.147150 0.254864
v 1.673000 -0.179170 0.233498
v 1.673000 -0.208129 0.208129
v 1.673000 -0.233498 0.179170
v 1.673000 -0.254864 0.147150
v 1.673000 -0.271874 0.112599
v 1.673000 -0.284294 0.076165
v 1.673000 -0.291769 0.038436
v 1.663053 0.291769 0.037082
v 1.653282 0.284294 0.073575
v 1.643864 0.271874 0.108773
v 1.634918 0.254864 0.142147
v 1.626618 0.233498 0.173048
v 1.619143 0.208129 0.201007
v 1.612551 0.179170 0.225552
v 1.607018 0.147150 0.246211
v 1.602603 0.112599 0.262633
v 1.599425 0.076165 0.274582
v 1.597483 0.038436 0.281822
v 1.596835 0.000000 0.284294
v 1.597483 -0.038436 0.281822
v 1.599425 -0.076165 0.274582
v 1.602603 -0.112599 0.262633
v 1.607018 -0.147150 0.246211
v 1.612551 -0.179170 0.225552
v 1.619143 -0.208129 0.201007
v 1.626618 -0.233498 0.173048
v 1.634918 -0.254864 0.142147
v 1.643864 -0.271874 0.108773
v 1.653282 -0.284294 0.073575
v 1.663053 -0.291769 0.037082
v 1.653812 0.291769 0.033256
v 1.634918 0.284294 0.065982
v 1.616671 0.271874 0.097531
v 1.599425 0.254864 0.127432
v 1.583415 0.233498 0.155155
v 1.568936 0.208129 0.180229
v 1.556281 0.179170 0.202184
v 1.545568 0.147150 0.220725
v 1.537033 0.112599 0.235499
v 1.530853 0.076165 0.246211
v 1.527086 0.038436 0.252686
v 1.525850 0.000000 0.254864
v 1.527086 -0.038436 0.252686
v 1.530853 -0.076165 0.246211
v 1.537033 -0.112599 0.235499
v 1.545568 -0.147150 0.220725
v 1.556281 -0.179170 0.202184
v 1.568936 -0.208129 0.180229
v 1.583415 -0.233498 0.155155
v 1.599425 -0.254864 0.127432
v 1.616671 -0.271874 0.097531
v 1.634918 -0.284294 0.065982
v 1.653812 -0.291769 0.033256
v 1.645866 0.291769 0.027134
v 1.619143 0.284294 0.053857
v 1.593362 0.271874 0.079638
v 1.568936 0.254864 0.104064
v 1.546333 0.233498 0.126667
v 1.525850 0.208129 0.147150
v 1.507898 0.179170 0.165102
v 1.492771 0.147150 0.180229
v 1.480763 0.112599 0.192237
v 1.471993 0.076165 0.201007
v 1.466696 0.038436 0.206304
v 1.464871 0.000000 0.208129
v 1.466696 -0.038436 0.206304
v 1.471993 -0.076165 0.201007
v 1.480763 -0.112599 0.192237
v 1.492771 -0.147150 0.180229
v 1.507898 -0.179170 0.165102
v 1.525850 -0.208129 0.147150
v 1.546333 -0.233498 0.126667
v 1.568936 -0.254864 0.104064
v 1.593362 -0.271874 0.079638
v 1.619143 -0.284294 0.053857
v 1.645866 -0.291769 0.027134
v 1.639744 0.291769 0.019188
v 1.607018 0.284294 0.038082
v 1.575469 0.271874 0.056329
v 1.545568 0.254864 0.073575
v 1.517845 0.233498 0.089585
v 1.492771 0.208129 0.104064
v 1.470816 0.179170 0.116719
v 1.452275 0.147150 0.127432
v 1.437501 0.112599 0.135967
v 1.426789 0.076165 0.142147
v 1.420314 0.038436 0.145914
v 1.418136 0.000000 0.147150
v 1.420314 -0.038436 0.145914
v 1.426789 -0.076165 0.142147
v 1.437501 -0.112599 0.135967
v 1.452275 -0.147150 0.127432
v 1.470816 -0.179170 0.116719
v 1.492771 -0.208129 0.104064
v 1.517845 -0.233498 0.089585
v 1.545568 -0.254864 0.073575
v 1.575469 -0.271874 0.056329
v 1.607018 -0.284294 0.038082
v 1.639744 -0.291769 0.019188
v 1.635918 0.291769 0.009947
v 1.599425 0.284294 0.019718
v 1.564227 0.271874 0.029136
v 1.530853 0.254864 0.038082
v 1.499952 0.233498 0.046382
v 1.471993 0.208129 0.053857
v 1.447448 0.179170 0.060449
v 1.426789 0.147150 0.065982
v 1.410367 0.112599 0.070397
v 1.398418 0.076165 0.073575
v 1.391178 0.038436 0.075517
v 1.388706 0.000000 0.076165
v 1.391178 -0.038436 0.075517
v 1.398418 -0.076165 0.073575
v 1.410367 -0.112599 0.070397
v 1.426789 -0.147150 0.065982
v 1.447448 -0.179170 0.060449
v 1.471993 -0.208129 0.053857
v 1.499952 -0.233498 0.046382
v 1.530853 -0.254864 0.038082
v 1.564227 -0.271874 0.029136
v 1.599425 -0.284294 0.019718
v 1.635918 -0.291769 0.009947
v 1.634564 0.291769 -0.000000
v 1.596835 0.284294 -0.000000
v 1.560401 0.271874 -0.000000
v 1.525850 0.254864 -0.000000
v 1.493830 0.233498 -0.000000
v 1.464871 0.208129 -0.000000
v 1.439502 0.179170 -0.000000
v 1.418136 0.147150 -0.000000
v 1.401126 0.112599 -0.000000
v 1.388706 0.076165 -0.000000
v 1.381231 0.038436 -0.000000
v 1.378700 0.000000 0.000000
v 1.381231 -0.038436 0.000000
v 1.388706 -0.076165 0.000000
v 1.401126 -0.112599 0.000000
v 1.418136 -0.147150 0.000000
v 1.439502 -0.179170 0.000000
v 1.464871 -0.208129 0.000000
v 1.493830 -0.233498 0.000000
v 1.525850 -0.254864 0.000000
v 1.560401 -0.271874 0.000000
v 1.596835 -0.284294 0.000000
v 1.634564 -0.291769 0.000000
v 1.635918 0.291769 -0.009947
v 1.599425 0.284294 -0.019718
v 1.564227 0.271874 -0.029136
v 1.530853 0.254864 -0.038082
v 1.499952 0.233498 -0.046382
v 1.471993 0.208129 -0.053857
v 1.447448 0.179170 -0.060449
v 1.426789 0.147150 -0.065982
v 1.410367 0.112599 -0.070397
v 1.398418 0.076165 -0.073575
v 1.391178 0.038436 -0.075517
v 1.388706 -0.000000 -0.076165
v 1.391178 -0.038436 -0.075517
v 1.398418 -0.076165 -0.073575
v 1.410367 -0.112599 -0.070397
v 1.426789 -0.147150 -0.065982
v 1.447448 -0.179170 -0.060449
v 1.471993 -0.208129 -0.053857
v 1.499952 -0.233498 -0.046382
v 1.530853 -0.254864 -0.038082
v 1.564227 -0.271874 -0.029136
v 1.599425 -0.284294 -0.019718
v 1.635918 -0.291769 -0.009947
v 1.639744 0.291769 -0.019188
v 1.607018 0.284294 -0.038082
v 1.575469 0.271874 -0.056329
v 1.545568 0.254864 -0.073575
v 1.517845 0.233498 -0.089585
v 1.492771 0.208129 -0.104064
v 1.470816 0.179170 -0.116719
v 1.452275 0.147150 -0.127432
v 1.437501 0.112599 -0.135967
v 1.426789 0.076165 -0.142147
v 1.420314 0.038436 -0.145914
v 1.418136 -0.000000 -0.147150
v 1.420314 -0.038436 -0.145914
v 1.426789 -0.076165 -0.142147
v 1.437501 -0.112599 -0.135967
v 1.452275 -0.147150 -0.127432
v 1.470816 -0.179170 -0.116719
v 1.492771 -0.208129 -0.104064
v 1.517845 -0.233498 -0.089585
v 1.545568 -0.254864 -0.073575
v 1.575469 -0.271874 -0.056329
v 1.607018 -0.284294 -0.038082
v 1.639744 -0.291769 -0.019188
v 1.645866 0.291769 -0.027134
v 1.619143 0.284294 -0.053857
v 1.593362 0.271874 -0.079638
v 1.568936 0.254864 -0.104064
v 1.546333 0.233498 -0.126667
v 1.525850 0.208129 -0.147150
v 1.507898 0.179170 -0.165102
v 1.492771 0.147150 -0.180229
v 1.480763 0.112599 -0.192237
v 1.471993 0.076165 -0.201007
v 1.466696 0.038436 -0.206304
v 1.464871 -0.000000 -0.208129
v 1.466696 -0.038436 -0.206304
v 1.471993 -0.076165 -0.201007
v 1.480763 -0.112599 -0.192237
v 1.492771 -0.147150 -0.180229
v 1.507898 -0.179170 -0.165102
v 1.525850 -0.208129 -0.147150
v 1.546333 -0.233498 -0.126667
v 1.568936 -0.254864 -0.104064
v 1.593362 -0.271874 -0.079638
v 1.619143 -0.284294 -0.053857
v 1.645866 -0.291769 -0.027134
v 1.653812 0.291769 -0.033256
v 1.634918 0.284294 -0.065982
v 1.616671 0.271874 -0.097531
v 1.599425 0.254864 -0.127432
v 1.583415 0.233498 -0.155155
v 1.568936 0.208129 -0.180229
v 1.556281 0.179170 -0.202184
v 1.545568 0.147150 -0.220725
v 1.537033 0.112599 -0.235499
v 1.530853 0.076165 -0.246211
v 1.527086 0.038436 -0.252686
v 1.525850 -0.000000 -0.254864
v 1.527086 -0.038436 -0.252686
v 1.530853 -0.076165 -0.246211
v 1.537033 -0.112599 -0.235499
v 1.545568 -0.147150 -0.220725
v 1.556281 -0.179170 -0.202184
v 1.568936 -0.208129 -0.180229
v 1.583415 -0.233498 -0.155155
v 1.599425 -0.254864 -0.127432
v 1.616671 -0.271874 -0.097531
v 1.634918 -0.284294 -0.065982
v 1.653812 -0.291769 -0.033256
v 1.663053 0.291769 -0.037082
v 1.653282 0.284294 -0.073575
v 1.643864 0.271874 -0.108773
v 1.634918 0.254864 -0.142147
v 1.626618 0.233498 -0.173048
v 1.619143 0.208129 -0.201007
v 1.612551 0.179170 -0.225552
v 1.607018 0.147150 -0.246211
v 1.602603 0.112599 -0.262633
v 1.599425 0.076165 -0.274582
v 1.597483 0.038436 -0.281822
v 1.596835 -0.000000 -0.284294
v 1.597483 -0.038436 -0.281822
v 1.599425 -0.076165 -0.274582
v 1.602603 -0.112599 -0.262633
v 1.607018 -0.147150 -0.246211
v 1.612551 -0.179170 -0.225552
v 1.619143 -0.208129 -0.201007
v 1.626618 -0.233498 -0.173048
v 1.634918 -0.254864 -0.142147
v 1.643864 -0.271874 -0.108773
v 1.653282 -0.284294 -0.073575
v 1.663053 -0.291769 -0.037082
v 1.673000 0.291769 -0.038436
v 1.673000 0.284294 -0.076165
v 1.673000 0.271874 -0.112599
v 1.673000 0.254864 -0.147150
v 1.673000 0.233498 -0.179170
v 1.673000 0.208129 -0.208129
v 1.673000 0.179170 -0.233498
v 1.673000 0.147150 -0.254864
v 1.673000 0.112599 -0.271874
v 1.673000 0.076165 -0.284294
v 1.673000 0.038436 -0.291769
v 1.673000 -0.000000 -0.294300
v 1.673000 -0.038436 -0.291769
v 1.673000 -0.076165 -0.284294
v 1.673000 -0.112599 -0.271874
v 1.673000 -0.147150 -0.254864
v 1.673000 -0.179170 -0.233498
v 1.673000 -0.208129 -0.208129
v 1.673000 -0.233498 -0.179170
v 1.673000 -0.254864 -0.147150
v 1.673000 -0.271874 -0.112599
v 1.673000 -0.284294 -0.076165
v 1.673000 -0.291769 -0.038436
v 1.682947 0.291769 -0.037082
v 1.692718 0.284294 -0.073575
v 1.702136 0.271874 -0.108773
v 1.711082 0.254864 -0.142147
v 1.719382 0.233498 -0.173048
v 1.726857 0.208129 -0.201007
v 1.733449 0.179170 -0.225552
v 1.738982 0.147150 -0.246211
v 1.743397 0.112599 -0.262633
v 1.746575 0.076165 -0.274582
v 1.748517 0.038436 -0.281822
v 1.749165 -0.000000 -0.284294
v 1.748517 -0.038436 -0.281822
v 1.746575 -0.076165 -0.274582
v 1.743397 -0.112599 -0.262633
v 1.738982 -0.147150 -0.246211
v 1.733449 -0.179170 -0.225552
v 1.726857 -0.208129 -0.201007
v 1.719382 -0.233498 -0.173048
v 1.711082 -0.254864 -0.142147
v 1.702136 -0.271874 -0.108773
v 1.692718 -0.284294 -0.073575
v 1.682947 -0.291769 -0.037082
v 1.692188 0.291769 -0.033256
v 1.711082 0.284294 -0.065982
v 1.729329 0.271874 -0.097531
v 1.746575 0.254864 -0.127432
v 1.762585 0.233498 -0.155155
v 1.777064 0.208129 -0.180229
v 1.789719 0.179170 -0.202184
v 1.800432 0.147150 -0.220725
v 1.808967 0.112599 -0.235499
v 1.815147 0.076165 -0.246211
v 1.818914 0.038436 -0.252686
v 1.820150 -0.000000 -0.254864
v 1.818914 -0.038436 -0.252686
v 1.815147 -0.076165 -0.246211
v 1.808967 -0.112599 -0.235499
v 1.800432 -0.147150 -0.220725
v 1.789719 -0.179170 -0.202184
v 1.777064 -0.208129 -0.180229
v 1.762585 -0.233498 -0.155155
v 1.746575 -0.254864 -0.127432
v 1.729329 -0.271874 -0.097531
v 1.711082 -0.284294 -0.065982
v 1.692188 -0.291769 -0.033256
v 1.700134 0.291769 -0.027134
v 1.726857 0.284294 -0.053857
v 1.752638 0.271874 -0.079638
v 1.777064 0.254864 -0.104064
v 1.799667 0.233498 -0.126667
v 1.820150 0.208129 -0.147150
v 1.838102 0.179170 -0.165102
v 1.853229 0.147150 -0.180229
v 1.865237 0.112599 -0.192237
v 1.874007 0.076165 -0.201007
v 1.879304 0.038436 -0.206304
v 1.881129 -0.000000 -0.208129
v 1.879304 -0.038436 -0.206304
v 1.874007 -0.076165 -0.201007
v 1.865237 -0.112599 -0.192237
v 1.853229 -0.147150 -0.180229
v 1.838102 -0.179170 -0.165102
v 1.820150 -0.208129 -0.147150
v 1.799667 -0.233498 -0.126667
v 1.777064 -0.254864 -0.104064
v 1.752638 -0.271874 -0.079638
v 1.726857 -0.284294 -0.053857
v 1.700134 -0.291769 -0.027134
v 1.706256 0.291769 -0.019188
v 1.738982 0.284294 -0.038082
v 1.770531 0.271874 -0.056329
v 1.800432 0.254864 -0.073575
v 1.828155 0.233498 -0.089585
v 1.853229 0.208129 -0.104064
v 1.875184 0.179170 -0.116719
v 1.893725 0.147150 -0.127432
v 1.908499 0.112599 -0.135967
v 1.919211 0.076165 -0.142147
v 1.925686 0.038436 -0.145914
v 1.927864 -0.000000 -0.147150
v 1.925686 -0.038436 -0.145914
v 1.919211 -0.076165 -0.142147
v 1.908499 -0.112599 -0.135967
v 1.893725 -0.147150 -0.127432
v 1.875184 -0.179170 -0.116719
v 1.853229 -0.208129 -0.104064
v 1.828155 -0.233498 -0.089585
v 1.800432 -0.254864 -0.073575
v 1.770531 -0.271874 -0.056329
v 1.738982 -0.284294 -0.038082
v 1.706256 -0.291769 -0.019188
v 1.710082 0.291769 -0.009947
v 1.746575 0.284294 -0.019718
v 1.781773 0.271874 -0.029136
v 1.815147 0.254864 -0.038082
v 1.846048 0.233498 -0.046382
v 1.874007 0.208129 -0.053857
v 1.898551 0.179170 -0.060449
v 1.919211 0.147150 -0.065982
v 1.935633 0.112599 -0.070397
v 1.947582 0.076165 -0.073575
v 1.954822 0.038436 -0.075517
v 1.957294 -0.000000 -0.076165
v 1.954822 -0.038436 -0.075517
v 1.947582 -0.076165 -0.073575
v 1.935633 -0.112599 -0.070397
v 1.919211 -0.147150 -0.065982
v 1.898551 -0.179170 -0.060449
v 1.874007 -0.208129 -0.053857
v 1.846048 -0.233498 -0.046382
v 1.815147 -0.254864 -0.038082
v 1.781773 -0.271874 -0.029136
v 1.746575 -0.284294 -0.019718
v 1.710082 -0.291769 -0.009947
vt 1.000000 1.000000
vt 0.958333 0.958333
vt 1.000000 0.958333
vt 0.958333 0.916667
vt 1.000000 0.916667
vt 0.958333 0.875000
vt 1.000000 0.875000
vt 0.958333 0.833333
vt 1.000000 0.833333
vt 0.958333 0.791667
vt 1.000000 0.791667
vt 0.958333 0.750000
vt 1.000000 0.750000
vt 0.958333 0.708333
vt 1.000000 0.708333
vt 0.958333 0.666667
vt 1.000000 0.666667
vt 0.958333 0.625000
vt 1.000000 0.625000
vt 0.958333 0.583333
vt 1.000000 0.583333
vt 0.958333 0.541667
vt 1.000000 0.541667
vt 0.958333 0.500000
vt 1.000000 0.500000
vt 0.958333 0.458333
vt 1.000000 0.458333
vt 0.958333 0.416667
vt 1.000000 0.416667
vt 0.958333 0.375000
vt 1.000000 0.375000
vt 0.958333 0.333333
vt 1.000000 0.333333
vt 0.958333 0.291667
vt 1.000000 0.291667
vt 0.958333 0.250000
vt 1.000000 0.250000
vt 0.958333 0.208333
vt 1.000000 0.208333
vt 0.958333 0.166667
vt 1.000000 0.166667
vt 0.958333 0.125000
vt 1.000000 0.125000
vt 0.958333 0.083333
vt 1.000000 0.083333
vt 0.958333 0.041667
vt 1.000000 0.041667
vt 0.958333 0.000000
vt 0.958333 1.000000
vt 0.916667 0.958333
vt 0.916667 0.916667
vt 0.916667 0.875000
vt 0.916667 0.833333
vt 0.916667 0.791667
vt 0.916667 0.750000
vt 0.916667 0.708333
vt 0.916667 0.666667
vt 0.916667 0.625000
vt 0.916667 0.583333
vt 0.916667 0.541667
vt 0.916667 0.500000
vt 0.916667 0.458333
vt 0.916667 0.416667
vt 0.916667 0.375000
vt 0.916667 0.333333
vt 0.916667 0.291667
vt 0.916667 0.250000
vt 0.916667 0.208333
vt 0.916667 0.166667
vt 0.916667 0.125000
vt 0.916667 0.083333
vt 0.916667 0.041667
vt 0.916667 0.000000
vt 0.916667 1.000000
vt 0.875000 0.958333
vt 0.875000 0.916667
vt 0.875000 0.875000
vt 0.875000 0.833333
vt 0.875000 0.791667
vt 0.875000 0.750000
vt 0.875000 0.708333
vt 0.875000 0.666667
vt 0.875000 0.625000
vt 0.875000 0.583333
vt 0.875000 0.541667
vt 0.875000 0.500000
vt 0.875000 0.458333
vt 0.875000 0.416667
vt 0.875000 0.375000
vt 0.875000 0.333333
vt 0.875000 0.291667
vt 0.875000 0.250000
vt 0.875000 0.208333
vt 0.875000 0.166667
vt 0.875000 0.125000
vt 0.875000 0.083333
vt 0.875000 0.041667
vt 0.875000 0.000000
vt 0.875000 1.000000
vt 0.833333 0.958333
vt 0.833333 0.916667
vt 0.833333 0.875000
vt 0.833333 0.833333
vt 0.833333 0.791667
vt 0.833333 0.750000
vt 0.833333 0.708333
vt 0.833333 0.666667
vt 0.833333 0.625000
vt 0.833333 0.583333
vt 0.833333 0.541667
vt 0.833333 0.500000
vt 0.833333 0.458333
vt 0.833333 0.416667
vt 0.833333 0.375000
vt 0.833333 0.333333
vt 0.833333 0.291667
vt 0.833333 0.250000
vt 0.833333 0.208333
vt 0.833333 0.166667
vt 0.833333 0.125000
vt 0.833333 0.083333
vt 0.833333 0.041667
vt 0.833333 0.000000
vt 0.833333 1.000000
vt 0.791667 0.958333
vt 0.791667 0.916667
vt 0.791667 0.875000
vt 0.791667 0.833333
vt 0.791667 0.791667
vt 0.791667 0.750000
vt 0.791667 0.708333
vt 0.791667 0.666667
vt 0.791667 0.625000
vt 0.791667 0.583333
vt 0.791667 0.541667
vt 0.791667 0.500000
vt 0.791667 0.458333
vt 0.791667 0.416667
vt 0.791667 0.375000
vt 0.791667 0.333333
vt 0.791667 0.291667
vt 0.791667 0.250000
vt 0.791667 0.208333
vt 0.791667 0.166667
vt 0.791667 0.125000
vt 0.791667 0.083333
vt 0.791667 0.041667
vt 0.791667 0.000000
vt 0.791667 1.000000
vt 0.750000 0.958333
vt 0.750000 0.916667
vt 0.750000 0.875000
vt 0.750000 0.833333
vt 0.750000 0.791667
vt 0.750000 0.750000
vt 0.750000 0.708333
vt 0.750000 0.666667
vt 0.750000 0.625000
vt 0.750000 0.583333
vt 0.750000 0.541667
vt 0.750000 0.500000
vt 0.750000 0.458333
vt 0.750000 0.416667
vt 0.750000 0.375000
vt 0.750000 0.333333
vt 0.750000 0.291667
vt 0.750000 0.250000
vt 0.750000 0.208333
vt 0.750000 0.166667
vt 0.750000 0.125000
vt 0.750000 0.083333
vt 0.750000 0.041667
vt 0.750000 0.000000
vt 0.750000 1.000000
vt 0.708333 0.958333
vt 0.708333 0.916667
vt 0.708333 0.875000
vt 0.708333 0.833333
vt 0.708333 0.791667
vt 0.708333 0.750000
vt 0.708333 0.708333
vt 0.708333 0.666667
vt 0.708333 0.625000
vt 0.708333 0.583333
vt 0.708333 0.541667
vt 0.708333 0.500000
vt 0.708333 0.458333
vt 0.708333 0.416667
vt 0.708333 0.375000
vt 0.708333 0.333333
vt 0.708333 0.291667
vt 0.708333 0.250000
vt 0.708333 0.208333
vt 0.708333 0.166667
vt 0.708333 0.125000
vt 0.708333 0.083333
vt 0.708333 0.041667
vt 0.708333 0.000000
vt 0.708333 1.000000
vt 0.666667 0.958333
vt 0.666667 0.916667
vt 0.666667 0.875000
vt 0.666667 0.833333
vt 0.666667 0.791667
vt 0.666667 0.750000
vt 0.666667 0.708333
vt 0.666667 0.666667
vt 0.666667 0.625000
vt 0.666667 0.583333
vt 0.666667 0.541667
vt 0.666667 0.500000
vt 0.666667 0.458333
vt 0.666667 0.416667
vt 0.666667 0.375000
vt 0.666667 0.333333
vt 0.666667 0.291667
vt 0.666667 0.250000
vt 0.666667 0.208333
vt 0.666667 0.166667
vt 0.666667 0.125000
vt 0.666667 0.083333
vt 0.666667 0.041667
vt 0.666667 0.000000
vt 0.666667 1.000000
vt 0.625000 0.958333
vt 0.625000 0.916667
vt 0.625000 0.875000
vt 0.625000 0.833333
vt 0.625000 0.791667
vt 0.625000 0.750000
vt 0.625000 0.708333
vt 0.625000 0.666667
vt 0.625000 0.625000
vt 0.625000 0.583333
vt 0.625000 0.541667
vt 0.625000 0.500000
vt 0.625000 0.458333
vt 0.625000 0.416667
vt 0.625000 0.375000
vt 0.625000 0.333333
vt 0.625000 0.291667
vt 0.625000 0.250000
vt 0.625000 0.208333
vt 0.625000 0.166667
vt 0.625000 0.125000
vt 0.625000 0.083333
vt 0.625000 0.041667
vt 0.625000 0.000000
vt 0.625000 1.000000
vt 0.583333 0.958333
vt 0.583333 0.916667
vt 0.583333 0.875000
vt 0.583333 0.833333
vt 0.583333 0.791667
vt 0.583333 0.750000
vt 0.583333 0.708333
vt 0.583333 0.666667
vt 0.583333 0.625000
vt 0.583333 0.583333
vt 0.583333 0.541667
vt 0.583333 0.500000
vt 0.583333 0.458333
vt 0.583333 0.416667
vt 0.583333 0.375000
vt 0.583333 0.333333
vt 0.583333 0.291667
vt 0.583333 0.250000
vt 0.583333 0.208333
vt 0.583333 0.166667
vt 0.583333 0.125000
vt 0.583333 0.083333
vt 0.583333 0.041667
vt 0.583333 0.000000
vt 0.583333 1.000000
vt 0.541667 0.958333
vt 0.541667 0.916667
vt 0.541667 0.875000
vt 0.541667 0.833333
vt 0.541667 0.791667
vt 0.541667 0.750000
vt 0.541667 0.708333
vt 0.541667 0.666667
vt 0.541667 0.625000
vt 0.541667 0.583333
vt 0.541667 0.541667
vt 0.541667 0.500000
vt 0.541667 0.458333
vt 0.541667 0.416667
vt 0.541667 0.375000
vt 0.541667 0.333333
vt 0.541667 0.291667
vt 0.541667 0.250000
vt 0.541667 0.208333
vt 0.541667 0.166667
vt 0.541667 0.125000
vt 0.541667 0.083333
vt 0.541667 0.041667
vt 0.541667 0.000000
vt 0.541667 1.000000
vt 0.500000 0.958333
vt 0.500000 0.916667
vt 0.500000 0.875000
vt 0.500000 0.833333
vt 0.500000 0.791667
vt 0.500000 0.750000
vt 0.500000 0.708333
vt 0.500000 0.666667
vt 0.500000 0.625000
vt 0.500000 0.583333
vt 0.500000 0.541667
vt 0.500000 0.500000
vt 0.500000 0.458333
vt 0.500000 0.416667
vt 0.500000 0.375000
vt 0.500000 0.333333
vt 0.500000 0.291667
vt 0.500000 0.250000
vt 0.500000 0.208333
vt 0.500000 0.166667
vt 0.500000 0.125000
vt 0.500000 0.083333
vt 0.500000 0.041667
vt 0.500000 0.000000
vt 0.500000 1.000000
vt 0.458333 0.958333
vt 0.458333 0.916667
vt 0.458333 0.875000
vt 0.458333 0.833333
vt 0.458333 0.791667
vt 0.458333 0.750000
vt 0.458333 0.708333
vt 0.458333 0.666667
vt 0.458333 0.625000
vt 0.458333 0.583333
vt 0.458333 0.541667
vt 0.458333 0.500000
vt 0.458333 0.458333
vt 0.458333 0.416667
vt 0.458333 0.375000
vt 0.458333 0.333333
vt 0.458333 0.291667
vt 0.458333 0.250000
vt 0.458333 0.208333
vt 0.458333 0.166667
vt 0.458333 0.125000
vt 0.458333 0.083333
vt 0.458333 0.041667
vt 0.458333 0.000000
vt 0.458333 1.000000
vt 0.416667 0.958333
vt 0.416667 0.916667
vt 0.416667 0.875000
vt 0.416667 0.833333
vt 0.416667 0.791667
vt 0.416667 0.750000
vt 0.416667 0.708333
vt 0.416667 0.666667
vt 0.416667 0.625000
vt 0.416667 0.583333
vt 0.416667 0.541667
vt 0.416667 0.500000
vt 0.416667 0.458333
vt 0.416667 0.416667
vt 0.416667 0.375000
vt 0.416667 0.333333
vt 0.416667 0.291667
vt 0.416667 0.250000
vt 0.416667 0.208333
vt 0.416667 0.166667
vt 0.416667 0.125000
vt 0.416667 0.083333
vt 0.416667 0.041667
vt 0.416667 0.000000
vt 0.416667 1.000000
vt 0.375000 0.958333
vt 0.375000 0.916667
vt 0.375000 0.875000
vt 0.375000 0.833333
vt 0.375000 0.791667
vt 0.375000 0.750000
vt 0.375000 0.708333
vt 0.375000 0.666667
vt 0.375000 0.625000
vt 0.375000 0.583333
vt 0.375000 0.541667
vt 0.375000 0.500000
vt 0.375000 0.458333
vt 0.375000 0.416667
vt 0.375000 0.375000
vt 0.375000 0.333333
vt 0.375000 0.291667
vt 0.375000 0.250000
vt 0.375000 0.208333
vt 0.375000 0.166667
vt 0.375000 0.125000
vt 0.375000 0.083333
vt 0.375000 0.041667
vt 0.375000 0.000000
vt 0.375000 1.000000
vt 0.333333 0.958333
vt 0.333333 0.916667
vt 0.333333 0.875000
vt 0.333333 0.833333
vt 0.333333 0.791667
vt 0.333333 0.750000
vt 0.333333 0.708333
vt 0.333333 0.666667
vt 0.333333 0.625000
vt 0.333333 0.583333
vt 0.333333 0.541667
vt 0.333333 0.500000
vt 0.333333 0.458333
vt 0.333333 0.416667
vt 0.333333 0.375000
vt 0.333333 0.333333
vt 0.333333 0.291667
vt 0.333333 0.250000
vt 0.333333 0.208333
vt 0.333333 0.166667
vt 0.333333 0.125000
vt 0.333333 0.083333
vt 0.333333 0.041667
vt 0.333333 0.000000
vt 0.333333 1.000000
vt 0.291667 0.958333
vt 0.291667 0.916667
vt 0.291667 0.875000
vt 0.291667 0.833333
vt 0.291667 0.791667
vt 0.291667 0.750000
vt 0.291667 0.708333
vt 0.291667 0.666667
vt 0.291667 0.625000
vt 0.291667 0.583333
vt 0.291667 0.541667
vt 0.291667 0.500000
vt 0.291667 0.458333
vt 0.291667 0.416667
vt 0.291667 0.375000
vt 0.291667 0.333333
vt 0.291667 0.291667
vt 0.291667 0.250000
vt 0.291667 0.208333
vt 0.291667 0.166667
vt 0.291667 0.125000
vt 0.291667 0.083333
vt 0.291667 0.041667
vt 0.291667 0.000000
vt 0.291667 1.000000
vt 0.250000 0.958333
vt 0.250000 0.916667
vt 0.250000 0.875000
vt 0.250000 0.833333
vt 0.250000 0.791667
vt 0.250000 0.750000
vt 0.250000 0.708333
vt 0.250000 0.666667
vt 0.250000 0.625000
vt 0.250000 0.583333
vt 0.250000 0.541667
vt 0.250000 0.500000
vt 0.250000 0.458333
vt 0.250000 0.416667
vt 0.250000 0.375000
vt 0.250000 0.333333
vt 0.250000 0.291667
vt 0.250000 0.250000
vt 0.250000 0.208333
vt 0.250000 0.166667
vt 0.250000 0.125000
vt 0.250000 0.083333
vt 0.250000 0.041667
vt 0.250000 0.000000
vt 0.250000 1.000000
vt 0.208333 0.958333
vt 0.208333 0.916667
vt 0.208333 0.875000
vt 0.208333 0.833333
vt 0.208333 0.791667
vt 0.208333 0.750000
vt 0.208333 0.708333
vt 0.208333 0.666667
vt 0.208333 0.625000
vt 0.208333 0.583333
vt 0.208333 0.541667
vt 0.208333 0.500000
vt 0.208333 0.458333
vt 0.208333 0.416667
vt 0.208333 0.375000
vt 0.208333 0.333333
vt 0.208333 0.291667
vt 0.208333 0.250000
vt 0.208333 0.208333
vt 0.208333 0.166667
vt 0.208333 0.125000
vt 0.208333 0.083333
vt 0.208333 0.041667
vt 0.208333 0.000000
vt 0.208333 1.000000
vt 0.166667 0.958333
vt 0.166667 0.916667
vt 0.166667 0.875000
vt 0.166667 0.833333
vt 0.166667 0.791667
vt 0.166667 0.750000
vt 0.166667 0.708333
vt 0.166667 0.666667
vt 0.166667 0.625000
vt 0.166667 0.583333
vt 0.166667 0.541667
vt 0.166667 0.500000
vt 0.166667 0.458333
vt 0.166667 0.416667
vt 0.166667 0.375000
vt 0.166667 0.333333
vt 0.166667 0.291667
vt 0.166667 0.250000
vt 0.166667 0.208333
vt 0.166667 0.166667
vt 0.166667 0.125000
vt 0.166667 0.083333
vt 0.166667 0.041667
vt 0.166667 0.000000
vt 0.166667 1.000000
vt 0.125000 0.958333
vt 0.125000 0.916667
vt 0.125000 0.875000
vt 0.125000 0.833333
vt 0.125000 0.791667
vt 0.125000 0.750000
vt 0.125000 0.708333
vt 0.125000 0.666667
vt 0.125000 0.625000
vt 0.125000 0.583333
vt 0.125000 0.541667
vt 0.125000 0.500000
vt 0.125000 0.458333
vt 0.125000 0.416667
vt 0.125000 0.375000
vt 0.125000 0.333333
vt 0.125000 0.291667
vt 0.125000 0.250000
vt 0.125000 0.208333
vt 0.125000 0.166667
vt 0.125000 0.125000
vt 0.125000 0.083333
vt 0.125000 0.041667
vt 0.125000 0.000000
vt 0.125000 1.000000
vt 0.083333 0.958333
vt 0.083333 0.916667
vt 0.083333 0.875000
vt 0.083333 0.833333
vt 0.083333 0.791667
vt 0.083333 0.750000
vt 0.083333 0.708333
vt 0.083333 0.666667
vt 0.083333 0.625000
vt 0.083333 0.583333
vt 0.083333 0.541667
vt 0.083333 0.500000
vt 0.083333 0.458333
vt 0.083333 0.416667
vt 0.083333 0.375000
vt 0.083333 0.333333
vt 0.083333 0.291667
vt 0.083333 0.250000
vt 0.083333 0.208333
vt 0.083333 0.166667
vt 0.083333 0.125000
vt 0.083333 0.083333
vt 0.083333 0.041667
vt 0.083333 0.000000
vt 0.083333 1.000000
vt 0.041667 0.958333
vt 0.041667 0.916667
vt 0.041667 0.875000
vt 0.041667 0.833333
vt 0.041667 0.791667
vt 0.041667 0.750000
vt 0.041667 0.708333
vt 0.041667 0.666667
vt 0.041667 0.625000
vt 0.041667 0.583333
vt 0.041667 0.541667
vt 0.041667 0.500000
vt 0.041667 0.458333
vt 0.041667 0.416667
vt 0.041667 0.375000
vt 0.041667 0.333333
vt 0.041667 0.291667
vt 0.041667 0.250000
vt 0.041667 0.208333
vt 0.041667 0.166667
vt 0.041667 0.125000
vt 0.041667 0.083333
vt 0.041667 0.041667
vt 0.041667 0.000000
vt 0.041667 1.000000
vt 0.000000 0.958333
vt 0.000000 0.916667
vt 0.000000 0.875000
vt 0.000000 0.833333
vt 0.000000 0.791667
vt 0.000000 0.750000
vt 0.000000 0.708333
vt 0.000000 0.666667
vt 0.000000 0.625000
vt 0.000000 0.583333
vt 0.000000 0.541667
vt 0.000000 0.500000
vt 0.000000 0.458333
vt 0.000000 0.416667
vt 0.000000 0.375000
vt 0.000000 0.333333
vt 0.000000 0.291667
vt 0.000000 0.250000
vt 0.000000 0.208333
vt 0.000000 0.166667
vt 0.000000 0.125000
vt 0.000000 0.083333
vt 0.000000 0.041667
vt 0.000000 0.000000
vn -0.000000 1.000000 -0.000000
vn 0.125800 0.991500 0.033800
vn 0.130200 0.991500 -0.000000
vn 0.250200 0.965900 0.067000
vn 0.259000 0.965900 0.000000
vn 0.370000 0.923800 0.099000
vn 0.382900 0.923800 -0.000000
vn 0.482500 0.866300 0.129300
vn 0.499500 0.866300 -0.000000
vn 0.587700 0.793600 0.157500
vn 0.608400 0.793700 0.000000
vn 0.682900 0.707200 0.183100
vn 0.706900 0.707300 -0.000000
vn 0.766400 0.608700 0.205500
vn 0.793500 0.608600 -0.000000
vn 0.836600 0.499800 0.224100
vn 0.866300 0.499500 -0.000000
vn 0.892500 0.382600 0.238900
vn 0.923900 0.382700 0.000000
vn 0.933100 0.258800 0.249900
vn 0.965900 0.258900 -0.000000
vn 0.957700 0.130600 0.256500
vn 0.991400 0.130600 0.000000
vn 0.965900 -0.000000 0.258800
vn 1.000000 0.000000 0.000000
vn 0.957700 -0.130600 0.256500
vn 0.991400 -0.130600 -0.000000
vn 0.933000 -0.258800 0.249900
vn 0.965900 -0.258900 -0.000000
vn 0.892500 -0.382600 0.238900
vn 0.923900 -0.382600 -0.000000
vn 0.836600 -0.499800 0.224100
vn 0.866300 -0.499500 -0.000000
vn 0.766400 -0.608700 0.205500
vn 0.793500 -0.608600 -0.000000
vn 0.682900 -0.707200 0.183100
vn 0.706900 -0.707300 -0.000000
vn 0.587700 -0.793600 0.157500
vn 0.608400 -0.793700 -0.000000
vn 0.482500 -0.866300 0.129300
vn 0.499500 -0.866300 -0.000000
vn 0.370000 -0.923800 0.099000
vn 0.382900 -0.923800 0.000000
vn 0.250200 -0.965900 0.067000
vn 0.259000 -0.965900 -0.000000
vn 0.125800 -0.991500 0.033800
vn 0.130200 -0.991500 0.000000
vn -0.000000 -1.000000 0.000000
vn 0.112700 0.991500 0.065200
vn 0.224200 0.965900 0.129400
vn 0.331700 0.923800 0.191400
vn 0.432700 0.866200 0.249800
vn 0.526900 0.793600 0.304300
vn 0.612300 0.707100 0.353600
vn 0.687100 0.608600 0.396800
vn 0.749900 0.500000 0.433200
vn 0.800000 0.382700 0.462100
vn 0.836500 0.258800 0.483000
vn 0.858600 0.130700 0.495700
vn 0.866100 -0.000000 0.499900
vn 0.858600 -0.130700 0.495700
vn 0.836500 -0.258800 0.483000
vn 0.800000 -0.382600 0.462100
vn 0.749900 -0.500000 0.433100
vn 0.687100 -0.608600 0.396800
vn 0.612300 -0.707100 0.353600
vn 0.526900 -0.793600 0.304300
vn 0.432700 -0.866200 0.249800
vn 0.331700 -0.923700 0.191500
vn 0.224200 -0.965900 0.129400
vn 0.112700 -0.991500 0.065100
vn 0.092000 0.991500 0.092000
vn 0.183100 0.965900 0.183100
vn 0.270800 0.923800 0.270800
vn 0.353400 0.866200 0.353400
vn 0.430200 0.793600 0.430200
vn 0.500000 0.707100 0.500000
vn 0.561100 0.608600 0.561100
vn 0.612400 0.499900 0.612400
vn 0.653300 0.382700 0.653300
vn 0.683000 0.258800 0.683000
vn 0.701100 0.130600 0.701100
vn 0.707100 0.000000 0.707100
vn 0.701100 -0.130600 0.701100
vn 0.683000 -0.258800 0.683000
vn 0.653300 -0.382700 0.653300
vn 0.612400 -0.500000 0.612400
vn 0.561100 -0.608600 0.561100
vn 0.500000 -0.707100 0.500000
vn 0.430200 -0.793600 0.430200
vn 0.353400 -0.866200 0.353400
vn 0.270800 -0.923800 0.270800
vn 0.183000 -0.965900 0.183100
vn 0.092100 -0.991500 0.092100
vn 0.065100 0.991500 0.112700
vn 0.129400 0.965900 0.224200
vn 0.191400 0.923800 0.331700
vn 0.249800 0.866200 0.432700
vn 0.304300 0.793600 0.526900
vn 0.353600 0.707100 0.612400
vn 0.396800 0.608600 0.687100
vn 0.433200 0.500000 0.749900
vn 0.462100 0.382700 0.800000
vn 0.483100 0.258700 0.836500
vn 0.495700 0.130800 0.858600
vn 0.499900 0.000000 0.866100
vn 0.495700 -0.130700 0.858600
vn 0.483100 -0.258700 0.836500
vn 0.462100 -0.382700 0.800000
vn 0.433200 -0.500000 0.749900
vn 0.396800 -0.608700 0.687100
vn 0.353600 -0.707100 0.612300
vn 0.304300 -0.793600 0.526900
vn 0.249800 -0.866200 0.432700
vn 0.191400 -0.923800 0.331700
vn 0.129400 -0.965900 0.224200
vn 0.065100 -0.991500 0.112700
vn 0.033800 0.991500 0.125800
vn 0.067000 0.965900 0.250200
vn 0.099000 0.923800 0.370000
vn 0.129300 0.866300 0.482500
vn 0.157500 0.793600 0.587700
vn 0.183100 0.707200 0.682900
vn 0.205500 0.608700 0.766400
vn 0.224100 0.499800 0.836600
vn 0.238900 0.382600 0.892500
vn 0.249900 0.258900 0.933000
vn 0.256500 0.130600 0.957700
vn 0.258800 -0.000000 0.965900
vn 0.256500 -0.130600 0.957700
vn 0.249900 -0.258700 0.933100
vn 0.238900 -0.382600 0.892500
vn 0.224100 -0.499800 0.836600
vn 0.205500 -0.608700 0.766400
vn 0.183100 -0.707200 0.682900
vn 0.157500 -0.793600 0.587700
vn 0.129300 -0.866300 0.482500
vn 0.099000 -0.923800 0.370000
vn 0.067000 -0.965900 0.250200
vn 0.033800 -0.991500 0.125800
vn -0.000000 0.991500 0.130200
vn -0.000000 0.965900 0.259000
vn -0.000000 0.923800 0.382900
vn 0.000000 0.866300 0.499500
vn 0.000000 0.793700 0.608400
vn 0.000000 0.707300 0.706900
vn 0.000000 0.608600 0.793500
vn 0.000000 0.499400 0.866300
vn 0.000000 0.382600 0.923900
vn -0.000000 0.258900 0.965900
vn -0.000000 0.130600 0.991400
vn 0.000000 0.000000 1.000000
vn -0.000000 -0.130600 0.991400
vn -0.000000 -0.258900 0.965900
vn 0.000000 -0.382700 0.923900
vn 0.000000 -0.499500 0.866300
vn 0.000000 -0.608600 0.793500
vn 0.000000 -0.707300 0.706900
vn 0.000000 -0.793700 0.608400
vn 0.000000 -0.866300 0.499500
vn -0.000000 -0.923800 0.382900
vn -0.000000 -0.965900 0.259000
vn -0.000000 -0.991500 0.130200
vn -0.033800 0.991500 0.125800
vn -0.067000 0.965900 0.250200
vn -0.099000 0.923800 0.370000
vn -0.129300 0.866300 0.482500
vn -0.157500 0.793600 0.587700
vn -0.183100 0.707200 0.682900
vn -0.205500 0.608700 0.766400
vn -0.224100 0.499800 0.836600
vn -0.238900 0.382600 0.892500
vn -0.249900 0.258700 0.933100
vn -0.256500 0.130600 0.957700
vn -0.258800 -0.000000 0.965900
vn -0.256500 -0.130600 0.957700
vn -0.249900 -0.258800 0.933000
vn -0.238900 -0.382600 0.892500
vn -0.224100 -0.499800 0.836600
vn -0.205500 -0.608700 0.766400
vn -0.183100 -0.707200 0.682900
vn -0.157500 -0.793600 0.587700
vn -0.129300 -0.866300 0.482500
vn -0.099000 -0.923800 0.370000
vn -0.067000 -0.965900 0.250200
vn -0.033800 -0.991500 0.125800
vn -0.065100 0.991500 0.112700
vn -0.129400 0.965900 0.224200
vn -0.191400 0.923800 0.331700
vn -0.249800 0.866200 0.432700
vn -0.304300 0.793600 0.526900
vn -0.353600 0.707100 0.612300
vn -0.396800 0.608700 0.687100
vn -0.433200 0.500000 0.749900
vn -0.462100 0.382600 0.800000
vn -0.483100 0.258700 0.836500
vn -0.495700 0.130700 0.858600
vn -0.499900 0.000000 0.866100
vn -0.495700 -0.130700 0.858600
vn -0.483100 -0.258700 0.836500
vn -0.462100 -0.382700 0.800000
vn -0.433100 -0.500000 0.749900
vn -0.396800 -0.608700 0.687100
vn -0.353600 -0.707100 0.612300
vn -0.304300 -0.793600 0.526900
vn -0.249800 -0.866200 0.432700
vn -0.191500 -0.923700 0.331700
vn -0.129400 -0.965900 0.224200
vn -0.065200 -0.991500 0.112700
vn -0.092000 0.991500 0.092000
vn -0.183100 0.965900 0.183100
vn -0.270800 0.923800 0.270800
vn -0.353400 0.866200 0.353400
vn -0.430200 0.793600 0.430200
vn -0.500000 0.707100 0.500000
vn -0.561100 0.608600 0.561100
vn -0.612400 0.499900 0.612400
vn -0.653300 0.382700 0.653300
vn -0.683000 0.258800 0.683000
vn -0.701100 0.130600 0.701100
vn -0.707100 0.000000 0.707100
vn -0.701100 -0.130600 0.701100
vn -0.683000 -0.258800 0.683000
vn -0.653300 -0.382700 0.653300
vn -0.612400 -0.499900 0.612400
vn -0.561100 -0.608600 0.561100
vn -0.500000 -0.707100 0.500000
vn -0.430200 -0.793600 0.430200
vn -0.353400 -0.866200 0.353400
vn -0.270800 -0.923800 0.270800
vn -0.183100 -0.965900 0.183100
vn -0.092000 -0.991500 0.092000
vn -0.112700 0.991500 0.065200
vn -0.224200 0.965900 0.129400
vn -0.331700 0.923800 0.191400
vn -0.432700 0.866200 0.249800
vn -0.526900 0.793600 0.304300
vn -0.612300 0.707100 0.353600
vn -0.687100 0.608600 0.396800
vn -0.749900 0.500000 0.433100
vn -0.800000 0.382700 0.462100
vn -0.836500 0.258700 0.483100
vn -0.858600 0.130700 0.495700
vn -0.866100 -0.000000 0.499900
vn -0.858600 -0.130600 0.495700
vn -0.836500 -0.258700 0.483100
vn -0.800000 -0.382700 0.462100
vn -0.749900 -0.500000 0.433200
vn -0.687100 -0.608600 0.396800
vn -0.612300 -0.707100 0.353600
vn -0.526900 -0.793600 0.304300
vn -0.432700 -0.866200 0.249800
vn -0.331700 -0.923700 0.191500
vn -0.224200 -0.965900 0.129400
vn -0.112700 -0.991500 0.065100
vn -0.125800 0.991500 0.033800
vn -0.250200 0.965900 0.067000
vn -0.370000 0.923800 0.099000
vn -0.482500 0.866300 0.129300
vn -0.587700 0.793600 0.157500
vn -0.682900 0.707200 0.183100
vn -0.766400 0.608700 0.205500
vn -0.836600 0.499800 0.224100
vn -0.892500 0.382600 0.238900
vn -0.933100 0.258700 0.249900
vn -0.957700 0.130600 0.256500
vn -0.965900 0.000000 0.258800
vn -0.957700 -0.130600 0.256500
vn -0.933000 -0.258800 0.249900
vn -0.892500 -0.382600 0.238900
vn -0.836600 -0.499800 0.224100
vn -0.766400 -0.608700 0.205500
vn -0.682900 -0.707200 0.183100
vn -0.587700 -0.793600 0.157500
vn -0.482500 -0.866300 0.129300
vn -0.370000 -0.923800 0.099000
vn -0.250200 -0.965900 0.067000
vn -0.125800 -0.991500 0.033800
vn -0.130200 0.991500 -0.000000
vn -0.259000 0.965900 -0.000000
vn -0.382900 0.923800 -0.000000
vn -0.499500 0.866300 0.000000
vn -0.608400 0.793700 0.000000
vn -0.706900 0.707300 0.000000
vn -0.793500 0.608600 0.000000
vn -0.866300 0.499500 0.000000
vn -0.923900 0.382600 0.000000
vn -0.965900 0.258900 -0.000000
vn -0.991400 0.130600 -0.000000
vn -1.000000 0.000000 0.000000
vn -0.991400 -0.130600 -0.000000
vn -0.965900 -0.258900 -0.000000
vn -0.923900 -0.382700 0.000000
vn -0.866300 -0.499500 0.000000
vn -0.793500 -0.608600 0.000000
vn -0.706900 -0.707300 0.000000
vn -0.608400 -0.793700 0.000000
vn -0.499500 -0.866300 0.000000
vn -0.382900 -0.923800 -0.000000
vn -0.259000 -0.965900 -0.000000
vn -0.130200 -0.991500 -0.000000
vn -0.125800 0.991500 -0.033800
vn -0.250200 0.965900 -0.067000
vn -0.370000 0.923800 -0.099000
vn -0.482500 0.866300 -0.129300
vn -0.587700 0.793600 -0.157500
vn -0.682900 0.707200 -0.183100
vn -0.766400 0.608700 -0.205500
vn -0.836600 0.499800 -0.224100
vn -0.892500 0.382600 -0.238900
vn -0.933100 0.258800 -0.249900
vn -0.957700 0.130600 -0.256500
vn -0.965900 0.000000 -0.258800
vn -0.957700 -0.130600 -0.256500
vn -0.933000 -0.258800 -0.249900
vn -0.892500 -0.382600 -0.238900
vn -0.836600 -0.499800 -0.224100
vn -0.766400 -0.608700 -0.205500
vn -0.682900 -0.707200 -0.183100
vn -0.587700 -0.793600 -0.157500
vn -0.482500 -0.866300 -0.129300
vn -0.370000 -0.923800 -0.099000
vn -0.250200 -0.965900 -0.067000
vn -0.125800 -0.991500 -0.033800
vn -0.112700 0.991500 -0.065200
vn -0.224200 0.965900 -0.129400
vn -0.331700 0.923800 -0.191400
vn -0.432700 0.866200 -0.249800
vn -0.526900 0.793600 -0.304300
vn -0.612300 0.707100 -0.353600
vn -0.687100 0.608600 -0.396800
vn -0.749900 0.500000 -0.433200
vn -0.800000 0.382700 -0.462100
vn -0.836500 0.258800 -0.483000
vn -0.858600 0.130700 -0.495700
vn -0.866100 -0.000000 -0.499900
vn -0.858600 -0.130700 -0.495700
vn -0.836500 -0.258800 -0.483000
vn -0.800000 -0.382600 -0.462100
vn -0.749900 -0.500000 -0.433100
vn -0.687100 -0.608600 -0.396800
vn -0.612300 -0.707100 -0.353600
vn -0.526900 -0.793600 -0.304300
vn -0.432700 -0.866200 -0.249800
vn -0.331700 -0.923700 -0.191500
vn -0.224200 -0.965900 -0.129400
vn -0.112700 -0.991500 -0.065100
vn -0.092000 0.991500 -0.092000
vn -0.183100 0.965900 -0.183100
vn -0.270800 0.923800 -0.270800
vn -0.353400 0.866200 -0.353400
vn -0.430200 0.793600 -0.430200
vn -0.500000 0.707100 -0.500000
vn -0.561100 0.608600 -0.561100
vn -0.612400 0.499900 -0.612400
vn -0.653300 0.382700 -0.653300
vn -0.683000 0.258800 -0.683000
vn -0.701100 0.130600 -0.701100
vn -0.707100 0.000000 -0.707100
vn -0.701100 -0.130600 -0.701100
vn -0.683000 -0.258800 -0.683000
vn -0.653300 -0.382700 -0.653300
vn -0.612400 -0.500000 -0.612400
vn -0.561100 -0.608600 -0.561100
vn -0.500000 -0.707100 -0.500000
vn -0.430200 -0.793600 -0.430200
vn -0.353400 -0.866200 -0.353400
vn -0.270800 -0.923800 -0.270800
vn -0.183100 -0.965900 -0.183100
vn -0.092100 -0.991500 -0.092100
vn -0.065100 0.991500 -0.112700
vn -0.129400 0.965900 -0.224200
vn -0.191400 0.923800 -0.331700
vn -0.249800 0.866200 -0.432700
vn -0.304300 0.793600 -0.526900
vn -0.353600 0.707100 -0.612400
vn -0.396800 0.608600 -0.687100
vn -0.433200 0.500000 -0.749900
vn -0.462100 0.382700 -0.800000
vn -0.483100 0.258700 -0.836500
vn -0.495700 0.130800 -0.858600
vn -0.499900 0.000000 -0.866100
vn -0.495700 -0.130700 -0.858600
vn -0.483100 -0.258700 -0.836500
vn -0.462100 -0.382700 -0.800000
vn -0.433200 -0.500000 -0.749900
vn -0.396800 -0.608700 -0.687100
vn -0.353600 -0.707100 -0.612300
vn -0.304300 -0.793600 -0.526900
vn -0.249800 -0.866200 -0.432700
vn -0.191400 -0.923800 -0.331700
vn -0.129400 -0.965900 -0.224200
vn -0.065100 -0.991500 -0.112700
vn -0.033800 0.991500 -0.125800
vn -0.067000 0.965900 -0.250200
vn -0.099000 0.923800 -0.370000
vn -0.129300 0.866300 -0.482500
vn -0.157500 0.793600 -0.587700
vn -0.183100 0.707200 -0.682900
vn -0.205500 0.608700 -0.766400
vn -0.224100 0.499800 -0.836600
vn -0.238900 0.382600 -0.892500
vn -0.249900 0.258900 -0.933000
vn -0.256500 0.130600 -0.957700
vn -0.258800 -0.000000 -0.965900
vn -0.256500 -0.130600 -0.957700
vn -0.249900 -0.258700 -0.933100
vn -0.238900 -0.382600 -0.892500
vn -0.224100 -0.499800 -0.836600
vn -0.205500 -0.608700 -0.766400
vn -0.183100 -0.707200 -0.682900
vn -0.157500 -0.793600 -0.587700
vn -0.129300 -0.866300 -0.482500
vn -0.099000 -0.923800 -0.370000
vn -0.067000 -0.965900 -0.250200
vn -0.033800 -0.991500 -0.125800
vn 0.000000 0.991500 -0.130200
vn 0.000000 0.965900 -0.259000
vn 0.000000 0.923800 -0.382900
vn -0.000000 0.866300 -0.499500
vn -0.000000 0.793700 -0.608400
vn -0.000000 0.707300 -0.706900
vn -0.000000 0.608600 -0.793500
vn -0.000000 0.499400 -0.866300
vn -0.000000 0.382600 -0.923900
vn 0.000000 0.258900 -0.965900
vn 0.000000 0.130600 -0.991400
vn 0.000000 0.000000 -1.000000
vn 0.000000 -0.130600 -0.991400
vn 0.000000 -0.258900 -0.965900
vn -0.000000 -0.382700 -0.923900
vn -0.000000 -0.499500 -0.866300
vn -0.000000 -0.608600 -0.793500
vn -0.000000 -0.707300 -0.706900
vn -0.000000 -0.793700 -0.608400
vn -0.000000 -0.866300 -0.499500
vn 0.000000 -0.923800 -0.382900
vn 0.000000 -0.965900 -0.259000
vn 0.000000 -0.991500 -0.130200
vn 0.033800 0.991500 -0.125800
vn 0.067000 0.965900 -0.250200
vn 0.099000 0.923800 -0.370000
vn 0.129300 0.866300 -0.482500
vn 0.157500 0.793600 -0.587700
vn 0.183100 0.707200 -0.682900
vn 0.205500 0.608700 -0.766400
vn 0.224100 0.499800 -0.836600
vn 0.238900 0.382600 -0.892500
vn 0.249900 0.258700 -0.933100
vn 0.256500 0.130600 -0.957700
vn 0.258800 -0.000000 -0.965900
vn 0.256500 -0.130600 -0.957700
vn 0.249900 -0.258800 -0.933000
vn 0.238900 -0.382600 -0.892500
vn 0.224100 -0.499800 -0.836600
vn 0.205500 -0.608700 -0.766400
vn 0.183100 -0.707200 -0.682900
vn 0.157500 -0.793600 -0.587700
vn 0.129300 -0.866300 -0.482500
vn 0.099000 -0.923800 -0.370000
vn 0.067000 -0.965900 -0.250200
vn 0.033800 -0.991500 -0.125800
vn 0.065100 0.991500 -0.112700
vn 0.129400 0.965900 -0.224200
vn 0.191400 0.923800 -0.331700
vn 0.249800 0.866200 -0.432700
vn 0.304300 0.793600 -0.526900
vn 0.353600 0.707100 -0.612300
vn 0.396800 0.608700 -0.687100
vn 0.433200 0.500000 -0.749900
vn 0.462100 0.382600 -0.800000
vn 0.483100 0.258700 -0.836500
vn 0.495700 0.130700 -0.858600
vn 0.499900 0.000000 -0.866100
vn 0.495700 -0.130700 -0.858600
vn 0.483100 -0.258700 -0.836500
vn 0.462100 -0.382700 -0.800000
vn 0.433100 -0.500000 -0.749900
vn 0.396800 -0.608700 -0.687100
vn 0.353600 -0.707100 -0.612300
vn 0.304300 -0.793600 -0.526900
vn 0.249800 -0.866200 -0.432700
vn 0.191500 -0.923700 -0.331700
vn 0.129400 -0.965900 -0.224200
vn 0.065200 -0.991500 -0.112700
vn 0.092000 0.991500 -0.092000
vn 0.183100 0.965900 -0.183100
vn 0.270800 0.923800 -0.270800
vn 0.353400 0.866200 -0.353400
vn 0.430200 0.793600 -0.430200
vn 0.500000 0.707100 -0.500000
vn 0.561100 0.608600 -0.561100
vn 0.612400 0.499900 -0.612400
vn 0.653300 0.382700 -0.653300
vn 0.683000 0.258800 -0.683000
vn 0.701100 0.130600 -0.701100
vn 0.707100 0.000000 -0.707100
vn 0.701100 -0.130600 -0.701100
vn 0.683000 -0.258800 -0.683000
vn 0.653300 -0.382700 -0.653300
vn 0.612400 -0.499900 -0.612400
vn 0.561100 -0.608600 -0.561100
vn 0.500000 -0.707100 -0.500000
vn 0.430200 -0.793600 -0.430200
vn 0.353400 -0.866200 -0.353400
vn 0.270800 -0.923800 -0.270800
vn 0.183100 -0.965900 -0.183100
vn 0.092000 -0.991500 -0.092000
vn 0.112700 0.991500 -0.065200
vn 0.224200 0.965900 -0.129400
vn 0.331700 0.923800 -0.191400
vn 0.432700 0.866200 -0.249800
vn 0.526900 0.793600 -0.304300
vn 0.612300 0.707100 -0.353600
vn 0.687100 0.608600 -0.396800
vn 0.749900 0.500000 -0.433100
vn 0.800000 0.382700 -0.462100
vn 0.836500 0.258700 -0.483100
vn 0.858600 0.130700 -0.495700
vn 0.866100 -0.000000 -0.499900
vn 0.858600 -0.130600 -0.495700
vn 0.836500 -0.258700 -0.483100
vn 0.800000 -0.382700 -0.462100
vn 0.749900 -0.500000 -0.433200
vn 0.687100 -0.608600 -0.396800
vn 0.612300 -0.707100 -0.353600
vn 0.526900 -0.793600 -0.304300
vn 0.432700 -0.866200 -0.249800
vn 0.331700 -0.923700 -0.191500
vn 0.224200 -0.965900 -0.129400
vn 0.112700 -0.991500 -0.065100
vn 0.125800 0.991500 -0.033800
vn 0.250200 0.965900 -0.067000
vn 0.370000 0.923800 -0.099000
vn 0.482500 0.866300 -0.129300
vn 0.587700 0.793600 -0.157500
vn 0.682900 0.707200 -0.183100
vn 0.766400 0.608700 -0.205500
vn 0.836600 0.499800 -0.224100
vn 0.892500 0.382600 -0.238900
vn 0.933100 0.258700 -0.249900
vn 0.957700 0.130600 -0.256500
vn 0.965900 -0.000000 -0.258800
vn 0.957700 -0.130600 -0.256500
vn 0.933000 -0.258800 -0.249900
vn 0.892500 -0.382600 -0.238900
vn 0.836600 -0.499800 -0.224100
vn 0.766400 -0.608700 -0.205500
vn 0.682900 -0.707200 -0.183100
vn 0.587700 -0.793600 -0.157500
vn 0.482500 -0.866300 -0.129300
vn 0.370000 -0.923800 -0.099000
vn 0.250200 -0.965900 -0.067000
vn 0.125800 -0.991500 -0.033800
usemtl Physical9
s 1
f 2239/2495/2231 2264/2496/2232 2240/2497/2233
f 2240/2497/2233 2264/2496/2232 2265/2498/2234 2241/2499/2235
f 2241/2499/2235 2265/2498/2234 2266/2500/2236 2242/2501/2237
f 2242/2501/2237 2266/2500/2236 2267/2502/2238 2243/2503/2239
f 2243/2503/2239 2267/2502/2238 2268/2504/2240 2244/2505/2241
f 2244/2505/2241 2268/2504/2240 2269/2506/2242 2245/2507/2243
f 2245/2507/2243 2269/2506/2242 2270/2508/2244 2246/2509/2245
f 2246/2509/2245 2270/2508/2244 2271/2510/2246 2247/2511/2247
f 2247/2511/2247 2271/2510/2246 2272/2512/2248 2248/2513/2249
f 2248/2513/2249 2272/2512/2248 2273/2514/2250 2249/2515/2251
f 2249/2515/2251 2273/2514/2250 2274/2516/2252 2250/2517/2253
f 2250/2517/2253 2274/2516/2252 2275/2518/2254 2251/2519/2255
f 2251/2519/2255 2275/2518/2254 2276/2520/2256 2252/2521/2257
f 2252/2521/2257 2276/2520/2256 2277/2522/2258 2253/2523/2259
f 2253/2523/2259 2277/2522/2258 2278/2524/2260 2254/2525/2261
f 2254/2525/2261 2278/2524/2260 2279/2526/2262 2255/2527/2263
f 2255/2527/2263 2279/2526/2262 2280/2528/2264 2256/2529/2265
f 2256/2529/2265 2280/2528/2264 2281/2530/2266 2257/2531/2267
f 2257/2531/2267 2281/2530/2266 2282/2532/2268 2258/2533/2269
f 2258/2533/2269 2282/2532/2268 2283/2534/2270 2259/2535/2271
f 2259/2535/2271 2283/2534/2270 2284/2536/2272 2260/2537/2273
f 2260/2537/2273 2284/2536/2272 2285/2538/2274 2261/2539/2275
f 2261/2539/2275 2285/2538/2274 2286/2540/2276 2262/2541/2277
f 2262/2541/2277 2286/2540/2276 2263/2542/2278
f 2239/2543/2231 2287/2544/2279 2264/2496/2232
f 2264/2496/2232 2287/2544/2279 2288/2545/2280 2265/2498/2234
f 2265/2498/2234 2288/2545/2280 2289/2546/2281 2266/2500/2236
f 2266/2500/2236 2289/2546/2281 2290/2547/2282 2267/2502/2238
f 2267/2502/2238 2290/2547/2282 2291/2548/2283 2268/2504/2240
f 2268/2504/2240 2291/2548/2283 2292/2549/2284 2269/2506/2242
f 2269/2506/2242 2292/2549/2284 2293/2550/2285 2270/2508/2244
f 2270/2508/2244 2293/2550/2285 2294/2551/2286 2271/2510/2246
f 2271/2510/2246 2294/2551/2286 2295/2552/2287 2272/2512/2248
f 2272/2512/2248 2295/2552/2287 2296/2553/2288 2273/2514/2250
f 2273/2514/2250 2296/2553/2288 2297/2554/2289 2274/2516/2252
f 2274/2516/2252 2297/2554/2289 2298/2555/2290 2275/2518/2254
f 2275/2518/2254 2298/2555/2290 2299/2556/2291 2276/2520/2256
f 2276/2520/2256 2299/2556/2291 2300/2557/2292 2277/2522/2258
f 2277/2522/2258 2300/2557/2292 2301/2558/2293 2278/2524/2260
f 2278/2524/2260 2301/2558/2293 2302/2559/2294 2279/2526/2262
f 2279/2526/2262 2302/2559/2294 2303/2560/2295 2280/2528/2264
f 2280/2528/2264 2303/2560/2295 2304/2561/2296 2281/2530/2266
f 2281/2530/2266 2304/2561/2296 2305/2562/2297 2282/2532/2268
f 2282/2532/2268 2305/2562/2297 2306/2563/2298 2283/2534/2270
f 2283/2534/2270 2306/2563/2298 2307/2564/2299 2284/2536/2272
f 2284/2536/2272 2307/2564/2299 2308/2565/2300 2285/2538/2274
f 2285/2538/2274 2308/2565/2300 2309/2566/2301 2286/2540/2276
f 2286/2540/2276 2309/2566/2301 2263/2567/2278
f 2239/2568/2231 2310/2569/2302 2287/2544/2279
f 2287/2544/2279 2310/2569/2302 2311/2570/2303 2288/2545/2280
f 2288/2545/2280 2311/2570/2303 2312/2571/2304 2289/2546/2281
f 2289/2546/2281 2312/2571/2304 2313/2572/2305 2290/2547/2282
f 2290/2547/2282 2313/2572/2305 2314/2573/2306 2291/2548/2283
f 2291/2548/2283 2314/2573/2306 2315/2574/2307 2292/2549/2284
f 2292/2549/2284 2315/2574/2307 2316/2575/2308 2293/2550/2285
f 2293/2550/2285 2316/2575/2308 2317/2576/2309 2294/2551/2286
f 2294/2551/2286 2317/2576/2309 2318/2577/2310 2295/2552/2287
f 2295/2552/2287 2318/2577/2310 2319/2578/2311 2296/2553/2288
f 2296/2553/2288 2319/2578/2311 2320/2579/2312 2297/2554/2289
f 2297/2554/2289 2320/2579/2312 2321/2580/2313 2298/2555/2290
f 2298/2555/2290 2321/2580/2313 2322/2581/2314 2299/2556/2291
f 2299/2556/2291 2322/2581/2314 2323/2582/2315 2300/2557/2292
f 2300/2557/2292 2323/2582/2315 2324/2583/2316 2301/2558/2293
f 2301/2558/2293 2324/2583/2316 2325/2584/2317 2302/2559/2294
f 2302/2559/2294 2325/2584/2317 2326/2585/2318 2303/2560/2295
f 2303/2560/2295 2326/2585/2318 2327/2586/2319 2304/2561/2296
f 2304/2561/2296 2327/2586/2319 2328/2587/2320 2305/2562/2297
f 2305/2562/2297 2328/2587/2320 2329/2588/2321 2306/2563/2298
f 2306/2563/2298 2329/2588/2321 2330/2589/2322 2307/2564/2299
f 2307/2564/2299 2330/2589/2322 2331/2590/2323 2308/2565/2300
f 2308/2565/2300 2331/2590/2323 2332/2591/2324 2309/2566/2301
f 2309/2566/2301 2332/2591/2324 2263/2592/2278
f 2239/2593/2231 2333/2594/2325 2310/2569/2302
f 2310/2569/2302 2333/2594/2325 2334/2595/2326 2311/2570/2303
f 2311/2570/2303 2334/2595/2326 2335/2596/2327 2312/2571/2304
f 2312/2571/2304 2335/2596/2327 2336/2597/2328 2313/2572/2305
f 2313/2572/2305 2336/2597/2328 2337/2598/2329 2314/2573/2306
f 2314/2573/2306 2337/2598/2329 2338/2599/2330 2315/2574/2307
f 2315/2574/2307 2338/2599/2330 2339/2600/2331 2316/2575/2308
f 2316/2575/2308 2339/2600/2331 2340/2601/2332 2317/2576/2309
f 2317/2576/2309 2340/2601/2332 2341/2602/2333 2318/2577/2310
f 2318/2577/2310 2341/2602/2333 2342/2603/2334 2319/2578/2311
f 2319/2578/2311 2342/2603/2334 2343/2604/2335 2320/2579/2312
f 2320/2579/2312 2343/2604/2335 2344/2605/2336 2321/2580/2313
f 2321/2580/2313 2344/2605/2336 2345/2606/2337 2322/2581/2314
f 2322/2581/2314 2345/2606/2337 2346/2607/2338 2323/2582/2315
f 2323/2582/2315 2346/2607/2338 2347/2608/2339 2324/2583/2316
f 2324/2583/2316 2347/2608/2339 2348/2609/2340 2325/2584/2317
f 2325/2584/2317 2348/2609/2340 2349/2610/2341 2326/2585/2318
f 2326/2585/2318 2349/2610/2341 2350/2611/2342 2327/2586/2319
f 2327/2586/2319 2350/2611/2342 2351/2612/2343 2328/2587/2320
f 2328/2587/2320 2351/2612/2343 2352/2613/2344 2329/2588/2321
f 2329/2588/2321 2352/2613/2344 2353/2614/2345 2330/2589/2322
f 2330/2589/2322 2353/2614/2345 2354/2615/2346 2331/2590/2323
f 2331/2590/2323 2354/2615/2346 2355/2616/2347 2332/2591/2324
f 2332/2591/2324 2355/2616/2347 2263/2617/2278
f 2239/2618/2231 2356/2619/2348 2333/2594/2325
f 2333/2594/2325 2356/2619/2348 2357/2620/2349 2334/2595/2326
f 2334/2595/2326 2357/2620/2349 2358/2621/2350 2335/2596/2327
f 2335/2596/2327 2358/2621/2350 2359/2622/2351 2336/2597/2328
f 2336/2597/2328 2359/2622/2351 2360/2623/2352 2337/2598/2329
f 2337/2598/2329 2360/2623/2352 2361/2624/2353 2338/2599/2330
f 2338/2599/2330 2361/2624/2353 2362/2625/2354 2339/2600/2331
f 2339/2600/2331 2362/2625/2354 2363/2626/2355 2340/2601/2332
f 2340/2601/2332 2363/2626/2355 2364/2627/2356 2341/2602/2333
f 2341/2602/2333 2364/2627/2356 2365/2628/2357 2342/2603/2334
f 2342/2603/2334 2365/2628/2357 2366/2629/2358 2343/2604/2335
f 2343/2604/2335 2366/2629/2358 2367/2630/2359 2344/2605/2336
f 2344/2605/2336 2367/2630/2359 2368/2631/2360 2345/2606/2337
f 2345/2606/2337 2368/2631/2360 2369/2632/2361 2346/2607/2338
f 2346/2607/2338 2369/2632/2361 2370/2633/2362 2347/2608/2339
f 2347/2608/2339 2370/2633/2362 2371/2634/2363 2348/2609/2340
f 2348/2609/2340 2371/2634/2363 2372/2635/2364 2349/2610/2341
f 2349/2610/2341 2372/2635/2364 2373/2636/2365 2350/2611/2342
f 2350/2611/2342 2373/2636/2365 2374/2637/2366 2351/2612/2343
f 2351/2612/2343 2374/2637/2366 2375/2638/2367 2352/2613/2344
f 2352/2613/2344 2375/2638/2367 2376/2639/2368 2353/2614/2345
f 2353/2614/2345 2376/2639/2368 2377/2640/2369 2354/2615/2346
f 2354/2615/2346 2377/2640/2369 2378/2641/2370 2355/2616/2347
f 2355/2616/2347 2378/2641/2370 2263/2642/2278
f 2239/2643/2231 2379/2644/2371 2356/2619/2348
f 2356/2619/2348 2379/2644/2371 2380/2645/2372 2357/2620/2349
f 2357/2620/2349 2380/2645/2372 2381/2646/2373 2358/2621/2350
f 2358/2621/2350 2381/2646/2373 2382/2647/2374 2359/2622/2351
f 2359/2622/2351 2382/2647/2374 2383/2648/2375 2360/2623/2352
f 2360/2623/2352 2383/2648/2375 2384/2649/2376 2361/2624/2353
f 2361/2624/2353 2384/2649/2376 2385/2650/2377 2362/2625/2354
f 2362/2625/2354 2385/2650/2377 2386/2651/2378 2363/2626/2355
f 2363/2626/2355 2386/2651/2378 2387/2652/2379 2364/2627/2356
f 2364/2627/2356 2387/2652/2379 2388/2653/2380 2365/2628/2357
f 2365/2628/2357 2388/2653/2380 2389/2654/2381 2366/2629/2358
f 2366/2629/2358 2389/2654/2381 2390/2655/2382 2367/2630/2359
f 2367/2630/2359 2390/2655/2382 2391/2656/2383 2368/2631/2360
f 2368/2631/2360 2391/2656/2383 2392/2657/2384 2369/2632/2361
f 2369/2632/2361 2392/2657/2384 2393/2658/2385 2370/2633/2362
f 2370/2633/2362 2393/2658/2385 2394/2659/2386 2371/2634/2363
f 2371/2634/2363 2394/2659/2386 2395/2660/2387 2372/2635/2364
f 2372/2635/2364 2395/2660/2387 2396/2661/2388 2373/2636/2365
f 2373/2636/2365 2396/2661/2388 2397/2662/2389 2374/2637/2366
f 2374/2637/2366 2397/2662/2389 2398/2663/2390 2375/2638/2367
f 2375/2638/2367 2398/2663/2390 2399/2664/2391 2376/2639/2368
f 2376/2639/2368 2399/2664/2391 2400/2665/2392 2377/2640/2369
f 2377/2640/2369 2400/2665/2392 2401/2666/2393 2378/2641/2370
f 2378/2641/2370 2401/2666/2393 2263/2667/2278
f 2239/2668/2231 2402/2669/2394 2379/2644/2371
f 2379/2644/2371 2402/2669/2394 2403/2670/2395 2380/2645/2372
f 2380/2645/2372 2403/2670/2395 2404/2671/2396 2381/2646/2373
f 2381/2646/2373 2404/2671/2396 2405/2672/2397 2382/2647/2374
f 2382/2647/2374 2405/2672/2397 2406/2673/2398 2383/2648/2375
f 2383/2648/2375 2406/2673/2398 2407/2674/2399 2384/2649/2376
f 2384/2649/2376 2407/2674/2399 2408/2675/2400 2385/2650/2377
f 2385/2650/2377 2408/2675/2400 2409/2676/2401 2386/2651/2378
f 2386/2651/2378 2409/2676/2401 2410/2677/2402 2387/2652/2379
f 2387/2652/2379 2410/2677/2402 2411/2678/2403 2388/2653/2380
f 2388/2653/2380 2411/2678/2403 2412/2679/2404 2389/2654/2381
f 2389/2654/2381 2412/2679/2404 2413/2680/2405 2390/2655/2382
f 2390/2655/2382 2413/2680/2405 2414/2681/2406 2391/2656/2383
f 2391/2656/2383 2414/2681/2406 2415/2682/2407 2392/2657/2384
f 2392/2657/2384 2415/2682/2407 2416/2683/2408 2393/2658/2385
f 2393/2658/2385 2416/2683/2408 2417/2684/2409 2394/2659/2386
f 2394/2659/2386 2417/2684/2409 2418/2685/2410 2395/2660/2387
f 2395/2660/2387 2418/2685/2410 2419/2686/2411 2396/2661/2388
f 2396/2661/2388 2419/2686/2411 2420/2687/2412 2397/2662/2389
f 2397/2662/2389 2420/2687/2412 2421/2688/2413 2398/2663/2390
f 2398/2663/2390 2421/2688/2413 2422/2689/2414 2399/2664/2391
f 2399/2664/2391 2422/2689/2414 2423/2690/2415 2400/2665/2392
f 2400/2665/2392 2423/2690/2415 2424/2691/2416 2401/2666/2393
f 2401/2666/2393 2424/2691/2416 2263/2692/2278
f 2239/2693/2231 2425/2694/2417 2402/2669/2394
f 2402/2669/2394 2425/2694/2417 2426/2695/2418 2403/2670/2395
f 2403/2670/2395 2426/2695/2418 2427/2696/2419 2404/2671/2396
f 2404/2671/2396 2427/2696/2419 2428/2697/2420 2405/2672/2397
f 2405/2672/2397 2428/2697/2420 2429/2698/2421 2406/2673/2398
f 2406/2673/2398 2429/2698/2421 2430/2699/2422 2407/2674/2399
f 2407/2674/2399 2430/2699/2422 2431/2700/2423 2408/2675/2400
f 2408/2675/2400 2431/2700/2423 2432/2701/2424 2409/2676/2401
f 2409/2676/2401 2432/2701/2424 2433/2702/2425 2410/2677/2402
f 2410/2677/2402 2433/2702/2425 2434/2703/2426 2411/2678/2403
f 2411/2678/2403 2434/2703/2426 2435/2704/2427 2412/2679/2404
f 2412/2679/2404 2435/2704/2427 2436/2705/2428 2413/2680/2405
f 2413/2680/2405 2436/2705/2428 2437/2706/2429 2414/2681/2406
f 2414/2681/2406 2437/2706/2429 2438/2707/2430 2415/2682/2407
f 2415/2682/2407 2438/2707/2430 2439/2708/2431 2416/2683/2408
f 2416/2683/2408 2439/2708/2431 2440/2709/2432 2417/2684/2409
f 2417/2684/2409 2440/2709/2432 2441/2710/2433 2418/2685/2410
f 2418/2685/2410 2441/2710/2433 2442/2711/2434 2419/2686/2411
f 2419/2686/2411 2442/2711/2434 2443/2712/2435 2420/2687/2412
f 2420/2687/2412 2443/2712/2435 2444/2713/2436 2421/2688/2413
f 2421/2688/2413 2444/2713/2436 2445/2714/2437 2422/2689/2414
f 2422/2689/2414 2445/2714/2437 2446/2715/2438 2423/2690/2415
f 2423/2690/2415 2446/2715/2438 2447/2716/2439 2424/2691/2416
f 2424/2691/2416 2447/2716/2439 2263/2717/2278
f 2239/2718/2231 2448/2719/2440 2425/2694/2417
f 2425/2694/2417 2448/2719/2440 2449/2720/2441 2426/2695/2418
f 2426/2695/2418 2449/2720/2441 2450/2721/2442 2427/2696/2419
f 2427/2696/2419 2450/2721/2442 2451/2722/2443 2428/2697/2420
f 2428/2697/2420 2451/2722/2443 2452/2723/2444 2429/2698/2421
f 2429/2698/2421 2452/2723/2444 2453/2724/2445 2430/2699/2422
f 2430/2699/2422 2453/2724/2445 2454/2725/2446 2431/2700/2423
f 2431/2700/2423 2454/2725/2446 2455/2726/2447 2432/2701/2424
f 2432/2701/2424 2455/2726/2447 2456/2727/2448 2433/2702/2425
f 2433/2702/2425 2456/2727/2448 2457/2728/2449 2434/2703/2426
f 2434/2703/2426 2457/2728/2449 2458/2729/2450 2435/2704/2427
f 2435/2704/2427 2458/2729/2450 2459/2730/2451 2436/2705/2428
f 2436/2705/2428 2459/2730/2451 2460/2731/2452 2437/2706/2429
f 2437/2706/2429 2460/2731/2452 2461/2732/2453 2438/2707/2430
f 2438/2707/2430 2461/2732/2453 2462/2733/2454 2439/2708/2431
f 2439/2708/2431 2462/2733/2454 2463/2734/2455 2440/2709/2432
f 2440/2709/2432 2463/2734/2455 2464/2735/2456 2441/2710/2433
f 2441/2710/2433 2464/2735/2456 2465/2736/2457 2442/2711/2434
f 2442/2711/2434 2465/2736/2457 2466/2737/2458 2443/2712/2435
f 2443/2712/2435 2466/2737/2458 2467/2738/2459 2444/2713/2436
f 2444/2713/2436 2467/2738/2459 2468/2739/2460 2445/2714/2437
f 2445/2714/2437 2468/2739/2460 2469/2740/2461 2446/2715/2438
f 2446/2715/2438 2469/2740/2461 2470/2741/2462 2447/2716/2439
f 2447/2716/2439 2470/2741/2462 2263/2742/2278
f 2239/2743/2231 2471/2744/2463 2448/2719/2440
f 2448/2719/2440 2471/2744/2463 2472/2745/2464 2449/2720/2441
f 2449/2720/2441 2472/2745/2464 2473/2746/2465 2450/2721/2442
f 2450/2721/2442 2473/2746/2465 2474/2747/2466 2451/2722/2443
f 2451/2722/2443 2474/2747/2466 2475/2748/2467 2452/2723/2444
f 2452/2723/2444 2475/2748/2467 2476/2749/2468 2453/2724/2445
f 2453/2724/2445 2476/2749/2468 2477/2750/2469 2454/2725/2446
f 2454/2725/2446 2477/2750/2469 2478/2751/2470 2455/2726/2447
f 2455/2726/2447 2478/2751/2470 2479/2752/2471 2456/2727/2448
f 2456/2727/2448 2479/2752/2471 2480/2753/2472 2457/2728/2449
f 2457/2728/2449 2480/2753/2472 2481/2754/2473 2458/2729/2450
f 2458/2729/2450 2481/2754/2473 2482/2755/2474 2459/2730/2451
f 2459/2730/2451 2482/2755/2474 2483/2756/2475 2460/2731/2452
f 2460/2731/2452 2483/2756/2475 2484/2757/2476 2461/2732/2453
f 2461/2732/2453 2484/2757/2476 2485/2758/2477 2462/2733/2454
f 2462/2733/2454 2485/2758/2477 2486/2759/2478 2463/2734/2455
f 2463/2734/2455 2486/2759/2478 2487/2760/2479 2464/2735/2456
f 2464/2735/2456 2487/2760/2479 2488/2761/2480 2465/2736/2457
f 2465/2736/2457 2488/2761/2480 2489/2762/2481 2466/2737/2458
f 2466/2737/2458 2489/2762/2481 2490/2763/2482 2467/2738/2459
f 2467/2738/2459 2490/2763/2482 2491/2764/2483 2468/2739/2460
f 2468/2739/2460 2491/2764/2483 2492/2765/2484 2469/2740/2461
f 2469/2740/2461 2492/2765/2484 2493/2766/2485 2470/2741/2462
f 2470/2741/2462 2493/2766/2485 2263/2767/2278
f 2239/2768/2231 2494/2769/2486 2471/2744/2463
f 2471/2744/2463 2494/2769/2486 2495/2770/2487 2472/2745/2464
f 2472/2745/2464 2495/2770/2487 2496/2771/2488 2473/2746/2465
f 2473/2746/2465 2496/2771/2488 2497/2772/2489 2474/2747/2466
f 2474/2747/2466 2497/2772/2489 2498/2773/2490 2475/2748/2467
f 2475/2748/2467 2498/2773/2490 2499/2774/2491 2476/2749/2468
f 2476/2749/2468 2499/2774/2491 2500/2775/2492 2477/2750/2469
f 2477/2750/2469 2500/2775/2492 2501/2776/2493 2478/2751/2470
f 2478/2751/2470 2501/2776/2493 2502/2777/2494 2479/2752/2471
f 2479/2752/2471 2502/2777/2494 2503/2778/2495 2480/2753/2472
f 2480/2753/2472 2503/2778/2495 2504/2779/2496 2481/2754/2473
f 2481/2754/2473 2504/2779/2496 2505/2780/2497 2482/2755/2474
f 2482/2755/2474 2505/2780/2497 2506/2781/2498 2483/2756/2475
f 2483/2756/2475 2506/2781/2498 2507/2782/2499 2484/2757/2476
f 2484/2757/2476 2507/2782/2499 2508/2783/2500 2485/2758/2477
f 2485/2758/2477 2508/2783/2500 2509/2784/2501 2486/2759/2478
f 2486/2759/2478 2509/2784/2501 2510/2785/2502 2487/2760/2479
f 2487/2760/2479 2510/2785/2502 2511/2786/2503 2488/2761/2480
f 2488/2761/2480 2511/2786/2503 2512/2787/2504 2489/2762/2481
f 2489/2762/2481 2512/2787/2504 2513/2788/2505 2490/2763/2482
f 2490/2763/2482 2513/2788/2505 2514/2789/2506 2491/2764/2483
f 2491/2764/2483 2514/2789/2506 2515/2790/2507 2492/2765/2484
f 2492/2765/2484 2515/2790/2507 2516/2791/2508 2493/2766/2485
f 2493/2766/2485 2516/2791/2508 2263/2792/2278
f 2239/2793/2231 2517/2794/2509 2494/2769/2486
f 2494/2769/2486 2517/2794/2509 2518/2795/2510 2495/2770/2487
f 2495/2770/2487 2518/2795/2510 2519/2796/2511 2496/2771/2488
f 2496/2771/2488 2519/2796/2511 2520/2797/2512 2497/2772/2489
f 2497/2772/2489 2520/2797/2512 2521/2798/2513 2498/2773/2490
f 2498/2773/2490 2521/2798/2513 2522/2799/2514 2499/2774/2491
f 2499/2774/2491 2522/2799/2514 2523/2800/2515 2500/2775/2492
f 2500/2775/2492 2523/2800/2515 2524/2801/2516 2501/2776/2493
f 2501/2776/2493 2524/2801/2516 2525/2802/2517 2502/2777/2494
f 2502/2777/2494 2525/2802/2517 2526/2803/2518 2503/2778/2495
f 2503/2778/2495 2526/2803/2518 2527/2804/2519 2504/2779/2496
f 2504/2779/2496 2527/2804/2519 2528/2805/2520 2505/2780/2497
f 2505/2780/2497 2528/2805/2520 2529/2806/2521 2506/2781/2498
f 2506/2781/2498 2529/2806/2521 2530/2807/2522 2507/2782/2499
f 2507/2782/2499 2530/2807/2522 2531/2808/2523 2508/2783/2500
f 2508/2783/2500 2531/2808/2523 2532/2809/2524 2509/2784/2501
f 2509/2784/2501 2532/2809/2524 2533/2810/2525 2510/2785/2502
f 2510/2785/2502 2533/2810/2525 2534/2811/2526 2511/2786/2503
f 2511/2786/2503 2534/2811/2526 2535/2812/2527 2512/2787/2504
f 2512/2787/2504 2535/2812/2527 2536/2813/2528 2513/2788/2505
f 2513/2788/2505 2536/2813/2528 2537/2814/2529 2514/2789/2506
f 2514/2789/2506 2537/2814/2529 2538/2815/2530 2515/2790/2507
f 2515/2790/2507 2538/2815/2530 2539/2816/2531 2516/2791/2508
f 2516/2791/2508 2539/2816/2531 2263/2817/2278
f 2239/2818/2231 2540/2819/2532 2517/2794/2509
f 2517/2794/2509 2540/2819/2532 2541/2820/2533 2518/2795/2510
f 2518/2795/2510 2541/2820/2533 2542/2821/2534 2519/2796/2511
f 2519/2796/2511 2542/2821/2534 2543/2822/2535 2520/2797/2512
f 2520/2797/2512 2543/2822/2535 2544/2823/2536 2521/2798/2513
f 2521/2798/2513 2544/2823/2536 2545/2824/2537 2522/2799/2514
f 2522/2799/2514 2545/2824/2537 2546/2825/2538 2523/2800/2515
f 2523/2800/2515 2546/2825/2538 2547/2826/2539 2524/2801/2516
f 2524/2801/2516 2547/2826/2539 2548/2827/2540 2525/2802/2517
f 2525/2802/2517 2548/2827/2540 2549/2828/2541 2526/2803/2518
f 2526/2803/2518 2549/2828/2541 2550/2829/2542 2527/2804/2519
f 2527/2804/2519 2550/2829/2542 2551/2830/2543 2528/2805/2520
f 2528/2805/2520 2551/2830/2543 2552/2831/2544 2529/2806/2521
f 2529/2806/2521 2552/2831/2544 2553/2832/2545 2530/2807/2522
f 2530/2807/2522 2553/2832/2545 2554/2833/2546 2531/2808/2523
f 2531/2808/2523 2554/2833/2546 2555/2834/2547 2532/2809/2524
f 2532/2809/2524 2555/2834/2547 2556/2835/2548 2533/2810/2525
f 2533/2810/2525 2556/2835/2548 2557/2836/2549 2534/2811/2526
f 2534/2811/2526 2557/2836/2549 2558/2837/2550 2535/2812/2527
f 2535/2812/2527 2558/2837/2550 2559/2838/2551 2536/2813/2528
f 2536/2813/2528 2559/2838/2551 2560/2839/2552 2537/2814/2529
f 2537/2814/2529 2560/2839/2552 2561/2840/2553 2538/2815/2530
f 2538/2815/2530 2561/2840/2553 2562/2841/2554 2539/2816/2531
f 2539/2816/2531 2562/2841/2554 2263/2842/2278
f 2239/2843/2231 2563/2844/2555 2540/2819/2532
f 2540/2819/2532 2563/2844/2555 2564/2845/2556 2541/2820/2533
f 2541/2820/2533 2564/2845/2556 2565/2846/2557 2542/2821/2534
f 2542/2821/2534 2565/2846/2557 2566/2847/2558 2543/2822/2535
f 2543/2822/2535 2566/2847/2558 2567/2848/2559 2544/2823/2536
f 2544/2823/2536 2567/2848/2559 2568/2849/2560 2545/2824/2537
f 2545/2824/2537 2568/2849/2560 2569/2850/2561 2546/2825/2538
f 2546/2825/2538 2569/2850/2561 2570/2851/2562 2547/2826/2539
f 2547/2826/2539 2570/2851/2562 2571/2852/2563 2548/2827/2540
f 2548/2827/2540 2571/2852/2563 2572/2853/2564 2549/2828/2541
f 2549/2828/2541 2572/2853/2564 2573/2854/2565 2550/2829/2542
f 2550/2829/2542 2573/2854/2565 2574/2855/2566 2551/2830/2543
f 2551/2830/2543 2574/2855/2566 2575/2856/2567 2552/2831/2544
f 2552/2831/2544 2575/2856/2567 2576/2857/2568 2553/2832/2545
f 2553/2832/2545 2576/2857/2568 2577/2858/2569 2554/2833/2546
f 2554/2833/2546 2577/2858/2569 2578/2859/2570 2555/2834/2547
f 2555/2834/2547 2578/2859/2570 2579/2860/2571 2556/2835/2548
f 2556/2835/2548 2579/2860/2571 2580/2861/2572 2557/2836/2549
f 2557/2836/2549 2580/2861/2572 2581/2862/2573 2558/2837/2550
f 2558/2837/2550 2581/2862/2573 2582/2863/2574 2559/2838/2551
f 2559/2838/2551 2582/2863/2574 2583/2864/2575 2560/2839/2552
f 2560/2839/2552 2583/2864/2575 2584/2865/2576 2561/2840/2553
f 2561/2840/2553 2584/2865/2576 2585/2866/2577 2562/2841/2554
f 2562/2841/2554 2585/2866/2577 2263/2867/2278
f 2239/2868/2231 2586/2869/2578 2563/2844/2555
f 2563/2844/2555 2586/2869/2578 2587/2870/2579 2564/2845/2556
f 2564/2845/2556 2587/2870/2579 2588/2871/2580 2565/2846/2557
f 2565/2846/2557 2588/2871/2580 2589/2872/2581 2566/2847/2558
f 2566/2847/2558 2589/2872/2581 2590/2873/2582 2567/2848/2559
f 2567/2848/2559 2590/2873/2582 2591/2874/2583 2568/2849/2560
f 2568/2849/2560 2591/2874/2583 2592/2875/2584 2569/2850/2561
f 2569/2850/2561 2592/2875/2584 2593/2876/2585 2570/2851/2562
f 2570/2851/2562 2593/2876/2585 2594/2877/2586 2571/2852/2563
f 2571/2852/2563 2594/2877/2586 2595/2878/2587 2572/2853/2564
f 2572/2853/2564 2595/2878/2587 2596/2879/2588 2573/2854/2565
f 2573/2854/2565 2596/2879/2588 2597/2880/2589 2574/2855/2566
f 2574/2855/2566 2597/2880/2589 2598/2881/2590 2575/2856/2567
f 2575/2856/2567 2598/2881/2590 2599/2882/2591 2576/2857/2568
f 2576/2857/2568 2599/2882/2591 2600/2883/2592 2577/2858/2569
f 2577/2858/2569 2600/2883/2592 2601/2884/2593 2578/2859/2570
f 2578/2859/2570 2601/2884/2593 2602/2885/2594 2579/2860/2571
f 2579/2860/2571 2602/2885/2594 2603/2886/2595 2580/2861/2572
f 2580/2861/2572 2603/2886/2595 2604/2887/2596 2581/2862/2573
f 2581/2862/2573 2604/2887/2596 2605/2888/2597 2582/2863/2574
f 2582/2863/2574 2605/2888/2597 2606/2889/2598 2583/2864/2575
f 2583/2864/2575 2606/2889/2598 2607/2890/2599 2584/2865/2576
f 2584/2865/2576 2607/2890/2599 2608/2891/2600 2585/2866/2577
f 2585/2866/2577 2608/2891/2600 2263/2892/2278
f 2239/2893/2231 2609/2894/2601 2586/2869/2578
f 2586/2869/2578 2609/2894/2601 2610/2895/2602 2587/2870/2579
f 2587/2870/2579 2610/2895/2602 2611/2896/2603 2588/2871/2580
f 2588/2871/2580 2611/2896/2603 2612/2897/2604 2589/2872/2581
f 2589/2872/2581 2612/2897/2604 2613/2898/2605 2590/2873/2582
f 2590/2873/2582 2613/2898/2605 2614/2899/2606 2591/2874/2583
f 2591/2874/2583 2614/2899/2606 2615/2900/2607 2592/2875/2584
f 2592/2875/2584 2615/2900/2607 2616/2901/2608 2593/2876/2585
f 2593/2876/2585 2616/2901/2608 2617/2902/2609 2594/2877/2586
f 2594/2877/2586 2617/2902/2609 2618/2903/2610 2595/2878/2587
f 2595/2878/2587 2618/2903/2610 2619/2904/2611 2596/2879/2588
f 2596/2879/2588 2619/2904/2611 2620/2905/2612 2597/2880/2589
f 2597/2880/2589 2620/2905/2612 2621/2906/2613 2598/2881/2590
f 2598/2881/2590 2621/2906/2613 2622/2907/2614 2599/2882/2591
f 2599/2882/2591 2622/2907/2614 2623/2908/2615 2600/2883/2592
f 2600/2883/2592 2623/2908/2615 2624/2909/2616 2601/2884/2593
f 2601/2884/2593 2624/2909/2616 2625/2910/2617 2602/2885/2594
f 2602/2885/2594 2625/2910/2617 2626/2911/2618 2603/2886/2595
f 2603/2886/2595 2626/2911/2618 2627/2912/2619 2604/2887/2596
f 2604/2887/2596 2627/2912/2619 2628/2913/2620 2605/2888/2597
f 2605/2888/2597 2628/2913/2620 2629/2914/2621 2606/2889/2598
f 2606/2889/2598 2629/2914/2621 2630/2915/2622 2607/2890/2599
f 2607/2890/2599 2630/2915/2622 2631/2916/2623 2608/2891/2600
f 2608/2891/2600 2631/2916/2623 2263/2917/2278
f 2239/2918/2231 2632/2919/2624 2609/2894/2601
f 2609/2894/2601 2632/2919/2624 2633/2920/2625 2610/2895/2602
f 2610/2895/2602 2633/2920/2625 2634/2921/2626 2611/2896/2603
f 2611/2896/2603 2634/2921/2626 2635/2922/2627 2612/2897/2604
f 2612/2897/2604 2635/2922/2627 2636/2923/2628 2613/2898/2605
f 2613/2898/2605 2636/2923/2628 2637/2924/2629 2614/2899/2606
f 2614/2899/2606 2637/2924/2629 2638/2925/2630 2615/2900/2607
f 2615/2900/2607 2638/2925/2630 2639/2926/2631 2616/2901/2608
f 2616/2901/2608 2639/2926/2631 2640/2927/2632 2617/2902/2609
f 2617/2902/2609 2640/2927/2632 2641/2928/2633 2618/2903/2610
f 2618/2903/2610 2641/2928/2633 2642/2929/2634 2619/2904/2611
f 2619/2904/2611 2642/2929/2634 2643/2930/2635 2620/2905/2612
f 2620/2905/2612 2643/2930/2635 2644/2931/2636 2621/2906/2613
f 2621/2906/2613 2644/2931/2636 2645/2932/2637 2622/2907/2614
f 2622/2907/2614 2645/2932/2637 2646/2933/2638 2623/2908/2615
f 2623/2908/2615 2646/2933/2638 2647/2934/2639 2624/2909/2616
f 2624/2909/2616 2647/2934/2639 2648/2935/2640 2625/2910/2617
f 2625/2910/2617 2648/2935/2640 2649/2936/2641 2626/2911/2618
f 2626/2911/2618 2649/2936/2641 2650/2937/2642 2627/2912/2619
f 2627/2912/2619 2650/2937/2642 2651/2938/2643 2628/2913/2620
f 2628/2913/2620 2651/2938/2643 2652/2939/2644 2629/2914/2621
f 2629/2914/2621 2652/2939/2644 2653/2940/2645 2630/2915/2622
f 2630/2915/2622 2653/2940/2645 2654/2941/2646 2631/2916/2623
f 2631/2916/2623 2654/2941/2646 2263/2942/2278
f 2239/2943/2231 2655/2944/2647 2632/2919/2624
f 2632/2919/2624 2655/2944/2647 2656/2945/2648 2633/2920/2625
f 2633/2920/2625 2656/2945/2648 2657/2946/2649 2634/2921/2626
f 2634/2921/2626 2657/2946/2649 2658/2947/2650 2635/2922/2627
f 2635/2922/2627 2658/2947/2650 2659/2948/2651 2636/2923/2628
f 2636/2923/2628 2659/2948/2651 2660/2949/2652 2637/2924/2629
f 2637/2924/2629 2660/2949/2652 2661/2950/2653 2638/2925/2630
f 2638/2925/2630 2661/2950/2653 2662/2951/2654 2639/2926/2631
f 2639/2926/2631 2662/2951/2654 2663/2952/2655 2640/2927/2632
f 2640/2927/2632 2663/2952/2655 2664/2953/2656 2641/2928/2633
f 2641/2928/2633 2664/2953/2656 2665/2954/2657 2642/2929/2634
f 2642/2929/2634 2665/2954/2657 2666/2955/2658 2643/2930/2635
f 2643/2930/2635 2666/2955/2658 2667/2956/2659 2644/2931/2636
f 2644/2931/2636 2667/2956/2659 2668/2957/2660 2645/2932/2637
f 2645/2932/2637 2668/2957/2660 2669/2958/2661 2646/2933/2638
f 2646/2933/2638 2669/2958/2661 2670/2959/2662 2647/2934/2639
f 2647/2934/2639 2670/2959/2662 2671/2960/2663 2648/2935/2640
f 2648/2935/2640 2671/2960/2663 2672/2961/2664 2649/2936/2641
f 2649/2936/2641 2672/2961/2664 2673/2962/2665 2650/2937/2642
f 2650/2937/2642 2673/2962/2665 2674/2963/2666 2651/2938/2643
f 2651/2938/2643 2674/2963/2666 2675/2964/2667 2652/2939/2644
f 2652/2939/2644 2675/2964/2667 2676/2965/2668 2653/2940/2645
f 2653/2940/2645 2676/2965/2668 2677/2966/2669 2654/2941/2646
f 2654/2941/2646 2677/2966/2669 2263/2967/2278
f 2239/2968/2231 2678/2969/2670 2655/2944/2647
f 2655/2944/2647 2678/2969/2670 2679/2970/2671 2656/2945/2648
f 2656/2945/2648 2679/2970/2671 2680/2971/2672 2657/2946/2649
f 2657/2946/2649 2680/2971/2672 2681/2972/2673 2658/2947/2650
f 2658/2947/2650 2681/2972/2673 2682/2973/2674 2659/2948/2651
f 2659/2948/2651 2682/2973/2674 2683/2974/2675 2660/2949/2652
f 2660/2949/2652 2683/2974/2675 2684/2975/2676 2661/2950/2653
f 2661/2950/2653 2684/2975/2676 2685/2976/2677 2662/2951/2654
f 2662/2951/2654 2685/2976/2677 2686/2977/2678 2663/2952/2655
f 2663/2952/2655 2686/2977/2678 2687/2978/2679 2664/2953/2656
f 2664/2953/2656 2687/2978/2679 2688/2979/2680 2665/2954/2657
f 2665/2954/2657 2688/2979/2680 2689/2980/2681 2666/2955/2658
f 2666/2955/2658 2689/2980/2681 2690/2981/2682 2667/2956/2659
f 2667/2956/2659 2690/2981/2682 2691/2982/2683 2668/2957/2660
f 2668/2957/2660 2691/2982/2683 2692/2983/2684 2669/2958/2661
f 2669/2958/2661 2692/2983/2684 2693/2984/2685 2670/2959/2662
f 2670/2959/2662 2693/2984/2685 2694/2985/2686 2671/2960/2663
f 2671/2960/2663 2694/2985/2686 2695/2986/2687 2672/2961/2664
f 2672/2961/2664 2695/2986/2687 2696/2987/2688 2673/2962/2665
f 2673/2962/2665 2696/2987/2688 2697/2988/2689 2674/2963/2666
f 2674/2963/2666 2697/2988/2689 2698/2989/2690 2675/2964/2667
f 2675/2964/2667 2698/2989/2690 2699/2990/2691 2676/2965/2668
f 2676/2965/2668 2699/2990/2691 2700/2991/2692 2677/2966/2669
f 2677/2966/2669 2700/2991/2692 2263/2992/2278
f 2239/2993/2231 2701/2994/2693 2678/2969/2670
f 2678/2969/2670 2701/2994/2693 2702/2995/2694 2679/2970/2671
f 2679/2970/2671 2702/2995/2694 2703/2996/2695 2680/2971/2672
f 2680/2971/2672 2703/2996/2695 2704/2997/2696 2681/2972/2673
f 2681/2972/2673 2704/2997/2696 2705/2998/2697 2682/2973/2674
f 2682/2973/2674 2705/2998/2697 2706/2999/2698 2683/2974/2675
f 2683/2974/2675 2706/2999/2698 2707/3000/2699 2684/2975/2676
f 2684/2975/2676 2707/3000/2699 2708/3001/2700 2685/2976/2677
f 2685/2976/2677 2708/3001/2700 2709/3002/2701 2686/2977/2678
f 2686/2977/2678 2709/3002/2701 2710/3003/2702 2687/2978/2679
f 2687/2978/2679 2710/3003/2702 2711/3004/2703 2688/2979/2680
f 2688/2979/2680 2711/3004/2703 2712/3005/2704 2689/2980/2681
f 2689/2980/2681 2712/3005/2704 2713/3006/2705 2690/2981/2682
f 2690/2981/2682 2713/3006/2705 2714/3007/2706 2691/2982/2683
f 2691/2982/2683 2714/3007/2706 2715/3008/2707 2692/2983/2684
f 2692/2983/2684 2715/3008/2707 2716/3009/2708 2693/2984/2685
f 2693/2984/2685 2716/3009/2708 2717/3010/2709 2694/2985/2686
f 2694/2985/2686 2717/3010/2709 2718/3011/2710 2695/2986/2687
f 2695/2986/2687 2718/3011/2710 2719/3012/2711 2696/2987/2688
f 2696/2987/2688 2719/3012/2711 2720/3013/2712 2697/2988/2689
f 2697/2988/2689 2720/3013/2712 2721/3014/2713 2698/2989/2690
f 2698/2989/2690 2721/3014/2713 2722/3015/2714 2699/2990/2691
f 2699/2990/2691 2722/3015/2714 2723/3016/2715 2700/2991/2692
f 2700/2991/2692 2723/3016/2715 2263/3017/2278
f 2239/3018/2231 2724/3019/2716 2701/2994/2693
f 2701/2994/2693 2724/3019/2716 2725/3020/2717 2702/2995/2694
f 2702/2995/2694 2725/3020/2717 2726/3021/2718 2703/2996/2695
f 2703/2996/2695 2726/3021/2718 2727/3022/2719 2704/2997/2696
f 2704/2997/2696 2727/3022/2719 2728/3023/2720 2705/2998/2697
f 2705/2998/2697 2728/3023/2720 2729/3024/2721 2706/2999/2698
f 2706/2999/2698 2729/3024/2721 2730/3025/2722 2707/3000/2699
f 2707/3000/2699 2730/3025/2722 2731/3026/2723 2708/3001/2700
f 2708/3001/2700 2731/3026/2723 2732/3027/2724 2709/3002/2701
f 2709/3002/2701 2732/3027/2724 2733/3028/2725 2710/3003/2702
f 2710/3003/2702 2733/3028/2725 2734/3029/2726 2711/3004/2703
f 2711/3004/2703 2734/3029/2726 2735/3030/2727 2712/3005/2704
f 2712/3005/2704 2735/3030/2727 2736/3031/2728 2713/3006/2705
f 2713/3006/2705 2736/3031/2728 2737/3032/2729 2714/3007/2706
f 2714/3007/2706 2737/3032/2729 2738/3033/2730 2715/3008/2707
f 2715/3008/2707 2738/3033/2730 2739/3034/2731 2716/3009/2708
f 2716/3009/2708 2739/3034/2731 2740/3035/2732 2717/3010/2709
f 2717/3010/2709 2740/3035/2732 2741/3036/2733 2718/3011/2710
f 2718/3011/2710 2741/3036/2733 2742/3037/2734 2719/3012/2711
f 2719/3012/2711 2742/3037/2734 2743/3038/2735 2720/3013/2712
f 2720/3013/2712 2743/3038/2735 2744/3039/2736 2721/3014/2713
f 2721/3014/2713 2744/3039/2736 2745/3040/2737 2722/3015/2714
f 2722/3015/2714 2745/3040/2737 2746/3041/2738 2723/3016/2715
f 2723/3016/2715 2746/3041/2738 2263/3042/2278
f 2239/3043/2231 2747/3044/2739 2724/3019/2716
f 2724/3019/2716 2747/3044/2739 2748/3045/2740 2725/3020/2717
f 2725/3020/2717 2748/3045/2740 2749/3046/2741 2726/3021/2718
f 2726/3021/2718 2749/3046/2741 2750/3047/2742 2727/3022/2719
f 2727/3022/2719 2750/3047/2742 2751/3048/2743 2728/3023/2720
f 2728/3023/2720 2751/3048/2743 2752/3049/2744 2729/3024/2721
f 2729/3024/2721 2752/3049/2744 2753/3050/2745 2730/3025/2722
f 2730/3025/2722 2753/3050/2745 2754/3051/2746 2731/3026/2723
f 2731/3026/2723 2754/3051/2746 2755/3052/2747 2732/3027/2724
f 2732/3027/2724 2755/3052/2747 2756/3053/2748 2733/3028/2725
f 2733/3028/2725 2756/3053/2748 2757/3054/2749 2734/3029/2726
f 2734/3029/2726 2757/3054/2749 2758/3055/2750 2735/3030/2727
f 2735/3030/2727 2758/3055/2750 2759/3056/2751 2736/3031/2728
f 2736/3031/2728 2759/3056/2751 2760/3057/2752 2737/3032/2729
f 2737/3032/2729 2760/3057/2752 2761/3058/2753 2738/3033/2730
f 2738/3033/2730 2761/3058/2753 2762/3059/2754 2739/3034/2731
f 2739/3034/2731 2762/3059/2754 2763/3060/2755 2740/3035/2732
f 2740/3035/2732 2763/3060/2755 2764/3061/2756 2741/3036/2733
f 2741/3036/2733 2764/3061/2756 2765/3062/2757 2742/3037/2734
f 2742/3037/2734 2765/3062/2757 2766/3063/2758 2743/3038/2735
f 2743/3038/2735 2766/3063/2758 2767/3064/2759 2744/3039/2736
f 2744/3039/2736 2767/3064/2759 2768/3065/2760 2745/3040/2737
f 2745/3040/2737 2768/3065/2760 2769/3066/2761 2746/3041/2738
f 2746/3041/2738 2769/3066/2761 2263/3067/2278
f 2239/3068/2231 2770/3069/2762 2747/3044/2739
f 2747/3044/2739 2770/3069/2762 2771/3070/2763 2748/3045/2740
f 2748/3045/2740 2771/3070/2763 2772/3071/2764 2749/3046/2741
f 2749/3046/2741 2772/3071/2764 2773/3072/2765 2750/3047/2742
f 2750/3047/2742 2773/3072/2765 2774/3073/2766 2751/3048/2743
f 2751/3048/2743 2774/3073/2766 2775/3074/2767 2752/3049/2744
f 2752/3049/2744 2775/3074/2767 2776/3075/2768 2753/3050/2745
f 2753/3050/2745 2776/3075/2768 2777/3076/2769 2754/3051/2746
f 2754/3051/2746 2777/3076/2769 2778/3077/2770 2755/3052/2747
f 2755/3052/2747 2778/3077/2770 2779/3078/2771 2756/3053/2748
f 2756/3053/2748 2779/3078/2771 2780/3079/2772 2757/3054/2749
f 2757/3054/2749 2780/3079/2772 2781/3080/2773 2758/3055/2750
f 2758/3055/2750 2781/3080/2773 2782/3081/2774 2759/3056/2751
f 2759/3056/2751 2782/3081/2774 2783/3082/2775 2760/3057/2752
f 2760/3057/2752 2783/3082/2775 2784/3083/2776 2761/3058/2753
f 2761/3058/2753 2784/3083/2776 2785/3084/2777 2762/3059/2754
f 2762/3059/2754 2785/3084/2777 2786/3085/2778 2763/3060/2755
f 2763/3060/2755 2786/3085/2778 2787/3086/2779 2764/3061/2756
f 2764/3061/2756 2787/3086/2779 2788/3087/2780 2765/3062/2757
f 2765/3062/2757 2788/3087/2780 2789/3088/2781 2766/3063/2758
f 2766/3063/2758 2789/3088/2781 2790/3089/2782 2767/3064/2759
f 2767/3064/2759 2790/3089/2782 2791/3090/2783 2768/3065/2760
f 2768/3065/2760 2791/3090/2783 2792/3091/2784 2769/3066/2761
f 2769/3066/2761 2792/3091/2784 2263/3092/2278
f 2239/3093/2231 2240/3094/2233 2770/3069/2762
f 2770/3069/2762 2240/3094/2233 2241/3095/2235 2771/3070/2763
f 2771/3070/2763 2241/3095/2235 2242/3096/2237 2772/3071/2764
f 2772/3071/2764 2242/3096/2237 2243/3097/2239 2773/3072/2765
f 2773/3072/2765 2243/3097/2239 2244/3098/2241 2774/3073/2766
f 2774/3073/2766 2244/3098/2241 2245/3099/2243 2775/3074/2767
f 2775/3074/2767 2245/3099/2243 2246/3100/2245 2776/3075/2768
f 2776/3075/2768 2246/3100/2245 2247/3101/2247 2777/3076/2769
f 2777/3076/2769 2247/3101/2247 2248/3102/2249 2778/3077/2770
f 2778/3077/2770 2248/3102/2249 2249/3103/2251 2779/3078/2771
f 2779/3078/2771 2249/3103/2251 2250/3104/2253 2780/3079/2772
f 2780/3079/2772 2250/3104/2253 2251/3105/2255 2781/3080/2773
f 2781/3080/2773 2251/3105/2255 2252/3106/2257 2782/3081/2774
f 2782/3081/2774 2252/3106/2257 2253/3107/2259 2783/3082/2775
f 2783/3082/2775 2253/3107/2259 2254/3108/2261 2784/3083/2776
f 2784/3083/2776 2254/3108/2261 2255/3109/2263 2785/3084/2777
f 2785/3084/2777 2255/3109/2263 2256/3110/2265 2786/3085/2778
f 2786/3085/2778 2256/3110/2265 2257/3111/2267 2787/3086/2779
f 2787/3086/2779 2257/3111/2267 2258/3112/2269 2788/3087/2780
f 2788/3087/2780 2258/3112/2269 2259/3113/2271 2789/3088/2781
f 2789/3088/2781 2259/3113/2271 2260/3114/2273 2790/3089/2782
f 2790/3089/2782 2260/3114/2273 2261/3115/2275 2791/3090/2783
f 2791/3090/2783 2261/3115/2275 2262/3116/2277 2792/3091/2784
f 2792/3091/2784 2262/3116/2277 2263/3117/2278
o Torus2
v 1.378527 0.000000 0.000000
v 1.373534 -0.006205 0.000000
v 1.358849 -0.011979 0.000000
v 1.335500 -0.016938 0.000000
v 1.305102 -0.020747 0.000000
v 1.269710 -0.023143 0.000000
v 1.231676 -0.023957 0.000000
v 1.193642 -0.023143 0.000000
v 1.158251 -0.020747 0.000000
v 1.127853 -0.016938 0.000000
v 1.104503 -0.011979 0.000000
v 1.089818 -0.006205 0.000000
v 1.084825 0.000000 0.000000
v 1.089818 0.006205 -0.000000
v 1.104503 0.011979 -0.000000
v 1.127853 0.016938 -0.000000
v 1.158251 0.020747 -0.000000
v 1.193642 0.023143 -0.000000
v 1.231676 0.023957 -0.000000
v 1.269710 0.023143 -0.000000
v 1.305102 0.020747 -0.000000
v 1.335500 0.016938 -0.000000
v 1.358849 0.011979 -0.000000
v 1.373534 0.006205 -0.000000
v 1.366045 0.000000 0.095012
v 1.361198 -0.006205 0.093691
v 1.347027 -0.011979 0.089946
v 1.324486 -0.016938 0.083852
v 1.295116 -0.020747 0.075995
v 1.260899 -0.023143 0.066817
v 1.224187 -0.023957 0.056978
v 1.187474 -0.023143 0.047139
v 1.153258 -0.020747 0.038034
v 1.123888 -0.016938 0.030104
v 1.101346 -0.011979 0.024084
v 1.087175 -0.006205 0.020265
v 1.082329 0.000000 0.019017
v 1.087175 0.006205 0.020265
v 1.101346 0.011979 0.024084
v 1.123888 0.016938 0.030104
v 1.153258 0.020747 0.038034
v 1.187474 0.023143 0.047139
v 1.224187 0.023957 0.056978
v 1.260899 0.023143 0.066817
v 1.295116 0.020747 0.075995
v 1.324486 0.016938 0.083852
v 1.347027 0.011979 0.089946
v 1.361198 0.006205 0.093691
v 1.329332 0.000000 0.183563
v 1.325000 -0.006205 0.181067
v 1.312297 -0.011979 0.173724
v 1.292105 -0.016938 0.162050
v 1.265746 -0.020747 0.146851
v 1.235054 -0.023143 0.129155
v 1.202159 -0.023957 0.110138
v 1.169265 -0.023143 0.091121
v 1.138573 -0.020747 0.073425
v 1.112213 -0.016938 0.058226
v 1.092021 -0.011979 0.046552
v 1.079318 -0.006205 0.039209
v 1.074986 0.000000 0.036713
v 1.079318 0.006205 0.039209
v 1.092021 0.011979 0.046552
v 1.112213 0.016938 0.058226
v 1.138573 0.020747 0.073425
v 1.169265 0.023143 0.091121
v 1.202159 0.023957 0.110138
v 1.235054 0.023143 0.129155
v 1.265746 0.020747 0.146851
v 1.292105 0.016938 0.162050
v 1.312297 0.011979 0.173724
v 1.325000 0.006205 0.181067
v 1.271032 0.000000 0.259632
v 1.267434 -0.006205 0.256034
v 1.257081 -0.011979 0.245681
v 1.240561 -0.016938 0.229161
v 1.219047 -0.020747 0.207647
v 1.194009 -0.023143 0.182609
v 1.167135 -0.023957 0.155735
v 1.140262 -0.023143 0.128862
v 1.115223 -0.020747 0.103823
v 1.093710 -0.016938 0.082310
v 1.077263 -0.011979 0.065863
v 1.066836 -0.006205 0.055436
v 1.063312 0.000000 0.051912
v 1.066836 0.006205 0.055436
v 1.077263 0.011979 0.065863
v 1.093710 0.016938 0.082310
v 1.115223 0.020747 0.103823
v 1.140262 0.023143 0.128862
v 1.167135 0.023957 0.155735
v 1.194009 0.023143 0.182609
v 1.219047 0.020747 0.207647
v 1.240561 0.016938 0.229161
v 1.257081 0.011979 0.245681
v 1.267434 0.006205 0.256034
v 1.194963 0.000000 0.317932
v 1.192467 -0.006205 0.313600
v 1.185124 -0.011979 0.300897
v 1.173450 -0.016938 0.280705
v 1.158251 -0.020747 0.254346
v 1.140555 -0.023143 0.223654
v 1.121538 -0.023957 0.190759
v 1.102521 -0.023143 0.157865
v 1.084825 -0.020747 0.127173
v 1.069626 -0.016938 0.100813
v 1.057952 -0.011979 0.080621
v 1.050609 -0.006205 0.067918
v 1.048113 0.000000 0.063586
v 1.050609 0.006205 0.067918
v 1.057952 0.011979 0.080621
v 1.069626 0.016938 0.100813
v 1.084825 0.020747 0.127173
v 1.102521 0.023143 0.157865
v 1.121538 0.023957 0.190759
v 1.140555 0.023143 0.223654
v 1.158251 0.020747 0.254346
v 1.173450 0.016938 0.280705
v 1.185124 0.011979 0.300897
v 1.192467 0.006205 0.313600
v 1.106412 0.000000 0.354645
v 1.105091 -0.006205 0.349798
v 1.101346 -0.011979 0.335627
v 1.095252 -0.016938 0.313086
v 1.087395 -0.020747 0.283716
v 1.078217 -0.023143 0.249499
v 1.068378 -0.023957 0.212787
v 1.058539 -0.023143 0.176074
v 1.049434 -0.020747 0.141858
v 1.041504 -0.016938 0.112488
v 1.035483 -0.011979 0.089946
v 1.031665 -0.006205 0.075775
v 1.030417 0.000000 0.070929
v 1.031665 0.006205 0.075775
v 1.035483 0.011979 0.089946
v 1.041504 0.016938 0.112488
v 1.049434 0.020747 0.141858
v 1.058539 0.023143 0.176074
v 1.068378 0.023957 0.212787
v 1.078217 0.023143 0.249499
v 1.087395 0.020747 0.283716
v 1.095252 0.016938 0.313086
v 1.101346 0.011979 0.335627
v 1.105091 0.006205 0.349798
v 1.011400 0.000000 0.367127
v 1.011400 -0.006205 0.362134
v 1.011400 -0.011979 0.347449
v 1.011400 -0.016938 0.324100
v 1.011400 -0.020747 0.293701
v 1.011400 -0.023143 0.258310
v 1.011400 -0.023957 0.220276
v 1.011400 -0.023143 0.182242
v 1.011400 -0.020747 0.146851
v 1.011400 -0.016938 0.116453
v 1.011400 -0.011979 0.093103
v 1.011400 -0.006205 0.078418
v 1.011400 0.000000 0.073425
v 1.011400 0.006205 0.078418
v 1.011400 0.011979 0.093103
v 1.011400 0.016938 0.116453
v 1.011400 0.020747 0.146851
v 1.011400 0.023143 0.182242
v 1.011400 0.023957 0.220276
v 1.011400 0.023143 0.258310
v 1.011400 0.020747 0.293701
v 1.011400 0.016938 0.324100
v 1.011400 0.011979 0.347449
v 1.011400 0.006205 0.362134
v 0.916388 0.000000 0.354645
v 0.917709 -0.006205 0.349798
v 0.921454 -0.011979 0.335627
v 0.927548 -0.016938 0.313086
v 0.935405 -0.020747 0.283716
v 0.944583 -0.023143 0.249499
v 0.954422 -0.023957 0.212787
v 0.964261 -0.023143 0.176074
v 0.973366 -0.020747 0.141858
v 0.981296 -0.016938 0.112488
v 0.987316 -0.011979 0.089946
v 0.991135 -0.006205 0.075775
v 0.992383 0.000000 0.070929
v 0.991135 0.006205 0.075775
v 0.987316 0.011979 0.089946
v 0.981296 0.016938 0.112488
v 0.973366 0.020747 0.141858
v 0.964261 0.023143 0.176074
v 0.954422 0.023957 0.212787
v 0.944583 0.023143 0.249499
v 0.935405 0.020747 0.283716
v 0.927548 0.016938 0.313086
v 0.921454 0.011979 0.335627
v 0.917709 0.006205 0.349798
v 0.827837 0.000000 0.317932
v 0.830333 -0.006205 0.313600
v 0.837676 -0.011979 0.300897
v 0.849350 -0.016938 0.280705
v 0.864549 -0.020747 0.254346
v 0.882245 -0.023143 0.223654
v 0.901262 -0.023957 0.190759
v 0.920279 -0.023143 0.157865
v 0.937975 -0.020747 0.127173
v 0.953174 -0.016938 0.100813
v 0.964848 -0.011979 0.080621
v 0.972191 -0.006205 0.067918
v 0.974687 0.000000 0.063586
v 0.972191 0.006205 0.067918
v 0.964848 0.011979 0.080621
v 0.953174 0.016938 0.100813
v 0.937975 0.020747 0.127173
v 0.920279 0.023143 0.157865
v 0.901262 0.023957 0.190759
v 0.882245 0.023143 0.223654
v 0.864549 0.020747 0.254346
v 0.849350 0.016938 0.280705
v 0.837676 0.011979 0.300897
v 0.830333 0.006205 0.313600
v 0.751768 0.000000 0.259632
v 0.755366 -0.006205 0.256034
v 0.765719 -0.011979 0.245681
v 0.782239 -0.016938 0.229161
v 0.803753 -0.020747 0.207647
v 0.828791 -0.023143 0.182609
v 0.855665 -0.023957 0.155735
v 0.882538 -0.023143 0.128862
v 0.907577 -0.020747 0.103823
v 0.929090 -0.016938 0.082310
v 0.945537 -0.011979 0.065863
v 0.955964 -0.006205 0.055436
v 0.959488 0.000000 0.051912
v 0.955964 0.006205 0.055436
v 0.945537 0.011979 0.065863
v 0.929090 0.016938 0.082310
v 0.907577 0.020747 0.103823
v 0.882538 0.023143 0.128862
v 0.855665 0.023957 0.155735
v 0.828791 0.023143 0.182609
v 0.803753 0.020747 0.207647
v 0.782239 0.016938 0.229161
v 0.765719 0.011979 0.245681
v 0.755366 0.006205 0.256034
v 0.693468 0.000000 0.183563
v 0.697800 -0.006205 0.181067
v 0.710503 -0.011979 0.173724
v 0.730695 -0.016938 0.162050
v 0.757054 -0.020747 0.146851
v 0.787746 -0.023143 0.129155
v 0.820641 -0.023957 0.110138
v 0.853535 -0.023143 0.091121
v 0.884227 -0.020747 0.073425
v 0.910587 -0.016938 0.058226
v 0.930779 -0.011979 0.046552
v 0.943482 -0.006205 0.039209
v 0.947814 0.000000 0.036713
v 0.943482 0.006205 0.039209
v 0.930779 0.011979 0.046552
v 0.910587 0.016938 0.058226
v 0.884227 0.020747 0.073425
v 0.853535 0.023143 0.091121
v 0.820641 0.023957 0.110138
v 0.787746 0.023143 0.129155
v 0.757054 0.020747 0.146851
v 0.730695 0.016938 0.162050
v 0.710503 0.011979 0.173724
v 0.697800 0.006205 0.181067
v 0.656755 0.000000 0.095012
v 0.661602 -0.006205 0.093691
v 0.675773 -0.011979 0.089946
v 0.698314 -0.016938 0.083852
v 0.727684 -0.020747 0.075995
v 0.761901 -0.023143 0.066817
v 0.798613 -0.023957 0.056978
v 0.835326 -0.023143 0.047139
v 0.869542 -0.020747 0.038034
v 0.898912 -0.016938 0.030104
v 0.921454 -0.011979 0.024084
v 0.935625 -0.006205 0.020265
v 0.940471 0.000000 0.019017
v 0.935625 0.006205 0.020265
v 0.921454 0.011979 0.024084
v 0.898912 0.016938 0.030104
v 0.869542 0.020747 0.038034
v 0.835326 0.023143 0.047139
v 0.798613 0.023957 0.056978
v 0.761901 0.023143 0.066817
v 0.727684 0.020747 0.075995
v 0.698314 0.016938 0.083852
v 0.675773 0.011979 0.089946
v 0.661602 0.006205 0.093691
v 0.644273 0.000000 0.000000
v 0.649266 -0.006205 0.000000
v 0.663951 -0.011979 0.000000
v 0.687300 -0.016938 0.000000
v 0.717698 -0.020747 0.000000
v 0.753090 -0.023143 0.000000
v 0.791124 -0.023957 0.000000
v 0.829158 -0.023143 0.000000
v 0.864549 -0.020747 0.000000
v 0.894947 -0.016938 0.000000
v 0.918297 -0.011979 0.000000
v 0.932982 -0.006205 0.000000
v 0.937975 0.000000 0.000000
v 0.932982 0.006205 -0.000000
v 0.918297 0.011979 -0.000000
v 0.894947 0.016938 -0.000000
v 0.864549 0.020747 -0.000000
v 0.829158 0.023143 -0.000000
v 0.791124 0.023957 -0.000000
v 0.753090 0.023143 -0.000000
v 0.717698 0.020747 -0.000000
v 0.687300 0.016938 -0.000000
v 0.663951 0.011979 -0.000000
v 0.649266 0.006205 -0.000000
v 0.656755 -0.000000 -0.095012
v 0.661602 -0.006205 -0.093691
v 0.675773 -0.011979 -0.089946
v 0.698314 -0.016938 -0.083852
v 0.727684 -0.020747 -0.075995
v 0.761901 -0.023143 -0.066817
v 0.798613 -0.023957 -0.056978
v 0.835326 -0.023143 -0.047139
v 0.869542 -0.020747 -0.038034
v 0.898912 -0.016938 -0.030104
v 0.921454 -0.011979 -0.024084
v 0.935625 -0.006205 -0.020265
v 0.940471 -0.000000 -0.019017
v 0.935625 0.006205 -0.020265
v 0.921454 0.011979 -0.024084
v 0.898912 0.016938 -0.030104
v 0.869542 0.020747 -0.038034
v 0.835326 0.023143 -0.047139
v 0.798613 0.023957 -0.056978
v 0.761901 0.023143 -0.066817
v 0.727684 0.020747 -0.075995
v 0.698314 0.016938 -0.083852
v 0.675773 0.011979 -0.089946
v 0.661602 0.006205 -0.093691
v 0.693468 -0.000000 -0.183563
v 0.697800 -0.006205 -0.181067
v 0.710503 -0.011979 -0.173724
v 0.730695 -0.016938 -0.162050
v 0.757054 -0.020747 -0.146851
v 0.787746 -0.023143 -0.129155
v 0.820641 -0.023957 -0.110138
v 0.853535 -0.023143 -0.091121
v 0.884227 -0.020747 -0.073425
v 0.910587 -0.016938 -0.058226
v 0.930779 -0.011979 -0.046552
v 0.943482 -0.006205 -0.039209
v 0.947814 -0.000000 -0.036713
v 0.943482 0.006205 -0.039209
v 0.930779 0.011979 -0.046552
v 0.910587 0.016938 -0.058226
v 0.884227 0.020747 -0.073425
v 0.853535 0.023143 -0.091121
v 0.820641 0.023957 -0.110138
v 0.787746 0.023143 -0.129155
v 0.757054 0.020747 -0.146851
v 0.730695 0.016938 -0.162050
v 0.710503 0.011979 -0.173724
v 0.697800 0.006205 -0.181067
v 0.751768 -0.000000 -0.259632
v 0.755366 -0.006205 -0.256034
v 0.765719 -0.011979 -0.245681
v 0.782239 -0.016938 -0.229161
v 0.803753 -0.020747 -0.207647
v 0.828791 -0.023143 -0.182609
v 0.855665 -0.023957 -0.155735
v 0.882538 -0.023143 -0.128862
v 0.907577 -0.020747 -0.103823
v 0.929090 -0.016938 -0.082310
v 0.945537 -0.011979 -0.065863
v 0.955964 -0.006205 -0.055436
v 0.959488 -0.000000 -0.051912
v 0.955964 0.006205 -0.055436
v 0.945537 0.011979 -0.065863
v 0.929090 0.016938 -0.082310
v 0.907577 0.020747 -0.103823
v 0.882538 0.023143 -0.128862
v 0.855665 0.023957 -0.155735
v 0.828791 0.023143 -0.182609
v 0.803753 0.020747 -0.207647
v 0.782239 0.016938 -0.229161
v 0.765719 0.011979 -0.245681
v 0.755366 0.006205 -0.256034
v 0.827837 -0.000000 -0.317932
v 0.830333 -0.006205 -0.313600
v 0.837676 -0.011979 -0.300897
v 0.849350 -0.016938 -0.280705
v 0.864549 -0.020747 -0.254346
v 0.882245 -0.023143 -0.223654
v 0.901262 -0.023957 -0.190759
v 0.920279 -0.023143 -0.157865
v 0.937975 -0.020747 -0.127173
v 0.953174 -0.016938 -0.100813
v 0.964848 -0.011979 -0.080621
v 0.972191 -0.006205 -0.067918
v 0.974687 -0.000000 -0.063586
v 0.972191 0.006205 -0.067918
v 0.964848 0.011979 -0.080621
v 0.953174 0.016938 -0.100813
v 0.937975 0.020747 -0.127173
v 0.920279 0.023143 -0.157865
v 0.901262 0.023957 -0.190759
v 0.882245 0.023143 -0.223654
v 0.864549 0.020747 -0.254346
v 0.849350 0.016938 -0.280705
v 0.837676 0.011979 -0.300897
v 0.830333 0.006205 -0.313600
v 0.916388 -0.000000 -0.354645
v 0.917709 -0.006205 -0.349798
v 0.921454 -0.011979 -0.335627
v 0.927548 -0.016938 -0.313086
v 0.935405 -0.020747 -0.283716
v 0.944583 -0.023143 -0.249499
v 0.954422 -0.023957 -0.212787
v 0.964261 -0.023143 -0.176074
v 0.973366 -0.020747 -0.141858
v 0.981296 -0.016938 -0.112488
v 0.987316 -0.011979 -0.089946
v 0.991135 -0.006205 -0.075775
v 0.992383 -0.000000 -0.070929
v 0.991135 0.006205 -0.075775
v 0.987316 0.011979 -0.089946
v 0.981296 0.016938 -0.112488
v 0.973366 0.020747 -0.141858
v 0.964261 0.023143 -0.176074
v 0.954422 0.023957 -0.212787
v 0.944583 0.023143 -0.249499
v 0.935405 0.020747 -0.283716
v 0.927548 0.016938 -0.313086
v 0.921454 0.011979 -0.335627
v 0.917709 0.006205 -0.349798
v 1.011400 -0.000000 -0.367127
v 1.011400 -0.006205 -0.362134
v 1.011400 -0.011979 -0.347449
v 1.011400 -0.016938 -0.324100
v 1.011400 -0.020747 -0.293701
v 1.011400 -0.023143 -0.258310
v 1.011400 -0.023957 -0.220276
v 1.011400 -0.023143 -0.182242
v 1.011400 -0.020747 -0.146851
v 1.011400 -0.016938 -0.116453
v 1.011400 -0.011979 -0.093103
v 1.011400 -0.006205 -0.078418
v 1.011400 -0.000000 -0.073425
v 1.011400 0.006205 -0.078418
v 1.011400 0.011979 -0.093103
v 1.011400 0.016938 -0.116453
v 1.011400 0.020747 -0.146851
v 1.011400 0.023143 -0.182242
v 1.011400 0.023957 -0.220276
v 1.011400 0.023143 -0.258310
v 1.011400 0.020747 -0.293701
v 1.011400 0.016938 -0.324100
v 1.011400 0.011979 -0.347449
v 1.011400 0.006205 -0.362134
v 1.106412 -0.000000 -0.354645
v 1.105091 -0.006205 -0.349798
v 1.101346 -0.011979 -0.335627
v 1.095252 -0.016938 -0.313086
v 1.087395 -0.020747 -0.283716
v 1.078217 -0.023143 -0.249499
v 1.068378 -0.023957 -0.212787
v 1.058539 -0.023143 -0.176074
v 1.049434 -0.020747 -0.141858
v 1.041504 -0.016938 -0.112488
v 1.035483 -0.011979 -0.089946
v 1.031665 -0.006205 -0.075775
v 1.030417 -0.000000 -0.070929
v 1.031665 0.006205 -0.075775
v 1.035483 0.011979 -0.089946
v 1.041504 0.016938 -0.112488
v 1.049434 0.020747 -0.141858
v 1.058539 0.023143 -0.176074
v 1.068378 0.023957 -0.212787
v 1.078217 0.023143 -0.249499
v 1.087395 0.020747 -0.283716
v 1.095252 0.016938 -0.313086
v 1.101346 0.011979 -0.335627
v 1.105091 0.006205 -0.349798
v 1.194963 -0.000000 -0.317932
v 1.192467 -0.006205 -0.313600
v 1.185124 -0.011979 -0.300897
v 1.173450 -0.016938 -0.280705
v 1.158251 -0.020747 -0.254346
v 1.140555 -0.023143 -0.223654
v 1.121538 -0.023957 -0.190759
v 1.102521 -0.023143 -0.157865
v 1.084825 -0.020747 -0.127173
v 1.069626 -0.016938 -0.100813
v 1.057952 -0.011979 -0.080621
v 1.050609 -0.006205 -0.067918
v 1.048113 -0.000000 -0.063586
v 1.050609 0.006205 -0.067918
v 1.057952 0.011979 -0.080621
v 1.069626 0.016938 -0.100813
v 1.084825 0.020747 -0.127173
v 1.102521 0.023143 -0.157865
v 1.121538 0.023957 -0.190759
v 1.140555 0.023143 -0.223654
v 1.158251 0.020747 -0.254346
v 1.173450 0.016938 -0.280705
v 1.185124 0.011979 -0.300897
v 1.192467 0.006205 -0.313600
v 1.271032 -0.000000 -0.259632
v 1.267434 -0.006205 -0.256034
v 1.257081 -0.011979 -0.245681
v 1.240561 -0.016938 -0.229161
v 1.219047 -0.020747 -0.207647
v 1.194009 -0.023143 -0.182609
v 1.167135 -0.023957 -0.155735
v 1.140262 -0.023143 -0.128862
v 1.115223 -0.020747 -0.103823
v 1.093710 -0.016938 -0.082310
v 1.077263 -0.011979 -0.065863
v 1.066836 -0.006205 -0.055436
v 1.063312 -0.000000 -0.051912
v 1.066836 0.006205 -0.055436
v 1.077263 0.011979 -0.065863
v 1.093710 0.016938 -0.082310
v 1.115223 0.020747 -0.103823
v 1.140262 0.023143 -0.128862
v 1.167135 0.023957 -0.155735
v 1.194009 0.023143 -0.182609
v 1.219047 0.020747 -0.207647
v 1.240561 0.016938 -0.229161
v 1.257081 0.011979 -0.245681
v 1.267434 0.006205 -0.256034
v 1.329332 -0.000000 -0.183563
v 1.325000 -0.006205 -0.181067
v 1.312297 -0.011979 -0.173724
v 1.292105 -0.016938 -0.162050
v 1.265746 -0.020747 -0.146851
v 1.235054 -0.023143 -0.129155
v 1.202159 -0.023957 -0.110138
v 1.169265 -0.023143 -0.091121
v 1.138573 -0.020747 -0.073425
v 1.112213 -0.016938 -0.058226
v 1.092021 -0.011979 -0.046552
v 1.079318 -0.006205 -0.039209
v 1.074986 -0.000000 -0.036713
v 1.079318 0.006205 -0.039209
v 1.092021 0.011979 -0.046552
v 1.112213 0.016938 -0.058226
v 1.138573 0.020747 -0.073425
v 1.169265 0.023143 -0.091121
v 1.202159 0.023957 -0.110138
v 1.235054 0.023143 -0.129155
v 1.265746 0.020747 -0.146851
v 1.292105 0.016938 -0.162050
v 1.312297 0.011979 -0.173724
v 1.325000 0.006205 -0.181067
v 1.366045 -0.000000 -0.095012
v 1.361198 -0.006205 -0.093691
v 1.347027 -0.011979 -0.089946
v 1.324486 -0.016938 -0.083852
v 1.295116 -0.020747 -0.075995
v 1.260899 -0.023143 -0.066817
v 1.224187 -0.023957 -0.056978
v 1.187474 -0.023143 -0.047139
v 1.153258 -0.020747 -0.038034
v 1.123888 -0.016938 -0.030104
v 1.101346 -0.011979 -0.024084
v 1.087175 -0.006205 -0.020265
v 1.082329 -0.000000 -0.019017
v 1.087175 0.006205 -0.020265
v 1.101346 0.011979 -0.024084
v 1.123888 0.016938 -0.030104
v 1.153258 0.020747 -0.038034
v 1.187474 0.023143 -0.047139
v 1.224187 0.023957 -0.056978
v 1.260899 0.023143 -0.066817
v 1.295116 0.020747 -0.075995
v 1.324486 0.016938 -0.083852
v 1.347027 0.011979 -0.089946
v 1.361198 0.006205 -0.093691
vt 1.000000 1.000000
vt 0.958333 1.000000
vt 0.958333 0.958333
vt 1.000000 0.958333
vt 0.958333 0.916667
vt 1.000000 0.916667
vt 0.958333 0.875000
vt 1.000000 0.875000
vt 0.958333 0.833333
vt 1.000000 0.833333
vt 0.958333 0.791667
vt 1.000000 0.791667
vt 0.958333 0.750000
vt 1.000000 0.750000
vt 0.958333 0.708333
vt 1.000000 0.708333
vt 0.958333 0.666667
vt 1.000000 0.666667
vt 0.958333 0.625000
vt 1.000000 0.625000
vt 0.958333 0.583333
vt 1.000000 0.583333
vt 0.958333 0.541667
vt 1.000000 0.541667
vt 0.958333 0.500000
vt 1.000000 0.500000
vt 0.958333 0.458333
vt 1.000000 0.458333
vt 0.958333 0.416667
vt 1.000000 0.416667
vt 0.958333 0.375000
vt 1.000000 0.375000
vt 0.958333 0.333333
vt 1.000000 0.333333
vt 0.958333 0.291667
vt 1.000000 0.291667
vt 0.958333 0.250000
vt 1.000000 0.250000
vt 0.958333 0.208333
vt 1.000000 0.208333
vt 0.958333 0.166667
vt 1.000000 0.166667
vt 0.958333 0.125000
vt 1.000000 0.125000
vt 0.958333 0.083333
vt 1.000000 0.083333
vt 0.958333 0.041667
vt 1.000000 0.041667
vt 0.958333 0.000000
vt 1.000000 0.000000
vt 0.916667 1.000000
vt 0.916667 0.958333
vt 0.916667 0.916667
vt 0.916667 0.875000
vt 0.916667 0.833333
vt 0.916667 0.791667
vt 0.916667 0.750000
vt 0.916667 0.708333
vt 0.916667 0.666667
vt 0.916667 0.625000
vt 0.916667 0.583333
vt 0.916667 0.541667
vt 0.916667 0.500000
vt 0.916667 0.458333
vt 0.916667 0.416667
vt 0.916667 0.375000
vt 0.916667 0.333333
vt 0.916667 0.291667
vt 0.916667 0.250000
vt 0.916667 0.208333
vt 0.916667 0.166667
vt 0.916667 0.125000
vt 0.916667 0.083333
vt 0.916667 0.041667
vt 0.916667 0.000000
vt 0.875000 1.000000
vt 0.875000 0.958333
vt 0.875000 0.916667
vt 0.875000 0.875000
vt 0.875000 0.833333
vt 0.875000 0.791667
vt 0.875000 0.750000
vt 0.875000 0.708333
vt 0.875000 0.666667
vt 0.875000 0.625000
vt 0.875000 0.583333
vt 0.875000 0.541667
vt 0.875000 0.500000
vt 0.875000 0.458333
vt 0.875000 0.416667
vt 0.875000 0.375000
vt 0.875000 0.333333
vt 0.875000 0.291667
vt 0.875000 0.250000
vt 0.875000 0.208333
vt 0.875000 0.166667
vt 0.875000 0.125000
vt 0.875000 0.083333
vt 0.875000 0.041667
vt 0.875000 0.000000
vt 0.833333 1.000000
vt 0.833333 0.958333
vt 0.833333 0.916667
vt 0.833333 0.875000
vt 0.833333 0.833333
vt 0.833333 0.791667
vt 0.833333 0.750000
vt 0.833333 0.708333
vt 0.833333 0.666667
vt 0.833333 0.625000
vt 0.833333 0.583333
vt 0.833333 0.541667
vt 0.833333 0.500000
vt 0.833333 0.458333
vt 0.833333 0.416667
vt 0.833333 0.375000
vt 0.833333 0.333333
vt 0.833333 0.291667
vt 0.833333 0.250000
vt 0.833333 0.208333
vt 0.833333 0.166667
vt 0.833333 0.125000
vt 0.833333 0.083333
vt 0.833333 0.041667
vt 0.833333 0.000000
vt 0.791667 1.000000
vt 0.791667 0.958333
vt 0.791667 0.916667
vt 0.791667 0.875000
vt 0.791667 0.833333
vt 0.791667 0.791667
vt 0.791667 0.750000
vt 0.791667 0.708333
vt 0.791667 0.666667
vt 0.791667 0.625000
vt 0.791667 0.583333
vt 0.791667 0.541667
vt 0.791667 0.500000
vt 0.791667 0.458333
vt 0.791667 0.416667
vt 0.791667 0.375000
vt 0.791667 0.333333
vt 0.791667 0.291667
vt 0.791667 0.250000
vt 0.791667 0.208333
vt 0.791667 0.166667
vt 0.791667 0.125000
vt 0.791667 0.083333
vt 0.791667 0.041667
vt 0.791667 0.000000
vt 0.750000 1.000000
vt 0.750000 0.958333
vt 0.750000 0.916667
vt 0.750000 0.875000
vt 0.750000 0.833333
vt 0.750000 0.791667
vt 0.750000 0.750000
vt 0.750000 0.708333
vt 0.750000 0.666667
vt 0.750000 0.625000
vt 0.750000 0.583333
vt 0.750000 0.541667
vt 0.750000 0.500000
vt 0.750000 0.458333
vt 0.750000 0.416667
vt 0.750000 0.375000
vt 0.750000 0.333333
vt 0.750000 0.291667
vt 0.750000 0.250000
vt 0.750000 0.208333
vt 0.750000 0.166667
vt 0.750000 0.125000
vt 0.750000 0.083333
vt 0.750000 0.041667
vt 0.750000 0.000000
vt 0.708333 1.000000
vt 0.708333 0.958333
vt 0.708333 0.916667
vt 0.708333 0.875000
vt 0.708333 0.833333
vt 0.708333 0.791667
vt 0.708333 0.750000
vt 0.708333 0.708333
vt 0.708333 0.666667
vt 0.708333 0.625000
vt 0.708333 0.583333
vt 0.708333 0.541667
vt 0.708333 0.500000
vt 0.708333 0.458333
vt 0.708333 0.416667
vt 0.708333 0.375000
vt 0.708333 0.333333
vt 0.708333 0.291667
vt 0.708333 0.250000
vt 0.708333 0.208333
vt 0.708333 0.166667
vt 0.708333 0.125000
vt 0.708333 0.083333
vt 0.708333 0.041667
vt 0.708333 0.000000
vt 0.666667 1.000000
vt 0.666667 0.958333
vt 0.666667 0.916667
vt 0.666667 0.875000
vt 0.666667 0.833333
vt 0.666667 0.791667
vt 0.666667 0.750000
vt 0.666667 0.708333
vt 0.666667 0.666667
vt 0.666667 0.625000
vt 0.666667 0.583333
vt 0.666667 0.541667
vt 0.666667 0.500000
vt 0.666667 0.458333
vt 0.666667 0.416667
vt 0.666667 0.375000
vt 0.666667 0.333333
vt 0.666667 0.291667
vt 0.666667 0.250000
vt 0.666667 0.208333
vt 0.666667 0.166667
vt 0.666667 0.125000
vt 0.666667 0.083333
vt 0.666667 0.041667
vt 0.666667 0.000000
vt 0.625000 1.000000
vt 0.625000 0.958333
vt 0.625000 0.916667
vt 0.625000 0.875000
vt 0.625000 0.833333
vt 0.625000 0.791667
vt 0.625000 0.750000
vt 0.625000 0.708333
vt 0.625000 0.666667
vt 0.625000 0.625000
vt 0.625000 0.583333
vt 0.625000 0.541667
vt 0.625000 0.500000
vt 0.625000 0.458333
vt 0.625000 0.416667
vt 0.625000 0.375000
vt 0.625000 0.333333
vt 0.625000 0.291667
vt 0.625000 0.250000
vt 0.625000 0.208333
vt 0.625000 0.166667
vt 0.625000 0.125000
vt 0.625000 0.083333
vt 0.625000 0.041667
vt 0.625000 0.000000
vt 0.583333 1.000000
vt 0.583333 0.958333
vt 0.583333 0.916667
vt 0.583333 0.875000
vt 0.583333 0.833333
vt 0.583333 0.791667
vt 0.583333 0.750000
vt 0.583333 0.708333
vt 0.583333 0.666667
vt 0.583333 0.625000
vt 0.583333 0.583333
vt 0.583333 0.541667
vt 0.583333 0.500000
vt 0.583333 0.458333
vt 0.583333 0.416667
vt 0.583333 0.375000
vt 0.583333 0.333333
vt 0.583333 0.291667
vt 0.583333 0.250000
vt 0.583333 0.208333
vt 0.583333 0.166667
vt 0.583333 0.125000
vt 0.583333 0.083333
vt 0.583333 0.041667
vt 0.583333 0.000000
vt 0.541667 1.000000
vt 0.541667 0.958333
vt 0.541667 0.916667
vt 0.541667 0.875000
vt 0.541667 0.833333
vt 0.541667 0.791667
vt 0.541667 0.750000
vt 0.541667 0.708333
vt 0.541667 0.666667
vt 0.541667 0.625000
vt 0.541667 0.583333
vt 0.541667 0.541667
vt 0.541667 0.500000
vt 0.541667 0.458333
vt 0.541667 0.416667
vt 0.541667 0.375000
vt 0.541667 0.333333
vt 0.541667 0.291667
vt 0.541667 0.250000
vt 0.541667 0.208333
vt 0.541667 0.166667
vt 0.541667 0.125000
vt 0.541667 0.083333
vt 0.541667 0.041667
vt 0.541667 0.000000
vt 0.500000 1.000000
vt 0.500000 0.958333
vt 0.500000 0.916667
vt 0.500000 0.875000
vt 0.500000 0.833333
vt 0.500000 0.791667
vt 0.500000 0.750000
vt 0.500000 0.708333
vt 0.500000 0.666667
vt 0.500000 0.625000
vt 0.500000 0.583333
vt 0.500000 0.541667
vt 0.500000 0.500000
vt 0.500000 0.458333
vt 0.500000 0.416667
vt 0.500000 0.375000
vt 0.500000 0.333333
vt 0.500000 0.291667
vt 0.500000 0.250000
vt 0.500000 0.208333
vt 0.500000 0.166667
vt 0.500000 0.125000
vt 0.500000 0.083333
vt 0.500000 0.041667
vt 0.500000 0.000000
vt 0.458333 1.000000
vt 0.458333 0.958333
vt 0.458333 0.916667
vt 0.458333 0.875000
vt 0.458333 0.833333
vt 0.458333 0.791667
vt 0.458333 0.750000
vt 0.458333 0.708333
vt 0.458333 0.666667
vt 0.458333 0.625000
vt 0.458333 0.583333
vt 0.458333 0.541667
vt 0.458333 0.500000
vt 0.458333 0.458333
vt 0.458333 0.416667
vt 0.458333 0.375000
vt 0.458333 0.333333
vt 0.458333 0.291667
vt 0.458333 0.250000
vt 0.458333 0.208333
vt 0.458333 0.166667
vt 0.458333 0.125000
vt 0.458333 0.083333
vt 0.458333 0.041667
vt 0.458333 0.000000
vt 0.416667 1.000000
vt 0.416667 0.958333
vt 0.416667 0.916667
vt 0.416667 0.875000
vt 0.416667 0.833333
vt 0.416667 0.791667
vt 0.416667 0.750000
vt 0.416667 0.708333
vt 0.416667 0.666667
vt 0.416667 0.625000
vt 0.416667 0.583333
vt 0.416667 0.541667
vt 0.416667 0.500000
vt 0.416667 0.458333
vt 0.416667 0.416667
vt 0.416667 0.375000
vt 0.416667 0.333333
vt 0.416667 0.291667
vt 0.416667 0.250000
vt 0.416667 0.208333
vt 0.416667 0.166667
vt 0.416667 0.125000
vt 0.416667 0.083333
vt 0.416667 0.041667
vt 0.416667 0.000000
vt 0.375000 1.000000
vt 0.375000 0.958333
vt 0.375000 0.916667
vt 0.375000 0.875000
vt 0.375000 0.833333
vt 0.375000 0.791667
vt 0.375000 0.750000
vt 0.375000 0.708333
vt 0.375000 0.666667
vt 0.375000 0.625000
vt 0.375000 0.583333
vt 0.375000 0.541667
vt 0.375000 0.500000
vt 0.375000 0.458333
vt 0.375000 0.416667
vt 0.375000 0.375000
vt 0.375000 0.333333
vt 0.375000 0.291667
vt 0.375000 0.250000
vt 0.375000 0.208333
vt 0.375000 0.166667
vt 0.375000 0.125000
vt 0.375000 0.083333
vt 0.375000 0.041667
vt 0.375000 0.000000
vt 0.333333 1.000000
vt 0.333333 0.958333
vt 0.333333 0.916667
vt 0.333333 0.875000
vt 0.333333 0.833333
vt 0.333333 0.791667
vt 0.333333 0.750000
vt 0.333333 0.708333
vt 0.333333 0.666667
vt 0.333333 0.625000
vt 0.333333 0.583333
vt 0.333333 0.541667
vt 0.333333 0.500000
vt 0.333333 0.458333
vt 0.333333 0.416667
vt 0.333333 0.375000
vt 0.333333 0.333333
vt 0.333333 0.291667
vt 0.333333 0.250000
vt 0.333333 0.208333
vt 0.333333 0.166667
vt 0.333333 0.125000
vt 0.333333 0.083333
vt 0.333333 0.041667
vt 0.333333 0.000000
vt 0.291667 1.000000
vt 0.291667 0.958333
vt 0.291667 0.916667
vt 0.291667 0.875000
vt 0.291667 0.833333
vt 0.291667 0.791667
vt 0.291667 0.750000
vt 0.291667 0.708333
vt 0.291667 0.666667
vt 0.291667 0.625000
vt 0.291667 0.583333
vt 0.291667 0.541667
vt 0.291667 0.500000
vt 0.291667 0.458333
vt 0.291667 0.416667
vt 0.291667 0.375000
vt 0.291667 0.333333
vt 0.291667 0.291667
vt 0.291667 0.250000
vt 0.291667 0.208333
vt 0.291667 0.166667
vt 0.291667 0.125000
vt 0.291667 0.083333
vt 0.291667 0.041667
vt 0.291667 0.000000
vt 0.250000 1.000000
vt 0.250000 0.958333
vt 0.250000 0.916667
vt 0.250000 0.875000
vt 0.250000 0.833333
vt 0.250000 0.791667
vt 0.250000 0.750000
vt 0.250000 0.708333
vt 0.250000 0.666667
vt 0.250000 0.625000
vt 0.250000 0.583333
vt 0.250000 0.541667
vt 0.250000 0.500000
vt 0.250000 0.458333
vt 0.250000 0.416667
vt 0.250000 0.375000
vt 0.250000 0.333333
vt 0.250000 0.291667
vt 0.250000 0.250000
vt 0.250000 0.208333
vt 0.250000 0.166667
vt 0.250000 0.125000
vt 0.250000 0.083333
vt 0.250000 0.041667
vt 0.250000 0.000000
vt 0.208333 1.000000
vt 0.208333 0.958333
vt 0.208333 0.916667
vt 0.208333 0.875000
vt 0.208333 0.833333
vt 0.208333 0.791667
vt 0.208333 0.750000
vt 0.208333 0.708333
vt 0.208333 0.666667
vt 0.208333 0.625000
vt 0.208333 0.583333
vt 0.208333 0.541667
vt 0.208333 0.500000
vt 0.208333 0.458333
vt 0.208333 0.416667
vt 0.208333 0.375000
vt 0.208333 0.333333
vt 0.208333 0.291667
vt 0.208333 0.250000
vt 0.208333 0.208333
vt 0.208333 0.166667
vt 0.208333 0.125000
vt 0.208333 0.083333
vt 0.208333 0.041667
vt 0.208333 0.000000
vt 0.166667 1.000000
vt 0.166667 0.958333
vt 0.166667 0.916667
vt 0.166667 0.875000
vt 0.166667 0.833333
vt 0.166667 0.791667
vt 0.166667 0.750000
vt 0.166667 0.708333
vt 0.166667 0.666667
vt 0.166667 0.625000
vt 0.166667 0.583333
vt 0.166667 0.541667
vt 0.166667 0.500000
vt 0.166667 0.458333
vt 0.166667 0.416667
vt 0.166667 0.375000
vt 0.166667 0.333333
vt 0.166667 0.291667
vt 0.166667 0.250000
vt 0.166667 0.208333
vt 0.166667 0.166667
vt 0.166667 0.125000
vt 0.166667 0.083333
vt 0.166667 0.041667
vt 0.166667 0.000000
vt 0.125000 1.000000
vt 0.125000 0.958333
vt 0.125000 0.916667
vt 0.125000 0.875000
vt 0.125000 0.833333
vt 0.125000 0.791667
vt 0.125000 0.750000
vt 0.125000 0.708333
vt 0.125000 0.666667
vt 0.125000 0.625000
vt 0.125000 0.583333
vt 0.125000 0.541667
vt 0.125000 0.500000
vt 0.125000 0.458333
vt 0.125000 0.416667
vt 0.125000 0.375000
vt 0.125000 0.333333
vt 0.125000 0.291667
vt 0.125000 0.250000
vt 0.125000 0.208333
vt 0.125000 0.166667
vt 0.125000 0.125000
vt 0.125000 0.083333
vt 0.125000 0.041667
vt 0.125000 0.000000
vt 0.083333 1.000000
vt 0.083333 0.958333
vt 0.083333 0.916667
vt 0.083333 0.875000
vt 0.083333 0.833333
vt 0.083333 0.791667
vt 0.083333 0.750000
vt 0.083333 0.708333
vt 0.083333 0.666667
vt 0.083333 0.625000
vt 0.083333 0.583333
vt 0.083333 0.541667
vt 0.083333 0.500000
vt 0.083333 0.458333
vt 0.083333 0.416667
vt 0.083333 0.375000
vt 0.083333 0.333333
vt 0.083333 0.291667
vt 0.083333 0.250000
vt 0.083333 0.208333
vt 0.083333 0.166667
vt 0.083333 0.125000
vt 0.083333 0.083333
vt 0.083333 0.041667
vt 0.083333 0.000000
vt 0.041667 1.000000
vt 0.041667 0.958333
vt 0.041667 0.916667
vt 0.041667 0.875000
vt 0.041667 0.833333
vt 0.041667 0.791667
vt 0.041667 0.750000
vt 0.041667 0.708333
vt 0.041667 0.666667
vt 0.041667 0.625000
vt 0.041667 0.583333
vt 0.041667 0.541667
vt 0.041667 0.500000
vt 0.041667 0.458333
vt 0.041667 0.416667
vt 0.041667 0.375000
vt 0.041667 0.333333
vt 0.041667 0.291667
vt 0.041667 0.250000
vt 0.041667 0.208333
vt 0.041667 0.166667
vt 0.041667 0.125000
vt 0.041667 0.083333
vt 0.041667 0.041667
vt 0.041667 0.000000
vt 0.000000 1.000000
vt 0.000000 0.958333
vt 0.000000 0.916667
vt 0.000000 0.875000
vt 0.000000 0.833333
vt 0.000000 0.791667
vt 0.000000 0.750000
vt 0.000000 0.708333
vt 0.000000 0.666667
vt 0.000000 0.625000
vt 0.000000 0.583333
vt 0.000000 0.541667
vt 0.000000 0.500000
vt 0.000000 0.458333
vt 0.000000 0.416667
vt 0.000000 0.375000
vt 0.000000 0.333333
vt 0.000000 0.291667
vt 0.000000 0.250000
vt 0.000000 0.208333
vt 0.000000 0.166667
vt 0.000000 0.125000
vt 0.000000 0.083333
vt 0.000000 0.041667
vt 0.000000 0.000000
vn 1.000000 0.000000 0.000000
vn 0.965900 0.000000 0.259100
vn 0.582400 -0.797800 0.156200
vn 0.603000 -0.797700 -0.000000
vn 0.279400 -0.957200 0.075200
vn 0.289200 -0.957300 -0.000000
vn 0.156800 -0.986700 0.042300
vn 0.162400 -0.986700 0.000000
vn 0.086200 -0.996000 0.023300
vn 0.089400 -0.996000 0.000000
vn 0.035000 -0.999300 0.009400
vn 0.036200 -0.999300 0.000000
vn -0.008400 -1.000000 -0.002200
vn -0.008700 -1.000000 -0.000000
vn -0.051000 -0.998600 -0.013600
vn -0.052700 -0.998600 -0.000000
vn -0.099300 -0.994700 -0.026400
vn -0.102800 -0.994700 -0.000000
vn -0.164500 -0.985400 -0.043900
vn -0.170300 -0.985400 0.000000
vn -0.277100 -0.958000 -0.073900
vn -0.286800 -0.958000 -0.000000
vn -0.560500 -0.814500 -0.149700
vn -0.580400 -0.814300 -0.000000
vn -0.965900 -0.000000 -0.258800
vn -1.000000 0.000000 -0.000000
vn -0.560500 0.814500 -0.149700
vn -0.580400 0.814300 0.000000
vn -0.277100 0.958000 -0.073900
vn -0.286800 0.958000 0.000000
vn -0.164500 0.985400 -0.043900
vn -0.170300 0.985400 0.000000
vn -0.099300 0.994700 -0.026400
vn -0.102800 0.994700 0.000000
vn -0.051000 0.998600 -0.013600
vn -0.052700 0.998600 0.000000
vn -0.008400 1.000000 -0.002200
vn -0.008700 1.000000 0.000000
vn 0.035000 0.999300 0.009400
vn 0.036200 0.999300 0.000000
vn 0.086200 0.996000 0.023300
vn 0.089400 0.996000 0.000000
vn 0.156800 0.986700 0.042300
vn 0.162400 0.986700 0.000000
vn 0.279400 0.957200 0.075200
vn 0.289200 0.957300 0.000000
vn 0.582400 0.797800 0.156200
vn 0.603000 0.797700 0.000000
vn 0.866100 0.000000 0.499900
vn 0.521500 -0.798300 0.301300
vn 0.250400 -0.957200 0.145000
vn 0.140500 -0.986700 0.081500
vn 0.077200 -0.996000 0.044800
vn 0.031400 -0.999300 0.018200
vn -0.007600 -1.000000 -0.004400
vn -0.045700 -0.998600 -0.026400
vn -0.089000 -0.994700 -0.051300
vn -0.147600 -0.985400 -0.085000
vn -0.248500 -0.958000 -0.143100
vn -0.502600 -0.814400 -0.290200
vn -0.865600 -0.000000 -0.500700
vn -0.502600 0.814400 -0.290200
vn -0.248500 0.958000 -0.143100
vn -0.147600 0.985400 -0.085000
vn -0.089000 0.994700 -0.051300
vn -0.045700 0.998600 -0.026400
vn -0.007600 1.000000 -0.004400
vn 0.031400 0.999300 0.018200
vn 0.077200 0.996000 0.044800
vn 0.140400 0.986700 0.081400
vn 0.250400 0.957200 0.145000
vn 0.521500 0.798300 0.301300
vn 0.707100 0.000000 0.707100
vn 0.425300 -0.798700 0.425600
vn 0.204400 -0.957200 0.204900
vn 0.114600 -0.986700 0.115000
vn 0.063000 -0.996000 0.063300
vn 0.025600 -0.999300 0.025700
vn -0.006100 -1.000000 -0.006100
vn -0.037300 -0.998600 -0.037300
vn -0.072700 -0.994700 -0.072500
vn -0.120700 -0.985400 -0.120300
vn -0.202900 -0.958100 -0.202400
vn -0.410500 -0.814300 -0.410200
vn -0.707100 -0.000000 -0.707100
vn -0.410500 0.814300 -0.410200
vn -0.202900 0.958000 -0.202400
vn -0.120700 0.985400 -0.120300
vn -0.072700 0.994700 -0.072500
vn -0.037300 0.998600 -0.037300
vn -0.006100 1.000000 -0.006100
vn 0.025700 0.999300 0.025700
vn 0.063000 0.996000 0.063300
vn 0.114600 0.986700 0.115000
vn 0.204400 0.957200 0.204900
vn 0.425300 0.798700 0.425600
vn 0.499900 -0.000000 0.866100
vn 0.301000 -0.798300 0.521700
vn 0.144500 -0.957200 0.250800
vn 0.081000 -0.986700 0.140700
vn 0.044500 -0.996000 0.077400
vn 0.018100 -0.999300 0.031400
vn -0.004400 -1.000000 -0.007600
vn -0.026500 -0.998600 -0.045700
vn -0.051500 -0.994700 -0.088800
vn -0.085400 -0.985400 -0.147400
vn -0.143700 -0.958000 -0.248200
vn -0.290500 -0.814400 -0.502300
vn -0.500700 0.000000 -0.865600
vn -0.290500 0.814400 -0.502300
vn -0.143700 0.958000 -0.248200
vn -0.085400 0.985400 -0.147400
vn -0.051500 0.994700 -0.088800
vn -0.026500 0.998600 -0.045700
vn -0.004400 1.000000 -0.007600
vn 0.018100 0.999300 0.031400
vn 0.044500 0.996000 0.077400
vn 0.081000 0.986700 0.140700
vn 0.144500 0.957200 0.250800
vn 0.300900 0.798300 0.521700
vn 0.259100 -0.000000 0.965900
vn 0.155800 -0.797800 0.582500
vn 0.074600 -0.957200 0.279500
vn 0.041800 -0.986700 0.156900
vn 0.022900 -0.996000 0.086300
vn 0.009400 -0.999300 0.035100
vn -0.002200 -1.000000 -0.008400
vn -0.013700 -0.998600 -0.051000
vn -0.026700 -0.994700 -0.099200
vn -0.044400 -0.985400 -0.164300
vn -0.074500 -0.958000 -0.276900
vn -0.150100 -0.814500 -0.560300
vn -0.259200 -0.000000 -0.965800
vn -0.150100 0.814500 -0.560300
vn -0.074500 0.958000 -0.276900
vn -0.044400 0.985400 -0.164300
vn -0.026700 0.994700 -0.099200
vn -0.013700 0.998600 -0.051000
vn -0.002200 1.000000 -0.008400
vn 0.009400 0.999300 0.035100
vn 0.022900 0.996000 0.086300
vn 0.041800 0.986700 0.156900
vn 0.074600 0.957200 0.279500
vn 0.155800 0.797700 0.582500
vn 0.000000 -0.000000 1.000000
vn -0.000200 -0.797700 0.603000
vn -0.000300 -0.957300 0.289200
vn -0.000300 -0.986700 0.162400
vn -0.000200 -0.996000 0.089400
vn -0.000000 -0.999300 0.036200
vn 0.000000 -1.000000 -0.008700
vn -0.000000 -0.998600 -0.052700
vn -0.000100 -0.994700 -0.102700
vn -0.000300 -0.985400 -0.170200
vn -0.000300 -0.958000 -0.286800
vn -0.000200 -0.814300 -0.580400
vn 0.000000 -0.000000 -1.000000
vn -0.000200 0.814300 -0.580400
vn -0.000300 0.958000 -0.286800
vn -0.000300 0.985400 -0.170200
vn -0.000100 0.994700 -0.102700
vn -0.000000 0.998600 -0.052700
vn 0.000000 1.000000 -0.008700
vn -0.000000 0.999300 0.036200
vn -0.000200 0.996000 0.089400
vn -0.000300 0.986700 0.162400
vn -0.000300 0.957300 0.289200
vn -0.000200 0.797700 0.603100
vn -0.259100 -0.000000 0.965900
vn -0.156200 -0.797800 0.582400
vn -0.075200 -0.957200 0.279400
vn -0.042300 -0.986700 0.156800
vn -0.023300 -0.996000 0.086200
vn -0.009400 -0.999300 0.035000
vn 0.002200 -1.000000 -0.008400
vn 0.013600 -0.998600 -0.051000
vn 0.026400 -0.994700 -0.099300
vn 0.043900 -0.985400 -0.164500
vn 0.073900 -0.958000 -0.277100
vn 0.149700 -0.814500 -0.560500
vn 0.259200 0.000000 -0.965800
vn 0.149700 0.814500 -0.560500
vn 0.073900 0.958000 -0.277100
vn 0.043900 0.985400 -0.164500
vn 0.026400 0.994700 -0.099300
vn 0.013600 0.998600 -0.051000
vn 0.002200 1.000000 -0.008400
vn -0.009400 0.999300 0.035000
vn -0.023300 0.996000 0.086200
vn -0.042300 0.986700 0.156800
vn -0.075200 0.957200 0.279400
vn -0.156200 0.797700 0.582400
vn -0.499900 -0.000000 0.866100
vn -0.301300 -0.798300 0.521400
vn -0.145000 -0.957200 0.250400
vn -0.081400 -0.986700 0.140400
vn -0.044800 -0.996000 0.077200
vn -0.018200 -0.999300 0.031400
vn 0.004400 -1.000000 -0.007600
vn 0.026400 -0.998600 -0.045700
vn 0.051300 -0.994700 -0.089000
vn 0.085000 -0.985400 -0.147600
vn 0.143100 -0.958000 -0.248500
vn 0.290200 -0.814400 -0.502500
vn 0.500700 0.000000 -0.865600
vn 0.290200 0.814400 -0.502500
vn 0.143100 0.958000 -0.248500
vn 0.085000 0.985400 -0.147600
vn 0.051300 0.994700 -0.089000
vn 0.026400 0.998600 -0.045700
vn 0.004400 1.000000 -0.007600
vn -0.018200 0.999300 0.031400
vn -0.044800 0.996000 0.077200
vn -0.081400 0.986700 0.140400
vn -0.145000 0.957200 0.250400
vn -0.301300 0.798300 0.521400
vn -0.707100 0.000000 0.707100
vn -0.425600 -0.798700 0.425300
vn -0.204900 -0.957200 0.204400
vn -0.115000 -0.986700 0.114600
vn -0.063300 -0.996000 0.063000
vn -0.025700 -0.999300 0.025600
vn 0.006100 -1.000000 -0.006100
vn 0.037300 -0.998600 -0.037300
vn 0.072500 -0.994700 -0.072700
vn 0.120300 -0.985400 -0.120700
vn 0.202400 -0.958100 -0.202900
vn 0.410200 -0.814300 -0.410500
vn 0.707100 0.000000 -0.707100
vn 0.410200 0.814300 -0.410500
vn 0.202400 0.958100 -0.202900
vn 0.120300 0.985400 -0.120700
vn 0.072500 0.994700 -0.072700
vn 0.037300 0.998600 -0.037300
vn 0.006100 1.000000 -0.006100
vn -0.025700 0.999300 0.025600
vn -0.063300 0.996000 0.063000
vn -0.115000 0.986700 0.114600
vn -0.204900 0.957200 0.204400
vn -0.425600 0.798700 0.425300
vn -0.866100 0.000000 0.499900
vn -0.521700 -0.798300 0.300900
vn -0.250800 -0.957200 0.144500
vn -0.140700 -0.986700 0.081000
vn -0.077400 -0.996000 0.044500
vn -0.031400 -0.999300 0.018100
vn 0.007600 -1.000000 -0.004400
vn 0.045700 -0.998600 -0.026500
vn 0.088800 -0.994700 -0.051500
vn 0.147400 -0.985400 -0.085400
vn 0.248200 -0.958000 -0.143700
vn 0.502300 -0.814400 -0.290600
vn 0.865600 0.000000 -0.500700
vn 0.502300 0.814400 -0.290600
vn 0.248200 0.958000 -0.143700
vn 0.147400 0.985400 -0.085400
vn 0.088800 0.994700 -0.051500
vn 0.045700 0.998600 -0.026500
vn 0.007600 1.000000 -0.004400
vn -0.031400 0.999300 0.018100
vn -0.077400 0.996000 0.044500
vn -0.140700 0.986700 0.081000
vn -0.250800 0.957200 0.144500
vn -0.521700 0.798300 0.301000
vn -0.965900 0.000000 0.259100
vn -0.582500 -0.797800 0.155800
vn -0.279500 -0.957200 0.074600
vn -0.156900 -0.986700 0.041800
vn -0.086300 -0.996000 0.022900
vn -0.035100 -0.999300 0.009400
vn 0.008400 -1.000000 -0.002200
vn 0.051000 -0.998600 -0.013700
vn 0.099200 -0.994700 -0.026700
vn 0.164300 -0.985400 -0.044400
vn 0.276900 -0.958000 -0.074500
vn 0.560300 -0.814500 -0.150100
vn 0.965900 0.000000 -0.258800
vn 0.560300 0.814500 -0.150100
vn 0.276900 0.958000 -0.074500
vn 0.164300 0.985400 -0.044400
vn 0.099200 0.994700 -0.026700
vn 0.051000 0.998600 -0.013700
vn 0.008400 1.000000 -0.002200
vn -0.035100 0.999300 0.009400
vn -0.086300 0.996000 0.022900
vn -0.156900 0.986700 0.041800
vn -0.279500 0.957200 0.074600
vn -0.582500 0.797700 0.155800
vn -0.603000 -0.797700 -0.000200
vn -0.289200 -0.957300 -0.000300
vn -0.162400 -0.986700 -0.000300
vn -0.089400 -0.996000 -0.000200
vn -0.036200 -0.999300 -0.000000
vn 0.008700 -1.000000 0.000000
vn 0.052700 -0.998600 -0.000000
vn 0.102800 -0.994700 -0.000100
vn 0.170200 -0.985400 -0.000300
vn 0.286800 -0.958000 -0.000300
vn 0.580400 -0.814300 -0.000200
vn 0.580400 0.814300 -0.000200
vn 0.286800 0.958000 -0.000300
vn 0.170200 0.985400 -0.000300
vn 0.102800 0.994700 -0.000100
vn 0.052700 0.998600 -0.000000
vn 0.008700 1.000000 0.000000
vn -0.036200 0.999300 -0.000000
vn -0.089400 0.996000 -0.000200
vn -0.162400 0.986700 -0.000300
vn -0.289200 0.957300 -0.000300
vn -0.603000 0.797700 -0.000200
vn -0.965900 0.000000 -0.259100
vn -0.582400 -0.797800 -0.156200
vn -0.279400 -0.957200 -0.075200
vn -0.156800 -0.986700 -0.042300
vn -0.086200 -0.996000 -0.023300
vn -0.035000 -0.999300 -0.009400
vn 0.008400 -1.000000 0.002200
vn 0.051000 -0.998600 0.013600
vn 0.099300 -0.994700 0.026400
vn 0.164500 -0.985400 0.043900
vn 0.277100 -0.958000 0.073900
vn 0.560500 -0.814500 0.149700
vn 0.965900 0.000000 0.258800
vn 0.560500 0.814500 0.149700
vn 0.277100 0.958000 0.073900
vn 0.164500 0.985400 0.043900
vn 0.099300 0.994700 0.026400
vn 0.051000 0.998600 0.013600
vn 0.008400 1.000000 0.002200
vn -0.035000 0.999300 -0.009400
vn -0.086200 0.996000 -0.023300
vn -0.156800 0.986700 -0.042300
vn -0.279400 0.957200 -0.075200
vn -0.582400 0.797800 -0.156200
vn -0.866100 0.000000 -0.499900
vn -0.521500 -0.798300 -0.301300
vn -0.250400 -0.957200 -0.145000
vn -0.140500 -0.986700 -0.081500
vn -0.077200 -0.996000 -0.044800
vn -0.031400 -0.999300 -0.018200
vn 0.007600 -1.000000 0.004400
vn 0.045700 -0.998600 0.026400
vn 0.089000 -0.994700 0.051300
vn 0.147600 -0.985400 0.085000
vn 0.248500 -0.958000 0.143100
vn 0.502600 -0.814400 0.290200
vn 0.865600 0.000000 0.500700
vn 0.502600 0.814400 0.290200
vn 0.248500 0.958000 0.143100
vn 0.147600 0.985400 0.085000
vn 0.089000 0.994700 0.051300
vn 0.045700 0.998600 0.026400
vn 0.007600 1.000000 0.004400
vn -0.031400 0.999300 -0.018200
vn -0.077200 0.996000 -0.044800
vn -0.140400 0.986700 -0.081400
vn -0.250400 0.957200 -0.145000
vn -0.521500 0.798300 -0.301300
vn -0.425300 -0.798700 -0.425600
vn -0.204400 -0.957200 -0.204900
vn -0.114600 -0.986700 -0.115000
vn -0.063000 -0.996000 -0.063300
vn -0.025600 -0.999300 -0.025700
vn 0.006100 -1.000000 0.006100
vn 0.037300 -0.998600 0.037300
vn 0.072700 -0.994700 0.072500
vn 0.120700 -0.985400 0.120300
vn 0.202900 -0.958100 0.202400
vn 0.410500 -0.814300 0.410200
vn 0.410500 0.814300 0.410200
vn 0.202900 0.958000 0.202400
vn 0.120700 0.985400 0.120300
vn 0.072700 0.994700 0.072500
vn 0.037300 0.998600 0.037300
vn 0.006100 1.000000 0.006100
vn -0.025700 0.999300 -0.025700
vn -0.063000 0.996000 -0.063300
vn -0.114600 0.986700 -0.115000
vn -0.204400 0.957200 -0.204900
vn -0.425300 0.798700 -0.425600
vn -0.499900 0.000000 -0.866100
vn -0.301000 -0.798300 -0.521700
vn -0.144500 -0.957200 -0.250800
vn -0.081000 -0.986700 -0.140700
vn -0.044500 -0.996000 -0.077400
vn -0.018100 -0.999300 -0.031400
vn 0.004400 -1.000000 0.007600
vn 0.026500 -0.998600 0.045700
vn 0.051500 -0.994700 0.088800
vn 0.085400 -0.985400 0.147400
vn 0.143700 -0.958000 0.248200
vn 0.290500 -0.814400 0.502300
vn 0.500700 0.000000 0.865600
vn 0.290500 0.814400 0.502300
vn 0.143700 0.958000 0.248200
vn 0.085400 0.985400 0.147400
vn 0.051500 0.994700 0.088800
vn 0.026500 0.998600 0.045700
vn 0.004400 1.000000 0.007600
vn -0.018100 0.999300 -0.031400
vn -0.044500 0.996000 -0.077400
vn -0.081000 0.986700 -0.140700
vn -0.144500 0.957200 -0.250800
vn -0.300900 0.798300 -0.521600
vn -0.259100 0.000000 -0.965900
vn -0.155800 -0.797800 -0.582500
vn -0.074600 -0.957200 -0.279500
vn -0.041800 -0.986700 -0.156900
vn -0.022900 -0.996000 -0.086300
vn -0.009400 -0.999300 -0.035100
vn 0.002200 -1.000000 0.008400
vn 0.013700 -0.998600 0.051000
vn 0.026700 -0.994700 0.099200
vn 0.044400 -0.985400 0.164300
vn 0.074500 -0.958000 0.276900
vn 0.150100 -0.814500 0.560300
vn 0.259200 0.000000 0.965800
vn 0.150100 0.814500 0.560300
vn 0.074500 0.958000 0.276900
vn 0.044400 0.985400 0.164300
vn 0.026700 0.994700 0.099200
vn 0.013700 0.998600 0.051000
vn 0.002200 1.000000 0.008400
vn -0.009400 0.999300 -0.035100
vn -0.022900 0.996000 -0.086300
vn -0.041800 0.986700 -0.156900
vn -0.074600 0.957200 -0.279500
vn -0.155800 0.797700 -0.582500
vn 0.000200 -0.797700 -0.603000
vn 0.000300 -0.957300 -0.289200
vn 0.000300 -0.986700 -0.162400
vn 0.000200 -0.996000 -0.089400
vn 0.000000 -0.999300 -0.036200
vn -0.000000 -1.000000 0.008700
vn 0.000000 -0.998600 0.052700
vn 0.000100 -0.994700 0.102700
vn 0.000300 -0.985400 0.170200
vn 0.000300 -0.958000 0.286800
vn 0.000200 -0.814300 0.580400
vn 0.000200 0.814300 0.580400
vn 0.000300 0.958000 0.286800
vn 0.000300 0.985400 0.170200
vn 0.000100 0.994700 0.102700
vn 0.000000 0.998600 0.052700
vn -0.000000 1.000000 0.008700
vn 0.000000 0.999300 -0.036200
vn 0.000200 0.996000 -0.089400
vn 0.000300 0.986700 -0.162400
vn 0.000300 0.957300 -0.289200
vn 0.000200 0.797700 -0.603100
vn 0.259100 0.000000 -0.965900
vn 0.156200 -0.797800 -0.582400
vn 0.075200 -0.957200 -0.279400
vn 0.042300 -0.986700 -0.156800
vn 0.023300 -0.996000 -0.086200
vn 0.009400 -0.999300 -0.035000
vn -0.002200 -1.000000 0.008400
vn -0.013600 -0.998600 0.051000
vn -0.026400 -0.994700 0.099300
vn -0.043900 -0.985400 0.164500
vn -0.073900 -0.958000 0.277100
vn -0.149700 -0.814500 0.560500
vn -0.259200 -0.000000 0.965800
vn -0.149700 0.814500 0.560500
vn -0.073900 0.958000 0.277100
vn -0.043900 0.985400 0.164500
vn -0.026400 0.994700 0.099300
vn -0.013600 0.998600 0.051000
vn -0.002200 1.000000 0.008400
vn 0.009400 0.999300 -0.035000
vn 0.023300 0.996000 -0.086200
vn 0.042300 0.986700 -0.156800
vn 0.075200 0.957200 -0.279400
vn 0.156200 0.797700 -0.582400
vn 0.499900 -0.000000 -0.866100
vn 0.301300 -0.798300 -0.521400
vn 0.145000 -0.957200 -0.250400
vn 0.081400 -0.986700 -0.140400
vn 0.044800 -0.996000 -0.077200
vn 0.018200 -0.999300 -0.031400
vn -0.004400 -1.000000 0.007600
vn -0.026400 -0.998600 0.045700
vn -0.051300 -0.994700 0.089000
vn -0.085000 -0.985400 0.147600
vn -0.143100 -0.958000 0.248500
vn -0.290200 -0.814400 0.502500
vn -0.500700 -0.000000 0.865600
vn -0.290200 0.814400 0.502500
vn -0.143100 0.958000 0.248500
vn -0.085000 0.985400 0.147600
vn -0.051300 0.994700 0.089000
vn -0.026400 0.998600 0.045700
vn -0.004400 1.000000 0.007600
vn 0.018200 0.999300 -0.031400
vn 0.044800 0.996000 -0.077200
vn 0.081400 0.986700 -0.140400
vn 0.145000 0.957200 -0.250400
vn 0.301300 0.798300 -0.521400
vn 0.425600 -0.798700 -0.425300
vn 0.204900 -0.957200 -0.204400
vn 0.115000 -0.986700 -0.114600
vn 0.063300 -0.996000 -0.063000
vn 0.025700 -0.999300 -0.025600
vn -0.006100 -1.000000 0.006100
vn -0.037300 -0.998600 0.037300
vn -0.072500 -0.994700 0.072700
vn -0.120300 -0.985400 0.120700
vn -0.202400 -0.958100 0.202900
vn -0.410300 -0.814300 0.410500
vn -0.410300 0.814300 0.410500
vn -0.202400 0.958100 0.202900
vn -0.120300 0.985400 0.120700
vn -0.072500 0.994700 0.072700
vn -0.037300 0.998600 0.037300
vn -0.006100 1.000000 0.006100
vn 0.025700 0.999300 -0.025600
vn 0.063300 0.996000 -0.063000
vn 0.115000 0.986700 -0.114600
vn 0.204900 0.957200 -0.204400
vn 0.425600 0.798700 -0.425300
vn 0.866100 0.000000 -0.499900
vn 0.521700 -0.798300 -0.300900
vn 0.250800 -0.957200 -0.144500
vn 0.140700 -0.986700 -0.081000
vn 0.077400 -0.996000 -0.044500
vn 0.031400 -0.999300 -0.018100
vn -0.007600 -1.000000 0.004400
vn -0.045700 -0.998600 0.026500
vn -0.088800 -0.994700 0.051500
vn -0.147400 -0.985400 0.085400
vn -0.248200 -0.958000 0.143700
vn -0.502300 -0.814400 0.290600
vn -0.865600 0.000000 0.500700
vn -0.502300 0.814400 0.290600
vn -0.248200 0.958000 0.143700
vn -0.147400 0.985400 0.085400
vn -0.088800 0.994700 0.051500
vn -0.045700 0.998600 0.026500
vn -0.007600 1.000000 0.004400
vn 0.031400 0.999300 -0.018100
vn 0.077400 0.996000 -0.044500
vn 0.140700 0.986700 -0.081000
vn 0.250800 0.957200 -0.144500
vn 0.521700 0.798300 -0.301000
vn 0.965900 0.000000 -0.259100
vn 0.582500 -0.797800 -0.155800
vn 0.279500 -0.957200 -0.074600
vn 0.156900 -0.986700 -0.041800
vn 0.086300 -0.996000 -0.022900
vn 0.035100 -0.999300 -0.009400
vn -0.008400 -1.000000 0.002200
vn -0.051000 -0.998600 0.013700
vn -0.099200 -0.994700 0.026700
vn -0.164300 -0.985400 0.044400
vn -0.276900 -0.958000 0.074500
vn -0.560300 -0.814500 0.150100
vn -0.965900 -0.000000 0.258800
vn -0.560300 0.814500 0.150100
vn -0.276900 0.958000 0.074500
vn -0.164300 0.985400 0.044400
vn -0.099200 0.994700 0.026700
vn -0.051000 0.998600 0.013700
vn -0.008400 1.000000 0.002200
vn 0.035100 0.999300 -0.009400
vn 0.086300 0.996000 -0.022900
vn 0.156900 0.986700 -0.041800
vn 0.279500 0.957200 -0.074600
vn 0.582500 0.797700 -0.155800
usemtl Physical8
s 1
f 2793/3118/2785 2817/3119/2786 2818/3120/2787 2794/3121/2788
f 2794/3121/2788 2818/3120/2787 2819/3122/2789 2795/3123/2790
f 2795/3123/2790 2819/3122/2789 2820/3124/2791 2796/3125/2792
f 2796/3125/2792 2820/3124/2791 2821/3126/2793 2797/3127/2794
f 2797/3127/2794 2821/3126/2793 2822/3128/2795 2798/3129/2796
f 2798/3129/2796 2822/3128/2795 2823/3130/2797 2799/3131/2798
f 2799/3131/2798 2823/3130/2797 2824/3132/2799 2800/3133/2800
f 2800/3133/2800 2824/3132/2799 2825/3134/2801 2801/3135/2802
f 2801/3135/2802 2825/3134/2801 2826/3136/2803 2802/3137/2804
f 2802/3137/2804 2826/3136/2803 2827/3138/2805 2803/3139/2806
f 2803/3139/2806 2827/3138/2805 2828/3140/2807 2804/3141/2808
f 2804/3141/2808 2828/3140/2807 2829/3142/2809 2805/3143/2810
f 2805/3143/2810 2829/3142/2809 2830/3144/2811 2806/3145/2812
f 2806/3145/2812 2830/3144/2811 2831/3146/2813 2807/3147/2814
f 2807/3147/2814 2831/3146/2813 2832/3148/2815 2808/3149/2816
f 2808/3149/2816 2832/3148/2815 2833/3150/2817 2809/3151/2818
f 2809/3151/2818 2833/3150/2817 2834/3152/2819 2810/3153/2820
f 2810/3153/2820 2834/3152/2819 2835/3154/2821 2811/3155/2822
f 2811/3155/2822 2835/3154/2821 2836/3156/2823 2812/3157/2824
f 2812/3157/2824 2836/3156/2823 2837/3158/2825 2813/3159/2826
f 2813/3159/2826 2837/3158/2825 2838/3160/2827 2814/3161/2828
f 2814/3161/2828 2838/3160/2827 2839/3162/2829 2815/3163/2830
f 2815/3163/2830 2839/3162/2829 2840/3164/2831 2816/3165/2832
f 2816/3165/2832 2840/3164/2831 2817/3166/2786 2793/3167/2785
f 2817/3119/2786 2841/3168/2833 2842/3169/2834 2818/3120/2787
f 2818/3120/2787 2842/3169/2834 2843/3170/2835 2819/3122/2789
f 2819/3122/2789 2843/3170/2835 2844/3171/2836 2820/3124/2791
f 2820/3124/2791 2844/3171/2836 2845/3172/2837 2821/3126/2793
f 2821/3126/2793 2845/3172/2837 2846/3173/2838 2822/3128/2795
f 2822/3128/2795 2846/3173/2838 2847/3174/2839 2823/3130/2797
f 2823/3130/2797 2847/3174/2839 2848/3175/2840 2824/3132/2799
f 2824/3132/2799 2848/3175/2840 2849/3176/2841 2825/3134/2801
f 2825/3134/2801 2849/3176/2841 2850/3177/2842 2826/3136/2803
f 2826/3136/2803 2850/3177/2842 2851/3178/2843 2827/3138/2805
f 2827/3138/2805 2851/3178/2843 2852/3179/2844 2828/3140/2807
f 2828/3140/2807 2852/3179/2844 2853/3180/2845 2829/3142/2809
f 2829/3142/2809 2853/3180/2845 2854/3181/2846 2830/3144/2811
f 2830/3144/2811 2854/3181/2846 2855/3182/2847 2831/3146/2813
f 2831/3146/2813 2855/3182/2847 2856/3183/2848 2832/3148/2815
f 2832/3148/2815 2856/3183/2848 2857/3184/2849 2833/3150/2817
f 2833/3150/2817 2857/3184/2849 2858/3185/2850 2834/3152/2819
f 2834/3152/2819 2858/3185/2850 2859/3186/2851 2835/3154/2821
f 2835/3154/2821 2859/3186/2851 2860/3187/2852 2836/3156/2823
f 2836/3156/2823 2860/3187/2852 2861/3188/2853 2837/3158/2825
f 2837/3158/2825 2861/3188/2853 2862/3189/2854 2838/3160/2827
f 2838/3160/2827 2862/3189/2854 2863/3190/2855 2839/3162/2829
f 2839/3162/2829 2863/3190/2855 2864/3191/2856 2840/3164/2831
f 2840/3164/2831 2864/3191/2856 2841/3192/2833 2817/3166/2786
f 2841/3168/2833 2865/3193/2857 2866/3194/2858 2842/3169/2834
f 2842/3169/2834 2866/3194/2858 2867/3195/2859 2843/3170/2835
f 2843/3170/2835 2867/3195/2859 2868/3196/2860 2844/3171/2836
f 2844/3171/2836 2868/3196/2860 2869/3197/2861 2845/3172/2837
f 2845/3172/2837 2869/3197/2861 2870/3198/2862 2846/3173/2838
f 2846/3173/2838 2870/3198/2862 2871/3199/2863 2847/3174/2839
f 2847/3174/2839 2871/3199/2863 2872/3200/2864 2848/3175/2840
f 2848/3175/2840 2872/3200/2864 2873/3201/2865 2849/3176/2841
f 2849/3176/2841 2873/3201/2865 2874/3202/2866 2850/3177/2842
f 2850/3177/2842 2874/3202/2866 2875/3203/2867 2851/3178/2843
f 2851/3178/2843 2875/3203/2867 2876/3204/2868 2852/3179/2844
f 2852/3179/2844 2876/3204/2868 2877/3205/2869 2853/3180/2845
f 2853/3180/2845 2877/3205/2869 2878/3206/2870 2854/3181/2846
f 2854/3181/2846 2878/3206/2870 2879/3207/2871 2855/3182/2847
f 2855/3182/2847 2879/3207/2871 2880/3208/2872 2856/3183/2848
f 2856/3183/2848 2880/3208/2872 2881/3209/2873 2857/3184/2849
f 2857/3184/2849 2881/3209/2873 2882/3210/2874 2858/3185/2850
f 2858/3185/2850 2882/3210/2874 2883/3211/2875 2859/3186/2851
f 2859/3186/2851 2883/3211/2875 2884/3212/2876 2860/3187/2852
f 2860/3187/2852 2884/3212/2876 2885/3213/2877 2861/3188/2853
f 2861/3188/2853 2885/3213/2877 2886/3214/2878 2862/3189/2854
f 2862/3189/2854 2886/3214/2878 2887/3215/2879 2863/3190/2855
f 2863/3190/2855 2887/3215/2879 2888/3216/2880 2864/3191/2856
f 2864/3191/2856 2888/3216/2880 2865/3217/2857 2841/3192/2833
f 2865/3193/2857 2889/3218/2881 2890/3219/2882 2866/3194/2858
f 2866/3194/2858 2890/3219/2882 2891/3220/2883 2867/3195/2859
f 2867/3195/2859 2891/3220/2883 2892/3221/2884 2868/3196/2860
f 2868/3196/2860 2892/3221/2884 2893/3222/2885 2869/3197/2861
f 2869/3197/2861 2893/3222/2885 2894/3223/2886 2870/3198/2862
f 2870/3198/2862 2894/3223/2886 2895/3224/2887 2871/3199/2863
f 2871/3199/2863 2895/3224/2887 2896/3225/2888 2872/3200/2864
f 2872/3200/2864 2896/3225/2888 2897/3226/2889 2873/3201/2865
f 2873/3201/2865 2897/3226/2889 2898/3227/2890 2874/3202/2866
f 2874/3202/2866 2898/3227/2890 2899/3228/2891 2875/3203/2867
f 2875/3203/2867 2899/3228/2891 2900/3229/2892 2876/3204/2868
f 2876/3204/2868 2900/3229/2892 2901/3230/2893 2877/3205/2869
f 2877/3205/2869 2901/3230/2893 2902/3231/2894 2878/3206/2870
f 2878/3206/2870 2902/3231/2894 2903/3232/2895 2879/3207/2871
f 2879/3207/2871 2903/3232/2895 2904/3233/2896 2880/3208/2872
f 2880/3208/2872 2904/3233/2896 2905/3234/2897 2881/3209/2873
f 2881/3209/2873 2905/3234/2897 2906/3235/2898 2882/3210/2874
f 2882/3210/2874 2906/3235/2898 2907/3236/2899 2883/3211/2875
f 2883/3211/2875 2907/3236/2899 2908/3237/2900 2884/3212/2876
f 2884/3212/2876 2908/3237/2900 2909/3238/2901 2885/3213/2877
f 2885/3213/2877 2909/3238/2901 2910/3239/2902 2886/3214/2878
f 2886/3214/2878 2910/3239/2902 2911/3240/2903 2887/3215/2879
f 2887/3215/2879 2911/3240/2903 2912/3241/2904 2888/3216/2880
f 2888/3216/2880 2912/3241/2904 2889/3242/2881 2865/3217/2857
f 2889/3218/2881 2913/3243/2905 2914/3244/2906 2890/3219/2882
f 2890/3219/2882 2914/3244/2906 2915/3245/2907 2891/3220/2883
f 2891/3220/2883 2915/3245/2907 2916/3246/2908 2892/3221/2884
f 2892/3221/2884 2916/3246/2908 2917/3247/2909 2893/3222/2885
f 2893/3222/2885 2917/3247/2909 2918/3248/2910 2894/3223/2886
f 2894/3223/2886 2918/3248/2910 2919/3249/2911 2895/3224/2887
f 2895/3224/2887 2919/3249/2911 2920/3250/2912 2896/3225/2888
f 2896/3225/2888 2920/3250/2912 2921/3251/2913 2897/3226/2889
f 2897/3226/2889 2921/3251/2913 2922/3252/2914 2898/3227/2890
f 2898/3227/2890 2922/3252/2914 2923/3253/2915 2899/3228/2891
f 2899/3228/2891 2923/3253/2915 2924/3254/2916 2900/3229/2892
f 2900/3229/2892 2924/3254/2916 2925/3255/2917 2901/3230/2893
f 2901/3230/2893 2925/3255/2917 2926/3256/2918 2902/3231/2894
f 2902/3231/2894 2926/3256/2918 2927/3257/2919 2903/3232/2895
f 2903/3232/2895 2927/3257/2919 2928/3258/2920 2904/3233/2896
f 2904/3233/2896 2928/3258/2920 2929/3259/2921 2905/3234/2897
f 2905/3234/2897 2929/3259/2921 2930/3260/2922 2906/3235/2898
f 2906/3235/2898 2930/3260/2922 2931/3261/2923 2907/3236/2899
f 2907/3236/2899 2931/3261/2923 2932/3262/2924 2908/3237/2900
f 2908/3237/2900 2932/3262/2924 2933/3263/2925 2909/3238/2901
f 2909/3238/2901 2933/3263/2925 2934/3264/2926 2910/3239/2902
f 2910/3239/2902 2934/3264/2926 2935/3265/2927 2911/3240/2903
f 2911/3240/2903 2935/3265/2927 2936/3266/2928 2912/3241/2904
f 2912/3241/2904 2936/3266/2928 2913/3267/2905 2889/3242/2881
f 2913/3243/2905 2937/3268/2929 2938/3269/2930 2914/3244/2906
f 2914/3244/2906 2938/3269/2930 2939/3270/2931 2915/3245/2907
f 2915/3245/2907 2939/3270/2931 2940/3271/2932 2916/3246/2908
f 2916/3246/2908 2940/3271/2932 2941/3272/2933 2917/3247/2909
f 2917/3247/2909 2941/3272/2933 2942/3273/2934 2918/3248/2910
f 2918/3248/2910 2942/3273/2934 2943/3274/2935 2919/3249/2911
f 2919/3249/2911 2943/3274/2935 2944/3275/2936 2920/3250/2912
f 2920/3250/2912 2944/3275/2936 2945/3276/2937 2921/3251/2913
f 2921/3251/2913 2945/3276/2937 2946/3277/2938 2922/3252/2914
f 2922/3252/2914 2946/3277/2938 2947/3278/2939 2923/3253/2915
f 2923/3253/2915 2947/3278/2939 2948/3279/2940 2924/3254/2916
f 2924/3254/2916 2948/3279/2940 2949/3280/2941 2925/3255/2917
f 2925/3255/2917 2949/3280/2941 2950/3281/2942 2926/3256/2918
f 2926/3256/2918 2950/3281/2942 2951/3282/2943 2927/3257/2919
f 2927/3257/2919 2951/3282/2943 2952/3283/2944 2928/3258/2920
f 2928/3258/2920 2952/3283/2944 2953/3284/2945 2929/3259/2921
f 2929/3259/2921 2953/3284/2945 2954/3285/2946 2930/3260/2922
f 2930/3260/2922 2954/3285/2946 2955/3286/2947 2931/3261/2923
f 2931/3261/2923 2955/3286/2947 2956/3287/2948 2932/3262/2924
f 2932/3262/2924 2956/3287/2948 2957/3288/2949 2933/3263/2925
f 2933/3263/2925 2957/3288/2949 2958/3289/2950 2934/3264/2926
f 2934/3264/2926 2958/3289/2950 2959/3290/2951 2935/3265/2927
f 2935/3265/2927 2959/3290/2951 2960/3291/2952 2936/3266/2928
f 2936/3266/2928 2960/3291/2952 2937/3292/2929 2913/3267/2905
f 2937/3268/2929 2961/3293/2953 2962/3294/2954 2938/3269/2930
f 2938/3269/2930 2962/3294/2954 2963/3295/2955 2939/3270/2931
f 2939/3270/2931 2963/3295/2955 2964/3296/2956 2940/3271/2932
f 2940/3271/2932 2964/3296/2956 2965/3297/2957 2941/3272/2933
f 2941/3272/2933 2965/3297/2957 2966/3298/2958 2942/3273/2934
f 2942/3273/2934 2966/3298/2958 2967/3299/2959 2943/3274/2935
f 2943/3274/2935 2967/3299/2959 2968/3300/2960 2944/3275/2936
f 2944/3275/2936 2968/3300/2960 2969/3301/2961 2945/3276/2937
f 2945/3276/2937 2969/3301/2961 2970/3302/2962 2946/3277/2938
f 2946/3277/2938 2970/3302/2962 2971/3303/2963 2947/3278/2939
f 2947/3278/2939 2971/3303/2963 2972/3304/2964 2948/3279/2940
f 2948/3279/2940 2972/3304/2964 2973/3305/2965 2949/3280/2941
f 2949/3280/2941 2973/3305/2965 2974/3306/2966 2950/3281/2942
f 2950/3281/2942 2974/3306/2966 2975/3307/2967 2951/3282/2943
f 2951/3282/2943 2975/3307/2967 2976/3308/2968 2952/3283/2944
f 2952/3283/2944 2976/3308/2968 2977/3309/2969 2953/3284/2945
f 2953/3284/2945 2977/3309/2969 2978/3310/2970 2954/3285/2946
f 2954/3285/2946 2978/3310/2970 2979/3311/2971 2955/3286/2947
f 2955/3286/2947 2979/3311/2971 2980/3312/2972 2956/3287/2948
f 2956/3287/2948 2980/3312/2972 2981/3313/2973 2957/3288/2949
f 2957/3288/2949 2981/3313/2973 2982/3314/2974 2958/3289/2950
f 2958/3289/2950 2982/3314/2974 2983/3315/2975 2959/3290/2951
f 2959/3290/2951 2983/3315/2975 2984/3316/2976 2960/3291/2952
f 2960/3291/2952 2984/3316/2976 2961/3317/2953 2937/3292/2929
f 2961/3293/2953 2985/3318/2977 2986/3319/2978 2962/3294/2954
f 2962/3294/2954 2986/3319/2978 2987/3320/2979 2963/3295/2955
f 2963/3295/2955 2987/3320/2979 2988/3321/2980 2964/3296/2956
f 2964/3296/2956 2988/3321/2980 2989/3322/2981 2965/3297/2957
f 2965/3297/2957 2989/3322/2981 2990/3323/2982 2966/3298/2958
f 2966/3298/2958 2990/3323/2982 2991/3324/2983 2967/3299/2959
f 2967/3299/2959 2991/3324/2983 2992/3325/2984 2968/3300/2960
f 2968/3300/2960 2992/3325/2984 2993/3326/2985 2969/3301/2961
f 2969/3301/2961 2993/3326/2985 2994/3327/2986 2970/3302/2962
f 2970/3302/2962 2994/3327/2986 2995/3328/2987 2971/3303/2963
f 2971/3303/2963 2995/3328/2987 2996/3329/2988 2972/3304/2964
f 2972/3304/2964 2996/3329/2988 2997/3330/2989 2973/3305/2965
f 2973/3305/2965 2997/3330/2989 2998/3331/2990 2974/3306/2966
f 2974/3306/2966 2998/3331/2990 2999/3332/2991 2975/3307/2967
f 2975/3307/2967 2999/3332/2991 3000/3333/2992 2976/3308/2968
f 2976/3308/2968 3000/3333/2992 3001/3334/2993 2977/3309/2969
f 2977/3309/2969 3001/3334/2993 3002/3335/2994 2978/3310/2970
f 2978/3310/2970 3002/3335/2994 3003/3336/2995 2979/3311/2971
f 2979/3311/2971 3003/3336/2995 3004/3337/2996 2980/3312/2972
f 2980/3312/2972 3004/3337/2996 3005/3338/2997 2981/3313/2973
f 2981/3313/2973 3005/3338/2997 3006/3339/2998 2982/3314/2974
f 2982/3314/2974 3006/3339/2998 3007/3340/2999 2983/3315/2975
f 2983/3315/2975 3007/3340/2999 3008/3341/3000 2984/3316/2976
f 2984/3316/2976 3008/3341/3000 2985/3342/2977 2961/3317/2953
f 2985/3318/2977 3009/3343/3001 3010/3344/3002 2986/3319/2978
f 2986/3319/2978 3010/3344/3002 3011/3345/3003 2987/3320/2979
f 2987/3320/2979 3011/3345/3003 3012/3346/3004 2988/3321/2980
f 2988/3321/2980 3012/3346/3004 3013/3347/3005 2989/3322/2981
f 2989/3322/2981 3013/3347/3005 3014/3348/3006 2990/3323/2982
f 2990/3323/2982 3014/3348/3006 3015/3349/3007 2991/3324/2983
f 2991/3324/2983 3015/3349/3007 3016/3350/3008 2992/3325/2984
f 2992/3325/2984 3016/3350/3008 3017/3351/3009 2993/3326/2985
f 2993/3326/2985 3017/3351/3009 3018/3352/3010 2994/3327/2986
f 2994/3327/2986 3018/3352/3010 3019/3353/3011 2995/3328/2987
f 2995/3328/2987 3019/3353/3011 3020/3354/3012 2996/3329/2988
f 2996/3329/2988 3020/3354/3012 3021/3355/3013 2997/3330/2989
f 2997/3330/2989 3021/3355/3013 3022/3356/3014 2998/3331/2990
f 2998/3331/2990 3022/3356/3014 3023/3357/3015 2999/3332/2991
f 2999/3332/2991 3023/3357/3015 3024/3358/3016 3000/3333/2992
f 3000/3333/2992 3024/3358/3016 3025/3359/3017 3001/3334/2993
f 3001/3334/2993 3025/3359/3017 3026/3360/3018 3002/3335/2994
f 3002/3335/2994 3026/3360/3018 3027/3361/3019 3003/3336/2995
f 3003/3336/2995 3027/3361/3019 3028/3362/3020 3004/3337/2996
f 3004/3337/2996 3028/3362/3020 3029/3363/3021 3005/3338/2997
f 3005/3338/2997 3029/3363/3021 3030/3364/3022 3006/3339/2998
f 3006/3339/2998 3030/3364/3022 3031/3365/3023 3007/3340/2999
f 3007/3340/2999 3031/3365/3023 3032/3366/3024 3008/3341/3000
f 3008/3341/3000 3032/3366/3024 3009/3367/3001 2985/3342/2977
f 3009/3343/3001 3033/3368/3025 3034/3369/3026 3010/3344/3002
f 3010/3344/3002 3034/3369/3026 3035/3370/3027 3011/3345/3003
f 3011/3345/3003 3035/3370/3027 3036/3371/3028 3012/3346/3004
f 3012/3346/3004 3036/3371/3028 3037/3372/3029 3013/3347/3005
f 3013/3347/3005 3037/3372/3029 3038/3373/3030 3014/3348/3006
f 3014/3348/3006 3038/3373/3030 3039/3374/3031 3015/3349/3007
f 3015/3349/3007 3039/3374/3031 3040/3375/3032 3016/3350/3008
f 3016/3350/3008 3040/3375/3032 3041/3376/3033 3017/3351/3009
f 3017/3351/3009 3041/3376/3033 3042/3377/3034 3018/3352/3010
f 3018/3352/3010 3042/3377/3034 3043/3378/3035 3019/3353/3011
f 3019/3353/3011 3043/3378/3035 3044/3379/3036 3020/3354/3012
f 3020/3354/3012 3044/3379/3036 3045/3380/3037 3021/3355/3013
f 3021/3355/3013 3045/3380/3037 3046/3381/3038 3022/3356/3014
f 3022/3356/3014 3046/3381/3038 3047/3382/3039 3023/3357/3015
f 3023/3357/3015 3047/3382/3039 3048/3383/3040 3024/3358/3016
f 3024/3358/3016 3048/3383/3040 3049/3384/3041 3025/3359/3017
f 3025/3359/3017 3049/3384/3041 3050/3385/3042 3026/3360/3018
f 3026/3360/3018 3050/3385/3042 3051/3386/3043 3027/3361/3019
f 3027/3361/3019 3051/3386/3043 3052/3387/3044 3028/3362/3020
f 3028/3362/3020 3052/3387/3044 3053/3388/3045 3029/3363/3021
f 3029/3363/3021 3053/3388/3045 3054/3389/3046 3030/3364/3022
f 3030/3364/3022 3054/3389/3046 3055/3390/3047 3031/3365/3023
f 3031/3365/3023 3055/3390/3047 3056/3391/3048 3032/3366/3024
f 3032/3366/3024 3056/3391/3048 3033/3392/3025 3009/3367/3001
f 3033/3368/3025 3057/3393/3049 3058/3394/3050 3034/3369/3026
f 3034/3369/3026 3058/3394/3050 3059/3395/3051 3035/3370/3027
f 3035/3370/3027 3059/3395/3051 3060/3396/3052 3036/3371/3028
f 3036/3371/3028 3060/3396/3052 3061/3397/3053 3037/3372/3029
f 3037/3372/3029 3061/3397/3053 3062/3398/3054 3038/3373/3030
f 3038/3373/3030 3062/3398/3054 3063/3399/3055 3039/3374/3031
f 3039/3374/3031 3063/3399/3055 3064/3400/3056 3040/3375/3032
f 3040/3375/3032 3064/3400/3056 3065/3401/3057 3041/3376/3033
f 3041/3376/3033 3065/3401/3057 3066/3402/3058 3042/3377/3034
f 3042/3377/3034 3066/3402/3058 3067/3403/3059 3043/3378/3035
f 3043/3378/3035 3067/3403/3059 3068/3404/3060 3044/3379/3036
f 3044/3379/3036 3068/3404/3060 3069/3405/3061 3045/3380/3037
f 3045/3380/3037 3069/3405/3061 3070/3406/3062 3046/3381/3038
f 3046/3381/3038 3070/3406/3062 3071/3407/3063 3047/3382/3039
f 3047/3382/3039 3071/3407/3063 3072/3408/3064 3048/3383/3040
f 3048/3383/3040 3072/3408/3064 3073/3409/3065 3049/3384/3041
f 3049/3384/3041 3073/3409/3065 3074/3410/3066 3050/3385/3042
f 3050/3385/3042 3074/3410/3066 3075/3411/3067 3051/3386/3043
f 3051/3386/3043 3075/3411/3067 3076/3412/3068 3052/3387/3044
f 3052/3387/3044 3076/3412/3068 3077/3413/3069 3053/3388/3045
f 3053/3388/3045 3077/3413/3069 3078/3414/3070 3054/3389/3046
f 3054/3389/3046 3078/3414/3070 3079/3415/3071 3055/3390/3047
f 3055/3390/3047 3079/3415/3071 3080/3416/3072 3056/3391/3048
f 3056/3391/3048 3080/3416/3072 3057/3417/3049 3033/3392/3025
f 3057/3393/3049 3081/3418/2810 3082/3419/3073 3058/3394/3050
f 3058/3394/3050 3082/3419/3073 3083/3420/3074 3059/3395/3051
f 3059/3395/3051 3083/3420/3074 3084/3421/3075 3060/3396/3052
f 3060/3396/3052 3084/3421/3075 3085/3422/3076 3061/3397/3053
f 3061/3397/3053 3085/3422/3076 3086/3423/3077 3062/3398/3054
f 3062/3398/3054 3086/3423/3077 3087/3424/3078 3063/3399/3055
f 3063/3399/3055 3087/3424/3078 3088/3425/3079 3064/3400/3056
f 3064/3400/3056 3088/3425/3079 3089/3426/3080 3065/3401/3057
f 3065/3401/3057 3089/3426/3080 3090/3427/3081 3066/3402/3058
f 3066/3402/3058 3090/3427/3081 3091/3428/3082 3067/3403/3059
f 3067/3403/3059 3091/3428/3082 3092/3429/3083 3068/3404/3060
f 3068/3404/3060 3092/3429/3083 3093/3430/2785 3069/3405/3061
f 3069/3405/3061 3093/3430/2785 3094/3431/3084 3070/3406/3062
f 3070/3406/3062 3094/3431/3084 3095/3432/3085 3071/3407/3063
f 3071/3407/3063 3095/3432/3085 3096/3433/3086 3072/3408/3064
f 3072/3408/3064 3096/3433/3086 3097/3434/3087 3073/3409/3065
f 3073/3409/3065 3097/3434/3087 3098/3435/3088 3074/3410/3066
f 3074/3410/3066 3098/3435/3088 3099/3436/3089 3075/3411/3067
f 3075/3411/3067 3099/3436/3089 3100/3437/3090 3076/3412/3068
f 3076/3412/3068 3100/3437/3090 3101/3438/3091 3077/3413/3069
f 3077/3413/3069 3101/3438/3091 3102/3439/3092 3078/3414/3070
f 3078/3414/3070 3102/3439/3092 3103/3440/3093 3079/3415/3071
f 3079/3415/3071 3103/3440/3093 3104/3441/3094 3080/3416/3072
f 3080/3416/3072 3104/3441/3094 3081/3442/2810 3057/3417/3049
f 3081/3418/2810 3105/3443/3095 3106/3444/3096 3082/3419/3073
f 3082/3419/3073 3106/3444/3096 3107/3445/3097 3083/3420/3074
f 3083/3420/3074 3107/3445/3097 3108/3446/3098 3084/3421/3075
f 3084/3421/3075 3108/3446/3098 3109/3447/3099 3085/3422/3076
f 3085/3422/3076 3109/3447/3099 3110/3448/3100 3086/3423/3077
f 3086/3423/3077 3110/3448/3100 3111/3449/3101 3087/3424/3078
f 3087/3424/3078 3111/3449/3101 3112/3450/3102 3088/3425/3079
f 3088/3425/3079 3112/3450/3102 3113/3451/3103 3089/3426/3080
f 3089/3426/3080 3113/3451/3103 3114/3452/3104 3090/3427/3081
f 3090/3427/3081 3114/3452/3104 3115/3453/3105 3091/3428/3082
f 3091/3428/3082 3115/3453/3105 3116/3454/3106 3092/3429/3083
f 3092/3429/3083 3116/3454/3106 3117/3455/3107 3093/3430/2785
f 3093/3430/2785 3117/3455/3107 3118/3456/3108 3094/3431/3084
f 3094/3431/3084 3118/3456/3108 3119/3457/3109 3095/3432/3085
f 3095/3432/3085 3119/3457/3109 3120/3458/3110 3096/3433/3086
f 3096/3433/3086 3120/3458/3110 3121/3459/3111 3097/3434/3087
f 3097/3434/3087 3121/3459/3111 3122/3460/3112 3098/3435/3088
f 3098/3435/3088 3122/3460/3112 3123/3461/3113 3099/3436/3089
f 3099/3436/3089 3123/3461/3113 3124/3462/3114 3100/3437/3090
f 3100/3437/3090 3124/3462/3114 3125/3463/3115 3101/3438/3091
f 3101/3438/3091 3125/3463/3115 3126/3464/3116 3102/3439/3092
f 3102/3439/3092 3126/3464/3116 3127/3465/3117 3103/3440/3093
f 3103/3440/3093 3127/3465/3117 3128/3466/3118 3104/3441/3094
f 3104/3441/3094 3128/3466/3118 3105/3467/3095 3081/3442/2810
f 3105/3443/3095 3129/3468/3119 3130/3469/3120 3106/3444/3096
f 3106/3444/3096 3130/3469/3120 3131/3470/3121 3107/3445/3097
f 3107/3445/3097 3131/3470/3121 3132/3471/3122 3108/3446/3098
f 3108/3446/3098 3132/3471/3122 3133/3472/3123 3109/3447/3099
f 3109/3447/3099 3133/3472/3123 3134/3473/3124 3110/3448/3100
f 3110/3448/3100 3134/3473/3124 3135/3474/3125 3111/3449/3101
f 3111/3449/3101 3135/3474/3125 3136/3475/3126 3112/3450/3102
f 3112/3450/3102 3136/3475/3126 3137/3476/3127 3113/3451/3103
f 3113/3451/3103 3137/3476/3127 3138/3477/3128 3114/3452/3104
f 3114/3452/3104 3138/3477/3128 3139/3478/3129 3115/3453/3105
f 3115/3453/3105 3139/3478/3129 3140/3479/3130 3116/3454/3106
f 3116/3454/3106 3140/3479/3130 3141/3480/3131 3117/3455/3107
f 3117/3455/3107 3141/3480/3131 3142/3481/3132 3118/3456/3108
f 3118/3456/3108 3142/3481/3132 3143/3482/3133 3119/3457/3109
f 3119/3457/3109 3143/3482/3133 3144/3483/3134 3120/3458/3110
f 3120/3458/3110 3144/3483/3134 3145/3484/3135 3121/3459/3111
f 3121/3459/3111 3145/3484/3135 3146/3485/3136 3122/3460/3112
f 3122/3460/3112 3146/3485/3136 3147/3486/3137 3123/3461/3113
f 3123/3461/3113 3147/3486/3137 3148/3487/3138 3124/3462/3114
f 3124/3462/3114 3148/3487/3138 3149/3488/3139 3125/3463/3115
f 3125/3463/3115 3149/3488/3139 3150/3489/3140 3126/3464/3116
f 3126/3464/3116 3150/3489/3140 3151/3490/3141 3127/3465/3117
f 3127/3465/3117 3151/3490/3141 3152/3491/3142 3128/3466/3118
f 3128/3466/3118 3152/3491/3142 3129/3492/3119 3105/3467/3095
f 3129/3468/3119 3153/3493/2869 3154/3494/3143 3130/3469/3120
f 3130/3469/3120 3154/3494/3143 3155/3495/3144 3131/3470/3121
f 3131/3470/3121 3155/3495/3144 3156/3496/3145 3132/3471/3122
f 3132/3471/3122 3156/3496/3145 3157/3497/3146 3133/3472/3123
f 3133/3472/3123 3157/3497/3146 3158/3498/3147 3134/3473/3124
f 3134/3473/3124 3158/3498/3147 3159/3499/3148 3135/3474/3125
f 3135/3474/3125 3159/3499/3148 3160/3500/3149 3136/3475/3126
f 3136/3475/3126 3160/3500/3149 3161/3501/3150 3137/3476/3127
f 3137/3476/3127 3161/3501/3150 3162/3502/3151 3138/3477/3128
f 3138/3477/3128 3162/3502/3151 3163/3503/3152 3139/3478/3129
f 3139/3478/3129 3163/3503/3152 3164/3504/3153 3140/3479/3130
f 3140/3479/3130 3164/3504/3153 3165/3505/2857 3141/3480/3131
f 3141/3480/3131 3165/3505/2857 3166/3506/3154 3142/3481/3132
f 3142/3481/3132 3166/3506/3154 3167/3507/3155 3143/3482/3133
f 3143/3482/3133 3167/3507/3155 3168/3508/3156 3144/3483/3134
f 3144/3483/3134 3168/3508/3156 3169/3509/3157 3145/3484/3135
f 3145/3484/3135 3169/3509/3157 3170/3510/3158 3146/3485/3136
f 3146/3485/3136 3170/3510/3158 3171/3511/3159 3147/3486/3137
f 3147/3486/3137 3171/3511/3159 3172/3512/3160 3148/3487/3138
f 3148/3487/3138 3172/3512/3160 3173/3513/3161 3149/3488/3139
f 3149/3488/3139 3173/3513/3161 3174/3514/3162 3150/3489/3140
f 3150/3489/3140 3174/3514/3162 3175/3515/3163 3151/3490/3141
f 3151/3490/3141 3175/3515/3163 3176/3516/3164 3152/3491/3142
f 3152/3491/3142 3176/3516/3164 3153/3517/2869 3129/3492/3119
f 3153/3493/2869 3177/3518/3165 3178/3519/3166 3154/3494/3143
f 3154/3494/3143 3178/3519/3166 3179/3520/3167 3155/3495/3144
f 3155/3495/3144 3179/3520/3167 3180/3521/3168 3156/3496/3145
f 3156/3496/3145 3180/3521/3168 3181/3522/3169 3157/3497/3146
f 3157/3497/3146 3181/3522/3169 3182/3523/3170 3158/3498/3147
f 3158/3498/3147 3182/3523/3170 3183/3524/3171 3159/3499/3148
f 3159/3499/3148 3183/3524/3171 3184/3525/3172 3160/3500/3149
f 3160/3500/3149 3184/3525/3172 3185/3526/3173 3161/3501/3150
f 3161/3501/3150 3185/3526/3173 3186/3527/3174 3162/3502/3151
f 3162/3502/3151 3186/3527/3174 3187/3528/3175 3163/3503/3152
f 3163/3503/3152 3187/3528/3175 3188/3529/3176 3164/3504/3153
f 3164/3504/3153 3188/3529/3176 3189/3530/3177 3165/3505/2857
f 3165/3505/2857 3189/3530/3177 3190/3531/3178 3166/3506/3154
f 3166/3506/3154 3190/3531/3178 3191/3532/3179 3167/3507/3155
f 3167/3507/3155 3191/3532/3179 3192/3533/3180 3168/3508/3156
f 3168/3508/3156 3192/3533/3180 3193/3534/3181 3169/3509/3157
f 3169/3509/3157 3193/3534/3181 3194/3535/3182 3170/3510/3158
f 3170/3510/3158 3194/3535/3182 3195/3536/3183 3171/3511/3159
f 3171/3511/3159 3195/3536/3183 3196/3537/3184 3172/3512/3160
f 3172/3512/3160 3196/3537/3184 3197/3538/3185 3173/3513/3161
f 3173/3513/3161 3197/3538/3185 3198/3539/3186 3174/3514/3162
f 3174/3514/3162 3198/3539/3186 3199/3540/3187 3175/3515/3163
f 3175/3515/3163 3199/3540/3187 3200/3541/3188 3176/3516/3164
f 3176/3516/3164 3200/3541/3188 3177/3542/3165 3153/3517/2869
f 3177/3518/3165 3201/3543/3189 3202/3544/3190 3178/3519/3166
f 3178/3519/3166 3202/3544/3190 3203/3545/3191 3179/3520/3167
f 3179/3520/3167 3203/3545/3191 3204/3546/3192 3180/3521/3168
f 3180/3521/3168 3204/3546/3192 3205/3547/3193 3181/3522/3169
f 3181/3522/3169 3205/3547/3193 3206/3548/3194 3182/3523/3170
f 3182/3523/3170 3206/3548/3194 3207/3549/3195 3183/3524/3171
f 3183/3524/3171 3207/3549/3195 3208/3550/3196 3184/3525/3172
f 3184/3525/3172 3208/3550/3196 3209/3551/3197 3185/3526/3173
f 3185/3526/3173 3209/3551/3197 3210/3552/3198 3186/3527/3174
f 3186/3527/3174 3210/3552/3198 3211/3553/3199 3187/3528/3175
f 3187/3528/3175 3211/3553/3199 3212/3554/3200 3188/3529/3176
f 3188/3529/3176 3212/3554/3200 3213/3555/3201 3189/3530/3177
f 3189/3530/3177 3213/3555/3201 3214/3556/3202 3190/3531/3178
f 3190/3531/3178 3214/3556/3202 3215/3557/3203 3191/3532/3179
f 3191/3532/3179 3215/3557/3203 3216/3558/3204 3192/3533/3180
f 3192/3533/3180 3216/3558/3204 3217/3559/3205 3193/3534/3181
f 3193/3534/3181 3217/3559/3205 3218/3560/3206 3194/3535/3182
f 3194/3535/3182 3218/3560/3206 3219/3561/3207 3195/3536/3183
f 3195/3536/3183 3219/3561/3207 3220/3562/3208 3196/3537/3184
f 3196/3537/3184 3220/3562/3208 3221/3563/3209 3197/3538/3185
f 3197/3538/3185 3221/3563/3209 3222/3564/3210 3198/3539/3186
f 3198/3539/3186 3222/3564/3210 3223/3565/3211 3199/3540/3187
f 3199/3540/3187 3223/3565/3211 3224/3566/3212 3200/3541/3188
f 3200/3541/3188 3224/3566/3212 3201/3567/3189 3177/3542/3165
f 3201/3543/3189 3225/3568/2941 3226/3569/3213 3202/3544/3190
f 3202/3544/3190 3226/3569/3213 3227/3570/3214 3203/3545/3191
f 3203/3545/3191 3227/3570/3214 3228/3571/3215 3204/3546/3192
f 3204/3546/3192 3228/3571/3215 3229/3572/3216 3205/3547/3193
f 3205/3547/3193 3229/3572/3216 3230/3573/3217 3206/3548/3194
f 3206/3548/3194 3230/3573/3217 3231/3574/3218 3207/3549/3195
f 3207/3549/3195 3231/3574/3218 3232/3575/3219 3208/3550/3196
f 3208/3550/3196 3232/3575/3219 3233/3576/3220 3209/3551/3197
f 3209/3551/3197 3233/3576/3220 3234/3577/3221 3210/3552/3198
f 3210/3552/3198 3234/3577/3221 3235/3578/3222 3211/3553/3199
f 3211/3553/3199 3235/3578/3222 3236/3579/3223 3212/3554/3200
f 3212/3554/3200 3236/3579/3223 3237/3580/2929 3213/3555/3201
f 3213/3555/3201 3237/3580/2929 3238/3581/3224 3214/3556/3202
f 3214/3556/3202 3238/3581/3224 3239/3582/3225 3215/3557/3203
f 3215/3557/3203 3239/3582/3225 3240/3583/3226 3216/3558/3204
f 3216/3558/3204 3240/3583/3226 3241/3584/3227 3217/3559/3205
f 3217/3559/3205 3241/3584/3227 3242/3585/3228 3218/3560/3206
f 3218/3560/3206 3242/3585/3228 3243/3586/3229 3219/3561/3207
f 3219/3561/3207 3243/3586/3229 3244/3587/3230 3220/3562/3208
f 3220/3562/3208 3244/3587/3230 3245/3588/3231 3221/3563/3209
f 3221/3563/3209 3245/3588/3231 3246/3589/3232 3222/3564/3210
f 3222/3564/3210 3246/3589/3232 3247/3590/3233 3223/3565/3211
f 3223/3565/3211 3247/3590/3233 3248/3591/3234 3224/3566/3212
f 3224/3566/3212 3248/3591/3234 3225/3592/2941 3201/3567/3189
f 3225/3568/2941 3249/3593/3235 3250/3594/3236 3226/3569/3213
f 3226/3569/3213 3250/3594/3236 3251/3595/3237 3227/3570/3214
f 3227/3570/3214 3251/3595/3237 3252/3596/3238 3228/3571/3215
f 3228/3571/3215 3252/3596/3238 3253/3597/3239 3229/3572/3216
f 3229/3572/3216 3253/3597/3239 3254/3598/3240 3230/3573/3217
f 3230/3573/3217 3254/3598/3240 3255/3599/3241 3231/3574/3218
f 3231/3574/3218 3255/3599/3241 3256/3600/3242 3232/3575/3219
f 3232/3575/3219 3256/3600/3242 3257/3601/3243 3233/3576/3220
f 3233/3576/3220 3257/3601/3243 3258/3602/3244 3234/3577/3221
f 3234/3577/3221 3258/3602/3244 3259/3603/3245 3235/3578/3222
f 3235/3578/3222 3259/3603/3245 3260/3604/3246 3236/3579/3223
f 3236/3579/3223 3260/3604/3246 3261/3605/3247 3237/3580/2929
f 3237/3580/2929 3261/3605/3247 3262/3606/3248 3238/3581/3224
f 3238/3581/3224 3262/3606/3248 3263/3607/3249 3239/3582/3225
f 3239/3582/3225 3263/3607/3249 3264/3608/3250 3240/3583/3226
f 3240/3583/3226 3264/3608/3250 3265/3609/3251 3241/3584/3227
f 3241/3584/3227 3265/3609/3251 3266/3610/3252 3242/3585/3228
f 3242/3585/3228 3266/3610/3252 3267/3611/3253 3243/3586/3229
f 3243/3586/3229 3267/3611/3253 3268/3612/3254 3244/3587/3230
f 3244/3587/3230 3268/3612/3254 3269/3613/3255 3245/3588/3231
f 3245/3588/3231 3269/3613/3255 3270/3614/3256 3246/3589/3232
f 3246/3589/3232 3270/3614/3256 3271/3615/3257 3247/3590/3233
f 3247/3590/3233 3271/3615/3257 3272/3616/3258 3248/3591/3234
f 3248/3591/3234 3272/3616/3258 3249/3617/3235 3225/3592/2941
f 3249/3593/3235 3273/3618/3259 3274/3619/3260 3250/3594/3236
f 3250/3594/3236 3274/3619/3260 3275/3620/3261 3251/3595/3237
f 3251/3595/3237 3275/3620/3261 3276/3621/3262 3252/3596/3238
f 3252/3596/3238 3276/3621/3262 3277/3622/3263 3253/3597/3239
f 3253/3597/3239 3277/3622/3263 3278/3623/3264 3254/3598/3240
f 3254/3598/3240 3278/3623/3264 3279/3624/3265 3255/3599/3241
f 3255/3599/3241 3279/3624/3265 3280/3625/3266 3256/3600/3242
f 3256/3600/3242 3280/3625/3266 3281/3626/3267 3257/3601/3243
f 3257/3601/3243 3281/3626/3267 3282/3627/3268 3258/3602/3244
f 3258/3602/3244 3282/3627/3268 3283/3628/3269 3259/3603/3245
f 3259/3603/3245 3283/3628/3269 3284/3629/3270 3260/3604/3246
f 3260/3604/3246 3284/3629/3270 3285/3630/3271 3261/3605/3247
f 3261/3605/3247 3285/3630/3271 3286/3631/3272 3262/3606/3248
f 3262/3606/3248 3286/3631/3272 3287/3632/3273 3263/3607/3249
f 3263/3607/3249 3287/3632/3273 3288/3633/3274 3264/3608/3250
f 3264/3608/3250 3288/3633/3274 3289/3634/3275 3265/3609/3251
f 3265/3609/3251 3289/3634/3275 3290/3635/3276 3266/3610/3252
f 3266/3610/3252 3290/3635/3276 3291/3636/3277 3267/3611/3253
f 3267/3611/3253 3291/3636/3277 3292/3637/3278 3268/3612/3254
f 3268/3612/3254 3292/3637/3278 3293/3638/3279 3269/3613/3255
f 3269/3613/3255 3293/3638/3279 3294/3639/3280 3270/3614/3256
f 3270/3614/3256 3294/3639/3280 3295/3640/3281 3271/3615/3257
f 3271/3615/3257 3295/3640/3281 3296/3641/3282 3272/3616/3258
f 3272/3616/3258 3296/3641/3282 3273/3642/3259 3249/3617/3235
f 3273/3618/3259 3297/3643/3013 3298/3644/3283 3274/3619/3260
f 3274/3619/3260 3298/3644/3283 3299/3645/3284 3275/3620/3261
f 3275/3620/3261 3299/3645/3284 3300/3646/3285 3276/3621/3262
f 3276/3621/3262 3300/3646/3285 3301/3647/3286 3277/3622/3263
f 3277/3622/3263 3301/3647/3286 3302/3648/3287 3278/3623/3264
f 3278/3623/3264 3302/3648/3287 3303/3649/3288 3279/3624/3265
f 3279/3624/3265 3303/3649/3288 3304/3650/3289 3280/3625/3266
f 3280/3625/3266 3304/3650/3289 3305/3651/3290 3281/3626/3267
f 3281/3626/3267 3305/3651/3290 3306/3652/3291 3282/3627/3268
f 3282/3627/3268 3306/3652/3291 3307/3653/3292 3283/3628/3269
f 3283/3628/3269 3307/3653/3292 3308/3654/3293 3284/3629/3270
f 3284/3629/3270 3308/3654/3293 3309/3655/3001 3285/3630/3271
f 3285/3630/3271 3309/3655/3001 3310/3656/3294 3286/3631/3272
f 3286/3631/3272 3310/3656/3294 3311/3657/3295 3287/3632/3273
f 3287/3632/3273 3311/3657/3295 3312/3658/3296 3288/3633/3274
f 3288/3633/3274 3312/3658/3296 3313/3659/3297 3289/3634/3275
f 3289/3634/3275 3313/3659/3297 3314/3660/3298 3290/3635/3276
f 3290/3635/3276 3314/3660/3298 3315/3661/3299 3291/3636/3277
f 3291/3636/3277 3315/3661/3299 3316/3662/3300 3292/3637/3278
f 3292/3637/3278 3316/3662/3300 3317/3663/3301 3293/3638/3279
f 3293/3638/3279 3317/3663/3301 3318/3664/3302 3294/3639/3280
f 3294/3639/3280 3318/3664/3302 3319/3665/3303 3295/3640/3281
f 3295/3640/3281 3319/3665/3303 3320/3666/3304 3296/3641/3282
f 3296/3641/3282 3320/3666/3304 3297/3667/3013 3273/3642/3259
f 3297/3643/3013 3321/3668/3305 3322/3669/3306 3298/3644/3283
f 3298/3644/3283 3322/3669/3306 3323/3670/3307 3299/3645/3284
f 3299/3645/3284 3323/3670/3307 3324/3671/3308 3300/3646/3285
f 3300/3646/3285 3324/3671/3308 3325/3672/3309 3301/3647/3286
f 3301/3647/3286 3325/3672/3309 3326/3673/3310 3302/3648/3287
f 3302/3648/3287 3326/3673/3310 3327/3674/3311 3303/3649/3288
f 3303/3649/3288 3327/3674/3311 3328/3675/3312 3304/3650/3289
f 3304/3650/3289 3328/3675/3312 3329/3676/3313 3305/3651/3290
f 3305/3651/3290 3329/3676/3313 3330/3677/3314 3306/3652/3291
f 3306/3652/3291 3330/3677/3314 3331/3678/3315 3307/3653/3292
f 3307/3653/3292 3331/3678/3315 3332/3679/3316 3308/3654/3293
f 3308/3654/3293 3332/3679/3316 3333/3680/3317 3309/3655/3001
f 3309/3655/3001 3333/3680/3317 3334/3681/3318 3310/3656/3294
f 3310/3656/3294 3334/3681/3318 3335/3682/3319 3311/3657/3295
f 3311/3657/3295 3335/3682/3319 3336/3683/3320 3312/3658/3296
f 3312/3658/3296 3336/3683/3320 3337/3684/3321 3313/3659/3297
f 3313/3659/3297 3337/3684/3321 3338/3685/3322 3314/3660/3298
f 3314/3660/3298 3338/3685/3322 3339/3686/3323 3315/3661/3299
f 3315/3661/3299 3339/3686/3323 3340/3687/3324 3316/3662/3300
f 3316/3662/3300 3340/3687/3324 3341/3688/3325 3317/3663/3301
f 3317/3663/3301 3341/3688/3325 3342/3689/3326 3318/3664/3302
f 3318/3664/3302 3342/3689/3326 3343/3690/3327 3319/3665/3303
f 3319/3665/3303 3343/3690/3327 3344/3691/3328 3320/3666/3304
f 3320/3666/3304 3344/3691/3328 3321/3692/3305 3297/3667/3013
f 3321/3668/3305 3345/3693/3329 3346/3694/3330 3322/3669/3306
f 3322/3669/3306 3346/3694/3330 3347/3695/3331 3323/3670/3307
f 3323/3670/3307 3347/3695/3331 3348/3696/3332 3324/3671/3308
f 3324/3671/3308 3348/3696/3332 3349/3697/3333 3325/3672/3309
f 3325/3672/3309 3349/3697/3333 3350/3698/3334 3326/3673/3310
f 3326/3673/3310 3350/3698/3334 3351/3699/3335 3327/3674/3311
f 3327/3674/3311 3351/3699/3335 3352/3700/3336 3328/3675/3312
f 3328/3675/3312 3352/3700/3336 3353/3701/3337 3329/3676/3313
f 3329/3676/3313 3353/3701/3337 3354/3702/3338 3330/3677/3314
f 3330/3677/3314 3354/3702/3338 3355/3703/3339 3331/3678/3315
f 3331/3678/3315 3355/3703/3339 3356/3704/3340 3332/3679/3316
f 3332/3679/3316 3356/3704/3340 3357/3705/3341 3333/3680/3317
f 3333/3680/3317 3357/3705/3341 3358/3706/3342 3334/3681/3318
f 3334/3681/3318 3358/3706/3342 3359/3707/3343 3335/3682/3319
f 3335/3682/3319 3359/3707/3343 3360/3708/3344 3336/3683/3320
f 3336/3683/3320 3360/3708/3344 3361/3709/3345 3337/3684/3321
f 3337/3684/3321 3361/3709/3345 3362/3710/3346 3338/3685/3322
f 3338/3685/3322 3362/3710/3346 3363/3711/3347 3339/3686/3323
f 3339/3686/3323 3363/3711/3347 3364/3712/3348 3340/3687/3324
f 3340/3687/3324 3364/3712/3348 3365/3713/3349 3341/3688/3325
f 3341/3688/3325 3365/3713/3349 3366/3714/3350 3342/3689/3326
f 3342/3689/3326 3366/3714/3350 3367/3715/3351 3343/3690/3327
f 3343/3690/3327 3367/3715/3351 3368/3716/3352 3344/3691/3328
f 3344/3691/3328 3368/3716/3352 3345/3717/3329 3321/3692/3305
f 3345/3693/3329 2793/3718/2785 2794/3719/2788 3346/3694/3330
f 3346/3694/3330 2794/3719/2788 2795/3720/2790 3347/3695/3331
f 3347/3695/3331 2795/3720/2790 2796/3721/2792 3348/3696/3332
f 3348/3696/3332 2796/3721/2792 2797/3722/2794 3349/3697/3333
f 3349/3697/3333 2797/3722/2794 2798/3723/2796 3350/3698/3334
f 3350/3698/3334 2798/3723/2796 2799/3724/2798 3351/3699/3335
f 3351/3699/3335 2799/3724/2798 2800/3725/2800 3352/3700/3336
f 3352/3700/3336 2800/3725/2800 2801/3726/2802 3353/3701/3337
f 3353/3701/3337 2801/3726/2802 2802/3727/2804 3354/3702/3338
f 3354/3702/3338 2802/3727/2804 2803/3728/2806 3355/3703/3339
f 3355/3703/3339 2803/3728/2806 2804/3729/2808 3356/3704/3340
f 3356/3704/3340 2804/3729/2808 2805/3730/2810 3357/3705/3341
f 3357/3705/3341 2805/3730/2810 2806/3731/2812 3358/3706/3342
f 3358/3706/3342 2806/3731/2812 2807/3732/2814 3359/3707/3343
f 3359/3707/3343 2807/3732/2814 2808/3733/2816 3360/3708/3344
f 3360/3708/3344 2808/3733/2816 2809/3734/2818 3361/3709/3345
f 3361/3709/3345 2809/3734/2818 2810/3735/2820 3362/3710/3346
f 3362/3710/3346 2810/3735/2820 2811/3736/2822 3363/3711/3347
f 3363/3711/3347 2811/3736/2822 2812/3737/2824 3364/3712/3348
f 3364/3712/3348 2812/3737/2824 2813/3738/2826 3365/3713/3349
f 3365/3713/3349 2813/3738/2826 2814/3739/2828 3366/3714/3350
f 3366/3714/3350 2814/3739/2828 2815/3740/2830 3367/3715/3351
f 3367/3715/3351 2815/3740/2830 2816/3741/2832 3368/3716/3352
f 3368/3716/3352 2816/3741/2832 2793/3742/2785 3345/3717/3329
o Sphere5
v 1.011400 0.225207 -0.000000
v 1.040812 0.223270 -0.000000
v 1.069684 0.217550 -0.000000
v 1.097564 0.208046 -0.000000
v 1.124003 0.195029 -0.000000
v 1.148506 0.178679 -0.000000
v 1.170666 0.159266 -0.000000
v 1.190079 0.137106 -0.000000
v 1.206429 0.112603 -0.000000
v 1.219446 0.086164 -0.000000
v 1.228950 0.058284 -0.000000
v 1.234670 0.029412 -0.000000
v 1.236607 0.000000 0.000000
v 1.234670 -0.029412 0.000000
v 1.228950 -0.058284 0.000000
v 1.219446 -0.086164 0.000000
v 1.206429 -0.112603 0.000000
v 1.190079 -0.137106 0.000000
v 1.170666 -0.159266 0.000000
v 1.148506 -0.178679 0.000000
v 1.124003 -0.195029 0.000000
v 1.097564 -0.208046 0.000000
v 1.069684 -0.217550 0.000000
v 1.040812 -0.223270 0.000000
v 1.011400 -0.225207 0.000000
v 1.039776 0.223270 0.007612
v 1.067702 0.217550 0.015089
v 1.094636 0.208046 0.022295
v 1.120175 0.195029 0.029142
v 1.143822 0.178679 0.035493
v 1.165216 0.159266 0.041213
v 1.183999 0.137106 0.046257
v 1.199808 0.112603 0.050491
v 1.212375 0.086164 0.053869
v 1.221518 0.058284 0.056302
v 1.227058 0.029412 0.057788
v 1.228950 0.000000 0.058284
v 1.227058 -0.029412 0.057788
v 1.221518 -0.058284 0.056302
v 1.212375 -0.086164 0.053869
v 1.199808 -0.112603 0.050491
v 1.183999 -0.137106 0.046257
v 1.165216 -0.159266 0.041213
v 1.143822 -0.178679 0.035493
v 1.120175 -0.195029 0.029142
v 1.094636 -0.208046 0.022295
v 1.067702 -0.217550 0.015089
v 1.039776 -0.223270 0.007612
v 1.036848 0.223270 0.014683
v 1.061891 0.217550 0.029142
v 1.086034 0.208046 0.043105
v 1.108915 0.195029 0.056302
v 1.130129 0.178679 0.068553
v 1.149317 0.159266 0.079633
v 1.166117 0.137106 0.089317
v 1.180305 0.112603 0.097515
v 1.191611 0.086164 0.104046
v 1.199808 0.058284 0.108775
v 1.204763 0.029412 0.111658
v 1.206429 0.000000 0.112603
v 1.204763 -0.029412 0.111658
v 1.199808 -0.058284 0.108775
v 1.191611 -0.086164 0.104046
v 1.180305 -0.112603 0.097515
v 1.166117 -0.137106 0.089317
v 1.149317 -0.159266 0.079633
v 1.130129 -0.178679 0.068553
v 1.108915 -0.195029 0.056302
v 1.086034 -0.208046 0.043105
v 1.061891 -0.217550 0.029142
v 1.036848 -0.223270 0.014683
v 1.032164 0.223270 0.020764
v 1.052613 0.217550 0.041213
v 1.072341 0.208046 0.060941
v 1.091033 0.195029 0.079633
v 1.108329 0.178679 0.096929
v 1.124003 0.159266 0.112603
v 1.137741 0.137106 0.126341
v 1.149317 0.112603 0.137917
v 1.158505 0.086164 0.147105
v 1.165216 0.058284 0.153816
v 1.169270 0.029412 0.157870
v 1.170666 0.000000 0.159266
v 1.169270 -0.029412 0.157870
v 1.165216 -0.058284 0.153816
v 1.158505 -0.086164 0.147105
v 1.149317 -0.112603 0.137917
v 1.137741 -0.137106 0.126341
v 1.124003 -0.159266 0.112603
v 1.108329 -0.178679 0.096929
v 1.091033 -0.195029 0.079633
v 1.072341 -0.208046 0.060941
v 1.052613 -0.217550 0.041213
v 1.032164 -0.223270 0.020764
v 1.026083 0.223270 0.025448
v 1.040542 0.217550 0.050491
v 1.054505 0.208046 0.074634
v 1.067702 0.195029 0.097515
v 1.079953 0.178679 0.118729
v 1.091033 0.159266 0.137917
v 1.100717 0.137106 0.154717
v 1.108915 0.112603 0.168905
v 1.115446 0.086164 0.180211
v 1.120175 0.058284 0.188408
v 1.123058 0.029412 0.193363
v 1.124003 0.000000 0.195029
v 1.123058 -0.029412 0.193363
v 1.120175 -0.058284 0.188408
v 1.115446 -0.086164 0.180211
v 1.108915 -0.112603 0.168905
v 1.100717 -0.137106 0.154717
v 1.091033 -0.159266 0.137917
v 1.079953 -0.178679 0.118729
v 1.067702 -0.195029 0.097515
v 1.054505 -0.208046 0.074634
v 1.040542 -0.217550 0.050491
v 1.026083 -0.223270 0.025448
v 1.019012 0.223270 0.028376
v 1.026489 0.217550 0.056302
v 1.033695 0.208046 0.083236
v 1.040542 0.195029 0.108775
v 1.046893 0.178679 0.132422
v 1.052613 0.159266 0.153816
v 1.057657 0.137106 0.172599
v 1.061891 0.112603 0.188408
v 1.065269 0.086164 0.200975
v 1.067702 0.058284 0.210118
v 1.069188 0.029412 0.215658
v 1.069684 0.000000 0.217550
v 1.069188 -0.029412 0.215658
v 1.067702 -0.058284 0.210118
v 1.065269 -0.086164 0.200975
v 1.061891 -0.112603 0.188408
v 1.057657 -0.137106 0.172599
v 1.052613 -0.159266 0.153816
v 1.046893 -0.178679 0.132422
v 1.040542 -0.195029 0.108775
v 1.033695 -0.208046 0.083236
v 1.026489 -0.217550 0.056302
v 1.019012 -0.223270 0.028376
v 1.011400 0.223270 0.029412
v 1.011400 0.217550 0.058284
v 1.011400 0.208046 0.086164
v 1.011400 0.195029 0.112603
v 1.011400 0.178679 0.137106
v 1.011400 0.159266 0.159266
v 1.011400 0.137106 0.178679
v 1.011400 0.112603 0.195029
v 1.011400 0.086164 0.208046
v 1.011400 0.058284 0.217550
v 1.011400 0.029412 0.223270
v 1.011400 0.000000 0.225207
v 1.011400 -0.029412 0.223270
v 1.011400 -0.058284 0.217550
v 1.011400 -0.086164 0.208046
v 1.011400 -0.112603 0.195029
v 1.011400 -0.137106 0.178679
v 1.011400 -0.159266 0.159266
v 1.011400 -0.178679 0.137106
v 1.011400 -0.195029 0.112603
v 1.011400 -0.208046 0.086164
v 1.011400 -0.217550 0.058284
v 1.011400 -0.223270 0.029412
v 1.003788 0.223270 0.028376
v 0.996311 0.217550 0.056302
v 0.989105 0.208046 0.083236
v 0.982258 0.195029 0.108775
v 0.975907 0.178679 0.132422
v 0.970187 0.159266 0.153816
v 0.965142 0.137106 0.172599
v 0.960909 0.112603 0.188408
v 0.957530 0.086164 0.200975
v 0.955098 0.058284 0.210118
v 0.953612 0.029412 0.215658
v 0.953116 0.000000 0.217550
v 0.953612 -0.029412 0.215658
v 0.955098 -0.058284 0.210118
v 0.957530 -0.086164 0.200975
v 0.960909 -0.112603 0.188408
v 0.965142 -0.137106 0.172599
v 0.970187 -0.159266 0.153816
v 0.975907 -0.178679 0.132422
v 0.982258 -0.195029 0.108775
v 0.989105 -0.208046 0.083236
v 0.996311 -0.217550 0.056302
v 1.003788 -0.223270 0.028376
v 0.996716 0.223270 0.025448
v 0.982258 0.217550 0.050491
v 0.968295 0.208046 0.074634
v 0.955098 0.195029 0.097515
v 0.942847 0.178679 0.118729
v 0.931767 0.159266 0.137917
v 0.922083 0.137106 0.154717
v 0.913885 0.112603 0.168905
v 0.907354 0.086164 0.180211
v 0.902625 0.058284 0.188408
v 0.899742 0.029412 0.193363
v 0.898797 0.000000 0.195029
v 0.899742 -0.029412 0.193363
v 0.902625 -0.058284 0.188408
v 0.907354 -0.086164 0.180211
v 0.913885 -0.112603 0.168905
v 0.922083 -0.137106 0.154717
v 0.931767 -0.159266 0.137917
v 0.942847 -0.178679 0.118729
v 0.955098 -0.195029 0.097515
v 0.968295 -0.208046 0.074634
v 0.982258 -0.217550 0.050491
v 0.996716 -0.223270 0.025448
v 0.990636 0.223270 0.020764
v 0.970187 0.217550 0.041213
v 0.950459 0.208046 0.060941
v 0.931767 0.195029 0.079633
v 0.914471 0.178679 0.096929
v 0.898797 0.159266 0.112603
v 0.885059 0.137106 0.126341
v 0.873483 0.112603 0.137917
v 0.864295 0.086164 0.147105
v 0.857584 0.058284 0.153816
v 0.853530 0.029412 0.157870
v 0.852134 0.000000 0.159266
v 0.853530 -0.029412 0.157870
v 0.857584 -0.058284 0.153816
v 0.864295 -0.086164 0.147105
v 0.873483 -0.112603 0.137917
v 0.885059 -0.137106 0.126341
v 0.898797 -0.159266 0.112603
v 0.914471 -0.178679 0.096929
v 0.931767 -0.195029 0.079633
v 0.950459 -0.208046 0.060941
v 0.970187 -0.217550 0.041213
v 0.990636 -0.223270 0.020764
v 0.985952 0.223270 0.014683
v 0.960909 0.217550 0.029142
v 0.936766 0.208046 0.043105
v 0.913885 0.195029 0.056302
v 0.892671 0.178679 0.068553
v 0.873483 0.159266 0.079633
v 0.856683 0.137106 0.089317
v 0.842495 0.112603 0.097515
v 0.831189 0.086164 0.104046
v 0.822992 0.058284 0.108775
v 0.818037 0.029412 0.111658
v 0.816371 0.000000 0.112603
v 0.818037 -0.029412 0.111658
v 0.822992 -0.058284 0.108775
v 0.831189 -0.086164 0.104046
v 0.842495 -0.112603 0.097515
v 0.856683 -0.137106 0.089317
v 0.873483 -0.159266 0.079633
v 0.892671 -0.178679 0.068553
v 0.913885 -0.195029 0.056302
v 0.936766 -0.208046 0.043105
v 0.960909 -0.217550 0.029142
v 0.985952 -0.223270 0.014683
v 0.983024 0.223270 0.007612
v 0.955098 0.217550 0.015089
v 0.928164 0.208046 0.022295
v 0.902625 0.195029 0.029142
v 0.878978 0.178679 0.035493
v 0.857584 0.159266 0.041213
v 0.838801 0.137106 0.046257
v 0.822992 0.112603 0.050491
v 0.810425 0.086164 0.053869
v 0.801282 0.058284 0.056302
v 0.795742 0.029412 0.057788
v 0.793850 0.000000 0.058284
v 0.795742 -0.029412 0.057788
v 0.801282 -0.058284 0.056302
v 0.810425 -0.086164 0.053869
v 0.822992 -0.112603 0.050491
v 0.838801 -0.137106 0.046257
v 0.857584 -0.159266 0.041213
v 0.878978 -0.178679 0.035493
v 0.902625 -0.195029 0.029142
v 0.928164 -0.208046 0.022295
v 0.955098 -0.217550 0.015089
v 0.983024 -0.223270 0.007612
v 0.981988 0.223270 -0.000000
v 0.953116 0.217550 -0.000000
v 0.925236 0.208046 -0.000000
v 0.898797 0.195029 -0.000000
v 0.874294 0.178679 -0.000000
v 0.852134 0.159266 -0.000000
v 0.832721 0.137106 -0.000000
v 0.816371 0.112603 -0.000000
v 0.803354 0.086164 -0.000000
v 0.793850 0.058284 -0.000000
v 0.788130 0.029412 -0.000000
v 0.786193 0.000000 0.000000
v 0.788130 -0.029412 0.000000
v 0.793850 -0.058284 0.000000
v 0.803354 -0.086164 0.000000
v 0.816371 -0.112603 0.000000
v 0.832721 -0.137106 0.000000
v 0.852134 -0.159266 0.000000
v 0.874294 -0.178679 0.000000
v 0.898797 -0.195029 0.000000
v 0.925236 -0.208046 0.000000
v 0.953116 -0.217550 0.000000
v 0.981988 -0.223270 0.000000
v 0.983024 0.223270 -0.007612
v 0.955098 0.217550 -0.015089
v 0.928164 0.208046 -0.022295
v 0.902625 0.195029 -0.029142
v 0.878978 0.178679 -0.035493
v 0.857584 0.159266 -0.041213
v 0.838801 0.137106 -0.046257
v 0.822992 0.112603 -0.050491
v 0.810425 0.086164 -0.053869
v 0.801282 0.058284 -0.056302
v 0.795742 0.029412 -0.057788
v 0.793850 -0.000000 -0.058284
v 0.795742 -0.029412 -0.057788
v 0.801282 -0.058284 -0.056302
v 0.810425 -0.086164 -0.053869
v 0.822992 -0.112603 -0.050491
v 0.838801 -0.137106 -0.046257
v 0.857584 -0.159266 -0.041213
v 0.878978 -0.178679 -0.035493
v 0.902625 -0.195029 -0.029142
v 0.928164 -0.208046 -0.022295
v 0.955098 -0.217550 -0.015089
v 0.983024 -0.223270 -0.007612
v 0.985952 0.223270 -0.014683
v 0.960909 0.217550 -0.029142
v 0.936766 0.208046 -0.043105
v 0.913885 0.195029 -0.056302
v 0.892671 0.178679 -0.068553
v 0.873483 0.159266 -0.079633
v 0.856683 0.137106 -0.089317
v 0.842495 0.112603 -0.097515
v 0.831189 0.086164 -0.104046
v 0.822992 0.058284 -0.108775
v 0.818037 0.029412 -0.111658
v 0.816371 -0.000000 -0.112603
v 0.818037 -0.029412 -0.111658
v 0.822992 -0.058284 -0.108775
v 0.831189 -0.086164 -0.104046
v 0.842495 -0.112603 -0.097515
v 0.856683 -0.137106 -0.089317
v 0.873483 -0.159266 -0.079633
v 0.892671 -0.178679 -0.068553
v 0.913885 -0.195029 -0.056302
v 0.936766 -0.208046 -0.043105
v 0.960909 -0.217550 -0.029142
v 0.985952 -0.223270 -0.014683
v 0.990636 0.223270 -0.020764
v 0.970187 0.217550 -0.041213
v 0.950459 0.208046 -0.060941
v 0.931767 0.195029 -0.079633
v 0.914471 0.178679 -0.096929
v 0.898797 0.159266 -0.112603
v 0.885059 0.137106 -0.126341
v 0.873483 0.112603 -0.137917
v 0.864295 0.086164 -0.147105
v 0.857584 0.058284 -0.153816
v 0.853530 0.029412 -0.157870
v 0.852134 -0.000000 -0.159266
v 0.853530 -0.029412 -0.157870
v 0.857584 -0.058284 -0.153816
v 0.864295 -0.086164 -0.147105
v 0.873483 -0.112603 -0.137917
v 0.885059 -0.137106 -0.126341
v 0.898797 -0.159266 -0.112603
v 0.914471 -0.178679 -0.096929
v 0.931767 -0.195029 -0.079633
v 0.950459 -0.208046 -0.060941
v 0.970187 -0.217550 -0.041213
v 0.990636 -0.223270 -0.020764
v 0.996716 0.223270 -0.025448
v 0.982258 0.217550 -0.050491
v 0.968295 0.208046 -0.074634
v 0.955098 0.195029 -0.097515
v 0.942847 0.178679 -0.118729
v 0.931767 0.159266 -0.137917
v 0.922083 0.137106 -0.154717
v 0.913885 0.112603 -0.168905
v 0.907354 0.086164 -0.180211
v 0.902625 0.058284 -0.188408
v 0.899742 0.029412 -0.193363
v 0.898797 -0.000000 -0.195029
v 0.899742 -0.029412 -0.193363
v 0.902625 -0.058284 -0.188408
v 0.907354 -0.086164 -0.180211
v 0.913885 -0.112603 -0.168905
v 0.922083 -0.137106 -0.154717
v 0.931767 -0.159266 -0.137917
v 0.942847 -0.178679 -0.118729
v 0.955098 -0.195029 -0.097515
v 0.968295 -0.208046 -0.074634
v 0.982258 -0.217550 -0.050491
v 0.996716 -0.223270 -0.025448
v 1.003788 0.223270 -0.028376
v 0.996311 0.217550 -0.056302
v 0.989105 0.208046 -0.083236
v 0.982258 0.195029 -0.108775
v 0.975907 0.178679 -0.132422
v 0.970187 0.159266 -0.153816
v 0.965142 0.137106 -0.172599
v 0.960909 0.112603 -0.188408
v 0.957530 0.086164 -0.200975
v 0.955098 0.058284 -0.210118
v 0.953612 0.029412 -0.215658
v 0.953116 -0.000000 -0.217550
v 0.953612 -0.029412 -0.215658
v 0.955098 -0.058284 -0.210118
v 0.957530 -0.086164 -0.200975
v 0.960909 -0.112603 -0.188408
v 0.965142 -0.137106 -0.172599
v 0.970187 -0.159266 -0.153816
v 0.975907 -0.178679 -0.132422
v 0.982258 -0.195029 -0.108775
v 0.989105 -0.208046 -0.083236
v 0.996311 -0.217550 -0.056302
v 1.003788 -0.223270 -0.028376
v 1.011400 0.223270 -0.029412
v 1.011400 0.217550 -0.058284
v 1.011400 0.208046 -0.086164
v 1.011400 0.195029 -0.112603
v 1.011400 0.178679 -0.137106
v 1.011400 0.159266 -0.159266
v 1.011400 0.137106 -0.178679
v 1.011400 0.112603 -0.195029
v 1.011400 0.086164 -0.208046
v 1.011400 0.058284 -0.217550
v 1.011400 0.029412 -0.223270
v 1.011400 -0.000000 -0.225207
v 1.011400 -0.029412 -0.223270
v 1.011400 -0.058284 -0.217550
v 1.011400 -0.086164 -0.208046
v 1.011400 -0.112603 -0.195029
v 1.011400 -0.137106 -0.178679
v 1.011400 -0.159266 -0.159266
v 1.011400 -0.178679 -0.137106
v 1.011400 -0.195029 -0.112603
v 1.011400 -0.208046 -0.086164
v 1.011400 -0.217550 -0.058284
v 1.011400 -0.223270 -0.029412
v 1.019012 0.223270 -0.028376
v 1.026489 0.217550 -0.056302
v 1.033695 0.208046 -0.083236
v 1.040542 0.195029 -0.108775
v 1.046893 0.178679 -0.132422
v 1.052613 0.159266 -0.153816
v 1.057657 0.137106 -0.172599
v 1.061891 0.112603 -0.188408
v 1.065269 0.086164 -0.200975
v 1.067702 0.058284 -0.210118
v 1.069188 0.029412 -0.215658
v 1.069684 -0.000000 -0.217550
v 1.069188 -0.029412 -0.215658
v 1.067702 -0.058284 -0.210118
v 1.065269 -0.086164 -0.200975
v 1.061891 -0.112603 -0.188408
v 1.057657 -0.137106 -0.172599
v 1.052613 -0.159266 -0.153816
v 1.046893 -0.178679 -0.132422
v 1.040542 -0.195029 -0.108775
v 1.033695 -0.208046 -0.083236
v 1.026489 -0.217550 -0.056302
v 1.019012 -0.223270 -0.028376
v 1.026083 0.223270 -0.025448
v 1.040542 0.217550 -0.050491
v 1.054505 0.208046 -0.074634
v 1.067702 0.195029 -0.097515
v 1.079953 0.178679 -0.118729
v 1.091033 0.159266 -0.137917
v 1.100717 0.137106 -0.154717
v 1.108915 0.112603 -0.168905
v 1.115446 0.086164 -0.180211
v 1.120175 0.058284 -0.188408
v 1.123058 0.029412 -0.193363
v 1.124003 -0.000000 -0.195029
v 1.123058 -0.029412 -0.193363
v 1.120175 -0.058284 -0.188408
v 1.115446 -0.086164 -0.180211
v 1.108915 -0.112603 -0.168905
v 1.100717 -0.137106 -0.154717
v 1.091033 -0.159266 -0.137917
v 1.079953 -0.178679 -0.118729
v 1.067702 -0.195029 -0.097515
v 1.054505 -0.208046 -0.074634
v 1.040542 -0.217550 -0.050491
v 1.026083 -0.223270 -0.025448
v 1.032164 0.223270 -0.020764
v 1.052613 0.217550 -0.041213
v 1.072341 0.208046 -0.060941
v 1.091033 0.195029 -0.079633
v 1.108329 0.178679 -0.096929
v 1.124003 0.159266 -0.112603
v 1.137741 0.137106 -0.126341
v 1.149317 0.112603 -0.137917
v 1.158505 0.086164 -0.147105
v 1.165216 0.058284 -0.153816
v 1.169270 0.029412 -0.157870
v 1.170666 -0.000000 -0.159266
v 1.169270 -0.029412 -0.157870
v 1.165216 -0.058284 -0.153816
v 1.158505 -0.086164 -0.147105
v 1.149317 -0.112603 -0.137917
v 1.137741 -0.137106 -0.126341
v 1.124003 -0.159266 -0.112603
v 1.108329 -0.178679 -0.096929
v 1.091033 -0.195029 -0.079633
v 1.072341 -0.208046 -0.060941
v 1.052613 -0.217550 -0.041213
v 1.032164 -0.223270 -0.020764
v 1.036848 0.223270 -0.014683
v 1.061891 0.217550 -0.029142
v 1.086034 0.208046 -0.043105
v 1.108915 0.195029 -0.056302
v 1.130129 0.178679 -0.068553
v 1.149317 0.159266 -0.079633
v 1.166117 0.137106 -0.089317
v 1.180305 0.112603 -0.097515
v 1.191611 0.086164 -0.104046
v 1.199808 0.058284 -0.108775
v 1.204763 0.029412 -0.111658
v 1.206429 -0.000000 -0.112603
v 1.204763 -0.029412 -0.111658
v 1.199808 -0.058284 -0.108775
v 1.191611 -0.086164 -0.104046
v 1.180305 -0.112603 -0.097515
v 1.166117 -0.137106 -0.089317
v 1.149317 -0.159266 -0.079633
v 1.130129 -0.178679 -0.068553
v 1.108915 -0.195029 -0.056302
v 1.086034 -0.208046 -0.043105
v 1.061891 -0.217550 -0.029142
v 1.036848 -0.223270 -0.014683
v 1.039776 0.223270 -0.007612
v 1.067702 0.217550 -0.015089
v 1.094636 0.208046 -0.022295
v 1.120175 0.195029 -0.029142
v 1.143822 0.178679 -0.035493
v 1.165216 0.159266 -0.041213
v 1.183999 0.137106 -0.046257
v 1.199808 0.112603 -0.050491
v 1.212375 0.086164 -0.053869
v 1.221518 0.058284 -0.056302
v 1.227058 0.029412 -0.057788
v 1.228950 -0.000000 -0.058284
v 1.227058 -0.029412 -0.057788
v 1.221518 -0.058284 -0.056302
v 1.212375 -0.086164 -0.053869
v 1.199808 -0.112603 -0.050491
v 1.183999 -0.137106 -0.046257
v 1.165216 -0.159266 -0.041213
v 1.143822 -0.178679 -0.035493
v 1.120175 -0.195029 -0.029142
v 1.094636 -0.208046 -0.022295
v 1.067702 -0.217550 -0.015089
v 1.039776 -0.223270 -0.007612
vt 1.000000 1.000000
vt 0.958333 0.958333
vt 1.000000 0.958333
vt 0.958333 0.916667
vt 1.000000 0.916667
vt 0.958333 0.875000
vt 1.000000 0.875000
vt 0.958333 0.833333
vt 1.000000 0.833333
vt 0.958333 0.791667
vt 1.000000 0.791667
vt 0.958333 0.750000
vt 1.000000 0.750000
vt 0.958333 0.708333
vt 1.000000 0.708333
vt 0.958333 0.666667
vt 1.000000 0.666667
vt 0.958333 0.625000
vt 1.000000 0.625000
vt 0.958333 0.583333
vt 1.000000 0.583333
vt 0.958333 0.541667
vt 1.000000 0.541667
vt 0.958333 0.500000
vt 1.000000 0.500000
vt 0.958333 0.458333
vt 1.000000 0.458333
vt 0.958333 0.416667
vt 1.000000 0.416667
vt 0.958333 0.375000
vt 1.000000 0.375000
vt 0.958333 0.333333
vt 1.000000 0.333333
vt 0.958333 0.291667
vt 1.000000 0.291667
vt 0.958333 0.250000
vt 1.000000 0.250000
vt 0.958333 0.208333
vt 1.000000 0.208333
vt 0.958333 0.166667
vt 1.000000 0.166667
vt 0.958333 0.125000
vt 1.000000 0.125000
vt 0.958333 0.083333
vt 1.000000 0.083333
vt 0.958333 0.041667
vt 1.000000 0.041667
vt 0.958333 0.000000
vt 0.958333 1.000000
vt 0.916667 0.958333
vt 0.916667 0.916667
vt 0.916667 0.875000
vt 0.916667 0.833333
vt 0.916667 0.791667
vt 0.916667 0.750000
vt 0.916667 0.708333
vt 0.916667 0.666667
vt 0.916667 0.625000
vt 0.916667 0.583333
vt 0.916667 0.541667
vt 0.916667 0.500000
vt 0.916667 0.458333
vt 0.916667 0.416667
vt 0.916667 0.375000
vt 0.916667 0.333333
vt 0.916667 0.291667
vt 0.916667 0.250000
vt 0.916667 0.208333
vt 0.916667 0.166667
vt 0.916667 0.125000
vt 0.916667 0.083333
vt 0.916667 0.041667
vt 0.916667 0.000000
vt 0.916667 1.000000
vt 0.875000 0.958333
vt 0.875000 0.916667
vt 0.875000 0.875000
vt 0.875000 0.833333
vt 0.875000 0.791667
vt 0.875000 0.750000
vt 0.875000 0.708333
vt 0.875000 0.666667
vt 0.875000 0.625000
vt 0.875000 0.583333
vt 0.875000 0.541667
vt 0.875000 0.500000
vt 0.875000 0.458333
vt 0.875000 0.416667
vt 0.875000 0.375000
vt 0.875000 0.333333
vt 0.875000 0.291667
vt 0.875000 0.250000
vt 0.875000 0.208333
vt 0.875000 0.166667
vt 0.875000 0.125000
vt 0.875000 0.083333
vt 0.875000 0.041667
vt 0.875000 0.000000
vt 0.875000 1.000000
vt 0.833333 0.958333
vt 0.833333 0.916667
vt 0.833333 0.875000
vt 0.833333 0.833333
vt 0.833333 0.791667
vt 0.833333 0.750000
vt 0.833333 0.708333
vt 0.833333 0.666667
vt 0.833333 0.625000
vt 0.833333 0.583333
vt 0.833333 0.541667
vt 0.833333 0.500000
vt 0.833333 0.458333
vt 0.833333 0.416667
vt 0.833333 0.375000
vt 0.833333 0.333333
vt 0.833333 0.291667
vt 0.833333 0.250000
vt 0.833333 0.208333
vt 0.833333 0.166667
vt 0.833333 0.125000
vt 0.833333 0.083333
vt 0.833333 0.041667
vt 0.833333 0.000000
vt 0.833333 1.000000
vt 0.791667 0.958333
vt 0.791667 0.916667
vt 0.791667 0.875000
vt 0.791667 0.833333
vt 0.791667 0.791667
vt 0.791667 0.750000
vt 0.791667 0.708333
vt 0.791667 0.666667
vt 0.791667 0.625000
vt 0.791667 0.583333
vt 0.791667 0.541667
vt 0.791667 0.500000
vt 0.791667 0.458333
vt 0.791667 0.416667
vt 0.791667 0.375000
vt 0.791667 0.333333
vt 0.791667 0.291667
vt 0.791667 0.250000
vt 0.791667 0.208333
vt 0.791667 0.166667
vt 0.791667 0.125000
vt 0.791667 0.083333
vt 0.791667 0.041667
vt 0.791667 0.000000
vt 0.791667 1.000000
vt 0.750000 0.958333
vt 0.750000 0.916667
vt 0.750000 0.875000
vt 0.750000 0.833333
vt 0.750000 0.791667
vt 0.750000 0.750000
vt 0.750000 0.708333
vt 0.750000 0.666667
vt 0.750000 0.625000
vt 0.750000 0.583333
vt 0.750000 0.541667
vt 0.750000 0.500000
vt 0.750000 0.458333
vt 0.750000 0.416667
vt 0.750000 0.375000
vt 0.750000 0.333333
vt 0.750000 0.291667
vt 0.750000 0.250000
vt 0.750000 0.208333
vt 0.750000 0.166667
vt 0.750000 0.125000
vt 0.750000 0.083333
vt 0.750000 0.041667
vt 0.750000 0.000000
vt 0.750000 1.000000
vt 0.708333 0.958333
vt 0.708333 0.916667
vt 0.708333 0.875000
vt 0.708333 0.833333
vt 0.708333 0.791667
vt 0.708333 0.750000
vt 0.708333 0.708333
vt 0.708333 0.666667
vt 0.708333 0.625000
vt 0.708333 0.583333
vt 0.708333 0.541667
vt 0.708333 0.500000
vt 0.708333 0.458333
vt 0.708333 0.416667
vt 0.708333 0.375000
vt 0.708333 0.333333
vt 0.708333 0.291667
vt 0.708333 0.250000
vt 0.708333 0.208333
vt 0.708333 0.166667
vt 0.708333 0.125000
vt 0.708333 0.083333
vt 0.708333 0.041667
vt 0.708333 0.000000
vt 0.708333 1.000000
vt 0.666667 0.958333
vt 0.666667 0.916667
vt 0.666667 0.875000
vt 0.666667 0.833333
vt 0.666667 0.791667
vt 0.666667 0.750000
vt 0.666667 0.708333
vt 0.666667 0.666667
vt 0.666667 0.625000
vt 0.666667 0.583333
vt 0.666667 0.541667
vt 0.666667 0.500000
vt 0.666667 0.458333
vt 0.666667 0.416667
vt 0.666667 0.375000
vt 0.666667 0.333333
vt 0.666667 0.291667
vt 0.666667 0.250000
vt 0.666667 0.208333
vt 0.666667 0.166667
vt 0.666667 0.125000
vt 0.666667 0.083333
vt 0.666667 0.041667
vt 0.666667 0.000000
vt 0.666667 1.000000
vt 0.625000 0.958333
vt 0.625000 0.916667
vt 0.625000 0.875000
vt 0.625000 0.833333
vt 0.625000 0.791667
vt 0.625000 0.750000
vt 0.625000 0.708333
vt 0.625000 0.666667
vt 0.625000 0.625000
vt 0.625000 0.583333
vt 0.625000 0.541667
vt 0.625000 0.500000
vt 0.625000 0.458333
vt 0.625000 0.416667
vt 0.625000 0.375000
vt 0.625000 0.333333
vt 0.625000 0.291667
vt 0.625000 0.250000
vt 0.625000 0.208333
vt 0.625000 0.166667
vt 0.625000 0.125000
vt 0.625000 0.083333
vt 0.625000 0.041667
vt 0.625000 0.000000
vt 0.625000 1.000000
vt 0.583333 0.958333
vt 0.583333 0.916667
vt 0.583333 0.875000
vt 0.583333 0.833333
vt 0.583333 0.791667
vt 0.583333 0.750000
vt 0.583333 0.708333
vt 0.583333 0.666667
vt 0.583333 0.625000
vt 0.583333 0.583333
vt 0.583333 0.541667
vt 0.583333 0.500000
vt 0.583333 0.458333
vt 0.583333 0.416667
vt 0.583333 0.375000
vt 0.583333 0.333333
vt 0.583333 0.291667
vt 0.583333 0.250000
vt 0.583333 0.208333
vt 0.583333 0.166667
vt 0.583333 0.125000
vt 0.583333 0.083333
vt 0.583333 0.041667
vt 0.583333 0.000000
vt 0.583333 1.000000
vt 0.541667 0.958333
vt 0.541667 0.916667
vt 0.541667 0.875000
vt 0.541667 0.833333
vt 0.541667 0.791667
vt 0.541667 0.750000
vt 0.541667 0.708333
vt 0.541667 0.666667
vt 0.541667 0.625000
vt 0.541667 0.583333
vt 0.541667 0.541667
vt 0.541667 0.500000
vt 0.541667 0.458333
vt 0.541667 0.416667
vt 0.541667 0.375000
vt 0.541667 0.333333
vt 0.541667 0.291667
vt 0.541667 0.250000
vt 0.541667 0.208333
vt 0.541667 0.166667
vt 0.541667 0.125000
vt 0.541667 0.083333
vt 0.541667 0.041667
vt 0.541667 0.000000
vt 0.541667 1.000000
vt 0.500000 0.958333
vt 0.500000 0.916667
vt 0.500000 0.875000
vt 0.500000 0.833333
vt 0.500000 0.791667
vt 0.500000 0.750000
vt 0.500000 0.708333
vt 0.500000 0.666667
vt 0.500000 0.625000
vt 0.500000 0.583333
vt 0.500000 0.541667
vt 0.500000 0.500000
vt 0.500000 0.458333
vt 0.500000 0.416667
vt 0.500000 0.375000
vt 0.500000 0.333333
vt 0.500000 0.291667
vt 0.500000 0.250000
vt 0.500000 0.208333
vt 0.500000 0.166667
vt 0.500000 0.125000
vt 0.500000 0.083333
vt 0.500000 0.041667
vt 0.500000 0.000000
vt 0.500000 1.000000
vt 0.458333 0.958333
vt 0.458333 0.916667
vt 0.458333 0.875000
vt 0.458333 0.833333
vt 0.458333 0.791667
vt 0.458333 0.750000
vt 0.458333 0.708333
vt 0.458333 0.666667
vt 0.458333 0.625000
vt 0.458333 0.583333
vt 0.458333 0.541667
vt 0.458333 0.500000
vt 0.458333 0.458333
vt 0.458333 0.416667
vt 0.458333 0.375000
vt 0.458333 0.333333
vt 0.458333 0.291667
vt 0.458333 0.250000
vt 0.458333 0.208333
vt 0.458333 0.166667
vt 0.458333 0.125000
vt 0.458333 0.083333
vt 0.458333 0.041667
vt 0.458333 0.000000
vt 0.458333 1.000000
vt 0.416667 0.958333
vt 0.416667 0.916667
vt 0.416667 0.875000
vt 0.416667 0.833333
vt 0.416667 0.791667
vt 0.416667 0.750000
vt 0.416667 0.708333
vt 0.416667 0.666667
vt 0.416667 0.625000
vt 0.416667 0.583333
vt 0.416667 0.541667
vt 0.416667 0.500000
vt 0.416667 0.458333
vt 0.416667 0.416667
vt 0.416667 0.375000
vt 0.416667 0.333333
vt 0.416667 0.291667
vt 0.416667 0.250000
vt 0.416667 0.208333
vt 0.416667 0.166667
vt 0.416667 0.125000
vt 0.416667 0.083333
vt 0.416667 0.041667
vt 0.416667 0.000000
vt 0.416667 1.000000
vt 0.375000 0.958333
vt 0.375000 0.916667
vt 0.375000 0.875000
vt 0.375000 0.833333
vt 0.375000 0.791667
vt 0.375000 0.750000
vt 0.375000 0.708333
vt 0.375000 0.666667
vt 0.375000 0.625000
vt 0.375000 0.583333
vt 0.375000 0.541667
vt 0.375000 0.500000
vt 0.375000 0.458333
vt 0.375000 0.416667
vt 0.375000 0.375000
vt 0.375000 0.333333
vt 0.375000 0.291667
vt 0.375000 0.250000
vt 0.375000 0.208333
vt 0.375000 0.166667
vt 0.375000 0.125000
vt 0.375000 0.083333
vt 0.375000 0.041667
vt 0.375000 0.000000
vt 0.375000 1.000000
vt 0.333333 0.958333
vt 0.333333 0.916667
vt 0.333333 0.875000
vt 0.333333 0.833333
vt 0.333333 0.791667
vt 0.333333 0.750000
vt 0.333333 0.708333
vt 0.333333 0.666667
vt 0.333333 0.625000
vt 0.333333 0.583333
vt 0.333333 0.541667
vt 0.333333 0.500000
vt 0.333333 0.458333
vt 0.333333 0.416667
vt 0.333333 0.375000
vt 0.333333 0.333333
vt 0.333333 0.291667
vt 0.333333 0.250000
vt 0.333333 0.208333
vt 0.333333 0.166667
vt 0.333333 0.125000
vt 0.333333 0.083333
vt 0.333333 0.041667
vt 0.333333 0.000000
vt 0.333333 1.000000
vt 0.291667 0.958333
vt 0.291667 0.916667
vt 0.291667 0.875000
vt 0.291667 0.833333
vt 0.291667 0.791667
vt 0.291667 0.750000
vt 0.291667 0.708333
vt 0.291667 0.666667
vt 0.291667 0.625000
vt 0.291667 0.583333
vt 0.291667 0.541667
vt 0.291667 0.500000
vt 0.291667 0.458333
vt 0.291667 0.416667
vt 0.291667 0.375000
vt 0.291667 0.333333
vt 0.291667 0.291667
vt 0.291667 0.250000
vt 0.291667 0.208333
vt 0.291667 0.166667
vt 0.291667 0.125000
vt 0.291667 0.083333
vt 0.291667 0.041667
vt 0.291667 0.000000
vt 0.291667 1.000000
vt 0.250000 0.958333
vt 0.250000 0.916667
vt 0.250000 0.875000
vt 0.250000 0.833333
vt 0.250000 0.791667
vt 0.250000 0.750000
vt 0.250000 0.708333
vt 0.250000 0.666667
vt 0.250000 0.625000
vt 0.250000 0.583333
vt 0.250000 0.541667
vt 0.250000 0.500000
vt 0.250000 0.458333
vt 0.250000 0.416667
vt 0.250000 0.375000
vt 0.250000 0.333333
vt 0.250000 0.291667
vt 0.250000 0.250000
vt 0.250000 0.208333
vt 0.250000 0.166667
vt 0.250000 0.125000
vt 0.250000 0.083333
vt 0.250000 0.041667
vt 0.250000 0.000000
vt 0.250000 1.000000
vt 0.208333 0.958333
vt 0.208333 0.916667
vt 0.208333 0.875000
vt 0.208333 0.833333
vt 0.208333 0.791667
vt 0.208333 0.750000
vt 0.208333 0.708333
vt 0.208333 0.666667
vt 0.208333 0.625000
vt 0.208333 0.583333
vt 0.208333 0.541667
vt 0.208333 0.500000
vt 0.208333 0.458333
vt 0.208333 0.416667
vt 0.208333 0.375000
vt 0.208333 0.333333
vt 0.208333 0.291667
vt 0.208333 0.250000
vt 0.208333 0.208333
vt 0.208333 0.166667
vt 0.208333 0.125000
vt 0.208333 0.083333
vt 0.208333 0.041667
vt 0.208333 0.000000
vt 0.208333 1.000000
vt 0.166667 0.958333
vt 0.166667 0.916667
vt 0.166667 0.875000
vt 0.166667 0.833333
vt 0.166667 0.791667
vt 0.166667 0.750000
vt 0.166667 0.708333
vt 0.166667 0.666667
vt 0.166667 0.625000
vt 0.166667 0.583333
vt 0.166667 0.541667
vt 0.166667 0.500000
vt 0.166667 0.458333
vt 0.166667 0.416667
vt 0.166667 0.375000
vt 0.166667 0.333333
vt 0.166667 0.291667
vt 0.166667 0.250000
vt 0.166667 0.208333
vt 0.166667 0.166667
vt 0.166667 0.125000
vt 0.166667 0.083333
vt 0.166667 0.041667
vt 0.166667 0.000000
vt 0.166667 1.000000
vt 0.125000 0.958333
vt 0.125000 0.916667
vt 0.125000 0.875000
vt 0.125000 0.833333
vt 0.125000 0.791667
vt 0.125000 0.750000
vt 0.125000 0.708333
vt 0.125000 0.666667
vt 0.125000 0.625000
vt 0.125000 0.583333
vt 0.125000 0.541667
vt 0.125000 0.500000
vt 0.125000 0.458333
vt 0.125000 0.416667
vt 0.125000 0.375000
vt 0.125000 0.333333
vt 0.125000 0.291667
vt 0.125000 0.250000
vt 0.125000 0.208333
vt 0.125000 0.166667
vt 0.125000 0.125000
vt 0.125000 0.083333
vt 0.125000 0.041667
vt 0.125000 0.000000
vt 0.125000 1.000000
vt 0.083333 0.958333
vt 0.083333 0.916667
vt 0.083333 0.875000
vt 0.083333 0.833333
vt 0.083333 0.791667
vt 0.083333 0.750000
vt 0.083333 0.708333
vt 0.083333 0.666667
vt 0.083333 0.625000
vt 0.083333 0.583333
vt 0.083333 0.541667
vt 0.083333 0.500000
vt 0.083333 0.458333
vt 0.083333 0.416667
vt 0.083333 0.375000
vt 0.083333 0.333333
vt 0.083333 0.291667
vt 0.083333 0.250000
vt 0.083333 0.208333
vt 0.083333 0.166667
vt 0.083333 0.125000
vt 0.083333 0.083333
vt 0.083333 0.041667
vt 0.083333 0.000000
vt 0.083333 1.000000
vt 0.041667 0.958333
vt 0.041667 0.916667
vt 0.041667 0.875000
vt 0.041667 0.833333
vt 0.041667 0.791667
vt 0.041667 0.750000
vt 0.041667 0.708333
vt 0.041667 0.666667
vt 0.041667 0.625000
vt 0.041667 0.583333
vt 0.041667 0.541667
vt 0.041667 0.500000
vt 0.041667 0.458333
vt 0.041667 0.416667
vt 0.041667 0.375000
vt 0.041667 0.333333
vt 0.041667 0.291667
vt 0.041667 0.250000
vt 0.041667 0.208333
vt 0.041667 0.166667
vt 0.041667 0.125000
vt 0.041667 0.083333
vt 0.041667 0.041667
vt 0.041667 0.000000
vt 0.041667 1.000000
vt 0.000000 0.958333
vt 0.000000 0.916667
vt 0.000000 0.875000
vt 0.000000 0.833333
vt 0.000000 0.791667
vt 0.000000 0.750000
vt 0.000000 0.708333
vt 0.000000 0.666667
vt 0.000000 0.625000
vt 0.000000 0.583333
vt 0.000000 0.541667
vt 0.000000 0.500000
vt 0.000000 0.458333
vt 0.000000 0.416667
vt 0.000000 0.375000
vt 0.000000 0.333333
vt 0.000000 0.291667
vt 0.000000 0.250000
vt 0.000000 0.208333
vt 0.000000 0.166667
vt 0.000000 0.125000
vt 0.000000 0.083333
vt 0.000000 0.041667
vt 0.000000 0.000000
vn -0.000000 1.000000 -0.000000
vn 0.125800 0.991500 0.033800
vn 0.130200 0.991500 0.000000
vn 0.250200 0.965900 0.067000
vn 0.259000 0.965900 -0.000000
vn 0.370000 0.923800 0.099000
vn 0.382900 0.923800 0.000000
vn 0.482500 0.866300 0.129300
vn 0.499500 0.866300 0.000000
vn 0.587700 0.793600 0.157500
vn 0.608400 0.793700 -0.000000
vn 0.682900 0.707200 0.183100
vn 0.706900 0.707300 -0.000000
vn 0.766400 0.608700 0.205500
vn 0.793500 0.608600 -0.000000
vn 0.836600 0.499800 0.224100
vn 0.866300 0.499500 -0.000000
vn 0.892500 0.382600 0.238900
vn 0.923900 0.382700 -0.000000
vn 0.933100 0.258800 0.249900
vn 0.965900 0.258900 -0.000000
vn 0.957700 0.130600 0.256500
vn 0.991400 0.130600 0.000000
vn 0.965900 0.000000 0.258800
vn 1.000000 0.000000 0.000000
vn 0.957700 -0.130600 0.256500
vn 0.991400 -0.130600 -0.000000
vn 0.933000 -0.258800 0.249900
vn 0.965900 -0.258900 -0.000000
vn 0.892500 -0.382600 0.238900
vn 0.923900 -0.382600 -0.000000
vn 0.836600 -0.499800 0.224100
vn 0.866300 -0.499500 -0.000000
vn 0.766400 -0.608700 0.205500
vn 0.793500 -0.608600 -0.000000
vn 0.682900 -0.707200 0.183100
vn 0.706900 -0.707300 -0.000000
vn 0.587700 -0.793600 0.157500
vn 0.608400 -0.793700 -0.000000
vn 0.482500 -0.866300 0.129300
vn 0.499500 -0.866300 -0.000000
vn 0.370000 -0.923800 0.099000
vn 0.382900 -0.923800 0.000000
vn 0.250200 -0.965900 0.067000
vn 0.259000 -0.965900 -0.000000
vn 0.125800 -0.991500 0.033800
vn 0.130200 -0.991500 0.000000
vn -0.000000 -1.000000 0.000000
vn 0.112700 0.991500 0.065200
vn 0.224200 0.965900 0.129400
vn 0.331700 0.923800 0.191400
vn 0.432700 0.866200 0.249800
vn 0.526900 0.793600 0.304300
vn 0.612300 0.707100 0.353600
vn 0.687100 0.608600 0.396800
vn 0.749900 0.500000 0.433200
vn 0.800000 0.382700 0.462100
vn 0.836500 0.258800 0.483000
vn 0.858600 0.130700 0.495700
vn 0.866100 0.000000 0.499900
vn 0.858600 -0.130700 0.495700
vn 0.836500 -0.258800 0.483000
vn 0.800000 -0.382600 0.462100
vn 0.749900 -0.500000 0.433100
vn 0.687100 -0.608600 0.396800
vn 0.612300 -0.707100 0.353600
vn 0.526900 -0.793600 0.304300
vn 0.432700 -0.866200 0.249800
vn 0.331700 -0.923700 0.191500
vn 0.224200 -0.965900 0.129400
vn 0.112700 -0.991500 0.065100
vn 0.092000 0.991500 0.092000
vn 0.183100 0.965900 0.183100
vn 0.270800 0.923800 0.270800
vn 0.353400 0.866200 0.353400
vn 0.430200 0.793600 0.430200
vn 0.500000 0.707100 0.500000
vn 0.561100 0.608600 0.561100
vn 0.612400 0.499900 0.612400
vn 0.653300 0.382700 0.653300
vn 0.683000 0.258800 0.683000
vn 0.701100 0.130600 0.701100
vn 0.707100 0.000000 0.707100
vn 0.701100 -0.130600 0.701100
vn 0.683000 -0.258800 0.683000
vn 0.653300 -0.382700 0.653300
vn 0.612400 -0.500000 0.612400
vn 0.561100 -0.608600 0.561100
vn 0.500000 -0.707100 0.500000
vn 0.430200 -0.793600 0.430200
vn 0.353400 -0.866200 0.353400
vn 0.270800 -0.923800 0.270800
vn 0.183100 -0.965900 0.183100
vn 0.092100 -0.991500 0.092100
vn 0.065100 0.991500 0.112700
vn 0.129400 0.965900 0.224200
vn 0.191400 0.923800 0.331700
vn 0.249800 0.866200 0.432700
vn 0.304300 0.793600 0.526900
vn 0.353600 0.707100 0.612400
vn 0.396800 0.608600 0.687100
vn 0.433200 0.500000 0.749900
vn 0.462100 0.382700 0.800000
vn 0.483100 0.258700 0.836500
vn 0.495700 0.130800 0.858600
vn 0.499900 0.000000 0.866100
vn 0.495700 -0.130700 0.858600
vn 0.483100 -0.258700 0.836500
vn 0.462100 -0.382700 0.800000
vn 0.433200 -0.500000 0.749900
vn 0.396800 -0.608700 0.687100
vn 0.353600 -0.707100 0.612300
vn 0.304300 -0.793600 0.526900
vn 0.249800 -0.866200 0.432700
vn 0.191400 -0.923800 0.331700
vn 0.129400 -0.965900 0.224200
vn 0.065100 -0.991500 0.112700
vn 0.033800 0.991500 0.125800
vn 0.067000 0.965900 0.250200
vn 0.099000 0.923800 0.370000
vn 0.129300 0.866300 0.482500
vn 0.157500 0.793600 0.587700
vn 0.183100 0.707200 0.682900
vn 0.205500 0.608700 0.766400
vn 0.224100 0.499800 0.836600
vn 0.238900 0.382600 0.892500
vn 0.249900 0.258900 0.933000
vn 0.256500 0.130600 0.957700
vn 0.258800 -0.000000 0.965900
vn 0.256500 -0.130600 0.957700
vn 0.249900 -0.258700 0.933100
vn 0.238900 -0.382600 0.892500
vn 0.224100 -0.499800 0.836600
vn 0.205500 -0.608700 0.766400
vn 0.183100 -0.707200 0.682900
vn 0.157500 -0.793600 0.587700
vn 0.129300 -0.866300 0.482500
vn 0.099000 -0.923800 0.370000
vn 0.067000 -0.965900 0.250200
vn 0.033800 -0.991500 0.125800
vn -0.000000 0.991500 0.130200
vn -0.000000 0.965900 0.259000
vn -0.000000 0.923800 0.382900
vn 0.000000 0.866300 0.499500
vn 0.000000 0.793700 0.608400
vn 0.000000 0.707300 0.706900
vn 0.000000 0.608600 0.793500
vn 0.000000 0.499400 0.866300
vn 0.000000 0.382600 0.923900
vn -0.000000 0.258900 0.965900
vn -0.000000 0.130600 0.991400
vn -0.000000 -0.000000 1.000000
vn -0.000000 -0.130600 0.991400
vn -0.000000 -0.258900 0.965900
vn 0.000000 -0.382700 0.923900
vn 0.000000 -0.499500 0.866300
vn 0.000000 -0.608600 0.793500
vn 0.000000 -0.707300 0.706900
vn 0.000000 -0.793700 0.608400
vn 0.000000 -0.866300 0.499500
vn -0.000000 -0.923800 0.382900
vn -0.000000 -0.965900 0.259000
vn -0.000000 -0.991500 0.130200
vn -0.033800 0.991500 0.125800
vn -0.067000 0.965900 0.250200
vn -0.099000 0.923800 0.370000
vn -0.129300 0.866300 0.482500
vn -0.157500 0.793600 0.587700
vn -0.183100 0.707200 0.682900
vn -0.205500 0.608700 0.766400
vn -0.224100 0.499800 0.836600
vn -0.238900 0.382600 0.892500
vn -0.249900 0.258700 0.933100
vn -0.256500 0.130600 0.957700
vn -0.258800 0.000000 0.965900
vn -0.256500 -0.130600 0.957700
vn -0.249900 -0.258800 0.933000
vn -0.238900 -0.382600 0.892500
vn -0.224100 -0.499800 0.836600
vn -0.205500 -0.608700 0.766400
vn -0.183100 -0.707200 0.682900
vn -0.157500 -0.793600 0.587700
vn -0.129300 -0.866300 0.482500
vn -0.099000 -0.923800 0.370000
vn -0.067000 -0.965900 0.250200
vn -0.033800 -0.991500 0.125800
vn -0.065100 0.991500 0.112700
vn -0.129400 0.965900 0.224200
vn -0.191400 0.923800 0.331700
vn -0.249800 0.866200 0.432700
vn -0.304300 0.793600 0.526900
vn -0.353600 0.707100 0.612300
vn -0.396800 0.608700 0.687100
vn -0.433200 0.500000 0.749900
vn -0.462100 0.382600 0.800000
vn -0.483100 0.258700 0.836500
vn -0.495700 0.130700 0.858600
vn -0.499900 -0.000000 0.866100
vn -0.495700 -0.130700 0.858600
vn -0.483100 -0.258700 0.836500
vn -0.462100 -0.382700 0.800000
vn -0.433100 -0.500000 0.749900
vn -0.396800 -0.608700 0.687100
vn -0.353600 -0.707100 0.612300
vn -0.304300 -0.793600 0.526900
vn -0.249800 -0.866200 0.432700
vn -0.191500 -0.923700 0.331700
vn -0.129400 -0.965900 0.224200
vn -0.065200 -0.991500 0.112700
vn -0.092000 0.991500 0.092000
vn -0.183100 0.965900 0.183100
vn -0.270800 0.923800 0.270800
vn -0.353400 0.866200 0.353400
vn -0.430200 0.793600 0.430200
vn -0.500000 0.707100 0.500000
vn -0.561100 0.608600 0.561100
vn -0.612400 0.499900 0.612400
vn -0.653300 0.382700 0.653300
vn -0.683000 0.258800 0.683000
vn -0.701100 0.130600 0.701100
vn -0.707100 -0.000000 0.707100
vn -0.701100 -0.130600 0.701100
vn -0.683000 -0.258800 0.683000
vn -0.653300 -0.382700 0.653300
vn -0.612400 -0.499900 0.612400
vn -0.561100 -0.608600 0.561100
vn -0.500000 -0.707100 0.500000
vn -0.430200 -0.793600 0.430200
vn -0.353400 -0.866200 0.353400
vn -0.270800 -0.923800 0.270800
vn -0.183100 -0.965900 0.183100
vn -0.092000 -0.991500 0.092000
vn -0.112700 0.991500 0.065200
vn -0.224200 0.965900 0.129400
vn -0.331700 0.923800 0.191400
vn -0.432700 0.866200 0.249800
vn -0.526900 0.793600 0.304300
vn -0.612300 0.707100 0.353600
vn -0.687100 0.608600 0.396800
vn -0.749900 0.500000 0.433100
vn -0.800000 0.382700 0.462100
vn -0.836500 0.258700 0.483100
vn -0.858600 0.130700 0.495700
vn -0.866100 -0.000000 0.499900
vn -0.858600 -0.130600 0.495700
vn -0.836500 -0.258700 0.483100
vn -0.800000 -0.382700 0.462100
vn -0.749900 -0.500000 0.433200
vn -0.687100 -0.608600 0.396800
vn -0.612300 -0.707100 0.353600
vn -0.526900 -0.793600 0.304300
vn -0.432700 -0.866200 0.249800
vn -0.331700 -0.923700 0.191500
vn -0.224200 -0.965900 0.129400
vn -0.112700 -0.991500 0.065100
vn -0.125800 0.991500 0.033800
vn -0.250200 0.965900 0.067000
vn -0.370000 0.923800 0.099000
vn -0.482500 0.866300 0.129300
vn -0.587700 0.793600 0.157500
vn -0.682900 0.707200 0.183100
vn -0.766400 0.608700 0.205500
vn -0.836600 0.499800 0.224100
vn -0.892500 0.382600 0.238900
vn -0.933100 0.258700 0.249900
vn -0.957700 0.130600 0.256500
vn -0.965900 -0.000000 0.258800
vn -0.957700 -0.130600 0.256500
vn -0.933000 -0.258800 0.249900
vn -0.892500 -0.382600 0.238900
vn -0.836600 -0.499800 0.224100
vn -0.766400 -0.608700 0.205500
vn -0.682900 -0.707200 0.183100
vn -0.587700 -0.793600 0.157500
vn -0.482500 -0.866300 0.129300
vn -0.370000 -0.923800 0.099000
vn -0.250200 -0.965900 0.067000
vn -0.125800 -0.991500 0.033800
vn -0.130200 0.991500 -0.000000
vn -0.259000 0.965900 -0.000000
vn -0.382900 0.923800 -0.000000
vn -0.499500 0.866300 0.000000
vn -0.608400 0.793700 0.000000
vn -0.706900 0.707300 0.000000
vn -0.793500 0.608600 0.000000
vn -0.866300 0.499500 0.000000
vn -0.923900 0.382600 0.000000
vn -0.965900 0.258900 -0.000000
vn -0.991400 0.130600 -0.000000
vn -1.000000 0.000000 0.000000
vn -0.991400 -0.130600 -0.000000
vn -0.965900 -0.258900 -0.000000
vn -0.923900 -0.382700 0.000000
vn -0.866300 -0.499500 0.000000
vn -0.793500 -0.608600 0.000000
vn -0.706900 -0.707300 0.000000
vn -0.608400 -0.793700 0.000000
vn -0.499500 -0.866300 0.000000
vn -0.382900 -0.923800 -0.000000
vn -0.259000 -0.965900 -0.000000
vn -0.130200 -0.991500 -0.000000
vn -0.125800 0.991500 -0.033800
vn -0.250200 0.965900 -0.067000
vn -0.370000 0.923800 -0.099000
vn -0.482500 0.866300 -0.129300
vn -0.587700 0.793600 -0.157500
vn -0.682900 0.707200 -0.183100
vn -0.766400 0.608700 -0.205500
vn -0.836600 0.499800 -0.224100
vn -0.892500 0.382600 -0.238900
vn -0.933100 0.258800 -0.249900
vn -0.957700 0.130600 -0.256500
vn -0.965900 -0.000000 -0.258800
vn -0.957700 -0.130600 -0.256500
vn -0.933000 -0.258800 -0.249900
vn -0.892500 -0.382600 -0.238900
vn -0.836600 -0.499800 -0.224100
vn -0.766400 -0.608700 -0.205500
vn -0.682900 -0.707200 -0.183100
vn -0.587700 -0.793600 -0.157500
vn -0.482500 -0.866300 -0.129300
vn -0.370000 -0.923800 -0.099000
vn -0.250200 -0.965900 -0.067000
vn -0.125800 -0.991500 -0.033800
vn -0.112700 0.991500 -0.065200
vn -0.224200 0.965900 -0.129400
vn -0.331700 0.923800 -0.191400
vn -0.432700 0.866200 -0.249800
vn -0.526900 0.793600 -0.304300
vn -0.612300 0.707100 -0.353600
vn -0.687100 0.608600 -0.396800
vn -0.749900 0.500000 -0.433200
vn -0.800000 0.382700 -0.462100
vn -0.836500 0.258800 -0.483000
vn -0.858600 0.130700 -0.495700
vn -0.866100 -0.000000 -0.499900
vn -0.858600 -0.130700 -0.495700
vn -0.836500 -0.258800 -0.483000
vn -0.800000 -0.382600 -0.462100
vn -0.749900 -0.500000 -0.433100
vn -0.687100 -0.608600 -0.396800
vn -0.612300 -0.707100 -0.353600
vn -0.526900 -0.793600 -0.304300
vn -0.432700 -0.866200 -0.249800
vn -0.331700 -0.923700 -0.191500
vn -0.224200 -0.965900 -0.129400
vn -0.112700 -0.991500 -0.065100
vn -0.092000 0.991500 -0.092000
vn -0.183100 0.965900 -0.183100
vn -0.270800 0.923800 -0.270800
vn -0.353400 0.866200 -0.353400
vn -0.430200 0.793600 -0.430200
vn -0.500000 0.707100 -0.500000
vn -0.561100 0.608600 -0.561100
vn -0.612400 0.499900 -0.612400
vn -0.653300 0.382700 -0.653300
vn -0.683000 0.258800 -0.683000
vn -0.701100 0.130600 -0.701100
vn -0.707100 0.000000 -0.707100
vn -0.701100 -0.130600 -0.701100
vn -0.683000 -0.258800 -0.683000
vn -0.653300 -0.382700 -0.653300
vn -0.612400 -0.500000 -0.612400
vn -0.561100 -0.608600 -0.561100
vn -0.500000 -0.707100 -0.500000
vn -0.430200 -0.793600 -0.430200
vn -0.353400 -0.866200 -0.353400
vn -0.270800 -0.923800 -0.270800
vn -0.183100 -0.965900 -0.183100
vn -0.092100 -0.991500 -0.092100
vn -0.065100 0.991500 -0.112700
vn -0.129400 0.965900 -0.224200
vn -0.191400 0.923800 -0.331700
vn -0.249800 0.866200 -0.432700
vn -0.304300 0.793600 -0.526900
vn -0.353600 0.707100 -0.612400
vn -0.396800 0.608600 -0.687100
vn -0.433200 0.500000 -0.749900
vn -0.462100 0.382700 -0.800000
vn -0.483100 0.258700 -0.836500
vn -0.495700 0.130800 -0.858600
vn -0.499900 0.000000 -0.866100
vn -0.495700 -0.130700 -0.858600
vn -0.483100 -0.258700 -0.836500
vn -0.462100 -0.382700 -0.800000
vn -0.433200 -0.500000 -0.749900
vn -0.396800 -0.608700 -0.687100
vn -0.353600 -0.707100 -0.612300
vn -0.304300 -0.793600 -0.526900
vn -0.249800 -0.866200 -0.432700
vn -0.191400 -0.923800 -0.331700
vn -0.129400 -0.965900 -0.224200
vn -0.065100 -0.991500 -0.112700
vn -0.033800 0.991500 -0.125800
vn -0.067000 0.965900 -0.250200
vn -0.099000 0.923800 -0.370000
vn -0.129300 0.866300 -0.482500
vn -0.157500 0.793600 -0.587700
vn -0.183100 0.707200 -0.682900
vn -0.205500 0.608700 -0.766400
vn -0.224100 0.499800 -0.836600
vn -0.238900 0.382600 -0.892500
vn -0.249900 0.258900 -0.933000
vn -0.256500 0.130600 -0.957700
vn -0.258800 0.000000 -0.965900
vn -0.256500 -0.130600 -0.957700
vn -0.249900 -0.258700 -0.933100
vn -0.238900 -0.382600 -0.892500
vn -0.224100 -0.499800 -0.836600
vn -0.205500 -0.608700 -0.766400
vn -0.183100 -0.707200 -0.682900
vn -0.157500 -0.793600 -0.587700
vn -0.129300 -0.866300 -0.482500
vn -0.099000 -0.923800 -0.370000
vn -0.067000 -0.965900 -0.250200
vn -0.033800 -0.991500 -0.125800
vn 0.000000 0.991500 -0.130200
vn 0.000000 0.965900 -0.259000
vn 0.000000 0.923800 -0.382900
vn -0.000000 0.866300 -0.499500
vn -0.000000 0.793700 -0.608400
vn -0.000000 0.707300 -0.706900
vn -0.000000 0.608600 -0.793500
vn -0.000000 0.499400 -0.866300
vn -0.000000 0.382600 -0.923900
vn 0.000000 0.258900 -0.965900
vn 0.000000 0.130600 -0.991400
vn -0.000000 -0.000000 -1.000000
vn 0.000000 -0.130600 -0.991400
vn 0.000000 -0.258900 -0.965900
vn -0.000000 -0.382700 -0.923900
vn -0.000000 -0.499500 -0.866300
vn -0.000000 -0.608600 -0.793500
vn -0.000000 -0.707300 -0.706900
vn -0.000000 -0.793700 -0.608400
vn -0.000000 -0.866300 -0.499500
vn 0.000000 -0.923800 -0.382900
vn 0.000000 -0.965900 -0.259000
vn 0.000000 -0.991500 -0.130200
vn 0.033800 0.991500 -0.125800
vn 0.067000 0.965900 -0.250200
vn 0.099000 0.923800 -0.370000
vn 0.129300 0.866300 -0.482500
vn 0.157500 0.793600 -0.587700
vn 0.183100 0.707200 -0.682900
vn 0.205500 0.608700 -0.766400
vn 0.224100 0.499800 -0.836600
vn 0.238900 0.382600 -0.892500
vn 0.249900 0.258700 -0.933100
vn 0.256500 0.130600 -0.957700
vn 0.258800 -0.000000 -0.965900
vn 0.256500 -0.130600 -0.957700
vn 0.249900 -0.258800 -0.933000
vn 0.238900 -0.382600 -0.892500
vn 0.224100 -0.499800 -0.836600
vn 0.205500 -0.608700 -0.766400
vn 0.183100 -0.707200 -0.682900
vn 0.157500 -0.793600 -0.587700
vn 0.129300 -0.866300 -0.482500
vn 0.099000 -0.923800 -0.370000
vn 0.067000 -0.965900 -0.250200
vn 0.033800 -0.991500 -0.125800
vn 0.065100 0.991500 -0.112700
vn 0.129400 0.965900 -0.224200
vn 0.191400 0.923800 -0.331700
vn 0.249800 0.866200 -0.432700
vn 0.304300 0.793600 -0.526900
vn 0.353600 0.707100 -0.612300
vn 0.396800 0.608700 -0.687100
vn 0.433200 0.500000 -0.749900
vn 0.462100 0.382600 -0.800000
vn 0.483100 0.258700 -0.836500
vn 0.495700 0.130700 -0.858600
vn 0.499900 0.000000 -0.866100
vn 0.495700 -0.130700 -0.858600
vn 0.483100 -0.258700 -0.836500
vn 0.462100 -0.382700 -0.800000
vn 0.433100 -0.500000 -0.749900
vn 0.396800 -0.608700 -0.687100
vn 0.353600 -0.707100 -0.612300
vn 0.304300 -0.793600 -0.526900
vn 0.249800 -0.866200 -0.432700
vn 0.191500 -0.923700 -0.331700
vn 0.129400 -0.965900 -0.224200
vn 0.065200 -0.991500 -0.112700
vn 0.092000 0.991500 -0.092000
vn 0.183100 0.965900 -0.183100
vn 0.270800 0.923800 -0.270800
vn 0.353400 0.866200 -0.353400
vn 0.430200 0.793600 -0.430200
vn 0.500000 0.707100 -0.500000
vn 0.561100 0.608600 -0.561100
vn 0.612400 0.499900 -0.612400
vn 0.653300 0.382700 -0.653300
vn 0.683000 0.258800 -0.683000
vn 0.701100 0.130600 -0.701100
vn 0.707100 0.000000 -0.707100
vn 0.701100 -0.130600 -0.701100
vn 0.683000 -0.258800 -0.683000
vn 0.653300 -0.382700 -0.653300
vn 0.612400 -0.499900 -0.612400
vn 0.561100 -0.608600 -0.561100
vn 0.500000 -0.707100 -0.500000
vn 0.430200 -0.793600 -0.430200
vn 0.353400 -0.866200 -0.353400
vn 0.270800 -0.923800 -0.270800
vn 0.183100 -0.965900 -0.183100
vn 0.092000 -0.991500 -0.092000
vn 0.112700 0.991500 -0.065200
vn 0.224200 0.965900 -0.129400
vn 0.331700 0.923800 -0.191400
vn 0.432700 0.866200 -0.249800
vn 0.526900 0.793600 -0.304300
vn 0.612300 0.707100 -0.353600
vn 0.687100 0.608600 -0.396800
vn 0.749900 0.500000 -0.433100
vn 0.800000 0.382700 -0.462100
vn 0.836500 0.258700 -0.483100
vn 0.858600 0.130700 -0.495700
vn 0.866100 0.000000 -0.499900
vn 0.858600 -0.130600 -0.495700
vn 0.836500 -0.258700 -0.483100
vn 0.800000 -0.382700 -0.462100
vn 0.749900 -0.500000 -0.433200
vn 0.687100 -0.608600 -0.396800
vn 0.612300 -0.707100 -0.353600
vn 0.526900 -0.793600 -0.304300
vn 0.432700 -0.866200 -0.249800
vn 0.331700 -0.923700 -0.191500
vn 0.224200 -0.965900 -0.129400
vn 0.112700 -0.991500 -0.065100
vn 0.125800 0.991500 -0.033800
vn 0.250200 0.965900 -0.067000
vn 0.370000 0.923800 -0.099000
vn 0.482500 0.866300 -0.129300
vn 0.587700 0.793600 -0.157500
vn 0.682900 0.707200 -0.183100
vn 0.766400 0.608700 -0.205500
vn 0.836600 0.499800 -0.224100
vn 0.892500 0.382600 -0.238900
vn 0.933100 0.258700 -0.249900
vn 0.957700 0.130600 -0.256500
vn 0.965900 0.000000 -0.258800
vn 0.957700 -0.130600 -0.256500
vn 0.933000 -0.258800 -0.249900
vn 0.892500 -0.382600 -0.238900
vn 0.836600 -0.499800 -0.224100
vn 0.766400 -0.608700 -0.205500
vn 0.682900 -0.707200 -0.183100
vn 0.587700 -0.793600 -0.157500
vn 0.482500 -0.866300 -0.129300
vn 0.370000 -0.923800 -0.099000
vn 0.250200 -0.965900 -0.067000
vn 0.125800 -0.991500 -0.033800
usemtl Physical7
s 1
f 3369/3743/3353 3394/3744/3354 3370/3745/3355
f 3370/3745/3355 3394/3744/3354 3395/3746/3356 3371/3747/3357
f 3371/3747/3357 3395/3746/3356 3396/3748/3358 3372/3749/3359
f 3372/3749/3359 3396/3748/3358 3397/3750/3360 3373/3751/3361
f 3373/3751/3361 3397/3750/3360 3398/3752/3362 3374/3753/3363
f 3374/3753/3363 3398/3752/3362 3399/3754/3364 3375/3755/3365
f 3375/3755/3365 3399/3754/3364 3400/3756/3366 3376/3757/3367
f 3376/3757/3367 3400/3756/3366 3401/3758/3368 3377/3759/3369
f 3377/3759/3369 3401/3758/3368 3402/3760/3370 3378/3761/3371
f 3378/3761/3371 3402/3760/3370 3403/3762/3372 3379/3763/3373
f 3379/3763/3373 3403/3762/3372 3404/3764/3374 3380/3765/3375
f 3380/3765/3375 3404/3764/3374 3405/3766/3376 3381/3767/3377
f 3381/3767/3377 3405/3766/3376 3406/3768/3378 3382/3769/3379
f 3382/3769/3379 3406/3768/3378 3407/3770/3380 3383/3771/3381
f 3383/3771/3381 3407/3770/3380 3408/3772/3382 3384/3773/3383
f 3384/3773/3383 3408/3772/3382 3409/3774/3384 3385/3775/3385
f 3385/3775/3385 3409/3774/3384 3410/3776/3386 3386/3777/3387
f 3386/3777/3387 3410/3776/3386 3411/3778/3388 3387/3779/3389
f 3387/3779/3389 3411/3778/3388 3412/3780/3390 3388/3781/3391
f 3388/3781/3391 3412/3780/3390 3413/3782/3392 3389/3783/3393
f 3389/3783/3393 3413/3782/3392 3414/3784/3394 3390/3785/3395
f 3390/3785/3395 3414/3784/3394 3415/3786/3396 3391/3787/3397
f 3391/3787/3397 3415/3786/3396 3416/3788/3398 3392/3789/3399
f 3392/3789/3399 3416/3788/3398 3393/3790/3400
f 3369/3791/3353 3417/3792/3401 3394/3744/3354
f 3394/3744/3354 3417/3792/3401 3418/3793/3402 3395/3746/3356
f 3395/3746/3356 3418/3793/3402 3419/3794/3403 3396/3748/3358
f 3396/3748/3358 3419/3794/3403 3420/3795/3404 3397/3750/3360
f 3397/3750/3360 3420/3795/3404 3421/3796/3405 3398/3752/3362
f 3398/3752/3362 3421/3796/3405 3422/3797/3406 3399/3754/3364
f 3399/3754/3364 3422/3797/3406 3423/3798/3407 3400/3756/3366
f 3400/3756/3366 3423/3798/3407 3424/3799/3408 3401/3758/3368
f 3401/3758/3368 3424/3799/3408 3425/3800/3409 3402/3760/3370
f 3402/3760/3370 3425/3800/3409 3426/3801/3410 3403/3762/3372
f 3403/3762/3372 3426/3801/3410 3427/3802/3411 3404/3764/3374
f 3404/3764/3374 3427/3802/3411 3428/3803/3412 3405/3766/3376
f 3405/3766/3376 3428/3803/3412 3429/3804/3413 3406/3768/3378
f 3406/3768/3378 3429/3804/3413 3430/3805/3414 3407/3770/3380
f 3407/3770/3380 3430/3805/3414 3431/3806/3415 3408/3772/3382
f 3408/3772/3382 3431/3806/3415 3432/3807/3416 3409/3774/3384
f 3409/3774/3384 3432/3807/3416 3433/3808/3417 3410/3776/3386
f 3410/3776/3386 3433/3808/3417 3434/3809/3418 3411/3778/3388
f 3411/3778/3388 3434/3809/3418 3435/3810/3419 3412/3780/3390
f 3412/3780/3390 3435/3810/3419 3436/3811/3420 3413/3782/3392
f 3413/3782/3392 3436/3811/3420 3437/3812/3421 3414/3784/3394
f 3414/3784/3394 3437/3812/3421 3438/3813/3422 3415/3786/3396
f 3415/3786/3396 3438/3813/3422 3439/3814/3423 3416/3788/3398
f 3416/3788/3398 3439/3814/3423 3393/3815/3400
f 3369/3816/3353 3440/3817/3424 3417/3792/3401
f 3417/3792/3401 3440/3817/3424 3441/3818/3425 3418/3793/3402
f 3418/3793/3402 3441/3818/3425 3442/3819/3426 3419/3794/3403
f 3419/3794/3403 3442/3819/3426 3443/3820/3427 3420/3795/3404
f 3420/3795/3404 3443/3820/3427 3444/3821/3428 3421/3796/3405
f 3421/3796/3405 3444/3821/3428 3445/3822/3429 3422/3797/3406
f 3422/3797/3406 3445/3822/3429 3446/3823/3430 3423/3798/3407
f 3423/3798/3407 3446/3823/3430 3447/3824/3431 3424/3799/3408
f 3424/3799/3408 3447/3824/3431 3448/3825/3432 3425/3800/3409
f 3425/3800/3409 3448/3825/3432 3449/3826/3433 3426/3801/3410
f 3426/3801/3410 3449/3826/3433 3450/3827/3434 3427/3802/3411
f 3427/3802/3411 3450/3827/3434 3451/3828/3435 3428/3803/3412
f 3428/3803/3412 3451/3828/3435 3452/3829/3436 3429/3804/3413
f 3429/3804/3413 3452/3829/3436 3453/3830/3437 3430/3805/3414
f 3430/3805/3414 3453/3830/3437 3454/3831/3438 3431/3806/3415
f 3431/3806/3415 3454/3831/3438 3455/3832/3439 3432/3807/3416
f 3432/3807/3416 3455/3832/3439 3456/3833/3440 3433/3808/3417
f 3433/3808/3417 3456/3833/3440 3457/3834/3441 3434/3809/3418
f 3434/3809/3418 3457/3834/3441 3458/3835/3442 3435/3810/3419
f 3435/3810/3419 3458/3835/3442 3459/3836/3443 3436/3811/3420
f 3436/3811/3420 3459/3836/3443 3460/3837/3444 3437/3812/3421
f 3437/3812/3421 3460/3837/3444 3461/3838/3445 3438/3813/3422
f 3438/3813/3422 3461/3838/3445 3462/3839/3446 3439/3814/3423
f 3439/3814/3423 3462/3839/3446 3393/3840/3400
f 3369/3841/3353 3463/3842/3447 3440/3817/3424
f 3440/3817/3424 3463/3842/3447 3464/3843/3448 3441/3818/3425
f 3441/3818/3425 3464/3843/3448 3465/3844/3449 3442/3819/3426
f 3442/3819/3426 3465/3844/3449 3466/3845/3450 3443/3820/3427
f 3443/3820/3427 3466/3845/3450 3467/3846/3451 3444/3821/3428
f 3444/3821/3428 3467/3846/3451 3468/3847/3452 3445/3822/3429
f 3445/3822/3429 3468/3847/3452 3469/3848/3453 3446/3823/3430
f 3446/3823/3430 3469/3848/3453 3470/3849/3454 3447/3824/3431
f 3447/3824/3431 3470/3849/3454 3471/3850/3455 3448/3825/3432
f 3448/3825/3432 3471/3850/3455 3472/3851/3456 3449/3826/3433
f 3449/3826/3433 3472/3851/3456 3473/3852/3457 3450/3827/3434
f 3450/3827/3434 3473/3852/3457 3474/3853/3458 3451/3828/3435
f 3451/3828/3435 3474/3853/3458 3475/3854/3459 3452/3829/3436
f 3452/3829/3436 3475/3854/3459 3476/3855/3460 3453/3830/3437
f 3453/3830/3437 3476/3855/3460 3477/3856/3461 3454/3831/3438
f 3454/3831/3438 3477/3856/3461 3478/3857/3462 3455/3832/3439
f 3455/3832/3439 3478/3857/3462 3479/3858/3463 3456/3833/3440
f 3456/3833/3440 3479/3858/3463 3480/3859/3464 3457/3834/3441
f 3457/3834/3441 3480/3859/3464 3481/3860/3465 3458/3835/3442
f 3458/3835/3442 3481/3860/3465 3482/3861/3466 3459/3836/3443
f 3459/3836/3443 3482/3861/3466 3483/3862/3467 3460/3837/3444
f 3460/3837/3444 3483/3862/3467 3484/3863/3468 3461/3838/3445
f 3461/3838/3445 3484/3863/3468 3485/3864/3469 3462/3839/3446
f 3462/3839/3446 3485/3864/3469 3393/3865/3400
f 3369/3866/3353 3486/3867/3470 3463/3842/3447
f 3463/3842/3447 3486/3867/3470 3487/3868/3471 3464/3843/3448
f 3464/3843/3448 3487/3868/3471 3488/3869/3472 3465/3844/3449
f 3465/3844/3449 3488/3869/3472 3489/3870/3473 3466/3845/3450
f 3466/3845/3450 3489/3870/3473 3490/3871/3474 3467/3846/3451
f 3467/3846/3451 3490/3871/3474 3491/3872/3475 3468/3847/3452
f 3468/3847/3452 3491/3872/3475 3492/3873/3476 3469/3848/3453
f 3469/3848/3453 3492/3873/3476 3493/3874/3477 3470/3849/3454
f 3470/3849/3454 3493/3874/3477 3494/3875/3478 3471/3850/3455
f 3471/3850/3455 3494/3875/3478 3495/3876/3479 3472/3851/3456
f 3472/3851/3456 3495/3876/3479 3496/3877/3480 3473/3852/3457
f 3473/3852/3457 3496/3877/3480 3497/3878/3481 3474/3853/3458
f 3474/3853/3458 3497/3878/3481 3498/3879/3482 3475/3854/3459
f 3475/3854/3459 3498/3879/3482 3499/3880/3483 3476/3855/3460
f 3476/3855/3460 3499/3880/3483 3500/3881/3484 3477/3856/3461
f 3477/3856/3461 3500/3881/3484 3501/3882/3485 3478/3857/3462
f 3478/3857/3462 3501/3882/3485 3502/3883/3486 3479/3858/3463
f 3479/3858/3463 3502/3883/3486 3503/3884/3487 3480/3859/3464
f 3480/3859/3464 3503/3884/3487 3504/3885/3488 3481/3860/3465
f 3481/3860/3465 3504/3885/3488 3505/3886/3489 3482/3861/3466
f 3482/3861/3466 3505/3886/3489 3506/3887/3490 3483/3862/3467
f 3483/3862/3467 3506/3887/3490 3507/3888/3491 3484/3863/3468
f 3484/3863/3468 3507/3888/3491 3508/3889/3492 3485/3864/3469
f 3485/3864/3469 3508/3889/3492 3393/3890/3400
f 3369/3891/3353 3509/3892/3493 3486/3867/3470
f 3486/3867/3470 3509/3892/3493 3510/3893/3494 3487/3868/3471
f 3487/3868/3471 3510/3893/3494 3511/3894/3495 3488/3869/3472
f 3488/3869/3472 3511/3894/3495 3512/3895/3496 3489/3870/3473
f 3489/3870/3473 3512/3895/3496 3513/3896/3497 3490/3871/3474
f 3490/3871/3474 3513/3896/3497 3514/3897/3498 3491/3872/3475
f 3491/3872/3475 3514/3897/3498 3515/3898/3499 3492/3873/3476
f 3492/3873/3476 3515/3898/3499 3516/3899/3500 3493/3874/3477
f 3493/3874/3477 3516/3899/3500 3517/3900/3501 3494/3875/3478
f 3494/3875/3478 3517/3900/3501 3518/3901/3502 3495/3876/3479
f 3495/3876/3479 3518/3901/3502 3519/3902/3503 3496/3877/3480
f 3496/3877/3480 3519/3902/3503 3520/3903/3504 3497/3878/3481
f 3497/3878/3481 3520/3903/3504 3521/3904/3505 3498/3879/3482
f 3498/3879/3482 3521/3904/3505 3522/3905/3506 3499/3880/3483
f 3499/3880/3483 3522/3905/3506 3523/3906/3507 3500/3881/3484
f 3500/3881/3484 3523/3906/3507 3524/3907/3508 3501/3882/3485
f 3501/3882/3485 3524/3907/3508 3525/3908/3509 3502/3883/3486
f 3502/3883/3486 3525/3908/3509 3526/3909/3510 3503/3884/3487
f 3503/3884/3487 3526/3909/3510 3527/3910/3511 3504/3885/3488
f 3504/3885/3488 3527/3910/3511 3528/3911/3512 3505/3886/3489
f 3505/3886/3489 3528/3911/3512 3529/3912/3513 3506/3887/3490
f 3506/3887/3490 3529/3912/3513 3530/3913/3514 3507/3888/3491
f 3507/3888/3491 3530/3913/3514 3531/3914/3515 3508/3889/3492
f 3508/3889/3492 3531/3914/3515 3393/3915/3400
f 3369/3916/3353 3532/3917/3516 3509/3892/3493
f 3509/3892/3493 3532/3917/3516 3533/3918/3517 3510/3893/3494
f 3510/3893/3494 3533/3918/3517 3534/3919/3518 3511/3894/3495
f 3511/3894/3495 3534/3919/3518 3535/3920/3519 3512/3895/3496
f 3512/3895/3496 3535/3920/3519 3536/3921/3520 3513/3896/3497
f 3513/3896/3497 3536/3921/3520 3537/3922/3521 3514/3897/3498
f 3514/3897/3498 3537/3922/3521 3538/3923/3522 3515/3898/3499
f 3515/3898/3499 3538/3923/3522 3539/3924/3523 3516/3899/3500
f 3516/3899/3500 3539/3924/3523 3540/3925/3524 3517/3900/3501
f 3517/3900/3501 3540/3925/3524 3541/3926/3525 3518/3901/3502
f 3518/3901/3502 3541/3926/3525 3542/3927/3526 3519/3902/3503
f 3519/3902/3503 3542/3927/3526 3543/3928/3527 3520/3903/3504
f 3520/3903/3504 3543/3928/3527 3544/3929/3528 3521/3904/3505
f 3521/3904/3505 3544/3929/3528 3545/3930/3529 3522/3905/3506
f 3522/3905/3506 3545/3930/3529 3546/3931/3530 3523/3906/3507
f 3523/3906/3507 3546/3931/3530 3547/3932/3531 3524/3907/3508
f 3524/3907/3508 3547/3932/3531 3548/3933/3532 3525/3908/3509
f 3525/3908/3509 3548/3933/3532 3549/3934/3533 3526/3909/3510
f 3526/3909/3510 3549/3934/3533 3550/3935/3534 3527/3910/3511
f 3527/3910/3511 3550/3935/3534 3551/3936/3535 3528/3911/3512
f 3528/3911/3512 3551/3936/3535 3552/3937/3536 3529/3912/3513
f 3529/3912/3513 3552/3937/3536 3553/3938/3537 3530/3913/3514
f 3530/3913/3514 3553/3938/3537 3554/3939/3538 3531/3914/3515
f 3531/3914/3515 3554/3939/3538 3393/3940/3400
f 3369/3941/3353 3555/3942/3539 3532/3917/3516
f 3532/3917/3516 3555/3942/3539 3556/3943/3540 3533/3918/3517
f 3533/3918/3517 3556/3943/3540 3557/3944/3541 3534/3919/3518
f 3534/3919/3518 3557/3944/3541 3558/3945/3542 3535/3920/3519
f 3535/3920/3519 3558/3945/3542 3559/3946/3543 3536/3921/3520
f 3536/3921/3520 3559/3946/3543 3560/3947/3544 3537/3922/3521
f 3537/3922/3521 3560/3947/3544 3561/3948/3545 3538/3923/3522
f 3538/3923/3522 3561/3948/3545 3562/3949/3546 3539/3924/3523
f 3539/3924/3523 3562/3949/3546 3563/3950/3547 3540/3925/3524
f 3540/3925/3524 3563/3950/3547 3564/3951/3548 3541/3926/3525
f 3541/3926/3525 3564/3951/3548 3565/3952/3549 3542/3927/3526
f 3542/3927/3526 3565/3952/3549 3566/3953/3550 3543/3928/3527
f 3543/3928/3527 3566/3953/3550 3567/3954/3551 3544/3929/3528
f 3544/3929/3528 3567/3954/3551 3568/3955/3552 3545/3930/3529
f 3545/3930/3529 3568/3955/3552 3569/3956/3553 3546/3931/3530
f 3546/3931/3530 3569/3956/3553 3570/3957/3554 3547/3932/3531
f 3547/3932/3531 3570/3957/3554 3571/3958/3555 3548/3933/3532
f 3548/3933/3532 3571/3958/3555 3572/3959/3556 3549/3934/3533
f 3549/3934/3533 3572/3959/3556 3573/3960/3557 3550/3935/3534
f 3550/3935/3534 3573/3960/3557 3574/3961/3558 3551/3936/3535
f 3551/3936/3535 3574/3961/3558 3575/3962/3559 3552/3937/3536
f 3552/3937/3536 3575/3962/3559 3576/3963/3560 3553/3938/3537
f 3553/3938/3537 3576/3963/3560 3577/3964/3561 3554/3939/3538
f 3554/3939/3538 3577/3964/3561 3393/3965/3400
f 3369/3966/3353 3578/3967/3562 3555/3942/3539
f 3555/3942/3539 3578/3967/3562 3579/3968/3563 3556/3943/3540
f 3556/3943/3540 3579/3968/3563 3580/3969/3564 3557/3944/3541
f 3557/3944/3541 3580/3969/3564 3581/3970/3565 3558/3945/3542
f 3558/3945/3542 3581/3970/3565 3582/3971/3566 3559/3946/3543
f 3559/3946/3543 3582/3971/3566 3583/3972/3567 3560/3947/3544
f 3560/3947/3544 3583/3972/3567 3584/3973/3568 3561/3948/3545
f 3561/3948/3545 3584/3973/3568 3585/3974/3569 3562/3949/3546
f 3562/3949/3546 3585/3974/3569 3586/3975/3570 3563/3950/3547
f 3563/3950/3547 3586/3975/3570 3587/3976/3571 3564/3951/3548
f 3564/3951/3548 3587/3976/3571 3588/3977/3572 3565/3952/3549
f 3565/3952/3549 3588/3977/3572 3589/3978/3573 3566/3953/3550
f 3566/3953/3550 3589/3978/3573 3590/3979/3574 3567/3954/3551
f 3567/3954/3551 3590/3979/3574 3591/3980/3575 3568/3955/3552
f 3568/3955/3552 3591/3980/3575 3592/3981/3576 3569/3956/3553
f 3569/3956/3553 3592/3981/3576 3593/3982/3577 3570/3957/3554
f 3570/3957/3554 3593/3982/3577 3594/3983/3578 3571/3958/3555
f 3571/3958/3555 3594/3983/3578 3595/3984/3579 3572/3959/3556
f 3572/3959/3556 3595/3984/3579 3596/3985/3580 3573/3960/3557
f 3573/3960/3557 3596/3985/3580 3597/3986/3581 3574/3961/3558
f 3574/3961/3558 3597/3986/3581 3598/3987/3582 3575/3962/3559
f 3575/3962/3559 3598/3987/3582 3599/3988/3583 3576/3963/3560
f 3576/3963/3560 3599/3988/3583 3600/3989/3584 3577/3964/3561
f 3577/3964/3561 3600/3989/3584 3393/3990/3400
f 3369/3991/3353 3601/3992/3585 3578/3967/3562
f 3578/3967/3562 3601/3992/3585 3602/3993/3586 3579/3968/3563
f 3579/3968/3563 3602/3993/3586 3603/3994/3587 3580/3969/3564
f 3580/3969/3564 3603/3994/3587 3604/3995/3588 3581/3970/3565
f 3581/3970/3565 3604/3995/3588 3605/3996/3589 3582/3971/3566
f 3582/3971/3566 3605/3996/3589 3606/3997/3590 3583/3972/3567
f 3583/3972/3567 3606/3997/3590 3607/3998/3591 3584/3973/3568
f 3584/3973/3568 3607/3998/3591 3608/3999/3592 3585/3974/3569
f 3585/3974/3569 3608/3999/3592 3609/4000/3593 3586/3975/3570
f 3586/3975/3570 3609/4000/3593 3610/4001/3594 3587/3976/3571
f 3587/3976/3571 3610/4001/3594 3611/4002/3595 3588/3977/3572
f 3588/3977/3572 3611/4002/3595 3612/4003/3596 3589/3978/3573
f 3589/3978/3573 3612/4003/3596 3613/4004/3597 3590/3979/3574
f 3590/3979/3574 3613/4004/3597 3614/4005/3598 3591/3980/3575
f 3591/3980/3575 3614/4005/3598 3615/4006/3599 3592/3981/3576
f 3592/3981/3576 3615/4006/3599 3616/4007/3600 3593/3982/3577
f 3593/3982/3577 3616/4007/3600 3617/4008/3601 3594/3983/3578
f 3594/3983/3578 3617/4008/3601 3618/4009/3602 3595/3984/3579
f 3595/3984/3579 3618/4009/3602 3619/4010/3603 3596/3985/3580
f 3596/3985/3580 3619/4010/3603 3620/4011/3604 3597/3986/3581
f 3597/3986/3581 3620/4011/3604 3621/4012/3605 3598/3987/3582
f 3598/3987/3582 3621/4012/3605 3622/4013/3606 3599/3988/3583
f 3599/3988/3583 3622/4013/3606 3623/4014/3607 3600/3989/3584
f 3600/3989/3584 3623/4014/3607 3393/4015/3400
f 3369/4016/3353 3624/4017/3608 3601/3992/3585
f 3601/3992/3585 3624/4017/3608 3625/4018/3609 3602/3993/3586
f 3602/3993/3586 3625/4018/3609 3626/4019/3610 3603/3994/3587
f 3603/3994/3587 3626/4019/3610 3627/4020/3611 3604/3995/3588
f 3604/3995/3588 3627/4020/3611 3628/4021/3612 3605/3996/3589
f 3605/3996/3589 3628/4021/3612 3629/4022/3613 3606/3997/3590
f 3606/3997/3590 3629/4022/3613 3630/4023/3614 3607/3998/3591
f 3607/3998/3591 3630/4023/3614 3631/4024/3615 3608/3999/3592
f 3608/3999/3592 3631/4024/3615 3632/4025/3616 3609/4000/3593
f 3609/4000/3593 3632/4025/3616 3633/4026/3617 3610/4001/3594
f 3610/4001/3594 3633/4026/3617 3634/4027/3618 3611/4002/3595
f 3611/4002/3595 3634/4027/3618 3635/4028/3619 3612/4003/3596
f 3612/4003/3596 3635/4028/3619 3636/4029/3620 3613/4004/3597
f 3613/4004/3597 3636/4029/3620 3637/4030/3621 3614/4005/3598
f 3614/4005/3598 3637/4030/3621 3638/4031/3622 3615/4006/3599
f 3615/4006/3599 3638/4031/3622 3639/4032/3623 3616/4007/3600
f 3616/4007/3600 3639/4032/3623 3640/4033/3624 3617/4008/3601
f 3617/4008/3601 3640/4033/3624 3641/4034/3625 3618/4009/3602
f 3618/4009/3602 3641/4034/3625 3642/4035/3626 3619/4010/3603
f 3619/4010/3603 3642/4035/3626 3643/4036/3627 3620/4011/3604
f 3620/4011/3604 3643/4036/3627 3644/4037/3628 3621/4012/3605
f 3621/4012/3605 3644/4037/3628 3645/4038/3629 3622/4013/3606
f 3622/4013/3606 3645/4038/3629 3646/4039/3630 3623/4014/3607
f 3623/4014/3607 3646/4039/3630 3393/4040/3400
f 3369/4041/3353 3647/4042/3631 3624/4017/3608
f 3624/4017/3608 3647/4042/3631 3648/4043/3632 3625/4018/3609
f 3625/4018/3609 3648/4043/3632 3649/4044/3633 3626/4019/3610
f 3626/4019/3610 3649/4044/3633 3650/4045/3634 3627/4020/3611
f 3627/4020/3611 3650/4045/3634 3651/4046/3635 3628/4021/3612
f 3628/4021/3612 3651/4046/3635 3652/4047/3636 3629/4022/3613
f 3629/4022/3613 3652/4047/3636 3653/4048/3637 3630/4023/3614
f 3630/4023/3614 3653/4048/3637 3654/4049/3638 3631/4024/3615
f 3631/4024/3615 3654/4049/3638 3655/4050/3639 3632/4025/3616
f 3632/4025/3616 3655/4050/3639 3656/4051/3640 3633/4026/3617
f 3633/4026/3617 3656/4051/3640 3657/4052/3641 3634/4027/3618
f 3634/4027/3618 3657/4052/3641 3658/4053/3642 3635/4028/3619
f 3635/4028/3619 3658/4053/3642 3659/4054/3643 3636/4029/3620
f 3636/4029/3620 3659/4054/3643 3660/4055/3644 3637/4030/3621
f 3637/4030/3621 3660/4055/3644 3661/4056/3645 3638/4031/3622
f 3638/4031/3622 3661/4056/3645 3662/4057/3646 3639/4032/3623
f 3639/4032/3623 3662/4057/3646 3663/4058/3647 3640/4033/3624
f 3640/4033/3624 3663/4058/3647 3664/4059/3648 3641/4034/3625
f 3641/4034/3625 3664/4059/3648 3665/4060/3649 3642/4035/3626
f 3642/4035/3626 3665/4060/3649 3666/4061/3650 3643/4036/3627
f 3643/4036/3627 3666/4061/3650 3667/4062/3651 3644/4037/3628
f 3644/4037/3628 3667/4062/3651 3668/4063/3652 3645/4038/3629
f 3645/4038/3629 3668/4063/3652 3669/4064/3653 3646/4039/3630
f 3646/4039/3630 3669/4064/3653 3393/4065/3400
f 3369/4066/3353 3670/4067/3654 3647/4042/3631
f 3647/4042/3631 3670/4067/3654 3671/4068/3655 3648/4043/3632
f 3648/4043/3632 3671/4068/3655 3672/4069/3656 3649/4044/3633
f 3649/4044/3633 3672/4069/3656 3673/4070/3657 3650/4045/3634
f 3650/4045/3634 3673/4070/3657 3674/4071/3658 3651/4046/3635
f 3651/4046/3635 3674/4071/3658 3675/4072/3659 3652/4047/3636
f 3652/4047/3636 3675/4072/3659 3676/4073/3660 3653/4048/3637
f 3653/4048/3637 3676/4073/3660 3677/4074/3661 3654/4049/3638
f 3654/4049/3638 3677/4074/3661 3678/4075/3662 3655/4050/3639
f 3655/4050/3639 3678/4075/3662 3679/4076/3663 3656/4051/3640
f 3656/4051/3640 3679/4076/3663 3680/4077/3664 3657/4052/3641
f 3657/4052/3641 3680/4077/3664 3681/4078/3665 3658/4053/3642
f 3658/4053/3642 3681/4078/3665 3682/4079/3666 3659/4054/3643
f 3659/4054/3643 3682/4079/3666 3683/4080/3667 3660/4055/3644
f 3660/4055/3644 3683/4080/3667 3684/4081/3668 3661/4056/3645
f 3661/4056/3645 3684/4081/3668 3685/4082/3669 3662/4057/3646
f 3662/4057/3646 3685/4082/3669 3686/4083/3670 3663/4058/3647
f 3663/4058/3647 3686/4083/3670 3687/4084/3671 3664/4059/3648
f 3664/4059/3648 3687/4084/3671 3688/4085/3672 3665/4060/3649
f 3665/4060/3649 3688/4085/3672 3689/4086/3673 3666/4061/3650
f 3666/4061/3650 3689/4086/3673 3690/4087/3674 3667/4062/3651
f 3667/4062/3651 3690/4087/3674 3691/4088/3675 3668/4063/3652
f 3668/4063/3652 3691/4088/3675 3692/4089/3676 3669/4064/3653
f 3669/4064/3653 3692/4089/3676 3393/4090/3400
f 3369/4091/3353 3693/4092/3677 3670/4067/3654
f 3670/4067/3654 3693/4092/3677 3694/4093/3678 3671/4068/3655
f 3671/4068/3655 3694/4093/3678 3695/4094/3679 3672/4069/3656
f 3672/4069/3656 3695/4094/3679 3696/4095/3680 3673/4070/3657
f 3673/4070/3657 3696/4095/3680 3697/4096/3681 3674/4071/3658
f 3674/4071/3658 3697/4096/3681 3698/4097/3682 3675/4072/3659
f 3675/4072/3659 3698/4097/3682 3699/4098/3683 3676/4073/3660
f 3676/4073/3660 3699/4098/3683 3700/4099/3684 3677/4074/3661
f 3677/4074/3661 3700/4099/3684 3701/4100/3685 3678/4075/3662
f 3678/4075/3662 3701/4100/3685 3702/4101/3686 3679/4076/3663
f 3679/4076/3663 3702/4101/3686 3703/4102/3687 3680/4077/3664
f 3680/4077/3664 3703/4102/3687 3704/4103/3688 3681/4078/3665
f 3681/4078/3665 3704/4103/3688 3705/4104/3689 3682/4079/3666
f 3682/4079/3666 3705/4104/3689 3706/4105/3690 3683/4080/3667
f 3683/4080/3667 3706/4105/3690 3707/4106/3691 3684/4081/3668
f 3684/4081/3668 3707/4106/3691 3708/4107/3692 3685/4082/3669
f 3685/4082/3669 3708/4107/3692 3709/4108/3693 3686/4083/3670
f 3686/4083/3670 3709/4108/3693 3710/4109/3694 3687/4084/3671
f 3687/4084/3671 3710/4109/3694 3711/4110/3695 3688/4085/3672
f 3688/4085/3672 3711/4110/3695 3712/4111/3696 3689/4086/3673
f 3689/4086/3673 3712/4111/3696 3713/4112/3697 3690/4087/3674
f 3690/4087/3674 3713/4112/3697 3714/4113/3698 3691/4088/3675
f 3691/4088/3675 3714/4113/3698 3715/4114/3699 3692/4089/3676
f 3692/4089/3676 3715/4114/3699 3393/4115/3400
f 3369/4116/3353 3716/4117/3700 3693/4092/3677
f 3693/4092/3677 3716/4117/3700 3717/4118/3701 3694/4093/3678
f 3694/4093/3678 3717/4118/3701 3718/4119/3702 3695/4094/3679
f 3695/4094/3679 3718/4119/3702 3719/4120/3703 3696/4095/3680
f 3696/4095/3680 3719/4120/3703 3720/4121/3704 3697/4096/3681
f 3697/4096/3681 3720/4121/3704 3721/4122/3705 3698/4097/3682
f 3698/4097/3682 3721/4122/3705 3722/4123/3706 3699/4098/3683
f 3699/4098/3683 3722/4123/3706 3723/4124/3707 3700/4099/3684
f 3700/4099/3684 3723/4124/3707 3724/4125/3708 3701/4100/3685
f 3701/4100/3685 3724/4125/3708 3725/4126/3709 3702/4101/3686
f 3702/4101/3686 3725/4126/3709 3726/4127/3710 3703/4102/3687
f 3703/4102/3687 3726/4127/3710 3727/4128/3711 3704/4103/3688
f 3704/4103/3688 3727/4128/3711 3728/4129/3712 3705/4104/3689
f 3705/4104/3689 3728/4129/3712 3729/4130/3713 3706/4105/3690
f 3706/4105/3690 3729/4130/3713 3730/4131/3714 3707/4106/3691
f 3707/4106/3691 3730/4131/3714 3731/4132/3715 3708/4107/3692
f 3708/4107/3692 3731/4132/3715 3732/4133/3716 3709/4108/3693
f 3709/4108/3693 3732/4133/3716 3733/4134/3717 3710/4109/3694
f 3710/4109/3694 3733/4134/3717 3734/4135/3718 3711/4110/3695
f 3711/4110/3695 3734/4135/3718 3735/4136/3719 3712/4111/3696
f 3712/4111/3696 3735/4136/3719 3736/4137/3720 3713/4112/3697
f 3713/4112/3697 3736/4137/3720 3737/4138/3721 3714/4113/3698
f 3714/4113/3698 3737/4138/3721 3738/4139/3722 3715/4114/3699
f 3715/4114/3699 3738/4139/3722 3393/4140/3400
f 3369/4141/3353 3739/4142/3723 3716/4117/3700
f 3716/4117/3700 3739/4142/3723 3740/4143/3724 3717/4118/3701
f 3717/4118/3701 3740/4143/3724 3741/4144/3725 3718/4119/3702
f 3718/4119/3702 3741/4144/3725 3742/4145/3726 3719/4120/3703
f 3719/4120/3703 3742/4145/3726 3743/4146/3727 3720/4121/3704
f 3720/4121/3704 3743/4146/3727 3744/4147/3728 3721/4122/3705
f 3721/4122/3705 3744/4147/3728 3745/4148/3729 3722/4123/3706
f 3722/4123/3706 3745/4148/3729 3746/4149/3730 3723/4124/3707
f 3723/4124/3707 3746/4149/3730 3747/4150/3731 3724/4125/3708
f 3724/4125/3708 3747/4150/3731 3748/4151/3732 3725/4126/3709
f 3725/4126/3709 3748/4151/3732 3749/4152/3733 3726/4127/3710
f 3726/4127/3710 3749/4152/3733 3750/4153/3734 3727/4128/3711
f 3727/4128/3711 3750/4153/3734 3751/4154/3735 3728/4129/3712
f 3728/4129/3712 3751/4154/3735 3752/4155/3736 3729/4130/3713
f 3729/4130/3713 3752/4155/3736 3753/4156/3737 3730/4131/3714
f 3730/4131/3714 3753/4156/3737 3754/4157/3738 3731/4132/3715
f 3731/4132/3715 3754/4157/3738 3755/4158/3739 3732/4133/3716
f 3732/4133/3716 3755/4158/3739 3756/4159/3740 3733/4134/3717
f 3733/4134/3717 3756/4159/3740 3757/4160/3741 3734/4135/3718
f 3734/4135/3718 3757/4160/3741 3758/4161/3742 3735/4136/3719
f 3735/4136/3719 3758/4161/3742 3759/4162/3743 3736/4137/3720
f 3736/4137/3720 3759/4162/3743 3760/4163/3744 3737/4138/3721
f 3737/4138/3721 3760/4163/3744 3761/4164/3745 3738/4139/3722
f 3738/4139/3722 3761/4164/3745 3393/4165/3400
f 3369/4166/3353 3762/4167/3746 3739/4142/3723
f 3739/4142/3723 3762/4167/3746 3763/4168/3747 3740/4143/3724
f 3740/4143/3724 3763/4168/3747 3764/4169/3748 3741/4144/3725
f 3741/4144/3725 3764/4169/3748 3765/4170/3749 3742/4145/3726
f 3742/4145/3726 3765/4170/3749 3766/4171/3750 3743/4146/3727
f 3743/4146/3727 3766/4171/3750 3767/4172/3751 3744/4147/3728
f 3744/4147/3728 3767/4172/3751 3768/4173/3752 3745/4148/3729
f 3745/4148/3729 3768/4173/3752 3769/4174/3753 3746/4149/3730
f 3746/4149/3730 3769/4174/3753 3770/4175/3754 3747/4150/3731
f 3747/4150/3731 3770/4175/3754 3771/4176/3755 3748/4151/3732
f 3748/4151/3732 3771/4176/3755 3772/4177/3756 3749/4152/3733
f 3749/4152/3733 3772/4177/3756 3773/4178/3757 3750/4153/3734
f 3750/4153/3734 3773/4178/3757 3774/4179/3758 3751/4154/3735
f 3751/4154/3735 3774/4179/3758 3775/4180/3759 3752/4155/3736
f 3752/4155/3736 3775/4180/3759 3776/4181/3760 3753/4156/3737
f 3753/4156/3737 3776/4181/3760 3777/4182/3761 3754/4157/3738
f 3754/4157/3738 3777/4182/3761 3778/4183/3762 3755/4158/3739
f 3755/4158/3739 3778/4183/3762 3779/4184/3763 3756/4159/3740
f 3756/4159/3740 3779/4184/3763 3780/4185/3764 3757/4160/3741
f 3757/4160/3741 3780/4185/3764 3781/4186/3765 3758/4161/3742
f 3758/4161/3742 3781/4186/3765 3782/4187/3766 3759/4162/3743
f 3759/4162/3743 3782/4187/3766 3783/4188/3767 3760/4163/3744
f 3760/4163/3744 3783/4188/3767 3784/4189/3768 3761/4164/3745
f 3761/4164/3745 3784/4189/3768 3393/4190/3400
f 3369/4191/3353 3785/4192/3769 3762/4167/3746
f 3762/4167/3746 3785/4192/3769 3786/4193/3770 3763/4168/3747
f 3763/4168/3747 3786/4193/3770 3787/4194/3771 3764/4169/3748
f 3764/4169/3748 3787/4194/3771 3788/4195/3772 3765/4170/3749
f 3765/4170/3749 3788/4195/3772 3789/4196/3773 3766/4171/3750
f 3766/4171/3750 3789/4196/3773 3790/4197/3774 3767/4172/3751
f 3767/4172/3751 3790/4197/3774 3791/4198/3775 3768/4173/3752
f 3768/4173/3752 3791/4198/3775 3792/4199/3776 3769/4174/3753
f 3769/4174/3753 3792/4199/3776 3793/4200/3777 3770/4175/3754
f 3770/4175/3754 3793/4200/3777 3794/4201/3778 3771/4176/3755
f 3771/4176/3755 3794/4201/3778 3795/4202/3779 3772/4177/3756
f 3772/4177/3756 3795/4202/3779 3796/4203/3780 3773/4178/3757
f 3773/4178/3757 3796/4203/3780 3797/4204/3781 3774/4179/3758
f 3774/4179/3758 3797/4204/3781 3798/4205/3782 3775/4180/3759
f 3775/4180/3759 3798/4205/3782 3799/4206/3783 3776/4181/3760
f 3776/4181/3760 3799/4206/3783 3800/4207/3784 3777/4182/3761
f 3777/4182/3761 3800/4207/3784 3801/4208/3785 3778/4183/3762
f 3778/4183/3762 3801/4208/3785 3802/4209/3786 3779/4184/3763
f 3779/4184/3763 3802/4209/3786 3803/4210/3787 3780/4185/3764
f 3780/4185/3764 3803/4210/3787 3804/4211/3788 3781/4186/3765
f 3781/4186/3765 3804/4211/3788 3805/4212/3789 3782/4187/3766
f 3782/4187/3766 3805/4212/3789 3806/4213/3790 3783/4188/3767
f 3783/4188/3767 3806/4213/3790 3807/4214/3791 3784/4189/3768
f 3784/4189/3768 3807/4214/3791 3393/4215/3400
f 3369/4216/3353 3808/4217/3792 3785/4192/3769
f 3785/4192/3769 3808/4217/3792 3809/4218/3793 3786/4193/3770
f 3786/4193/3770 3809/4218/3793 3810/4219/3794 3787/4194/3771
f 3787/4194/3771 3810/4219/3794 3811/4220/3795 3788/4195/3772
f 3788/4195/3772 3811/4220/3795 3812/4221/3796 3789/4196/3773
f 3789/4196/3773 3812/4221/3796 3813/4222/3797 3790/4197/3774
f 3790/4197/3774 3813/4222/3797 3814/4223/3798 3791/4198/3775
f 3791/4198/3775 3814/4223/3798 3815/4224/3799 3792/4199/3776
f 3792/4199/3776 3815/4224/3799 3816/4225/3800 3793/4200/3777
f 3793/4200/3777 3816/4225/3800 3817/4226/3801 3794/4201/3778
f 3794/4201/3778 3817/4226/3801 3818/4227/3802 3795/4202/3779
f 3795/4202/3779 3818/4227/3802 3819/4228/3803 3796/4203/3780
f 3796/4203/3780 3819/4228/3803 3820/4229/3804 3797/4204/3781
f 3797/4204/3781 3820/4229/3804 3821/4230/3805 3798/4205/3782
f 3798/4205/3782 3821/4230/3805 3822/4231/3806 3799/4206/3783
f 3799/4206/3783 3822/4231/3806 3823/4232/3807 3800/4207/3784
f 3800/4207/3784 3823/4232/3807 3824/4233/3808 3801/4208/3785
f 3801/4208/3785 3824/4233/3808 3825/4234/3809 3802/4209/3786
f 3802/4209/3786 3825/4234/3809 3826/4235/3810 3803/4210/3787
f 3803/4210/3787 3826/4235/3810 3827/4236/3811 3804/4211/3788
f 3804/4211/3788 3827/4236/3811 3828/4237/3812 3805/4212/3789
f 3805/4212/3789 3828/4237/3812 3829/4238/3813 3806/4213/3790
f 3806/4213/3790 3829/4238/3813 3830/4239/3814 3807/4214/3791
f 3807/4214/3791 3830/4239/3814 3393/4240/3400
f 3369/4241/3353 3831/4242/3815 3808/4217/3792
f 3808/4217/3792 3831/4242/3815 3832/4243/3816 3809/4218/3793
f 3809/4218/3793 3832/4243/3816 3833/4244/3817 3810/4219/3794
f 3810/4219/3794 3833/4244/3817 3834/4245/3818 3811/4220/3795
f 3811/4220/3795 3834/4245/3818 3835/4246/3819 3812/4221/3796
f 3812/4221/3796 3835/4246/3819 3836/4247/3820 3813/4222/3797
f 3813/4222/3797 3836/4247/3820 3837/4248/3821 3814/4223/3798
f 3814/4223/3798 3837/4248/3821 3838/4249/3822 3815/4224/3799
f 3815/4224/3799 3838/4249/3822 3839/4250/3823 3816/4225/3800
f 3816/4225/3800 3839/4250/3823 3840/4251/3824 3817/4226/3801
f 3817/4226/3801 3840/4251/3824 3841/4252/3825 3818/4227/3802
f 3818/4227/3802 3841/4252/3825 3842/4253/3826 3819/4228/3803
f 3819/4228/3803 3842/4253/3826 3843/4254/3827 3820/4229/3804
f 3820/4229/3804 3843/4254/3827 3844/4255/3828 3821/4230/3805
f 3821/4230/3805 3844/4255/3828 3845/4256/3829 3822/4231/3806
f 3822/4231/3806 3845/4256/3829 3846/4257/3830 3823/4232/3807
f 3823/4232/3807 3846/4257/3830 3847/4258/3831 3824/4233/3808
f 3824/4233/3808 3847/4258/3831 3848/4259/3832 3825/4234/3809
f 3825/4234/3809 3848/4259/3832 3849/4260/3833 3826/4235/3810
f 3826/4235/3810 3849/4260/3833 3850/4261/3834 3827/4236/3811
f 3827/4236/3811 3850/4261/3834 3851/4262/3835 3828/4237/3812
f 3828/4237/3812 3851/4262/3835 3852/4263/3836 3829/4238/3813
f 3829/4238/3813 3852/4263/3836 3853/4264/3837 3830/4239/3814
f 3830/4239/3814 3853/4264/3837 3393/4265/3400
f 3369/4266/3353 3854/4267/3838 3831/4242/3815
f 3831/4242/3815 3854/4267/3838 3855/4268/3839 3832/4243/3816
f 3832/4243/3816 3855/4268/3839 3856/4269/3840 3833/4244/3817
f 3833/4244/3817 3856/4269/3840 3857/4270/3841 3834/4245/3818
f 3834/4245/3818 3857/4270/3841 3858/4271/3842 3835/4246/3819
f 3835/4246/3819 3858/4271/3842 3859/4272/3843 3836/4247/3820
f 3836/4247/3820 3859/4272/3843 3860/4273/3844 3837/4248/3821
f 3837/4248/3821 3860/4273/3844 3861/4274/3845 3838/4249/3822
f 3838/4249/3822 3861/4274/3845 3862/4275/3846 3839/4250/3823
f 3839/4250/3823 3862/4275/3846 3863/4276/3847 3840/4251/3824
f 3840/4251/3824 3863/4276/3847 3864/4277/3848 3841/4252/3825
f 3841/4252/3825 3864/4277/3848 3865/4278/3849 3842/4253/3826
f 3842/4253/3826 3865/4278/3849 3866/4279/3850 3843/4254/3827
f 3843/4254/3827 3866/4279/3850 3867/4280/3851 3844/4255/3828
f 3844/4255/3828 3867/4280/3851 3868/4281/3852 3845/4256/3829
f 3845/4256/3829 3868/4281/3852 3869/4282/3853 3846/4257/3830
f 3846/4257/3830 3869/4282/3853 3870/4283/3854 3847/4258/3831
f 3847/4258/3831 3870/4283/3854 3871/4284/3855 3848/4259/3832
f 3848/4259/3832 3871/4284/3855 3872/4285/3856 3849/4260/3833
f 3849/4260/3833 3872/4285/3856 3873/4286/3857 3850/4261/3834
f 3850/4261/3834 3873/4286/3857 3874/4287/3858 3851/4262/3835
f 3851/4262/3835 3874/4287/3858 3875/4288/3859 3852/4263/3836
f 3852/4263/3836 3875/4288/3859 3876/4289/3860 3853/4264/3837
f 3853/4264/3837 3876/4289/3860 3393/4290/3400
f 3369/4291/3353 3877/4292/3861 3854/4267/3838
f 3854/4267/3838 3877/4292/3861 3878/4293/3862 3855/4268/3839
f 3855/4268/3839 3878/4293/3862 3879/4294/3863 3856/4269/3840
f 3856/4269/3840 3879/4294/3863 3880/4295/3864 3857/4270/3841
f 3857/4270/3841 3880/4295/3864 3881/4296/3865 3858/4271/3842
f 3858/4271/3842 3881/4296/3865 3882/4297/3866 3859/4272/3843
f 3859/4272/3843 3882/4297/3866 3883/4298/3867 3860/4273/3844
f 3860/4273/3844 3883/4298/3867 3884/4299/3868 3861/4274/3845
f 3861/4274/3845 3884/4299/3868 3885/4300/3869 3862/4275/3846
f 3862/4275/3846 3885/4300/3869 3886/4301/3870 3863/4276/3847
f 3863/4276/3847 3886/4301/3870 3887/4302/3871 3864/4277/3848
f 3864/4277/3848 3887/4302/3871 3888/4303/3872 3865/4278/3849
f 3865/4278/3849 3888/4303/3872 3889/4304/3873 3866/4279/3850
f 3866/4279/3850 3889/4304/3873 3890/4305/3874 3867/4280/3851
f 3867/4280/3851 3890/4305/3874 3891/4306/3875 3868/4281/3852
f 3868/4281/3852 3891/4306/3875 3892/4307/3876 3869/4282/3853
f 3869/4282/3853 3892/4307/3876 3893/4308/3877 3870/4283/3854
f 3870/4283/3854 3893/4308/3877 3894/4309/3878 3871/4284/3855
f 3871/4284/3855 3894/4309/3878 3895/4310/3879 3872/4285/3856
f 3872/4285/3856 3895/4310/3879 3896/4311/3880 3873/4286/3857
f 3873/4286/3857 3896/4311/3880 3897/4312/3881 3874/4287/3858
f 3874/4287/3858 3897/4312/3881 3898/4313/3882 3875/4288/3859
f 3875/4288/3859 3898/4313/3882 3899/4314/3883 3876/4289/3860
f 3876/4289/3860 3899/4314/3883 3393/4315/3400
f 3369/4316/3353 3900/4317/3884 3877/4292/3861
f 3877/4292/3861 3900/4317/3884 3901/4318/3885 3878/4293/3862
f 3878/4293/3862 3901/4318/3885 3902/4319/3886 3879/4294/3863
f 3879/4294/3863 3902/4319/3886 3903/4320/3887 3880/4295/3864
f 3880/4295/3864 3903/4320/3887 3904/4321/3888 3881/4296/3865
f 3881/4296/3865 3904/4321/3888 3905/4322/3889 3882/4297/3866
f 3882/4297/3866 3905/4322/3889 3906/4323/3890 3883/4298/3867
f 3883/4298/3867 3906/4323/3890 3907/4324/3891 3884/4299/3868
f 3884/4299/3868 3907/4324/3891 3908/4325/3892 3885/4300/3869
f 3885/4300/3869 3908/4325/3892 3909/4326/3893 3886/4301/3870
f 3886/4301/3870 3909/4326/3893 3910/4327/3894 3887/4302/3871
f 3887/4302/3871 3910/4327/3894 3911/4328/3895 3888/4303/3872
f 3888/4303/3872 3911/4328/3895 3912/4329/3896 3889/4304/3873
f 3889/4304/3873 3912/4329/3896 3913/4330/3897 3890/4305/3874
f 3890/4305/3874 3913/4330/3897 3914/4331/3898 3891/4306/3875
f 3891/4306/3875 3914/4331/3898 3915/4332/3899 3892/4307/3876
f 3892/4307/3876 3915/4332/3899 3916/4333/3900 3893/4308/3877
f 3893/4308/3877 3916/4333/3900 3917/4334/3901 3894/4309/3878
f 3894/4309/3878 3917/4334/3901 3918/4335/3902 3895/4310/3879
f 3895/4310/3879 3918/4335/3902 3919/4336/3903 3896/4311/3880
f 3896/4311/3880 3919/4336/3903 3920/4337/3904 3897/4312/3881
f 3897/4312/3881 3920/4337/3904 3921/4338/3905 3898/4313/3882
f 3898/4313/3882 3921/4338/3905 3922/4339/3906 3899/4314/3883
f 3899/4314/3883 3922/4339/3906 3393/4340/3400
f 3369/4341/3353 3370/4342/3355 3900/4317/3884
f 3900/4317/3884 3370/4342/3355 3371/4343/3357 3901/4318/3885
f 3901/4318/3885 3371/4343/3357 3372/4344/3359 3902/4319/3886
f 3902/4319/3886 3372/4344/3359 3373/4345/3361 3903/4320/3887
f 3903/4320/3887 3373/4345/3361 3374/4346/3363 3904/4321/3888
f 3904/4321/3888 3374/4346/3363 3375/4347/3365 3905/4322/3889
f 3905/4322/3889 3375/4347/3365 3376/4348/3367 3906/4323/3890
f 3906/4323/3890 3376/4348/3367 3377/4349/3369 3907/4324/3891
f 3907/4324/3891 3377/4349/3369 3378/4350/3371 3908/4325/3892
f 3908/4325/3892 3378/4350/3371 3379/4351/3373 3909/4326/3893
f 3909/4326/3893 3379/4351/3373 3380/4352/3375 3910/4327/3894
f 3910/4327/3894 3380/4352/3375 3381/4353/3377 3911/4328/3895
f 3911/4328/3895 3381/4353/3377 3382/4354/3379 3912/4329/3896
f 3912/4329/3896 3382/4354/3379 3383/4355/3381 3913/4330/3897
f 3913/4330/3897 3383/4355/3381 3384/4356/3383 3914/4331/3898
f 3914/4331/3898 3384/4356/3383 3385/4357/3385 3915/4332/3899
f 3915/4332/3899 3385/4357/3385 3386/4358/3387 3916/4333/3900
f 3916/4333/3900 3386/4358/3387 3387/4359/3389 3917/4334/3901
f 3917/4334/3901 3387/4359/3389 3388/4360/3391 3918/4335/3902
f 3918/4335/3902 3388/4360/3391 3389/4361/3393 3919/4336/3903
f 3919/4336/3903 3389/4361/3393 3390/4362/3395 3920/4337/3904
f 3920/4337/3904 3390/4362/3395 3391/4363/3397 3921/4338/3905
f 3921/4338/3905 3391/4363/3397 3392/4364/3399 3922/4339/3906
f 3922/4339/3906 3392/4364/3399 3393/4365/3400
o Sphere8
v 3.077200 0.380300 -0.000000
v 3.126867 0.377029 -0.000000
v 3.175622 0.367370 -0.000000
v 3.222703 0.351321 -0.000000
v 3.267350 0.329340 -0.000000
v 3.308727 0.301730 -0.000000
v 3.346148 0.268948 -0.000000
v 3.378930 0.231527 -0.000000
v 3.406540 0.190150 -0.000000
v 3.428521 0.145503 -0.000000
v 3.444570 0.098422 -0.000000
v 3.454229 0.049667 -0.000000
v 3.457500 0.000000 0.000000
v 3.454229 -0.049667 0.000000
v 3.444570 -0.098422 0.000000
v 3.428521 -0.145503 0.000000
v 3.406540 -0.190150 0.000000
v 3.378930 -0.231527 0.000000
v 3.346148 -0.268948 0.000000
v 3.308727 -0.301730 0.000000
v 3.267350 -0.329340 0.000000
v 3.222703 -0.351321 0.000000
v 3.175622 -0.367370 0.000000
v 3.126867 -0.377029 0.000000
v 3.077200 -0.380300 0.000000
v 3.125118 0.377029 0.012854
v 3.172275 0.367370 0.025480
v 3.217759 0.351321 0.037650
v 3.260885 0.329340 0.049211
v 3.300816 0.301730 0.059935
v 3.336945 0.268948 0.069595
v 3.368662 0.231527 0.078114
v 3.395359 0.190150 0.085263
v 3.416580 0.145503 0.090968
v 3.432020 0.098422 0.095075
v 3.441375 0.049667 0.097585
v 3.444570 0.000000 0.098422
v 3.441375 -0.049667 0.097585
v 3.432020 -0.098422 0.095075
v 3.416580 -0.145503 0.090968
v 3.395359 -0.190150 0.085263
v 3.368662 -0.231527 0.078114
v 3.336945 -0.268948 0.069595
v 3.300816 -0.301730 0.059935
v 3.260885 -0.329340 0.049211
v 3.217759 -0.351321 0.037650
v 3.172275 -0.367370 0.025480
v 3.125118 -0.377029 0.012854
v 3.120174 0.377029 0.024796
v 3.162463 0.367370 0.049211
v 3.203231 0.351321 0.072789
v 3.241870 0.329340 0.095075
v 3.277694 0.301730 0.115763
v 3.310096 0.268948 0.134474
v 3.338466 0.231527 0.150827
v 3.362425 0.190150 0.164670
v 3.381516 0.145503 0.175699
v 3.395359 0.098422 0.183685
v 3.403726 0.049667 0.188553
v 3.406540 0.000000 0.190150
v 3.403726 -0.049667 0.188553
v 3.395359 -0.098422 0.183685
v 3.381516 -0.145503 0.175699
v 3.362425 -0.190150 0.164670
v 3.338466 -0.231527 0.150827
v 3.310096 -0.268948 0.134474
v 3.277694 -0.301730 0.115763
v 3.241870 -0.329340 0.095075
v 3.203231 -0.351321 0.072789
v 3.162463 -0.367370 0.049211
v 3.120174 -0.377029 0.024796
v 3.112264 0.377029 0.035064
v 3.146795 0.367370 0.069595
v 3.180109 0.351321 0.102909
v 3.211674 0.329340 0.134474
v 3.240881 0.301730 0.163681
v 3.267350 0.268948 0.190150
v 3.290548 0.231527 0.213348
v 3.310096 0.190150 0.232896
v 3.325612 0.145503 0.248412
v 3.336945 0.098422 0.259745
v 3.343790 0.049667 0.266590
v 3.346148 0.000000 0.268948
v 3.343790 -0.049667 0.266590
v 3.336945 -0.098422 0.259745
v 3.325612 -0.145503 0.248412
v 3.310096 -0.190150 0.232896
v 3.290548 -0.231527 0.213348
v 3.267350 -0.268948 0.190150
v 3.240881 -0.301730 0.163681
v 3.211674 -0.329340 0.134474
v 3.180109 -0.351321 0.102909
v 3.146795 -0.367370 0.069595
v 3.112264 -0.377029 0.035064
v 3.101995 0.377029 0.042974
v 3.126411 0.367370 0.085263
v 3.149989 0.351321 0.126031
v 3.172275 0.329340 0.164670
v 3.192963 0.301730 0.200494
v 3.211674 0.268948 0.232896
v 3.228027 0.231527 0.261266
v 3.241870 0.190150 0.285225
v 3.252898 0.145503 0.304316
v 3.260885 0.098422 0.318159
v 3.265753 0.049667 0.326526
v 3.267350 0.000000 0.329340
v 3.265753 -0.049667 0.326526
v 3.260885 -0.098422 0.318159
v 3.252898 -0.145503 0.304316
v 3.241870 -0.190150 0.285225
v 3.228027 -0.231527 0.261266
v 3.211674 -0.268948 0.232896
v 3.192963 -0.301730 0.200494
v 3.172275 -0.329340 0.164670
v 3.149989 -0.351321 0.126031
v 3.126411 -0.367370 0.085263
v 3.101995 -0.377029 0.042974
v 3.090054 0.377029 0.047918
v 3.102680 0.367370 0.095075
v 3.114850 0.351321 0.140559
v 3.126411 0.329340 0.183685
v 3.137135 0.301730 0.223616
v 3.146795 0.268948 0.259745
v 3.155313 0.231527 0.291462
v 3.162463 0.190150 0.318159
v 3.168168 0.145503 0.339380
v 3.172275 0.098422 0.354820
v 3.174785 0.049667 0.364175
v 3.175622 0.000000 0.367370
v 3.174785 -0.049667 0.364175
v 3.172275 -0.098422 0.354820
v 3.168168 -0.145503 0.339380
v 3.162463 -0.190150 0.318159
v 3.155313 -0.231527 0.291462
v 3.146795 -0.268948 0.259745
v 3.137135 -0.301730 0.223616
v 3.126411 -0.329340 0.183685
v 3.114850 -0.351321 0.140559
v 3.102680 -0.367370 0.095075
v 3.090054 -0.377029 0.047918
v 3.077200 0.377029 0.049667
v 3.077200 0.367370 0.098422
v 3.077200 0.351321 0.145503
v 3.077200 0.329340 0.190150
v 3.077200 0.301730 0.231527
v 3.077200 0.268948 0.268948
v 3.077200 0.231527 0.301730
v 3.077200 0.190150 0.329340
v 3.077200 0.145503 0.351321
v 3.077200 0.098422 0.367370
v 3.077200 0.049667 0.377029
v 3.077200 0.000000 0.380300
v 3.077200 -0.049667 0.377029
v 3.077200 -0.098422 0.367370
v 3.077200 -0.145503 0.351321
v 3.077200 -0.190150 0.329340
v 3.077200 -0.231527 0.301730
v 3.077200 -0.268948 0.268948
v 3.077200 -0.301730 0.231527
v 3.077200 -0.329340 0.190150
v 3.077200 -0.351321 0.145503
v 3.077200 -0.367370 0.098422
v 3.077200 -0.377029 0.049667
v 3.064346 0.377029 0.047918
v 3.051720 0.367370 0.095075
v 3.039550 0.351321 0.140559
v 3.027989 0.329340 0.183685
v 3.017265 0.301730 0.223616
v 3.007605 0.268948 0.259745
v 2.999086 0.231527 0.291462
v 2.991937 0.190150 0.318159
v 2.986232 0.145503 0.339380
v 2.982125 0.098422 0.354820
v 2.979615 0.049667 0.364175
v 2.978778 0.000000 0.367370
v 2.979615 -0.049667 0.364175
v 2.982125 -0.098422 0.354820
v 2.986232 -0.145503 0.339380
v 2.991937 -0.190150 0.318159
v 2.999086 -0.231527 0.291462
v 3.007605 -0.268948 0.259745
v 3.017265 -0.301730 0.223616
v 3.027989 -0.329340 0.183685
v 3.039550 -0.351321 0.140559
v 3.051720 -0.367370 0.095075
v 3.064346 -0.377029 0.047918
v 3.052404 0.377029 0.042974
v 3.027989 0.367370 0.085263
v 3.004411 0.351321 0.126031
v 2.982125 0.329340 0.164670
v 2.961437 0.301730 0.200494
v 2.942726 0.268948 0.232896
v 2.926373 0.231527 0.261266
v 2.912530 0.190150 0.285225
v 2.901501 0.145503 0.304316
v 2.893515 0.098422 0.318159
v 2.888647 0.049667 0.326526
v 2.887050 0.000000 0.329340
v 2.888647 -0.049667 0.326526
v 2.893515 -0.098422 0.318159
v 2.901501 -0.145503 0.304316
v 2.912530 -0.190150 0.285225
v 2.926373 -0.231527 0.261266
v 2.942726 -0.268948 0.232896
v 2.961437 -0.301730 0.200494
v 2.982125 -0.329340 0.164670
v 3.004411 -0.351321 0.126031
v 3.027989 -0.367370 0.085263
v 3.052404 -0.377029 0.042974
v 3.042136 0.377029 0.035064
v 3.007605 0.367370 0.069595
v 2.974291 0.351321 0.102909
v 2.942726 0.329340 0.134474
v 2.913519 0.301730 0.163681
v 2.887050 0.268948 0.190150
v 2.863852 0.231527 0.213348
v 2.844304 0.190150 0.232896
v 2.828788 0.145503 0.248412
v 2.817455 0.098422 0.259745
v 2.810610 0.049667 0.266590
v 2.808252 0.000000 0.268948
v 2.810610 -0.049667 0.266590
v 2.817455 -0.098422 0.259745
v 2.828788 -0.145503 0.248412
v 2.844304 -0.190150 0.232896
v 2.863852 -0.231527 0.213348
v 2.887050 -0.268948 0.190150
v 2.913519 -0.301730 0.163681
v 2.942726 -0.329340 0.134474
v 2.974291 -0.351321 0.102909
v 3.007605 -0.367370 0.069595
v 3.042136 -0.377029 0.035064
v 3.034226 0.377029 0.024796
v 2.991937 0.367370 0.049211
v 2.951169 0.351321 0.072789
v 2.912530 0.329340 0.095075
v 2.876706 0.301730 0.115763
v 2.844304 0.268948 0.134474
v 2.815934 0.231527 0.150827
v 2.791975 0.190150 0.164670
v 2.772884 0.145503 0.175699
v 2.759041 0.098422 0.183685
v 2.750674 0.049667 0.188553
v 2.747860 0.000000 0.190150
v 2.750674 -0.049667 0.188553
v 2.759041 -0.098422 0.183685
v 2.772884 -0.145503 0.175699
v 2.791975 -0.190150 0.164670
v 2.815934 -0.231527 0.150827
v 2.844304 -0.268948 0.134474
v 2.876706 -0.301730 0.115763
v 2.912530 -0.329340 0.095075
v 2.951169 -0.351321 0.072789
v 2.991937 -0.367370 0.049211
v 3.034226 -0.377029 0.024796
v 3.029282 0.377029 0.012854
v 2.982125 0.367370 0.025480
v 2.936641 0.351321 0.037650
v 2.893515 0.329340 0.049211
v 2.853584 0.301730 0.059935
v 2.817455 0.268948 0.069595
v 2.785738 0.231527 0.078114
v 2.759041 0.190150 0.085263
v 2.737820 0.145503 0.090968
v 2.722380 0.098422 0.095075
v 2.713025 0.049667 0.097585
v 2.709830 0.000000 0.098422
v 2.713025 -0.049667 0.097585
v 2.722380 -0.098422 0.095075
v 2.737820 -0.145503 0.090968
v 2.759041 -0.190150 0.085263
v 2.785738 -0.231527 0.078114
v 2.817455 -0.268948 0.069595
v 2.853584 -0.301730 0.059935
v 2.893515 -0.329340 0.049211
v 2.936641 -0.351321 0.037650
v 2.982125 -0.367370 0.025480
v 3.029282 -0.377029 0.012854
v 3.027533 0.377029 -0.000000
v 2.978778 0.367370 -0.000000
v 2.931697 0.351321 -0.000000
v 2.887050 0.329340 -0.000000
v 2.845673 0.301730 -0.000000
v 2.808252 0.268948 -0.000000
v 2.775470 0.231527 -0.000000
v 2.747860 0.190150 -0.000000
v 2.725879 0.145503 -0.000000
v 2.709830 0.098422 -0.000000
v 2.700171 0.049667 -0.000000
v 2.696900 0.000000 0.000000
v 2.700171 -0.049667 0.000000
v 2.709830 -0.098422 0.000000
v 2.725879 -0.145503 0.000000
v 2.747860 -0.190150 0.000000
v 2.775470 -0.231527 0.000000
v 2.808252 -0.268948 0.000000
v 2.845673 -0.301730 0.000000
v 2.887050 -0.329340 0.000000
v 2.931697 -0.351321 0.000000
v 2.978778 -0.367370 0.000000
v 3.027533 -0.377029 0.000000
v 3.029282 0.377029 -0.012854
v 2.982125 0.367370 -0.025480
v 2.936641 0.351321 -0.037650
v 2.893515 0.329340 -0.049211
v 2.853584 0.301730 -0.059935
v 2.817455 0.268948 -0.069595
v 2.785738 0.231527 -0.078114
v 2.759041 0.190150 -0.085263
v 2.737820 0.145503 -0.090968
v 2.722380 0.098422 -0.095075
v 2.713025 0.049667 -0.097585
v 2.709830 -0.000000 -0.098422
v 2.713025 -0.049667 -0.097585
v 2.722380 -0.098422 -0.095075
v 2.737820 -0.145503 -0.090968
v 2.759041 -0.190150 -0.085263
v 2.785738 -0.231527 -0.078114
v 2.817455 -0.268948 -0.069595
v 2.853584 -0.301730 -0.059935
v 2.893515 -0.329340 -0.049211
v 2.936641 -0.351321 -0.037650
v 2.982125 -0.367370 -0.025480
v 3.029282 -0.377029 -0.012854
v 3.034226 0.377029 -0.024796
v 2.991937 0.367370 -0.049211
v 2.951169 0.351321 -0.072789
v 2.912530 0.329340 -0.095075
v 2.876706 0.301730 -0.115763
v 2.844304 0.268948 -0.134474
v 2.815934 0.231527 -0.150827
v 2.791975 0.190150 -0.164670
v 2.772884 0.145503 -0.175699
v 2.759041 0.098422 -0.183685
v 2.750674 0.049667 -0.188553
v 2.747860 -0.000000 -0.190150
v 2.750674 -0.049667 -0.188553
v 2.759041 -0.098422 -0.183685
v 2.772884 -0.145503 -0.175699
v 2.791975 -0.190150 -0.164670
v 2.815934 -0.231527 -0.150827
v 2.844304 -0.268948 -0.134474
v 2.876706 -0.301730 -0.115763
v 2.912530 -0.329340 -0.095075
v 2.951169 -0.351321 -0.072789
v 2.991937 -0.367370 -0.049211
v 3.034226 -0.377029 -0.024796
v 3.042136 0.377029 -0.035064
v 3.007605 0.367370 -0.069595
v 2.974291 0.351321 -0.102909
v 2.942726 0.329340 -0.134474
v 2.913519 0.301730 -0.163681
v 2.887050 0.268948 -0.190150
v 2.863852 0.231527 -0.213348
v 2.844304 0.190150 -0.232896
v 2.828788 0.145503 -0.248412
v 2.817455 0.098422 -0.259745
v 2.810610 0.049667 -0.266590
v 2.808252 -0.000000 -0.268948
v 2.810610 -0.049667 -0.266590
v 2.817455 -0.098422 -0.259745
v 2.828788 -0.145503 -0.248412
v 2.844304 -0.190150 -0.232896
v 2.863852 -0.231527 -0.213348
v 2.887050 -0.268948 -0.190150
v 2.913519 -0.301730 -0.163681
v 2.942726 -0.329340 -0.134474
v 2.974291 -0.351321 -0.102909
v 3.007605 -0.367370 -0.069595
v 3.042136 -0.377029 -0.035064
v 3.052404 0.377029 -0.042974
v 3.027989 0.367370 -0.085263
v 3.004411 0.351321 -0.126031
v 2.982125 0.329340 -0.164670
v 2.961437 0.301730 -0.200494
v 2.942726 0.268948 -0.232896
v 2.926373 0.231527 -0.261266
v 2.912530 0.190150 -0.285225
v 2.901501 0.145503 -0.304316
v 2.893515 0.098422 -0.318159
v 2.888647 0.049667 -0.326526
v 2.887050 -0.000000 -0.329340
v 2.888647 -0.049667 -0.326526
v 2.893515 -0.098422 -0.318159
v 2.901501 -0.145503 -0.304316
v 2.912530 -0.190150 -0.285225
v 2.926373 -0.231527 -0.261266
v 2.942726 -0.268948 -0.232896
v 2.961437 -0.301730 -0.200494
v 2.982125 -0.329340 -0.164670
v 3.004411 -0.351321 -0.126031
v 3.027989 -0.367370 -0.085263
v 3.052404 -0.377029 -0.042974
v 3.064346 0.377029 -0.047918
v 3.051720 0.367370 -0.095075
v 3.039550 0.351321 -0.140559
v 3.027989 0.329340 -0.183685
v 3.017265 0.301730 -0.223616
v 3.007605 0.268948 -0.259745
v 2.999086 0.231527 -0.291462
v 2.991937 0.190150 -0.318159
v 2.986232 0.145503 -0.339380
v 2.982125 0.098422 -0.354820
v 2.979615 0.049667 -0.364175
v 2.978778 -0.000000 -0.367370
v 2.979615 -0.049667 -0.364175
v 2.982125 -0.098422 -0.354820
v 2.986232 -0.145503 -0.339380
v 2.991937 -0.190150 -0.318159
v 2.999086 -0.231527 -0.291462
v 3.007605 -0.268948 -0.259745
v 3.017265 -0.301730 -0.223616
v 3.027989 -0.329340 -0.183685
v 3.039550 -0.351321 -0.140559
v 3.051720 -0.367370 -0.095075
v 3.064346 -0.377029 -0.047918
v 3.077200 0.377029 -0.049667
v 3.077200 0.367370 -0.098422
v 3.077200 0.351321 -0.145503
v 3.077200 0.329340 -0.190150
v 3.077200 0.301730 -0.231527
v 3.077200 0.268948 -0.268948
v 3.077200 0.231527 -0.301730
v 3.077200 0.190150 -0.329340
v 3.077200 0.145503 -0.351321
v 3.077200 0.098422 -0.367370
v 3.077200 0.049667 -0.377029
v 3.077200 -0.000000 -0.380300
v 3.077200 -0.049667 -0.377029
v 3.077200 -0.098422 -0.367370
v 3.077200 -0.145503 -0.351321
v 3.077200 -0.190150 -0.329340
v 3.077200 -0.231527 -0.301730
v 3.077200 -0.268948 -0.268948
v 3.077200 -0.301730 -0.231527
v 3.077200 -0.329340 -0.190150
v 3.077200 -0.351321 -0.145503
v 3.077200 -0.367370 -0.098422
v 3.077200 -0.377029 -0.049667
v 3.090054 0.377029 -0.047918
v 3.102680 0.367370 -0.095075
v 3.114850 0.351321 -0.140559
v 3.126411 0.329340 -0.183685
v 3.137135 0.301730 -0.223616
v 3.146795 0.268948 -0.259745
v 3.155313 0.231527 -0.291462
v 3.162463 0.190150 -0.318159
v 3.168168 0.145503 -0.339380
v 3.172275 0.098422 -0.354820
v 3.174785 0.049667 -0.364175
v 3.175622 -0.000000 -0.367370
v 3.174785 -0.049667 -0.364175
v 3.172275 -0.098422 -0.354820
v 3.168168 -0.145503 -0.339380
v 3.162463 -0.190150 -0.318159
v 3.155313 -0.231527 -0.291462
v 3.146795 -0.268948 -0.259745
v 3.137135 -0.301730 -0.223616
v 3.126411 -0.329340 -0.183685
v 3.114850 -0.351321 -0.140559
v 3.102680 -0.367370 -0.095075
v 3.090054 -0.377029 -0.047918
v 3.101995 0.377029 -0.042974
v 3.126411 0.367370 -0.085263
v 3.149989 0.351321 -0.126031
v 3.172275 0.329340 -0.164670
v 3.192963 0.301730 -0.200494
v 3.211674 0.268948 -0.232896
v 3.228027 0.231527 -0.261266
v 3.241870 0.190150 -0.285225
v 3.252898 0.145503 -0.304316
v 3.260885 0.098422 -0.318159
v 3.265753 0.049667 -0.326526
v 3.267350 -0.000000 -0.329340
v 3.265753 -0.049667 -0.326526
v 3.260885 -0.098422 -0.318159
v 3.252898 -0.145503 -0.304316
v 3.241870 -0.190150 -0.285225
v 3.228027 -0.231527 -0.261266
v 3.211674 -0.268948 -0.232896
v 3.192963 -0.301730 -0.200494
v 3.172275 -0.329340 -0.164670
v 3.149989 -0.351321 -0.126031
v 3.126411 -0.367370 -0.085263
v 3.101995 -0.377029 -0.042974
v 3.112264 0.377029 -0.035064
v 3.146795 0.367370 -0.069595
v 3.180109 0.351321 -0.102909
v 3.211674 0.329340 -0.134474
v 3.240881 0.301730 -0.163681
v 3.267350 0.268948 -0.190150
v 3.290548 0.231527 -0.213348
v 3.310096 0.190150 -0.232896
v 3.325612 0.145503 -0.248412
v 3.336945 0.098422 -0.259745
v 3.343790 0.049667 -0.266590
v 3.346148 -0.000000 -0.268948
v 3.343790 -0.049667 -0.266590
v 3.336945 -0.098422 -0.259745
v 3.325612 -0.145503 -0.248412
v 3.310096 -0.190150 -0.232896
v 3.290548 -0.231527 -0.213348
v 3.267350 -0.268948 -0.190150
v 3.240881 -0.301730 -0.163681
v 3.211674 -0.329340 -0.134474
v 3.180109 -0.351321 -0.102909
v 3.146795 -0.367370 -0.069595
v 3.112264 -0.377029 -0.035064
v 3.120174 0.377029 -0.024796
v 3.162463 0.367370 -0.049211
v 3.203231 0.351321 -0.072789
v 3.241870 0.329340 -0.095075
v 3.277694 0.301730 -0.115763
v 3.310096 0.268948 -0.134474
v 3.338466 0.231527 -0.150827
v 3.362425 0.190150 -0.164670
v 3.381516 0.145503 -0.175699
v 3.395359 0.098422 -0.183685
v 3.403726 0.049667 -0.188553
v 3.406540 -0.000000 -0.190150
v 3.403726 -0.049667 -0.188553
v 3.395359 -0.098422 -0.183685
v 3.381516 -0.145503 -0.175699
v 3.362425 -0.190150 -0.164670
v 3.338466 -0.231527 -0.150827
v 3.310096 -0.268948 -0.134474
v 3.277694 -0.301730 -0.115763
v 3.241870 -0.329340 -0.095075
v 3.203231 -0.351321 -0.072789
v 3.162463 -0.367370 -0.049211
v 3.120174 -0.377029 -0.024796
v 3.125118 0.377029 -0.012854
v 3.172275 0.367370 -0.025480
v 3.217759 0.351321 -0.037650
v 3.260885 0.329340 -0.049211
v 3.300816 0.301730 -0.059935
v 3.336945 0.268948 -0.069595
v 3.368662 0.231527 -0.078114
v 3.395359 0.190150 -0.085263
v 3.416580 0.145503 -0.090968
v 3.432020 0.098422 -0.095075
v 3.441375 0.049667 -0.097585
v 3.444570 -0.000000 -0.098422
v 3.441375 -0.049667 -0.097585
v 3.432020 -0.098422 -0.095075
v 3.416580 -0.145503 -0.090968
v 3.395359 -0.190150 -0.085263
v 3.368662 -0.231527 -0.078114
v 3.336945 -0.268948 -0.069595
v 3.300816 -0.301730 -0.059935
v 3.260885 -0.329340 -0.049211
v 3.217759 -0.351321 -0.037650
v 3.172275 -0.367370 -0.025480
v 3.125118 -0.377029 -0.012854
vt 1.000000 1.000000
vt 0.958333 0.958333
vt 1.000000 0.958333
vt 0.958333 0.916667
vt 1.000000 0.916667
vt 0.958333 0.875000
vt 1.000000 0.875000
vt 0.958333 0.833333
vt 1.000000 0.833333
vt 0.958333 0.791667
vt 1.000000 0.791667
vt 0.958333 0.750000
vt 1.000000 0.750000
vt 0.958333 0.708333
vt 1.000000 0.708333
vt 0.958333 0.666667
vt 1.000000 0.666667
vt 0.958333 0.625000
vt 1.000000 0.625000
vt 0.958333 0.583333
vt 1.000000 0.583333
vt 0.958333 0.541667
vt 1.000000 0.541667
vt 0.958333 0.500000
vt 1.000000 0.500000
vt 0.958333 0.458333
vt 1.000000 0.458333
vt 0.958333 0.416667
vt 1.000000 0.416667
vt 0.958333 0.375000
vt 1.000000 0.375000
vt 0.958333 0.333333
vt 1.000000 0.333333
vt 0.958333 0.291667
vt 1.000000 0.291667
vt 0.958333 0.250000
vt 1.000000 0.250000
vt 0.958333 0.208333
vt 1.000000 0.208333
vt 0.958333 0.166667
vt 1.000000 0.166667
vt 0.958333 0.125000
vt 1.000000 0.125000
vt 0.958333 0.083333
vt 1.000000 0.083333
vt 0.958333 0.041667
vt 1.000000 0.041667
vt 0.958333 0.000000
vt 0.958333 1.000000
vt 0.916667 0.958333
vt 0.916667 0.916667
vt 0.916667 0.875000
vt 0.916667 0.833333
vt 0.916667 0.791667
vt 0.916667 0.750000
vt 0.916667 0.708333
vt 0.916667 0.666667
vt 0.916667 0.625000
vt 0.916667 0.583333
vt 0.916667 0.541667
vt 0.916667 0.500000
vt 0.916667 0.458333
vt 0.916667 0.416667
vt 0.916667 0.375000
vt 0.916667 0.333333
vt 0.916667 0.291667
vt 0.916667 0.250000
vt 0.916667 0.208333
vt 0.916667 0.166667
vt 0.916667 0.125000
vt 0.916667 0.083333
vt 0.916667 0.041667
vt 0.916667 0.000000
vt 0.916667 1.000000
vt 0.875000 0.958333
vt 0.875000 0.916667
vt 0.875000 0.875000
vt 0.875000 0.833333
vt 0.875000 0.791667
vt 0.875000 0.750000
vt 0.875000 0.708333
vt 0.875000 0.666667
vt 0.875000 0.625000
vt 0.875000 0.583333
vt 0.875000 0.541667
vt 0.875000 0.500000
vt 0.875000 0.458333
vt 0.875000 0.416667
vt 0.875000 0.375000
vt 0.875000 0.333333
vt 0.875000 0.291667
vt 0.875000 0.250000
vt 0.875000 0.208333
vt 0.875000 0.166667
vt 0.875000 0.125000
vt 0.875000 0.083333
vt 0.875000 0.041667
vt 0.875000 0.000000
vt 0.875000 1.000000
vt 0.833333 0.958333
vt 0.833333 0.916667
vt 0.833333 0.875000
vt 0.833333 0.833333
vt 0.833333 0.791667
vt 0.833333 0.750000
vt 0.833333 0.708333
vt 0.833333 0.666667
vt 0.833333 0.625000
vt 0.833333 0.583333
vt 0.833333 0.541667
vt 0.833333 0.500000
vt 0.833333 0.458333
vt 0.833333 0.416667
vt 0.833333 0.375000
vt 0.833333 0.333333
vt 0.833333 0.291667
vt 0.833333 0.250000
vt 0.833333 0.208333
vt 0.833333 0.166667
vt 0.833333 0.125000
vt 0.833333 0.083333
vt 0.833333 0.041667
vt 0.833333 0.000000
vt 0.833333 1.000000
vt 0.791667 0.958333
vt 0.791667 0.916667
vt 0.791667 0.875000
vt 0.791667 0.833333
vt 0.791667 0.791667
vt 0.791667 0.750000
vt 0.791667 0.708333
vt 0.791667 0.666667
vt 0.791667 0.625000
vt 0.791667 0.583333
vt 0.791667 0.541667
vt 0.791667 0.500000
vt 0.791667 0.458333
vt 0.791667 0.416667
vt 0.791667 0.375000
vt 0.791667 0.333333
vt 0.791667 0.291667
vt 0.791667 0.250000
vt 0.791667 0.208333
vt 0.791667 0.166667
vt 0.791667 0.125000
vt 0.791667 0.083333
vt 0.791667 0.041667
vt 0.791667 0.000000
vt 0.791667 1.000000
vt 0.750000 0.958333
vt 0.750000 0.916667
vt 0.750000 0.875000
vt 0.750000 0.833333
vt 0.750000 0.791667
vt 0.750000 0.750000
vt 0.750000 0.708333
vt 0.750000 0.666667
vt 0.750000 0.625000
vt 0.750000 0.583333
vt 0.750000 0.541667
vt 0.750000 0.500000
vt 0.750000 0.458333
vt 0.750000 0.416667
vt 0.750000 0.375000
vt 0.750000 0.333333
vt 0.750000 0.291667
vt 0.750000 0.250000
vt 0.750000 0.208333
vt 0.750000 0.166667
vt 0.750000 0.125000
vt 0.750000 0.083333
vt 0.750000 0.041667
vt 0.750000 0.000000
vt 0.750000 1.000000
vt 0.708333 0.958333
vt 0.708333 0.916667
vt 0.708333 0.875000
vt 0.708333 0.833333
vt 0.708333 0.791667
vt 0.708333 0.750000
vt 0.708333 0.708333
vt 0.708333 0.666667
vt 0.708333 0.625000
vt 0.708333 0.583333
vt 0.708333 0.541667
vt 0.708333 0.500000
vt 0.708333 0.458333
vt 0.708333 0.416667
vt 0.708333 0.375000
vt 0.708333 0.333333
vt 0.708333 0.291667
vt 0.708333 0.250000
vt 0.708333 0.208333
vt 0.708333 0.166667
vt 0.708333 0.125000
vt 0.708333 0.083333
vt 0.708333 0.041667
vt 0.708333 0.000000
vt 0.708333 1.000000
vt 0.666667 0.958333
vt 0.666667 0.916667
vt 0.666667 0.875000
vt 0.666667 0.833333
vt 0.666667 0.791667
vt 0.666667 0.750000
vt 0.666667 0.708333
vt 0.666667 0.666667
vt 0.666667 0.625000
vt 0.666667 0.583333
vt 0.666667 0.541667
vt 0.666667 0.500000
vt 0.666667 0.458333
vt 0.666667 0.416667
vt 0.666667 0.375000
vt 0.666667 0.333333
vt 0.666667 0.291667
vt 0.666667 0.250000
vt 0.666667 0.208333
vt 0.666667 0.166667
vt 0.666667 0.125000
vt 0.666667 0.083333
vt 0.666667 0.041667
vt 0.666667 0.000000
vt 0.666667 1.000000
vt 0.625000 0.958333
vt 0.625000 0.916667
vt 0.625000 0.875000
vt 0.625000 0.833333
vt 0.625000 0.791667
vt 0.625000 0.750000
vt 0.625000 0.708333
vt 0.625000 0.666667
vt 0.625000 0.625000
vt 0.625000 0.583333
vt 0.625000 0.541667
vt 0.625000 0.500000
vt 0.625000 0.458333
vt 0.625000 0.416667
vt 0.625000 0.375000
vt 0.625000 0.333333
vt 0.625000 0.291667
vt 0.625000 0.250000
vt 0.625000 0.208333
vt 0.625000 0.166667
vt 0.625000 0.125000
vt 0.625000 0.083333
vt 0.625000 0.041667
vt 0.625000 0.000000
vt 0.625000 1.000000
vt 0.583333 0.958333
vt 0.583333 0.916667
vt 0.583333 0.875000
vt 0.583333 0.833333
vt 0.583333 0.791667
vt 0.583333 0.750000
vt 0.583333 0.708333
vt 0.583333 0.666667
vt 0.583333 0.625000
vt 0.583333 0.583333
vt 0.583333 0.541667
vt 0.583333 0.500000
vt 0.583333 0.458333
vt 0.583333 0.416667
vt 0.583333 0.375000
vt 0.583333 0.333333
vt 0.583333 0.291667
vt 0.583333 0.250000
vt 0.583333 0.208333
vt 0.583333 0.166667
vt 0.583333 0.125000
vt 0.583333 0.083333
vt 0.583333 0.041667
vt 0.583333 0.000000
vt 0.583333 1.000000
vt 0.541667 0.958333
vt 0.541667 0.916667
vt 0.541667 0.875000
vt 0.541667 0.833333
vt 0.541667 0.791667
vt 0.541667 0.750000
vt 0.541667 0.708333
vt 0.541667 0.666667
vt 0.541667 0.625000
vt 0.541667 0.583333
vt 0.541667 0.541667
vt 0.541667 0.500000
vt 0.541667 0.458333
vt 0.541667 0.416667
vt 0.541667 0.375000
vt 0.541667 0.333333
vt 0.541667 0.291667
vt 0.541667 0.250000
vt 0.541667 0.208333
vt 0.541667 0.166667
vt 0.541667 0.125000
vt 0.541667 0.083333
vt 0.541667 0.041667
vt 0.541667 0.000000
vt 0.541667 1.000000
vt 0.500000 0.958333
vt 0.500000 0.916667
vt 0.500000 0.875000
vt 0.500000 0.833333
vt 0.500000 0.791667
vt 0.500000 0.750000
vt 0.500000 0.708333
vt 0.500000 0.666667
vt 0.500000 0.625000
vt 0.500000 0.583333
vt 0.500000 0.541667
vt 0.500000 0.500000
vt 0.500000 0.458333
vt 0.500000 0.416667
vt 0.500000 0.375000
vt 0.500000 0.333333
vt 0.500000 0.291667
vt 0.500000 0.250000
vt 0.500000 0.208333
vt 0.500000 0.166667
vt 0.500000 0.125000
vt 0.500000 0.083333
vt 0.500000 0.041667
vt 0.500000 0.000000
vt 0.500000 1.000000
vt 0.458333 0.958333
vt 0.458333 0.916667
vt 0.458333 0.875000
vt 0.458333 0.833333
vt 0.458333 0.791667
vt 0.458333 0.750000
vt 0.458333 0.708333
vt 0.458333 0.666667
vt 0.458333 0.625000
vt 0.458333 0.583333
vt 0.458333 0.541667
vt 0.458333 0.500000
vt 0.458333 0.458333
vt 0.458333 0.416667
vt 0.458333 0.375000
vt 0.458333 0.333333
vt 0.458333 0.291667
vt 0.458333 0.250000
vt 0.458333 0.208333
vt 0.458333 0.166667
vt 0.458333 0.125000
vt 0.458333 0.083333
vt 0.458333 0.041667
vt 0.458333 0.000000
vt 0.458333 1.000000
vt 0.416667 0.958333
vt 0.416667 0.916667
vt 0.416667 0.875000
vt 0.416667 0.833333
vt 0.416667 0.791667
vt 0.416667 0.750000
vt 0.416667 0.708333
vt 0.416667 0.666667
vt 0.416667 0.625000
vt 0.416667 0.583333
vt 0.416667 0.541667
vt 0.416667 0.500000
vt 0.416667 0.458333
vt 0.416667 0.416667
vt 0.416667 0.375000
vt 0.416667 0.333333
vt 0.416667 0.291667
vt 0.416667 0.250000
vt 0.416667 0.208333
vt 0.416667 0.166667
vt 0.416667 0.125000
vt 0.416667 0.083333
vt 0.416667 0.041667
vt 0.416667 0.000000
vt 0.416667 1.000000
vt 0.375000 0.958333
vt 0.375000 0.916667
vt 0.375000 0.875000
vt 0.375000 0.833333
vt 0.375000 0.791667
vt 0.375000 0.750000
vt 0.375000 0.708333
vt 0.375000 0.666667
vt 0.375000 0.625000
vt 0.375000 0.583333
vt 0.375000 0.541667
vt 0.375000 0.500000
vt 0.375000 0.458333
vt 0.375000 0.416667
vt 0.375000 0.375000
vt 0.375000 0.333333
vt 0.375000 0.291667
vt 0.375000 0.250000
vt 0.375000 0.208333
vt 0.375000 0.166667
vt 0.375000 0.125000
vt 0.375000 0.083333
vt 0.375000 0.041667
vt 0.375000 0.000000
vt 0.375000 1.000000
vt 0.333333 0.958333
vt 0.333333 0.916667
vt 0.333333 0.875000
vt 0.333333 0.833333
vt 0.333333 0.791667
vt 0.333333 0.750000
vt 0.333333 0.708333
vt 0.333333 0.666667
vt 0.333333 0.625000
vt 0.333333 0.583333
vt 0.333333 0.541667
vt 0.333333 0.500000
vt 0.333333 0.458333
vt 0.333333 0.416667
vt 0.333333 0.375000
vt 0.333333 0.333333
vt 0.333333 0.291667
vt 0.333333 0.250000
vt 0.333333 0.208333
vt 0.333333 0.166667
vt 0.333333 0.125000
vt 0.333333 0.083333
vt 0.333333 0.041667
vt 0.333333 0.000000
vt 0.333333 1.000000
vt 0.291667 0.958333
vt 0.291667 0.916667
vt 0.291667 0.875000
vt 0.291667 0.833333
vt 0.291667 0.791667
vt 0.291667 0.750000
vt 0.291667 0.708333
vt 0.291667 0.666667
vt 0.291667 0.625000
vt 0.291667 0.583333
vt 0.291667 0.541667
vt 0.291667 0.500000
vt 0.291667 0.458333
vt 0.291667 0.416667
vt 0.291667 0.375000
vt 0.291667 0.333333
vt 0.291667 0.291667
vt 0.291667 0.250000
vt 0.291667 0.208333
vt 0.291667 0.166667
vt 0.291667 0.125000
vt 0.291667 0.083333
vt 0.291667 0.041667
vt 0.291667 0.000000
vt 0.291667 1.000000
vt 0.250000 0.958333
vt 0.250000 0.916667
vt 0.250000 0.875000
vt 0.250000 0.833333
vt 0.250000 0.791667
vt 0.250000 0.750000
vt 0.250000 0.708333
vt 0.250000 0.666667
vt 0.250000 0.625000
vt 0.250000 0.583333
vt 0.250000 0.541667
vt 0.250000 0.500000
vt 0.250000 0.458333
vt 0.250000 0.416667
vt 0.250000 0.375000
vt 0.250000 0.333333
vt 0.250000 0.291667
vt 0.250000 0.250000
vt 0.250000 0.208333
vt 0.250000 0.166667
vt 0.250000 0.125000
vt 0.250000 0.083333
vt 0.250000 0.041667
vt 0.250000 0.000000
vt 0.250000 1.000000
vt 0.208333 0.958333
vt 0.208333 0.916667
vt 0.208333 0.875000
vt 0.208333 0.833333
vt 0.208333 0.791667
vt 0.208333 0.750000
vt 0.208333 0.708333
vt 0.208333 0.666667
vt 0.208333 0.625000
vt 0.208333 0.583333
vt 0.208333 0.541667
vt 0.208333 0.500000
vt 0.208333 0.458333
vt 0.208333 0.416667
vt 0.208333 0.375000
vt 0.208333 0.333333
vt 0.208333 0.291667
vt 0.208333 0.250000
vt 0.208333 0.208333
vt 0.208333 0.166667
vt 0.208333 0.125000
vt 0.208333 0.083333
vt 0.208333 0.041667
vt 0.208333 0.000000
vt 0.208333 1.000000
vt 0.166667 0.958333
vt 0.166667 0.916667
vt 0.166667 0.875000
vt 0.166667 0.833333
vt 0.166667 0.791667
vt 0.166667 0.750000
vt 0.166667 0.708333
vt 0.166667 0.666667
vt 0.166667 0.625000
vt 0.166667 0.583333
vt 0.166667 0.541667
vt 0.166667 0.500000
vt 0.166667 0.458333
vt 0.166667 0.416667
vt 0.166667 0.375000
vt 0.166667 0.333333
vt 0.166667 0.291667
vt 0.166667 0.250000
vt 0.166667 0.208333
vt 0.166667 0.166667
vt 0.166667 0.125000
vt 0.166667 0.083333
vt 0.166667 0.041667
vt 0.166667 0.000000
vt 0.166667 1.000000
vt 0.125000 0.958333
vt 0.125000 0.916667
vt 0.125000 0.875000
vt 0.125000 0.833333
vt 0.125000 0.791667
vt 0.125000 0.750000
vt 0.125000 0.708333
vt 0.125000 0.666667
vt 0.125000 0.625000
vt 0.125000 0.583333
vt 0.125000 0.541667
vt 0.125000 0.500000
vt 0.125000 0.458333
vt 0.125000 0.416667
vt 0.125000 0.375000
vt 0.125000 0.333333
vt 0.125000 0.291667
vt 0.125000 0.250000
vt 0.125000 0.208333
vt 0.125000 0.166667
vt 0.125000 0.125000
vt 0.125000 0.083333
vt 0.125000 0.041667
vt 0.125000 0.000000
vt 0.125000 1.000000
vt 0.083333 0.958333
vt 0.083333 0.916667
vt 0.083333 0.875000
vt 0.083333 0.833333
vt 0.083333 0.791667
vt 0.083333 0.750000
vt 0.083333 0.708333
vt 0.083333 0.666667
vt 0.083333 0.625000
vt 0.083333 0.583333
vt 0.083333 0.541667
vt 0.083333 0.500000
vt 0.083333 0.458333
vt 0.083333 0.416667
vt 0.083333 0.375000
vt 0.083333 0.333333
vt 0.083333 0.291667
vt 0.083333 0.250000
vt 0.083333 0.208333
vt 0.083333 0.166667
vt 0.083333 0.125000
vt 0.083333 0.083333
vt 0.083333 0.041667
vt 0.083333 0.000000
vt 0.083333 1.000000
vt 0.041667 0.958333
vt 0.041667 0.916667
vt 0.041667 0.875000
vt 0.041667 0.833333
vt 0.041667 0.791667
vt 0.041667 0.750000
vt 0.041667 0.708333
vt 0.041667 0.666667
vt 0.041667 0.625000
vt 0.041667 0.583333
vt 0.041667 0.541667
vt 0.041667 0.500000
vt 0.041667 0.458333
vt 0.041667 0.416667
vt 0.041667 0.375000
vt 0.041667 0.333333
vt 0.041667 0.291667
vt 0.041667 0.250000
vt 0.041667 0.208333
vt 0.041667 0.166667
vt 0.041667 0.125000
vt 0.041667 0.083333
vt 0.041667 0.041667
vt 0.041667 0.000000
vt 0.041667 1.000000
vt 0.000000 0.958333
vt 0.000000 0.916667
vt 0.000000 0.875000
vt 0.000000 0.833333
vt 0.000000 0.791667
vt 0.000000 0.750000
vt 0.000000 0.708333
vt 0.000000 0.666667
vt 0.000000 0.625000
vt 0.000000 0.583333
vt 0.000000 0.541667
vt 0.000000 0.500000
vt 0.000000 0.458333
vt 0.000000 0.416667
vt 0.000000 0.375000
vt 0.000000 0.333333
vt 0.000000 0.291667
vt 0.000000 0.250000
vt 0.000000 0.208333
vt 0.000000 0.166667
vt 0.000000 0.125000
vt 0.000000 0.083333
vt 0.000000 0.041667
vt 0.000000 0.000000
vn 0.000000 1.000000 0.000000
vn 0.125800 0.991500 0.033800
vn 0.130200 0.991500 -0.000000
vn 0.250200 0.965900 0.067000
vn 0.259000 0.965900 0.000000
vn 0.370000 0.923800 0.099000
vn 0.382900 0.923800 0.000000
vn 0.482500 0.866300 0.129300
vn 0.499500 0.866300 0.000000
vn 0.587700 0.793600 0.157500
vn 0.608400 0.793700 -0.000000
vn 0.682900 0.707200 0.183100
vn 0.706900 0.707300 -0.000000
vn 0.766400 0.608700 0.205500
vn 0.793500 0.608600 -0.000000
vn 0.836600 0.499800 0.224100
vn 0.866300 0.499500 -0.000000
vn 0.892500 0.382600 0.238900
vn 0.923900 0.382700 -0.000000
vn 0.933100 0.258800 0.249900
vn 0.965900 0.258900 0.000000
vn 0.957700 0.130600 0.256500
vn 0.991400 0.130600 -0.000000
vn 0.965900 0.000000 0.258800
vn 1.000000 0.000000 0.000000
vn 0.957700 -0.130600 0.256500
vn 0.991400 -0.130600 -0.000000
vn 0.933000 -0.258800 0.249900
vn 0.965900 -0.258900 -0.000000
vn 0.892500 -0.382600 0.238900
vn 0.923900 -0.382600 -0.000000
vn 0.836600 -0.499800 0.224100
vn 0.866300 -0.499500 -0.000000
vn 0.766400 -0.608700 0.205500
vn 0.793500 -0.608600 -0.000000
vn 0.682900 -0.707200 0.183100
vn 0.706900 -0.707300 -0.000000
vn 0.587700 -0.793600 0.157500
vn 0.608400 -0.793700 -0.000000
vn 0.482500 -0.866300 0.129300
vn 0.499500 -0.866300 -0.000000
vn 0.370000 -0.923800 0.099000
vn 0.382900 -0.923800 0.000000
vn 0.250200 -0.965900 0.067000
vn 0.259000 -0.965900 -0.000000
vn 0.125800 -0.991500 0.033800
vn 0.130200 -0.991500 0.000000
vn 0.000000 -1.000000 0.000000
vn 0.112700 0.991500 0.065200
vn 0.224200 0.965900 0.129400
vn 0.331700 0.923800 0.191400
vn 0.432700 0.866200 0.249800
vn 0.526900 0.793600 0.304300
vn 0.612300 0.707100 0.353600
vn 0.687100 0.608600 0.396800
vn 0.749900 0.500000 0.433200
vn 0.800000 0.382700 0.462100
vn 0.836500 0.258800 0.483000
vn 0.858600 0.130700 0.495700
vn 0.866100 0.000000 0.499900
vn 0.858600 -0.130700 0.495700
vn 0.836500 -0.258800 0.483000
vn 0.800000 -0.382600 0.462100
vn 0.749900 -0.500000 0.433100
vn 0.687100 -0.608600 0.396800
vn 0.612300 -0.707100 0.353600
vn 0.526900 -0.793600 0.304300
vn 0.432700 -0.866200 0.249800
vn 0.331700 -0.923700 0.191500
vn 0.224200 -0.965900 0.129400
vn 0.112700 -0.991500 0.065100
vn 0.092000 0.991500 0.092000
vn 0.183100 0.965900 0.183100
vn 0.270800 0.923800 0.270800
vn 0.353400 0.866200 0.353400
vn 0.430200 0.793600 0.430200
vn 0.500000 0.707100 0.500000
vn 0.561100 0.608600 0.561100
vn 0.612400 0.499900 0.612400
vn 0.653300 0.382700 0.653300
vn 0.683000 0.258800 0.683000
vn 0.701100 0.130600 0.701100
vn 0.707100 0.000000 0.707100
vn 0.701100 -0.130600 0.701100
vn 0.683000 -0.258800 0.683000
vn 0.653300 -0.382700 0.653300
vn 0.612400 -0.500000 0.612400
vn 0.561100 -0.608600 0.561100
vn 0.500000 -0.707100 0.500000
vn 0.430200 -0.793600 0.430200
vn 0.353400 -0.866200 0.353400
vn 0.270800 -0.923800 0.270800
vn 0.183100 -0.965900 0.183100
vn 0.092100 -0.991500 0.092100
vn 0.065100 0.991500 0.112700
vn 0.129400 0.965900 0.224200
vn 0.191400 0.923800 0.331700
vn 0.249800 0.866200 0.432700
vn 0.304300 0.793600 0.526900
vn 0.353600 0.707100 0.612400
vn 0.396800 0.608600 0.687100
vn 0.433200 0.500000 0.749900
vn 0.462100 0.382700 0.800000
vn 0.483100 0.258700 0.836500
vn 0.495700 0.130800 0.858600
vn 0.499900 0.000000 0.866100
vn 0.495700 -0.130700 0.858600
vn 0.483100 -0.258700 0.836500
vn 0.462100 -0.382700 0.800000
vn 0.433200 -0.500000 0.749900
vn 0.396800 -0.608700 0.687100
vn 0.353600 -0.707100 0.612300
vn 0.304300 -0.793600 0.526900
vn 0.249800 -0.866200 0.432700
vn 0.191400 -0.923800 0.331700
vn 0.129400 -0.965900 0.224200
vn 0.065100 -0.991500 0.112700
vn 0.033800 0.991500 0.125800
vn 0.067000 0.965900 0.250200
vn 0.099000 0.923800 0.370000
vn 0.129300 0.866300 0.482500
vn 0.157500 0.793600 0.587700
vn 0.183100 0.707200 0.682900
vn 0.205500 0.608700 0.766400
vn 0.224100 0.499800 0.836600
vn 0.238900 0.382600 0.892500
vn 0.249900 0.258900 0.933000
vn 0.256500 0.130600 0.957700
vn 0.258800 0.000000 0.965900
vn 0.256500 -0.130600 0.957700
vn 0.249900 -0.258700 0.933100
vn 0.238900 -0.382600 0.892500
vn 0.224100 -0.499800 0.836600
vn 0.205500 -0.608700 0.766400
vn 0.183100 -0.707200 0.682900
vn 0.157500 -0.793600 0.587700
vn 0.129300 -0.866300 0.482500
vn 0.099000 -0.923800 0.370000
vn 0.067000 -0.965900 0.250200
vn 0.033800 -0.991500 0.125800
vn -0.000000 0.991500 0.130200
vn -0.000000 0.965900 0.259000
vn -0.000000 0.923800 0.382900
vn 0.000000 0.866300 0.499500
vn 0.000000 0.793700 0.608400
vn 0.000000 0.707300 0.706900
vn 0.000000 0.608600 0.793500
vn 0.000000 0.499400 0.866300
vn 0.000000 0.382600 0.923900
vn -0.000000 0.258900 0.965900
vn -0.000000 0.130600 0.991400
vn -0.000000 0.000000 1.000000
vn -0.000000 -0.130600 0.991400
vn -0.000000 -0.258900 0.965900
vn 0.000000 -0.382700 0.923900
vn 0.000000 -0.499500 0.866300
vn 0.000000 -0.608600 0.793500
vn 0.000000 -0.707300 0.706900
vn 0.000000 -0.793700 0.608400
vn 0.000000 -0.866300 0.499500
vn -0.000000 -0.923800 0.382900
vn -0.000000 -0.965900 0.259000
vn -0.000000 -0.991500 0.130200
vn -0.033800 0.991500 0.125800
vn -0.067000 0.965900 0.250200
vn -0.099000 0.923800 0.370000
vn -0.129300 0.866300 0.482500
vn -0.157500 0.793600 0.587700
vn -0.183100 0.707200 0.682900
vn -0.205500 0.608700 0.766400
vn -0.224100 0.499800 0.836600
vn -0.238900 0.382600 0.892500
vn -0.249900 0.258700 0.933100
vn -0.256500 0.130600 0.957700
vn -0.258800 0.000000 0.965900
vn -0.256500 -0.130600 0.957700
vn -0.249900 -0.258800 0.933000
vn -0.238900 -0.382600 0.892500
vn -0.224100 -0.499800 0.836600
vn -0.205500 -0.608700 0.766400
vn -0.183100 -0.707200 0.682900
vn -0.157500 -0.793600 0.587700
vn -0.129300 -0.866300 0.482500
vn -0.099000 -0.923800 0.370000
vn -0.067000 -0.965900 0.250200
vn -0.033800 -0.991500 0.125800
vn -0.065100 0.991500 0.112700
vn -0.129400 0.965900 0.224200
vn -0.191400 0.923800 0.331700
vn -0.249800 0.866200 0.432700
vn -0.304300 0.793600 0.526900
vn -0.353600 0.707100 0.612300
vn -0.396800 0.608700 0.687100
vn -0.433200 0.500000 0.749900
vn -0.462100 0.382600 0.800000
vn -0.483100 0.258700 0.836500
vn -0.495700 0.130700 0.858600
vn -0.499900 0.000000 0.866100
vn -0.495700 -0.130700 0.858600
vn -0.483100 -0.258700 0.836500
vn -0.462100 -0.382700 0.800000
vn -0.433100 -0.500000 0.749900
vn -0.396800 -0.608700 0.687100
vn -0.353600 -0.707100 0.612300
vn -0.304300 -0.793600 0.526900
vn -0.249800 -0.866200 0.432700
vn -0.191500 -0.923700 0.331700
vn -0.129400 -0.965900 0.224200
vn -0.065200 -0.991500 0.112700
vn -0.092000 0.991500 0.092000
vn -0.183100 0.965900 0.183100
vn -0.270800 0.923800 0.270800
vn -0.353400 0.866200 0.353400
vn -0.430200 0.793600 0.430200
vn -0.500000 0.707100 0.500000
vn -0.561100 0.608600 0.561100
vn -0.612400 0.499900 0.612400
vn -0.653300 0.382700 0.653300
vn -0.683000 0.258800 0.683000
vn -0.701100 0.130600 0.701100
vn -0.707100 0.000000 0.707100
vn -0.701100 -0.130600 0.701100
vn -0.683000 -0.258800 0.683000
vn -0.653300 -0.382700 0.653300
vn -0.612400 -0.499900 0.612400
vn -0.561100 -0.608600 0.561100
vn -0.500000 -0.707100 0.500000
vn -0.430200 -0.793600 0.430200
vn -0.353400 -0.866200 0.353400
vn -0.270800 -0.923800 0.270800
vn -0.183100 -0.965900 0.183100
vn -0.092000 -0.991500 0.092000
vn -0.112700 0.991500 0.065200
vn -0.224200 0.965900 0.129400
vn -0.331700 0.923800 0.191400
vn -0.432700 0.866200 0.249800
vn -0.526900 0.793600 0.304300
vn -0.612300 0.707100 0.353600
vn -0.687100 0.608600 0.396800
vn -0.749900 0.500000 0.433100
vn -0.800000 0.382700 0.462100
vn -0.836500 0.258700 0.483100
vn -0.858600 0.130700 0.495700
vn -0.866100 -0.000000 0.499900
vn -0.858600 -0.130600 0.495700
vn -0.836500 -0.258700 0.483100
vn -0.800000 -0.382700 0.462100
vn -0.749900 -0.500000 0.433200
vn -0.687100 -0.608600 0.396800
vn -0.612300 -0.707100 0.353600
vn -0.526900 -0.793600 0.304300
vn -0.432700 -0.866200 0.249800
vn -0.331700 -0.923700 0.191500
vn -0.224200 -0.965900 0.129400
vn -0.112700 -0.991500 0.065100
vn -0.125800 0.991500 0.033800
vn -0.250200 0.965900 0.067000
vn -0.370000 0.923800 0.099000
vn -0.482500 0.866300 0.129300
vn -0.587700 0.793600 0.157500
vn -0.682900 0.707200 0.183100
vn -0.766400 0.608700 0.205500
vn -0.836600 0.499800 0.224100
vn -0.892500 0.382600 0.238900
vn -0.933100 0.258700 0.249900
vn -0.957700 0.130600 0.256500
vn -0.965900 -0.000000 0.258800
vn -0.957700 -0.130600 0.256500
vn -0.933000 -0.258800 0.249900
vn -0.892500 -0.382600 0.238900
vn -0.836600 -0.499800 0.224100
vn -0.766400 -0.608700 0.205500
vn -0.682900 -0.707200 0.183100
vn -0.587700 -0.793600 0.157500
vn -0.482500 -0.866300 0.129300
vn -0.370000 -0.923800 0.099000
vn -0.250200 -0.965900 0.067000
vn -0.125800 -0.991500 0.033800
vn -0.130200 0.991500 -0.000000
vn -0.259000 0.965900 -0.000000
vn -0.382900 0.923800 -0.000000
vn -0.499500 0.866300 0.000000
vn -0.608400 0.793700 0.000000
vn -0.706900 0.707300 0.000000
vn -0.793500 0.608600 0.000000
vn -0.866300 0.499500 0.000000
vn -0.923900 0.382600 0.000000
vn -0.965900 0.258900 -0.000000
vn -0.991400 0.130600 -0.000000
vn -1.000000 0.000000 0.000000
vn -0.991400 -0.130600 -0.000000
vn -0.965900 -0.258900 -0.000000
vn -0.923900 -0.382700 0.000000
vn -0.866300 -0.499500 0.000000
vn -0.793500 -0.608600 0.000000
vn -0.706900 -0.707300 0.000000
vn -0.608400 -0.793700 0.000000
vn -0.499500 -0.866300 0.000000
vn -0.382900 -0.923800 -0.000000
vn -0.259000 -0.965900 -0.000000
vn -0.130200 -0.991500 -0.000000
vn -0.125800 0.991500 -0.033800
vn -0.250200 0.965900 -0.067000
vn -0.370000 0.923800 -0.099000
vn -0.482500 0.866300 -0.129300
vn -0.587700 0.793600 -0.157500
vn -0.682900 0.707200 -0.183100
vn -0.766400 0.608700 -0.205500
vn -0.836600 0.499800 -0.224100
vn -0.892500 0.382600 -0.238900
vn -0.933100 0.258800 -0.249900
vn -0.957700 0.130600 -0.256500
vn -0.965900 -0.000000 -0.258800
vn -0.957700 -0.130600 -0.256500
vn -0.933000 -0.258800 -0.249900
vn -0.892500 -0.382600 -0.238900
vn -0.836600 -0.499800 -0.224100
vn -0.766400 -0.608700 -0.205500
vn -0.682900 -0.707200 -0.183100
vn -0.587700 -0.793600 -0.157500
vn -0.482500 -0.866300 -0.129300
vn -0.370000 -0.923800 -0.099000
vn -0.250200 -0.965900 -0.067000
vn -0.125800 -0.991500 -0.033800
vn -0.112700 0.991500 -0.065200
vn -0.224200 0.965900 -0.129400
vn -0.331700 0.923800 -0.191400
vn -0.432700 0.866200 -0.249800
vn -0.526900 0.793600 -0.304300
vn -0.612300 0.707100 -0.353600
vn -0.687100 0.608600 -0.396800
vn -0.749900 0.500000 -0.433200
vn -0.800000 0.382700 -0.462100
vn -0.836500 0.258800 -0.483000
vn -0.858600 0.130700 -0.495700
vn -0.866100 -0.000000 -0.499900
vn -0.858600 -0.130700 -0.495700
vn -0.836500 -0.258800 -0.483000
vn -0.800000 -0.382600 -0.462100
vn -0.749900 -0.500000 -0.433100
vn -0.687100 -0.608600 -0.396800
vn -0.612300 -0.707100 -0.353600
vn -0.526900 -0.793600 -0.304300
vn -0.432700 -0.866200 -0.249800
vn -0.331700 -0.923700 -0.191500
vn -0.224200 -0.965900 -0.129400
vn -0.112700 -0.991500 -0.065100
vn -0.092000 0.991500 -0.092000
vn -0.183100 0.965900 -0.183100
vn -0.270800 0.923800 -0.270800
vn -0.353400 0.866200 -0.353400
vn -0.430200 0.793600 -0.430200
vn -0.500000 0.707100 -0.500000
vn -0.561100 0.608600 -0.561100
vn -0.612400 0.499900 -0.612400
vn -0.653300 0.382700 -0.653300
vn -0.683000 0.258800 -0.683000
vn -0.701100 0.130600 -0.701100
vn -0.707100 0.000000 -0.707100
vn -0.701100 -0.130600 -0.701100
vn -0.683000 -0.258800 -0.683000
vn -0.653300 -0.382700 -0.653300
vn -0.612400 -0.500000 -0.612400
vn -0.561100 -0.608600 -0.561100
vn -0.500000 -0.707100 -0.500000
vn -0.430200 -0.793600 -0.430200
vn -0.353400 -0.866200 -0.353400
vn -0.270800 -0.923800 -0.270800
vn -0.183100 -0.965900 -0.183100
vn -0.092100 -0.991500 -0.092100
vn -0.065100 0.991500 -0.112700
vn -0.129400 0.965900 -0.224200
vn -0.191400 0.923800 -0.331700
vn -0.249800 0.866200 -0.432700
vn -0.304300 0.793600 -0.526900
vn -0.353600 0.707100 -0.612400
vn -0.396800 0.608600 -0.687100
vn -0.433200 0.500000 -0.749900
vn -0.462100 0.382700 -0.800000
vn -0.483100 0.258700 -0.836500
vn -0.495700 0.130800 -0.858600
vn -0.499900 0.000000 -0.866100
vn -0.495700 -0.130700 -0.858600
vn -0.483100 -0.258700 -0.836500
vn -0.462100 -0.382700 -0.800000
vn -0.433200 -0.500000 -0.749900
vn -0.396800 -0.608700 -0.687100
vn -0.353600 -0.707100 -0.612300
vn -0.304300 -0.793600 -0.526900
vn -0.249800 -0.866200 -0.432700
vn -0.191400 -0.923800 -0.331700
vn -0.129400 -0.965900 -0.224200
vn -0.065100 -0.991500 -0.112700
vn -0.033800 0.991500 -0.125800
vn -0.067000 0.965900 -0.250200
vn -0.099000 0.923800 -0.370000
vn -0.129300 0.866300 -0.482500
vn -0.157500 0.793600 -0.587700
vn -0.183100 0.707200 -0.682900
vn -0.205500 0.608700 -0.766400
vn -0.224100 0.499800 -0.836600
vn -0.238900 0.382600 -0.892500
vn -0.249900 0.258900 -0.933000
vn -0.256500 0.130600 -0.957700
vn -0.258800 0.000000 -0.965900
vn -0.256500 -0.130600 -0.957700
vn -0.249900 -0.258700 -0.933100
vn -0.238900 -0.382600 -0.892500
vn -0.224100 -0.499800 -0.836600
vn -0.205500 -0.608700 -0.766400
vn -0.183100 -0.707200 -0.682900
vn -0.157500 -0.793600 -0.587700
vn -0.129300 -0.866300 -0.482500
vn -0.099000 -0.923800 -0.370000
vn -0.067000 -0.965900 -0.250200
vn -0.033800 -0.991500 -0.125800
vn 0.000000 0.991500 -0.130200
vn 0.000000 0.965900 -0.259000
vn 0.000000 0.923800 -0.382900
vn -0.000000 0.866300 -0.499500
vn -0.000000 0.793700 -0.608400
vn -0.000000 0.707300 -0.706900
vn -0.000000 0.608600 -0.793500
vn -0.000000 0.499400 -0.866300
vn -0.000000 0.382600 -0.923900
vn 0.000000 0.258900 -0.965900
vn 0.000000 0.130600 -0.991400
vn -0.000000 0.000000 -1.000000
vn 0.000000 -0.130600 -0.991400
vn 0.000000 -0.258900 -0.965900
vn -0.000000 -0.382700 -0.923900
vn -0.000000 -0.499500 -0.866300
vn -0.000000 -0.608600 -0.793500
vn -0.000000 -0.707300 -0.706900
vn -0.000000 -0.793700 -0.608400
vn -0.000000 -0.866300 -0.499500
vn 0.000000 -0.923800 -0.382900
vn 0.000000 -0.965900 -0.259000
vn -0.000000 -0.991500 -0.130200
vn 0.033800 0.991500 -0.125800
vn 0.067000 0.965900 -0.250200
vn 0.099000 0.923800 -0.370000
vn 0.129300 0.866300 -0.482500
vn 0.157500 0.793600 -0.587700
vn 0.183100 0.707200 -0.682900
vn 0.205500 0.608700 -0.766400
vn 0.224100 0.499800 -0.836600
vn 0.238900 0.382600 -0.892500
vn 0.249900 0.258700 -0.933100
vn 0.256500 0.130600 -0.957700
vn 0.258800 0.000000 -0.965900
vn 0.256500 -0.130600 -0.957700
vn 0.249900 -0.258800 -0.933000
vn 0.238900 -0.382600 -0.892500
vn 0.224100 -0.499800 -0.836600
vn 0.205500 -0.608700 -0.766400
vn 0.183100 -0.707200 -0.682900
vn 0.157500 -0.793600 -0.587700
vn 0.129300 -0.866300 -0.482500
vn 0.099000 -0.923800 -0.370000
vn 0.067000 -0.965900 -0.250200
vn 0.033800 -0.991500 -0.125800
vn 0.065100 0.991500 -0.112700
vn 0.129400 0.965900 -0.224200
vn 0.191400 0.923800 -0.331700
vn 0.249800 0.866200 -0.432700
vn 0.304300 0.793600 -0.526900
vn 0.353600 0.707100 -0.612300
vn 0.396800 0.608700 -0.687100
vn 0.433200 0.500000 -0.749900
vn 0.462100 0.382600 -0.800000
vn 0.483100 0.258700 -0.836500
vn 0.495700 0.130700 -0.858600
vn 0.499900 0.000000 -0.866100
vn 0.495700 -0.130700 -0.858600
vn 0.483100 -0.258700 -0.836500
vn 0.462100 -0.382700 -0.800000
vn 0.433100 -0.500000 -0.749900
vn 0.396800 -0.608700 -0.687100
vn 0.353600 -0.707100 -0.612300
vn 0.304300 -0.793600 -0.526900
vn 0.249800 -0.866200 -0.432700
vn 0.191500 -0.923700 -0.331700
vn 0.129400 -0.965900 -0.224200
vn 0.065200 -0.991500 -0.112700
vn 0.092000 0.991500 -0.092000
vn 0.183100 0.965900 -0.183100
vn 0.270800 0.923800 -0.270800
vn 0.353400 0.866200 -0.353400
vn 0.430200 0.793600 -0.430200
vn 0.500000 0.707100 -0.500000
vn 0.561100 0.608600 -0.561100
vn 0.612400 0.499900 -0.612400
vn 0.653300 0.382700 -0.653300
vn 0.683000 0.258800 -0.683000
vn 0.701100 0.130600 -0.701100
vn 0.707100 0.000000 -0.707100
vn 0.701100 -0.130600 -0.701100
vn 0.683000 -0.258800 -0.683000
vn 0.653300 -0.382700 -0.653300
vn 0.612400 -0.499900 -0.612400
vn 0.561100 -0.608600 -0.561100
vn 0.500000 -0.707100 -0.500000
vn 0.430200 -0.793600 -0.430200
vn 0.353400 -0.866200 -0.353400
vn 0.270800 -0.923800 -0.270800
vn 0.183100 -0.965900 -0.183100
vn 0.092000 -0.991500 -0.092000
vn 0.112700 0.991500 -0.065200
vn 0.224200 0.965900 -0.129400
vn 0.331700 0.923800 -0.191400
vn 0.432700 0.866200 -0.249800
vn 0.526900 0.793600 -0.304300
vn 0.612300 0.707100 -0.353600
vn 0.687100 0.608600 -0.396800
vn 0.749900 0.500000 -0.433100
vn 0.800000 0.382700 -0.462100
vn 0.836500 0.258700 -0.483100
vn 0.858600 0.130700 -0.495700
vn 0.866100 0.000000 -0.499900
vn 0.858600 -0.130600 -0.495700
vn 0.836500 -0.258700 -0.483100
vn 0.800000 -0.382700 -0.462100
vn 0.749900 -0.500000 -0.433200
vn 0.687100 -0.608600 -0.396800
vn 0.612300 -0.707100 -0.353600
vn 0.526900 -0.793600 -0.304300
vn 0.432700 -0.866200 -0.249800
vn 0.331700 -0.923700 -0.191500
vn 0.224200 -0.965900 -0.129400
vn 0.112700 -0.991500 -0.065100
vn 0.125800 0.991500 -0.033800
vn 0.250200 0.965900 -0.067000
vn 0.370000 0.923800 -0.099000
vn 0.482500 0.866300 -0.129300
vn 0.587700 0.793600 -0.157500
vn 0.682900 0.707200 -0.183100
vn 0.766400 0.608700 -0.205500
vn 0.836600 0.499800 -0.224100
vn 0.892500 0.382600 -0.238900
vn 0.933100 0.258700 -0.249900
vn 0.957700 0.130600 -0.256500
vn 0.965900 0.000000 -0.258800
vn 0.957700 -0.130600 -0.256500
vn 0.933000 -0.258800 -0.249900
vn 0.892500 -0.382600 -0.238900
vn 0.836600 -0.499800 -0.224100
vn 0.766400 -0.608700 -0.205500
vn 0.682900 -0.707200 -0.183100
vn 0.587700 -0.793600 -0.157500
vn 0.482500 -0.866300 -0.129300
vn 0.370000 -0.923800 -0.099000
vn 0.250200 -0.965900 -0.067000
vn 0.125800 -0.991500 -0.033800
usemtl Physical11
s 1
f 3923/4366/3907 3948/4367/3908 3924/4368/3909
f 3924/4368/3909 3948/4367/3908 3949/4369/3910 3925/4370/3911
f 3925/4370/3911 3949/4369/3910 3950/4371/3912 3926/4372/3913
f 3926/4372/3913 3950/4371/3912 3951/4373/3914 3927/4374/3915
f 3927/4374/3915 3951/4373/3914 3952/4375/3916 3928/4376/3917
f 3928/4376/3917 3952/4375/3916 3953/4377/3918 3929/4378/3919
f 3929/4378/3919 3953/4377/3918 3954/4379/3920 3930/4380/3921
f 3930/4380/3921 3954/4379/3920 3955/4381/3922 3931/4382/3923
f 3931/4382/3923 3955/4381/3922 3956/4383/3924 3932/4384/3925
f 3932/4384/3925 3956/4383/3924 3957/4385/3926 3933/4386/3927
f 3933/4386/3927 3957/4385/3926 3958/4387/3928 3934/4388/3929
f 3934/4388/3929 3958/4387/3928 3959/4389/3930 3935/4390/3931
f 3935/4390/3931 3959/4389/3930 3960/4391/3932 3936/4392/3933
f 3936/4392/3933 3960/4391/3932 3961/4393/3934 3937/4394/3935
f 3937/4394/3935 3961/4393/3934 3962/4395/3936 3938/4396/3937
f 3938/4396/3937 3962/4395/3936 3963/4397/3938 3939/4398/3939
f 3939/4398/3939 3963/4397/3938 3964/4399/3940 3940/4400/3941
f 3940/4400/3941 3964/4399/3940 3965/4401/3942 3941/4402/3943
f 3941/4402/3943 3965/4401/3942 3966/4403/3944 3942/4404/3945
f 3942/4404/3945 3966/4403/3944 3967/4405/3946 3943/4406/3947
f 3943/4406/3947 3967/4405/3946 3968/4407/3948 3944/4408/3949
f 3944/4408/3949 3968/4407/3948 3969/4409/3950 3945/4410/3951
f 3945/4410/3951 3969/4409/3950 3970/4411/3952 3946/4412/3953
f 3946/4412/3953 3970/4411/3952 3947/4413/3954
f 3923/4414/3907 3971/4415/3955 3948/4367/3908
f 3948/4367/3908 3971/4415/3955 3972/4416/3956 3949/4369/3910
f 3949/4369/3910 3972/4416/3956 3973/4417/3957 3950/4371/3912
f 3950/4371/3912 3973/4417/3957 3974/4418/3958 3951/4373/3914
f 3951/4373/3914 3974/4418/3958 3975/4419/3959 3952/4375/3916
f 3952/4375/3916 3975/4419/3959 3976/4420/3960 3953/4377/3918
f 3953/4377/3918 3976/4420/3960 3977/4421/3961 3954/4379/3920
f 3954/4379/3920 3977/4421/3961 3978/4422/3962 3955/4381/3922
f 3955/4381/3922 3978/4422/3962 3979/4423/3963 3956/4383/3924
f 3956/4383/3924 3979/4423/3963 3980/4424/3964 3957/4385/3926
f 3957/4385/3926 3980/4424/3964 3981/4425/3965 3958/4387/3928
f 3958/4387/3928 3981/4425/3965 3982/4426/3966 3959/4389/3930
f 3959/4389/3930 3982/4426/3966 3983/4427/3967 3960/4391/3932
f 3960/4391/3932 3983/4427/3967 3984/4428/3968 3961/4393/3934
f 3961/4393/3934 3984/4428/3968 3985/4429/3969 3962/4395/3936
f 3962/4395/3936 3985/4429/3969 3986/4430/3970 3963/4397/3938
f 3963/4397/3938 3986/4430/3970 3987/4431/3971 3964/4399/3940
f 3964/4399/3940 3987/4431/3971 3988/4432/3972 3965/4401/3942
f 3965/4401/3942 3988/4432/3972 3989/4433/3973 3966/4403/3944
f 3966/4403/3944 3989/4433/3973 3990/4434/3974 3967/4405/3946
f 3967/4405/3946 3990/4434/3974 3991/4435/3975 3968/4407/3948
f 3968/4407/3948 3991/4435/3975 3992/4436/3976 3969/4409/3950
f 3969/4409/3950 3992/4436/3976 3993/4437/3977 3970/4411/3952
f 3970/4411/3952 3993/4437/3977 3947/4438/3954
f 3923/4439/3907 3994/4440/3978 3971/4415/3955
f 3971/4415/3955 3994/4440/3978 3995/4441/3979 3972/4416/3956
f 3972/4416/3956 3995/4441/3979 3996/4442/3980 3973/4417/3957
f 3973/4417/3957 3996/4442/3980 3997/4443/3981 3974/4418/3958
f 3974/4418/3958 3997/4443/3981 3998/4444/3982 3975/4419/3959
f 3975/4419/3959 3998/4444/3982 3999/4445/3983 3976/4420/3960
f 3976/4420/3960 3999/4445/3983 4000/4446/3984 3977/4421/3961
f 3977/4421/3961 4000/4446/3984 4001/4447/3985 3978/4422/3962
f 3978/4422/3962 4001/4447/3985 4002/4448/3986 3979/4423/3963
f 3979/4423/3963 4002/4448/3986 4003/4449/3987 3980/4424/3964
f 3980/4424/3964 4003/4449/3987 4004/4450/3988 3981/4425/3965
f 3981/4425/3965 4004/4450/3988 4005/4451/3989 3982/4426/3966
f 3982/4426/3966 4005/4451/3989 4006/4452/3990 3983/4427/3967
f 3983/4427/3967 4006/4452/3990 4007/4453/3991 3984/4428/3968
f 3984/4428/3968 4007/4453/3991 4008/4454/3992 3985/4429/3969
f 3985/4429/3969 4008/4454/3992 4009/4455/3993 3986/4430/3970
f 3986/4430/3970 4009/4455/3993 4010/4456/3994 3987/4431/3971
f 3987/4431/3971 4010/4456/3994 4011/4457/3995 3988/4432/3972
f 3988/4432/3972 4011/4457/3995 4012/4458/3996 3989/4433/3973
f 3989/4433/3973 4012/4458/3996 4013/4459/3997 3990/4434/3974
f 3990/4434/3974 4013/4459/3997 4014/4460/3998 3991/4435/3975
f 3991/4435/3975 4014/4460/3998 4015/4461/3999 3992/4436/3976
f 3992/4436/3976 4015/4461/3999 4016/4462/4000 3993/4437/3977
f 3993/4437/3977 4016/4462/4000 3947/4463/3954
f 3923/4464/3907 4017/4465/4001 3994/4440/3978
f 3994/4440/3978 4017/4465/4001 4018/4466/4002 3995/4441/3979
f 3995/4441/3979 4018/4466/4002 4019/4467/4003 3996/4442/3980
f 3996/4442/3980 4019/4467/4003 4020/4468/4004 3997/4443/3981
f 3997/4443/3981 4020/4468/4004 4021/4469/4005 3998/4444/3982
f 3998/4444/3982 4021/4469/4005 4022/4470/4006 3999/4445/3983
f 3999/4445/3983 4022/4470/4006 4023/4471/4007 4000/4446/3984
f 4000/4446/3984 4023/4471/4007 4024/4472/4008 4001/4447/3985
f 4001/4447/3985 4024/4472/4008 4025/4473/4009 4002/4448/3986
f 4002/4448/3986 4025/4473/4009 4026/4474/4010 4003/4449/3987
f 4003/4449/3987 4026/4474/4010 4027/4475/4011 4004/4450/3988
f 4004/4450/3988 4027/4475/4011 4028/4476/4012 4005/4451/3989
f 4005/4451/3989 4028/4476/4012 4029/4477/4013 4006/4452/3990
f 4006/4452/3990 4029/4477/4013 4030/4478/4014 4007/4453/3991
f 4007/4453/3991 4030/4478/4014 4031/4479/4015 4008/4454/3992
f 4008/4454/3992 4031/4479/4015 4032/4480/4016 4009/4455/3993
f 4009/4455/3993 4032/4480/4016 4033/4481/4017 4010/4456/3994
f 4010/4456/3994 4033/4481/4017 4034/4482/4018 4011/4457/3995
f 4011/4457/3995 4034/4482/4018 4035/4483/4019 4012/4458/3996
f 4012/4458/3996 4035/4483/4019 4036/4484/4020 4013/4459/3997
f 4013/4459/3997 4036/4484/4020 4037/4485/4021 4014/4460/3998
f 4014/4460/3998 4037/4485/4021 4038/4486/4022 4015/4461/3999
f 4015/4461/3999 4038/4486/4022 4039/4487/4023 4016/4462/4000
f 4016/4462/4000 4039/4487/4023 3947/4488/3954
f 3923/4489/3907 4040/4490/4024 4017/4465/4001
f 4017/4465/4001 4040/4490/4024 4041/4491/4025 4018/4466/4002
f 4018/4466/4002 4041/4491/4025 4042/4492/4026 4019/4467/4003
f 4019/4467/4003 4042/4492/4026 4043/4493/4027 4020/4468/4004
f 4020/4468/4004 4043/4493/4027 4044/4494/4028 4021/4469/4005
f 4021/4469/4005 4044/4494/4028 4045/4495/4029 4022/4470/4006
f 4022/4470/4006 4045/4495/4029 4046/4496/4030 4023/4471/4007
f 4023/4471/4007 4046/4496/4030 4047/4497/4031 4024/4472/4008
f 4024/4472/4008 4047/4497/4031 4048/4498/4032 4025/4473/4009
f 4025/4473/4009 4048/4498/4032 4049/4499/4033 4026/4474/4010
f 4026/4474/4010 4049/4499/4033 4050/4500/4034 4027/4475/4011
f 4027/4475/4011 4050/4500/4034 4051/4501/4035 4028/4476/4012
f 4028/4476/4012 4051/4501/4035 4052/4502/4036 4029/4477/4013
f 4029/4477/4013 4052/4502/4036 4053/4503/4037 4030/4478/4014
f 4030/4478/4014 4053/4503/4037 4054/4504/4038 4031/4479/4015
f 4031/4479/4015 4054/4504/4038 4055/4505/4039 4032/4480/4016
f 4032/4480/4016 4055/4505/4039 4056/4506/4040 4033/4481/4017
f 4033/4481/4017 4056/4506/4040 4057/4507/4041 4034/4482/4018
f 4034/4482/4018 4057/4507/4041 4058/4508/4042 4035/4483/4019
f 4035/4483/4019 4058/4508/4042 4059/4509/4043 4036/4484/4020
f 4036/4484/4020 4059/4509/4043 4060/4510/4044 4037/4485/4021
f 4037/4485/4021 4060/4510/4044 4061/4511/4045 4038/4486/4022
f 4038/4486/4022 4061/4511/4045 4062/4512/4046 4039/4487/4023
f 4039/4487/4023 4062/4512/4046 3947/4513/3954
f 3923/4514/3907 4063/4515/4047 4040/4490/4024
f 4040/4490/4024 4063/4515/4047 4064/4516/4048 4041/4491/4025
f 4041/4491/4025 4064/4516/4048 4065/4517/4049 4042/4492/4026
f 4042/4492/4026 4065/4517/4049 4066/4518/4050 4043/4493/4027
f 4043/4493/4027 4066/4518/4050 4067/4519/4051 4044/4494/4028
f 4044/4494/4028 4067/4519/4051 4068/4520/4052 4045/4495/4029
f 4045/4495/4029 4068/4520/4052 4069/4521/4053 4046/4496/4030
f 4046/4496/4030 4069/4521/4053 4070/4522/4054 4047/4497/4031
f 4047/4497/4031 4070/4522/4054 4071/4523/4055 4048/4498/4032
f 4048/4498/4032 4071/4523/4055 4072/4524/4056 4049/4499/4033
f 4049/4499/4033 4072/4524/4056 4073/4525/4057 4050/4500/4034
f 4050/4500/4034 4073/4525/4057 4074/4526/4058 4051/4501/4035
f 4051/4501/4035 4074/4526/4058 4075/4527/4059 4052/4502/4036
f 4052/4502/4036 4075/4527/4059 4076/4528/4060 4053/4503/4037
f 4053/4503/4037 4076/4528/4060 4077/4529/4061 4054/4504/4038
f 4054/4504/4038 4077/4529/4061 4078/4530/4062 4055/4505/4039
f 4055/4505/4039 4078/4530/4062 4079/4531/4063 4056/4506/4040
f 4056/4506/4040 4079/4531/4063 4080/4532/4064 4057/4507/4041
f 4057/4507/4041 4080/4532/4064 4081/4533/4065 4058/4508/4042
f 4058/4508/4042 4081/4533/4065 4082/4534/4066 4059/4509/4043
f 4059/4509/4043 4082/4534/4066 4083/4535/4067 4060/4510/4044
f 4060/4510/4044 4083/4535/4067 4084/4536/4068 4061/4511/4045
f 4061/4511/4045 4084/4536/4068 4085/4537/4069 4062/4512/4046
f 4062/4512/4046 4085/4537/4069 3947/4538/3954
f 3923/4539/3907 4086/4540/4070 4063/4515/4047
f 4063/4515/4047 4086/4540/4070 4087/4541/4071 4064/4516/4048
f 4064/4516/4048 4087/4541/4071 4088/4542/4072 4065/4517/4049
f 4065/4517/4049 4088/4542/4072 4089/4543/4073 4066/4518/4050
f 4066/4518/4050 4089/4543/4073 4090/4544/4074 4067/4519/4051
f 4067/4519/4051 4090/4544/4074 4091/4545/4075 4068/4520/4052
f 4068/4520/4052 4091/4545/4075 4092/4546/4076 4069/4521/4053
f 4069/4521/4053 4092/4546/4076 4093/4547/4077 4070/4522/4054
f 4070/4522/4054 4093/4547/4077 4094/4548/4078 4071/4523/4055
f 4071/4523/4055 4094/4548/4078 4095/4549/4079 4072/4524/4056
f 4072/4524/4056 4095/4549/4079 4096/4550/4080 4073/4525/4057
f 4073/4525/4057 4096/4550/4080 4097/4551/4081 4074/4526/4058
f 4074/4526/4058 4097/4551/4081 4098/4552/4082 4075/4527/4059
f 4075/4527/4059 4098/4552/4082 4099/4553/4083 4076/4528/4060
f 4076/4528/4060 4099/4553/4083 4100/4554/4084 4077/4529/4061
f 4077/4529/4061 4100/4554/4084 4101/4555/4085 4078/4530/4062
f 4078/4530/4062 4101/4555/4085 4102/4556/4086 4079/4531/4063
f 4079/4531/4063 4102/4556/4086 4103/4557/4087 4080/4532/4064
f 4080/4532/4064 4103/4557/4087 4104/4558/4088 4081/4533/4065
f 4081/4533/4065 4104/4558/4088 4105/4559/4089 4082/4534/4066
f 4082/4534/4066 4105/4559/4089 4106/4560/4090 4083/4535/4067
f 4083/4535/4067 4106/4560/4090 4107/4561/4091 4084/4536/4068
f 4084/4536/4068 4107/4561/4091 4108/4562/4092 4085/4537/4069
f 4085/4537/4069 4108/4562/4092 3947/4563/3954
f 3923/4564/3907 4109/4565/4093 4086/4540/4070
f 4086/4540/4070 4109/4565/4093 4110/4566/4094 4087/4541/4071
f 4087/4541/4071 4110/4566/4094 4111/4567/4095 4088/4542/4072
f 4088/4542/4072 4111/4567/4095 4112/4568/4096 4089/4543/4073
f 4089/4543/4073 4112/4568/4096 4113/4569/4097 4090/4544/4074
f 4090/4544/4074 4113/4569/4097 4114/4570/4098 4091/4545/4075
f 4091/4545/4075 4114/4570/4098 4115/4571/4099 4092/4546/4076
f 4092/4546/4076 4115/4571/4099 4116/4572/4100 4093/4547/4077
f 4093/4547/4077 4116/4572/4100 4117/4573/4101 4094/4548/4078
f 4094/4548/4078 4117/4573/4101 4118/4574/4102 4095/4549/4079
f 4095/4549/4079 4118/4574/4102 4119/4575/4103 4096/4550/4080
f 4096/4550/4080 4119/4575/4103 4120/4576/4104 4097/4551/4081
f 4097/4551/4081 4120/4576/4104 4121/4577/4105 4098/4552/4082
f 4098/4552/4082 4121/4577/4105 4122/4578/4106 4099/4553/4083
f 4099/4553/4083 4122/4578/4106 4123/4579/4107 4100/4554/4084
f 4100/4554/4084 4123/4579/4107 4124/4580/4108 4101/4555/4085
f 4101/4555/4085 4124/4580/4108 4125/4581/4109 4102/4556/4086
f 4102/4556/4086 4125/4581/4109 4126/4582/4110 4103/4557/4087
f 4103/4557/4087 4126/4582/4110 4127/4583/4111 4104/4558/4088
f 4104/4558/4088 4127/4583/4111 4128/4584/4112 4105/4559/4089
f 4105/4559/4089 4128/4584/4112 4129/4585/4113 4106/4560/4090
f 4106/4560/4090 4129/4585/4113 4130/4586/4114 4107/4561/4091
f 4107/4561/4091 4130/4586/4114 4131/4587/4115 4108/4562/4092
f 4108/4562/4092 4131/4587/4115 3947/4588/3954
f 3923/4589/3907 4132/4590/4116 4109/4565/4093
f 4109/4565/4093 4132/4590/4116 4133/4591/4117 4110/4566/4094
f 4110/4566/4094 4133/4591/4117 4134/4592/4118 4111/4567/4095
f 4111/4567/4095 4134/4592/4118 4135/4593/4119 4112/4568/4096
f 4112/4568/4096 4135/4593/4119 4136/4594/4120 4113/4569/4097
f 4113/4569/4097 4136/4594/4120 4137/4595/4121 4114/4570/4098
f 4114/4570/4098 4137/4595/4121 4138/4596/4122 4115/4571/4099
f 4115/4571/4099 4138/4596/4122 4139/4597/4123 4116/4572/4100
f 4116/4572/4100 4139/4597/4123 4140/4598/4124 4117/4573/4101
f 4117/4573/4101 4140/4598/4124 4141/4599/4125 4118/4574/4102
f 4118/4574/4102 4141/4599/4125 4142/4600/4126 4119/4575/4103
f 4119/4575/4103 4142/4600/4126 4143/4601/4127 4120/4576/4104
f 4120/4576/4104 4143/4601/4127 4144/4602/4128 4121/4577/4105
f 4121/4577/4105 4144/4602/4128 4145/4603/4129 4122/4578/4106
f 4122/4578/4106 4145/4603/4129 4146/4604/4130 4123/4579/4107
f 4123/4579/4107 4146/4604/4130 4147/4605/4131 4124/4580/4108
f 4124/4580/4108 4147/4605/4131 4148/4606/4132 4125/4581/4109
f 4125/4581/4109 4148/4606/4132 4149/4607/4133 4126/4582/4110
f 4126/4582/4110 4149/4607/4133 4150/4608/4134 4127/4583/4111
f 4127/4583/4111 4150/4608/4134 4151/4609/4135 4128/4584/4112
f 4128/4584/4112 4151/4609/4135 4152/4610/4136 4129/4585/4113
f 4129/4585/4113 4152/4610/4136 4153/4611/4137 4130/4586/4114
f 4130/4586/4114 4153/4611/4137 4154/4612/4138 4131/4587/4115
f 4131/4587/4115 4154/4612/4138 3947/4613/3954
f 3923/4614/3907 4155/4615/4139 4132/4590/4116
f 4132/4590/4116 4155/4615/4139 4156/4616/4140 4133/4591/4117
f 4133/4591/4117 4156/4616/4140 4157/4617/4141 4134/4592/4118
f 4134/4592/4118 4157/4617/4141 4158/4618/4142 4135/4593/4119
f 4135/4593/4119 4158/4618/4142 4159/4619/4143 4136/4594/4120
f 4136/4594/4120 4159/4619/4143 4160/4620/4144 4137/4595/4121
f 4137/4595/4121 4160/4620/4144 4161/4621/4145 4138/4596/4122
f 4138/4596/4122 4161/4621/4145 4162/4622/4146 4139/4597/4123
f 4139/4597/4123 4162/4622/4146 4163/4623/4147 4140/4598/4124
f 4140/4598/4124 4163/4623/4147 4164/4624/4148 4141/4599/4125
f 4141/4599/4125 4164/4624/4148 4165/4625/4149 4142/4600/4126
f 4142/4600/4126 4165/4625/4149 4166/4626/4150 4143/4601/4127
f 4143/4601/4127 4166/4626/4150 4167/4627/4151 4144/4602/4128
f 4144/4602/4128 4167/4627/4151 4168/4628/4152 4145/4603/4129
f 4145/4603/4129 4168/4628/4152 4169/4629/4153 4146/4604/4130
f 4146/4604/4130 4169/4629/4153 4170/4630/4154 4147/4605/4131
f 4147/4605/4131 4170/4630/4154 4171/4631/4155 4148/4606/4132
f 4148/4606/4132 4171/4631/4155 4172/4632/4156 4149/4607/4133
f 4149/4607/4133 4172/4632/4156 4173/4633/4157 4150/4608/4134
f 4150/4608/4134 4173/4633/4157 4174/4634/4158 4151/4609/4135
f 4151/4609/4135 4174/4634/4158 4175/4635/4159 4152/4610/4136
f 4152/4610/4136 4175/4635/4159 4176/4636/4160 4153/4611/4137
f 4153/4611/4137 4176/4636/4160 4177/4637/4161 4154/4612/4138
f 4154/4612/4138 4177/4637/4161 3947/4638/3954
f 3923/4639/3907 4178/4640/4162 4155/4615/4139
f 4155/4615/4139 4178/4640/4162 4179/4641/4163 4156/4616/4140
f 4156/4616/4140 4179/4641/4163 4180/4642/4164 4157/4617/4141
f 4157/4617/4141 4180/4642/4164 4181/4643/4165 4158/4618/4142
f 4158/4618/4142 4181/4643/4165 4182/4644/4166 4159/4619/4143
f 4159/4619/4143 4182/4644/4166 4183/4645/4167 4160/4620/4144
f 4160/4620/4144 4183/4645/4167 4184/4646/4168 4161/4621/4145
f 4161/4621/4145 4184/4646/4168 4185/4647/4169 4162/4622/4146
f 4162/4622/4146 4185/4647/4169 4186/4648/4170 4163/4623/4147
f 4163/4623/4147 4186/4648/4170 4187/4649/4171 4164/4624/4148
f 4164/4624/4148 4187/4649/4171 4188/4650/4172 4165/4625/4149
f 4165/4625/4149 4188/4650/4172 4189/4651/4173 4166/4626/4150
f 4166/4626/4150 4189/4651/4173 4190/4652/4174 4167/4627/4151
f 4167/4627/4151 4190/4652/4174 4191/4653/4175 4168/4628/4152
f 4168/4628/4152 4191/4653/4175 4192/4654/4176 4169/4629/4153
f 4169/4629/4153 4192/4654/4176 4193/4655/4177 4170/4630/4154
f 4170/4630/4154 4193/4655/4177 4194/4656/4178 4171/4631/4155
f 4171/4631/4155 4194/4656/4178 4195/4657/4179 4172/4632/4156
f 4172/4632/4156 4195/4657/4179 4196/4658/4180 4173/4633/4157
f 4173/4633/4157 4196/4658/4180 4197/4659/4181 4174/4634/4158
f 4174/4634/4158 4197/4659/4181 4198/4660/4182 4175/4635/4159
f 4175/4635/4159 4198/4660/4182 4199/4661/4183 4176/4636/4160
f 4176/4636/4160 4199/4661/4183 4200/4662/4184 4177/4637/4161
f 4177/4637/4161 4200/4662/4184 3947/4663/3954
f 3923/4664/3907 4201/4665/4185 4178/4640/4162
f 4178/4640/4162 4201/4665/4185 4202/4666/4186 4179/4641/4163
f 4179/4641/4163 4202/4666/4186 4203/4667/4187 4180/4642/4164
f 4180/4642/4164 4203/4667/4187 4204/4668/4188 4181/4643/4165
f 4181/4643/4165 4204/4668/4188 4205/4669/4189 4182/4644/4166
f 4182/4644/4166 4205/4669/4189 4206/4670/4190 4183/4645/4167
f 4183/4645/4167 4206/4670/4190 4207/4671/4191 4184/4646/4168
f 4184/4646/4168 4207/4671/4191 4208/4672/4192 4185/4647/4169
f 4185/4647/4169 4208/4672/4192 4209/4673/4193 4186/4648/4170
f 4186/4648/4170 4209/4673/4193 4210/4674/4194 4187/4649/4171
f 4187/4649/4171 4210/4674/4194 4211/4675/4195 4188/4650/4172
f 4188/4650/4172 4211/4675/4195 4212/4676/4196 4189/4651/4173
f 4189/4651/4173 4212/4676/4196 4213/4677/4197 4190/4652/4174
f 4190/4652/4174 4213/4677/4197 4214/4678/4198 4191/4653/4175
f 4191/4653/4175 4214/4678/4198 4215/4679/4199 4192/4654/4176
f 4192/4654/4176 4215/4679/4199 4216/4680/4200 4193/4655/4177
f 4193/4655/4177 4216/4680/4200 4217/4681/4201 4194/4656/4178
f 4194/4656/4178 4217/4681/4201 4218/4682/4202 4195/4657/4179
f 4195/4657/4179 4218/4682/4202 4219/4683/4203 4196/4658/4180
f 4196/4658/4180 4219/4683/4203 4220/4684/4204 4197/4659/4181
f 4197/4659/4181 4220/4684/4204 4221/4685/4205 4198/4660/4182
f 4198/4660/4182 4221/4685/4205 4222/4686/4206 4199/4661/4183
f 4199/4661/4183 4222/4686/4206 4223/4687/4207 4200/4662/4184
f 4200/4662/4184 4223/4687/4207 3947/4688/3954
f 3923/4689/3907 4224/4690/4208 4201/4665/4185
f 4201/4665/4185 4224/4690/4208 4225/4691/4209 4202/4666/4186
f 4202/4666/4186 4225/4691/4209 4226/4692/4210 4203/4667/4187
f 4203/4667/4187 4226/4692/4210 4227/4693/4211 4204/4668/4188
f 4204/4668/4188 4227/4693/4211 4228/4694/4212 4205/4669/4189
f 4205/4669/4189 4228/4694/4212 4229/4695/4213 4206/4670/4190
f 4206/4670/4190 4229/4695/4213 4230/4696/4214 4207/4671/4191
f 4207/4671/4191 4230/4696/4214 4231/4697/4215 4208/4672/4192
f 4208/4672/4192 4231/4697/4215 4232/4698/4216 4209/4673/4193
f 4209/4673/4193 4232/4698/4216 4233/4699/4217 4210/4674/4194
f 4210/4674/4194 4233/4699/4217 4234/4700/4218 4211/4675/4195
f 4211/4675/4195 4234/4700/4218 4235/4701/4219 4212/4676/4196
f 4212/4676/4196 4235/4701/4219 4236/4702/4220 4213/4677/4197
f 4213/4677/4197 4236/4702/4220 4237/4703/4221 4214/4678/4198
f 4214/4678/4198 4237/4703/4221 4238/4704/4222 4215/4679/4199
f 4215/4679/4199 4238/4704/4222 4239/4705/4223 4216/4680/4200
f 4216/4680/4200 4239/4705/4223 4240/4706/4224 4217/4681/4201
f 4217/4681/4201 4240/4706/4224 4241/4707/4225 4218/4682/4202
f 4218/4682/4202 4241/4707/4225 4242/4708/4226 4219/4683/4203
f 4219/4683/4203 4242/4708/4226 4243/4709/4227 4220/4684/4204
f 4220/4684/4204 4243/4709/4227 4244/4710/4228 4221/4685/4205
f 4221/4685/4205 4244/4710/4228 4245/4711/4229 4222/4686/4206
f 4222/4686/4206 4245/4711/4229 4246/4712/4230 4223/4687/4207
f 4223/4687/4207 4246/4712/4230 3947/4713/3954
f 3923/4714/3907 4247/4715/4231 4224/4690/4208
f 4224/4690/4208 4247/4715/4231 4248/4716/4232 4225/4691/4209
f 4225/4691/4209 4248/4716/4232 4249/4717/4233 4226/4692/4210
f 4226/4692/4210 4249/4717/4233 4250/4718/4234 4227/4693/4211
f 4227/4693/4211 4250/4718/4234 4251/4719/4235 4228/4694/4212
f 4228/4694/4212 4251/4719/4235 4252/4720/4236 4229/4695/4213
f 4229/4695/4213 4252/4720/4236 4253/4721/4237 4230/4696/4214
f 4230/4696/4214 4253/4721/4237 4254/4722/4238 4231/4697/4215
f 4231/4697/4215 4254/4722/4238 4255/4723/4239 4232/4698/4216
f 4232/4698/4216 4255/4723/4239 4256/4724/4240 4233/4699/4217
f 4233/4699/4217 4256/4724/4240 4257/4725/4241 4234/4700/4218
f 4234/4700/4218 4257/4725/4241 4258/4726/4242 4235/4701/4219
f 4235/4701/4219 4258/4726/4242 4259/4727/4243 4236/4702/4220
f 4236/4702/4220 4259/4727/4243 4260/4728/4244 4237/4703/4221
f 4237/4703/4221 4260/4728/4244 4261/4729/4245 4238/4704/4222
f 4238/4704/4222 4261/4729/4245 4262/4730/4246 4239/4705/4223
f 4239/4705/4223 4262/4730/4246 4263/4731/4247 4240/4706/4224
f 4240/4706/4224 4263/4731/4247 4264/4732/4248 4241/4707/4225
f 4241/4707/4225 4264/4732/4248 4265/4733/4249 4242/4708/4226
f 4242/4708/4226 4265/4733/4249 4266/4734/4250 4243/4709/4227
f 4243/4709/4227 4266/4734/4250 4267/4735/4251 4244/4710/4228
f 4244/4710/4228 4267/4735/4251 4268/4736/4252 4245/4711/4229
f 4245/4711/4229 4268/4736/4252 4269/4737/4253 4246/4712/4230
f 4246/4712/4230 4269/4737/4253 3947/4738/3954
f 3923/4739/3907 4270/4740/4254 4247/4715/4231
f 4247/4715/4231 4270/4740/4254 4271/4741/4255 4248/4716/4232
f 4248/4716/4232 4271/4741/4255 4272/4742/4256 4249/4717/4233
f 4249/4717/4233 4272/4742/4256 4273/4743/4257 4250/4718/4234
f 4250/4718/4234 4273/4743/4257 4274/4744/4258 4251/4719/4235
f 4251/4719/4235 4274/4744/4258 4275/4745/4259 4252/4720/4236
f 4252/4720/4236 4275/4745/4259 4276/4746/4260 4253/4721/4237
f 4253/4721/4237 4276/4746/4260 4277/4747/4261 4254/4722/4238
f 4254/4722/4238 4277/4747/4261 4278/4748/4262 4255/4723/4239
f 4255/4723/4239 4278/4748/4262 4279/4749/4263 4256/4724/4240
f 4256/4724/4240 4279/4749/4263 4280/4750/4264 4257/4725/4241
f 4257/4725/4241 4280/4750/4264 4281/4751/4265 4258/4726/4242
f 4258/4726/4242 4281/4751/4265 4282/4752/4266 4259/4727/4243
f 4259/4727/4243 4282/4752/4266 4283/4753/4267 4260/4728/4244
f 4260/4728/4244 4283/4753/4267 4284/4754/4268 4261/4729/4245
f 4261/4729/4245 4284/4754/4268 4285/4755/4269 4262/4730/4246
f 4262/4730/4246 4285/4755/4269 4286/4756/4270 4263/4731/4247
f 4263/4731/4247 4286/4756/4270 4287/4757/4271 4264/4732/4248
f 4264/4732/4248 4287/4757/4271 4288/4758/4272 4265/4733/4249
f 4265/4733/4249 4288/4758/4272 4289/4759/4273 4266/4734/4250
f 4266/4734/4250 4289/4759/4273 4290/4760/4274 4267/4735/4251
f 4267/4735/4251 4290/4760/4274 4291/4761/4275 4268/4736/4252
f 4268/4736/4252 4291/4761/4275 4292/4762/4276 4269/4737/4253
f 4269/4737/4253 4292/4762/4276 3947/4763/3954
f 3923/4764/3907 4293/4765/4277 4270/4740/4254
f 4270/4740/4254 4293/4765/4277 4294/4766/4278 4271/4741/4255
f 4271/4741/4255 4294/4766/4278 4295/4767/4279 4272/4742/4256
f 4272/4742/4256 4295/4767/4279 4296/4768/4280 4273/4743/4257
f 4273/4743/4257 4296/4768/4280 4297/4769/4281 4274/4744/4258
f 4274/4744/4258 4297/4769/4281 4298/4770/4282 4275/4745/4259
f 4275/4745/4259 4298/4770/4282 4299/4771/4283 4276/4746/4260
f 4276/4746/4260 4299/4771/4283 4300/4772/4284 4277/4747/4261
f 4277/4747/4261 4300/4772/4284 4301/4773/4285 4278/4748/4262
f 4278/4748/4262 4301/4773/4285 4302/4774/4286 4279/4749/4263
f 4279/4749/4263 4302/4774/4286 4303/4775/4287 4280/4750/4264
f 4280/4750/4264 4303/4775/4287 4304/4776/4288 4281/4751/4265
f 4281/4751/4265 4304/4776/4288 4305/4777/4289 4282/4752/4266
f 4282/4752/4266 4305/4777/4289 4306/4778/4290 4283/4753/4267
f 4283/4753/4267 4306/4778/4290 4307/4779/4291 4284/4754/4268
f 4284/4754/4268 4307/4779/4291 4308/4780/4292 4285/4755/4269
f 4285/4755/4269 4308/4780/4292 4309/4781/4293 4286/4756/4270
f 4286/4756/4270 4309/4781/4293 4310/4782/4294 4287/4757/4271
f 4287/4757/4271 4310/4782/4294 4311/4783/4295 4288/4758/4272
f 4288/4758/4272 4311/4783/4295 4312/4784/4296 4289/4759/4273
f 4289/4759/4273 4312/4784/4296 4313/4785/4297 4290/4760/4274
f 4290/4760/4274 4313/4785/4297 4314/4786/4298 4291/4761/4275
f 4291/4761/4275 4314/4786/4298 4315/4787/4299 4292/4762/4276
f 4292/4762/4276 4315/4787/4299 3947/4788/3954
f 3923/4789/3907 4316/4790/4300 4293/4765/4277
f 4293/4765/4277 4316/4790/4300 4317/4791/4301 4294/4766/4278
f 4294/4766/4278 4317/4791/4301 4318/4792/4302 4295/4767/4279
f 4295/4767/4279 4318/4792/4302 4319/4793/4303 4296/4768/4280
f 4296/4768/4280 4319/4793/4303 4320/4794/4304 4297/4769/4281
f 4297/4769/4281 4320/4794/4304 4321/4795/4305 4298/4770/4282
f 4298/4770/4282 4321/4795/4305 4322/4796/4306 4299/4771/4283
f 4299/4771/4283 4322/4796/4306 4323/4797/4307 4300/4772/4284
f 4300/4772/4284 4323/4797/4307 4324/4798/4308 4301/4773/4285
f 4301/4773/4285 4324/4798/4308 4325/4799/4309 4302/4774/4286
f 4302/4774/4286 4325/4799/4309 4326/4800/4310 4303/4775/4287
f 4303/4775/4287 4326/4800/4310 4327/4801/4311 4304/4776/4288
f 4304/4776/4288 4327/4801/4311 4328/4802/4312 4305/4777/4289
f 4305/4777/4289 4328/4802/4312 4329/4803/4313 4306/4778/4290
f 4306/4778/4290 4329/4803/4313 4330/4804/4314 4307/4779/4291
f 4307/4779/4291 4330/4804/4314 4331/4805/4315 4308/4780/4292
f 4308/4780/4292 4331/4805/4315 4332/4806/4316 4309/4781/4293
f 4309/4781/4293 4332/4806/4316 4333/4807/4317 4310/4782/4294
f 4310/4782/4294 4333/4807/4317 4334/4808/4318 4311/4783/4295
f 4311/4783/4295 4334/4808/4318 4335/4809/4319 4312/4784/4296
f 4312/4784/4296 4335/4809/4319 4336/4810/4320 4313/4785/4297
f 4313/4785/4297 4336/4810/4320 4337/4811/4321 4314/4786/4298
f 4314/4786/4298 4337/4811/4321 4338/4812/4322 4315/4787/4299
f 4315/4787/4299 4338/4812/4322 3947/4813/3954
f 3923/4814/3907 4339/4815/4323 4316/4790/4300
f 4316/4790/4300 4339/4815/4323 4340/4816/4324 4317/4791/4301
f 4317/4791/4301 4340/4816/4324 4341/4817/4325 4318/4792/4302
f 4318/4792/4302 4341/4817/4325 4342/4818/4326 4319/4793/4303
f 4319/4793/4303 4342/4818/4326 4343/4819/4327 4320/4794/4304
f 4320/4794/4304 4343/4819/4327 4344/4820/4328 4321/4795/4305
f 4321/4795/4305 4344/4820/4328 4345/4821/4329 4322/4796/4306
f 4322/4796/4306 4345/4821/4329 4346/4822/4330 4323/4797/4307
f 4323/4797/4307 4346/4822/4330 4347/4823/4331 4324/4798/4308
f 4324/4798/4308 4347/4823/4331 4348/4824/4332 4325/4799/4309
f 4325/4799/4309 4348/4824/4332 4349/4825/4333 4326/4800/4310
f 4326/4800/4310 4349/4825/4333 4350/4826/4334 4327/4801/4311
f 4327/4801/4311 4350/4826/4334 4351/4827/4335 4328/4802/4312
f 4328/4802/4312 4351/4827/4335 4352/4828/4336 4329/4803/4313
f 4329/4803/4313 4352/4828/4336 4353/4829/4337 4330/4804/4314
f 4330/4804/4314 4353/4829/4337 4354/4830/4338 4331/4805/4315
f 4331/4805/4315 4354/4830/4338 4355/4831/4339 4332/4806/4316
f 4332/4806/4316 4355/4831/4339 4356/4832/4340 4333/4807/4317
f 4333/4807/4317 4356/4832/4340 4357/4833/4341 4334/4808/4318
f 4334/4808/4318 4357/4833/4341 4358/4834/4342 4335/4809/4319
f 4335/4809/4319 4358/4834/4342 4359/4835/4343 4336/4810/4320
f 4336/4810/4320 4359/4835/4343 4360/4836/4344 4337/4811/4321
f 4337/4811/4321 4360/4836/4344 4361/4837/4345 4338/4812/4322
f 4338/4812/4322 4361/4837/4345 3947/4838/3954
f 3923/4839/3907 4362/4840/4346 4339/4815/4323
f 4339/4815/4323 4362/4840/4346 4363/4841/4347 4340/4816/4324
f 4340/4816/4324 4363/4841/4347 4364/4842/4348 4341/4817/4325
f 4341/4817/4325 4364/4842/4348 4365/4843/4349 4342/4818/4326
f 4342/4818/4326 4365/4843/4349 4366/4844/4350 4343/4819/4327
f 4343/4819/4327 4366/4844/4350 4367/4845/4351 4344/4820/4328
f 4344/4820/4328 4367/4845/4351 4368/4846/4352 4345/4821/4329
f 4345/4821/4329 4368/4846/4352 4369/4847/4353 4346/4822/4330
f 4346/4822/4330 4369/4847/4353 4370/4848/4354 4347/4823/4331
f 4347/4823/4331 4370/4848/4354 4371/4849/4355 4348/4824/4332
f 4348/4824/4332 4371/4849/4355 4372/4850/4356 4349/4825/4333
f 4349/4825/4333 4372/4850/4356 4373/4851/4357 4350/4826/4334
f 4350/4826/4334 4373/4851/4357 4374/4852/4358 4351/4827/4335
f 4351/4827/4335 4374/4852/4358 4375/4853/4359 4352/4828/4336
f 4352/4828/4336 4375/4853/4359 4376/4854/4360 4353/4829/4337
f 4353/4829/4337 4376/4854/4360 4377/4855/4361 4354/4830/4338
f 4354/4830/4338 4377/4855/4361 4378/4856/4362 4355/4831/4339
f 4355/4831/4339 4378/4856/4362 4379/4857/4363 4356/4832/4340
f 4356/4832/4340 4379/4857/4363 4380/4858/4364 4357/4833/4341
f 4357/4833/4341 4380/4858/4364 4381/4859/4365 4358/4834/4342
f 4358/4834/4342 4381/4859/4365 4382/4860/4366 4359/4835/4343
f 4359/4835/4343 4382/4860/4366 4383/4861/4367 4360/4836/4344
f 4360/4836/4344 4383/4861/4367 4384/4862/4368 4361/4837/4345
f 4361/4837/4345 4384/4862/4368 3947/4863/3954
f 3923/4864/3907 4385/4865/4369 4362/4840/4346
f 4362/4840/4346 4385/4865/4369 4386/4866/4370 4363/4841/4347
f 4363/4841/4347 4386/4866/4370 4387/4867/4371 4364/4842/4348
f 4364/4842/4348 4387/4867/4371 4388/4868/4372 4365/4843/4349
f 4365/4843/4349 4388/4868/4372 4389/4869/4373 4366/4844/4350
f 4366/4844/4350 4389/4869/4373 4390/4870/4374 4367/4845/4351
f 4367/4845/4351 4390/4870/4374 4391/4871/4375 4368/4846/4352
f 4368/4846/4352 4391/4871/4375 4392/4872/4376 4369/4847/4353
f 4369/4847/4353 4392/4872/4376 4393/4873/4377 4370/4848/4354
f 4370/4848/4354 4393/4873/4377 4394/4874/4378 4371/4849/4355
f 4371/4849/4355 4394/4874/4378 4395/4875/4379 4372/4850/4356
f 4372/4850/4356 4395/4875/4379 4396/4876/4380 4373/4851/4357
f 4373/4851/4357 4396/4876/4380 4397/4877/4381 4374/4852/4358
f 4374/4852/4358 4397/4877/4381 4398/4878/4382 4375/4853/4359
f 4375/4853/4359 4398/4878/4382 4399/4879/4383 4376/4854/4360
f 4376/4854/4360 4399/4879/4383 4400/4880/4384 4377/4855/4361
f 4377/4855/4361 4400/4880/4384 4401/4881/4385 4378/4856/4362
f 4378/4856/4362 4401/4881/4385 4402/4882/4386 4379/4857/4363
f 4379/4857/4363 4402/4882/4386 4403/4883/4387 4380/4858/4364
f 4380/4858/4364 4403/4883/4387 4404/4884/4388 4381/4859/4365
f 4381/4859/4365 4404/4884/4388 4405/4885/4389 4382/4860/4366
f 4382/4860/4366 4405/4885/4389 4406/4886/4390 4383/4861/4367
f 4383/4861/4367 4406/4886/4390 4407/4887/4391 4384/4862/4368
f 4384/4862/4368 4407/4887/4391 3947/4888/3954
f 3923/4889/3907 4408/4890/4392 4385/4865/4369
f 4385/4865/4369 4408/4890/4392 4409/4891/4393 4386/4866/4370
f 4386/4866/4370 4409/4891/4393 4410/4892/4394 4387/4867/4371
f 4387/4867/4371 4410/4892/4394 4411/4893/4395 4388/4868/4372
f 4388/4868/4372 4411/4893/4395 4412/4894/4396 4389/4869/4373
f 4389/4869/4373 4412/4894/4396 4413/4895/4397 4390/4870/4374
f 4390/4870/4374 4413/4895/4397 4414/4896/4398 4391/4871/4375
f 4391/4871/4375 4414/4896/4398 4415/4897/4399 4392/4872/4376
f 4392/4872/4376 4415/4897/4399 4416/4898/4400 4393/4873/4377
f 4393/4873/4377 4416/4898/4400 4417/4899/4401 4394/4874/4378
f 4394/4874/4378 4417/4899/4401 4418/4900/4402 4395/4875/4379
f 4395/4875/4379 4418/4900/4402 4419/4901/4403 4396/4876/4380
f 4396/4876/4380 4419/4901/4403 4420/4902/4404 4397/4877/4381
f 4397/4877/4381 4420/4902/4404 4421/4903/4405 4398/4878/4382
f 4398/4878/4382 4421/4903/4405 4422/4904/4406 4399/4879/4383
f 4399/4879/4383 4422/4904/4406 4423/4905/4407 4400/4880/4384
f 4400/4880/4384 4423/4905/4407 4424/4906/4408 4401/4881/4385
f 4401/4881/4385 4424/4906/4408 4425/4907/4409 4402/4882/4386
f 4402/4882/4386 4425/4907/4409 4426/4908/4410 4403/4883/4387
f 4403/4883/4387 4426/4908/4410 4427/4909/4411 4404/4884/4388
f 4404/4884/4388 4427/4909/4411 4428/4910/4412 4405/4885/4389
f 4405/4885/4389 4428/4910/4412 4429/4911/4413 4406/4886/4390
f 4406/4886/4390 4429/4911/4413 4430/4912/4414 4407/4887/4391
f 4407/4887/4391 4430/4912/4414 3947/4913/3954
f 3923/4914/3907 4431/4915/4415 4408/4890/4392
f 4408/4890/4392 4431/4915/4415 4432/4916/4416 4409/4891/4393
f 4409/4891/4393 4432/4916/4416 4433/4917/4417 4410/4892/4394
f 4410/4892/4394 4433/4917/4417 4434/4918/4418 4411/4893/4395
f 4411/4893/4395 4434/4918/4418 4435/4919/4419 4412/4894/4396
f 4412/4894/4396 4435/4919/4419 4436/4920/4420 4413/4895/4397
f 4413/4895/4397 4436/4920/4420 4437/4921/4421 4414/4896/4398
f 4414/4896/4398 4437/4921/4421 4438/4922/4422 4415/4897/4399
f 4415/4897/4399 4438/4922/4422 4439/4923/4423 4416/4898/4400
f 4416/4898/4400 4439/4923/4423 4440/4924/4424 4417/4899/4401
f 4417/4899/4401 4440/4924/4424 4441/4925/4425 4418/4900/4402
f 4418/4900/4402 4441/4925/4425 4442/4926/4426 4419/4901/4403
f 4419/4901/4403 4442/4926/4426 4443/4927/4427 4420/4902/4404
f 4420/4902/4404 4443/4927/4427 4444/4928/4428 4421/4903/4405
f 4421/4903/4405 4444/4928/4428 4445/4929/4429 4422/4904/4406
f 4422/4904/4406 4445/4929/4429 4446/4930/4430 4423/4905/4407
f 4423/4905/4407 4446/4930/4430 4447/4931/4431 4424/4906/4408
f 4424/4906/4408 4447/4931/4431 4448/4932/4432 4425/4907/4409
f 4425/4907/4409 4448/4932/4432 4449/4933/4433 4426/4908/4410
f 4426/4908/4410 4449/4933/4433 4450/4934/4434 4427/4909/4411
f 4427/4909/4411 4450/4934/4434 4451/4935/4435 4428/4910/4412
f 4428/4910/4412 4451/4935/4435 4452/4936/4436 4429/4911/4413
f 4429/4911/4413 4452/4936/4436 4453/4937/4437 4430/4912/4414
f 4430/4912/4414 4453/4937/4437 3947/4938/3954
f 3923/4939/3907 4454/4940/4438 4431/4915/4415
f 4431/4915/4415 4454/4940/4438 4455/4941/4439 4432/4916/4416
f 4432/4916/4416 4455/4941/4439 4456/4942/4440 4433/4917/4417
f 4433/4917/4417 4456/4942/4440 4457/4943/4441 4434/4918/4418
f 4434/4918/4418 4457/4943/4441 4458/4944/4442 4435/4919/4419
f 4435/4919/4419 4458/4944/4442 4459/4945/4443 4436/4920/4420
f 4436/4920/4420 4459/4945/4443 4460/4946/4444 4437/4921/4421
f 4437/4921/4421 4460/4946/4444 4461/4947/4445 4438/4922/4422
f 4438/4922/4422 4461/4947/4445 4462/4948/4446 4439/4923/4423
f 4439/4923/4423 4462/4948/4446 4463/4949/4447 4440/4924/4424
f 4440/4924/4424 4463/4949/4447 4464/4950/4448 4441/4925/4425
f 4441/4925/4425 4464/4950/4448 4465/4951/4449 4442/4926/4426
f 4442/4926/4426 4465/4951/4449 4466/4952/4450 4443/4927/4427
f 4443/4927/4427 4466/4952/4450 4467/4953/4451 4444/4928/4428
f 4444/4928/4428 4467/4953/4451 4468/4954/4452 4445/4929/4429
f 4445/4929/4429 4468/4954/4452 4469/4955/4453 4446/4930/4430
f 4446/4930/4430 4469/4955/4453 4470/4956/4454 4447/4931/4431
f 4447/4931/4431 4470/4956/4454 4471/4957/4455 4448/4932/4432
f 4448/4932/4432 4471/4957/4455 4472/4958/4456 4449/4933/4433
f 4449/4933/4433 4472/4958/4456 4473/4959/4457 4450/4934/4434
f 4450/4934/4434 4473/4959/4457 4474/4960/4458 4451/4935/4435
f 4451/4935/4435 4474/4960/4458 4475/4961/4459 4452/4936/4436
f 4452/4936/4436 4475/4961/4459 4476/4962/4460 4453/4937/4437
f 4453/4937/4437 4476/4962/4460 3947/4963/3954
f 3923/4964/3907 3924/4965/3909 4454/4940/4438
f 4454/4940/4438 3924/4965/3909 3925/4966/3911 4455/4941/4439
f 4455/4941/4439 3925/4966/3911 3926/4967/3913 4456/4942/4440
f 4456/4942/4440 3926/4967/3913 3927/4968/3915 4457/4943/4441
f 4457/4943/4441 3927/4968/3915 3928/4969/3917 4458/4944/4442
f 4458/4944/4442 3928/4969/3917 3929/4970/3919 4459/4945/4443
f 4459/4945/4443 3929/4970/3919 3930/4971/3921 4460/4946/4444
f 4460/4946/4444 3930/4971/3921 3931/4972/3923 4461/4947/4445
f 4461/4947/4445 3931/4972/3923 3932/4973/3925 4462/4948/4446
f 4462/4948/4446 3932/4973/3925 3933/4974/3927 4463/4949/4447
f 4463/4949/4447 3933/4974/3927 3934/4975/3929 4464/4950/4448
f 4464/4950/4448 3934/4975/3929 3935/4976/3931 4465/4951/4449
f 4465/4951/4449 3935/4976/3931 3936/4977/3933 4466/4952/4450
f 4466/4952/4450 3936/4977/3933 3937/4978/3935 4467/4953/4451
f 4467/4953/4451 3937/4978/3935 3938/4979/3937 4468/4954/4452
f 4468/4954/4452 3938/4979/3937 3939/4980/3939 4469/4955/4453
f 4469/4955/4453 3939/4980/3939 3940/4981/3941 4470/4956/4454
f 4470/4956/4454 3940/4981/3941 3941/4982/3943 4471/4957/4455
f 4471/4957/4455 3941/4982/3943 3942/4983/3945 4472/4958/4456
f 4472/4958/4456 3942/4983/3945 3943/4984/3947 4473/4959/4457
f 4473/4959/4457 3943/4984/3947 3944/4985/3949 4474/4960/4458
f 4474/4960/4458 3944/4985/3949 3945/4986/3951 4475/4961/4459
f 4475/4961/4459 3945/4986/3951 3946/4987/3953 4476/4962/4460
f 4476/4962/4460 3946/4987/3953 3947/4988/3954
o Sphere3
v -0.717200 -0.023192 -0.500063
v -0.651822 -0.022993 -0.495762
v -0.587645 -0.022404 -0.483060
v -0.525670 -0.021425 -0.461958
v -0.466900 -0.020085 -0.433054
v -0.412435 -0.018401 -0.396750
v -0.363176 -0.016402 -0.353644
v -0.320024 -0.014119 -0.304438
v -0.283680 -0.011596 -0.250031
v -0.254746 -0.008873 -0.191324
v -0.233620 -0.006002 -0.129416
v -0.220905 -0.003029 -0.065308
v -0.216600 0.000000 0.000000
v -0.220905 0.003029 0.065308
v -0.233620 0.006002 0.129416
v -0.254746 0.008873 0.191324
v -0.283680 0.011596 0.250031
v -0.320024 0.014119 0.304438
v -0.363176 0.016402 0.353644
v -0.412435 0.018401 0.396750
v -0.466900 0.020085 0.433054
v -0.525670 0.021425 0.461958
v -0.587645 0.022404 0.483060
v -0.651822 0.022993 0.495762
v -0.717200 0.023192 0.500063
v -0.654124 -0.006091 -0.496546
v -0.592050 0.011100 -0.484614
v -0.532178 0.028081 -0.464254
v -0.475410 0.044624 -0.436055
v -0.422847 0.060409 -0.400405
v -0.375290 0.075110 -0.357888
v -0.333540 0.088593 -0.309202
v -0.298398 0.100518 -0.255231
v -0.270465 0.110742 -0.196872
v -0.250140 0.119013 -0.135214
v -0.237825 0.125287 -0.071259
v -0.233620 0.129416 -0.006002
v -0.237825 0.131345 0.059357
v -0.250140 0.131018 0.123618
v -0.270465 0.128488 0.185776
v -0.298398 0.123710 0.244832
v -0.333540 0.116832 0.299674
v -0.375290 0.107913 0.349400
v -0.422847 0.097211 0.393095
v -0.475410 0.084793 0.430053
v -0.532178 0.070931 0.459662
v -0.592050 0.055908 0.481507
v -0.654124 0.039895 0.494978
v -0.660632 0.009611 -0.497274
v -0.604965 0.042304 -0.486062
v -0.551301 0.074287 -0.466397
v -0.500440 0.104931 -0.438852
v -0.453284 0.133818 -0.403809
v -0.410633 0.160421 -0.361845
v -0.373288 0.184205 -0.313636
v -0.341750 0.204931 -0.260074
v -0.316620 0.222156 -0.202039
v -0.298398 0.235528 -0.140618
v -0.287385 0.244902 -0.076807
v -0.283680 0.250031 -0.011596
v -0.287385 0.250960 0.053809
v -0.298398 0.247532 0.118214
v -0.316620 0.239902 0.180609
v -0.341750 0.228123 0.239989
v -0.373288 0.212444 0.295240
v -0.410633 0.193224 0.345443
v -0.453284 0.170620 0.389690
v -0.500440 0.145100 0.427256
v -0.551301 0.117137 0.457519
v -0.604965 0.087112 0.480059
v -0.660632 0.055597 0.494250
v -0.671045 0.023113 -0.497900
v -0.625590 0.069108 -0.487305
v -0.581738 0.113892 -0.468234
v -0.540188 0.156738 -0.441255
v -0.501742 0.196826 -0.406732
v -0.466900 0.233630 -0.365240
v -0.436363 0.266416 -0.317449
v -0.410633 0.294642 -0.264234
v -0.390208 0.317768 -0.206473
v -0.375290 0.335541 -0.145257
v -0.366279 0.347515 -0.081566
v -0.363176 0.353644 -0.016402
v -0.366279 0.353573 0.049050
v -0.375290 0.347545 0.113576
v -0.390208 0.335514 0.176175
v -0.410633 0.317834 0.235828
v -0.436363 0.294655 0.291427
v -0.466900 0.266433 0.342048
v -0.501742 0.233628 0.386768
v -0.540188 0.196907 0.424853
v -0.581738 0.156742 0.455682
v -0.625590 0.113915 0.478816
v -0.671045 0.069099 0.493624
v -0.684561 0.033514 -0.498383
v -0.652422 0.089710 -0.488260
v -0.621385 0.144296 -0.469644
v -0.592050 0.196443 -0.443096
v -0.564817 0.245232 -0.408977
v -0.540188 0.289837 -0.367847
v -0.518662 0.329424 -0.320371
v -0.500440 0.363451 -0.267426
v -0.485923 0.391277 -0.209882
v -0.475410 0.412350 -0.148819
v -0.469003 0.426325 -0.085221
v -0.466900 0.433054 -0.020085
v -0.469003 0.432383 0.045395
v -0.475410 0.424355 0.110014
v -0.485923 0.409023 0.172765
v -0.500440 0.386643 0.232637
v -0.518662 0.357662 0.288505
v -0.540188 0.322640 0.339441
v -0.564817 0.282034 0.384523
v -0.592050 0.236612 0.423012
v -0.621385 0.187146 0.454272
v -0.652422 0.134518 0.477861
v -0.684561 0.079500 0.493141
v -0.700280 0.040015 -0.498684
v -0.683660 0.102612 -0.488859
v -0.667641 0.163398 -0.470530
v -0.652422 0.221446 -0.444256
v -0.638305 0.275636 -0.410387
v -0.625590 0.325141 -0.369485
v -0.614377 0.369128 -0.322213
v -0.604965 0.406756 -0.269434
v -0.597456 0.437382 -0.212021
v -0.592050 0.460556 -0.151055
v -0.588746 0.475831 -0.087517
v -0.587645 0.483060 -0.022404
v -0.588746 0.481889 0.043099
v -0.592050 0.472561 0.107778
v -0.597456 0.455129 0.170627
v -0.604965 0.429949 0.230629
v -0.614377 0.397367 0.286664
v -0.625590 0.357944 0.337804
v -0.638305 0.312438 0.383113
v -0.652422 0.261615 0.421852
v -0.667641 0.206248 0.453386
v -0.683660 0.147419 0.477262
v -0.700280 0.086001 0.492840
v -0.717200 0.042315 -0.498791
v -0.717200 0.107012 -0.489063
v -0.717200 0.169899 -0.470831
v -0.717200 0.229947 -0.444650
v -0.717200 0.286037 -0.410869
v -0.717200 0.337243 -0.370046
v -0.717200 0.382630 -0.322839
v -0.717200 0.421458 -0.270116
v -0.717200 0.453084 -0.212749
v -0.717200 0.477058 -0.151820
v -0.717200 0.492733 -0.088301
v -0.717200 0.500063 -0.023192
v -0.717200 0.498791 0.042315
v -0.717200 0.489063 0.107012
v -0.717200 0.470831 0.169899
v -0.717200 0.444650 0.229947
v -0.717200 0.410869 0.286037
v -0.717200 0.370046 0.337243
v -0.717200 0.322839 0.382630
v -0.717200 0.270116 0.421458
v -0.717200 0.212749 0.453084
v -0.717200 0.151820 0.477058
v -0.717200 0.088301 0.492733
v -0.734120 0.040015 -0.498684
v -0.750740 0.102612 -0.488859
v -0.766759 0.163398 -0.470530
v -0.781978 0.221446 -0.444256
v -0.796095 0.275636 -0.410387
v -0.808810 0.325141 -0.369485
v -0.820023 0.369128 -0.322213
v -0.829435 0.406756 -0.269434
v -0.836944 0.437382 -0.212021
v -0.842350 0.460556 -0.151055
v -0.845654 0.475831 -0.087517
v -0.846755 0.483060 -0.022404
v -0.845654 0.481889 0.043099
v -0.842350 0.472561 0.107778
v -0.836944 0.455129 0.170627
v -0.829435 0.429949 0.230629
v -0.820023 0.397367 0.286664
v -0.808810 0.357944 0.337804
v -0.796095 0.312438 0.383113
v -0.781978 0.261615 0.421852
v -0.766759 0.206248 0.453386
v -0.750740 0.147419 0.477262
v -0.734120 0.086001 0.492840
v -0.749839 0.033514 -0.498383
v -0.781978 0.089710 -0.488260
v -0.813015 0.144296 -0.469644
v -0.842350 0.196443 -0.443096
v -0.869583 0.245232 -0.408977
v -0.894212 0.289837 -0.367847
v -0.915738 0.329424 -0.320371
v -0.933960 0.363451 -0.267426
v -0.948477 0.391277 -0.209882
v -0.958990 0.412350 -0.148819
v -0.965397 0.426325 -0.085221
v -0.967500 0.433054 -0.020085
v -0.965397 0.432383 0.045395
v -0.958990 0.424355 0.110014
v -0.948477 0.409023 0.172765
v -0.933960 0.386643 0.232637
v -0.915738 0.357662 0.288505
v -0.894212 0.322640 0.339441
v -0.869583 0.282034 0.384523
v -0.842350 0.236612 0.423012
v -0.813015 0.187146 0.454272
v -0.781978 0.134518 0.477861
v -0.749839 0.079500 0.493141
v -0.763355 0.023113 -0.497900
v -0.808810 0.069108 -0.487305
v -0.852662 0.113892 -0.468234
v -0.894212 0.156738 -0.441255
v -0.932658 0.196826 -0.406732
v -0.967500 0.233630 -0.365240
v -0.998037 0.266416 -0.317449
v -1.023767 0.294642 -0.264234
v -1.044192 0.317768 -0.206473
v -1.059110 0.335541 -0.145257
v -1.068121 0.347515 -0.081566
v -1.071224 0.353644 -0.016402
v -1.068121 0.353573 0.049050
v -1.059110 0.347545 0.113576
v -1.044192 0.335514 0.176175
v -1.023767 0.317834 0.235828
v -0.998037 0.294655 0.291427
v -0.967500 0.266433 0.342048
v -0.932658 0.233628 0.386768
v -0.894212 0.196907 0.424853
v -0.852662 0.156742 0.455682
v -0.808810 0.113915 0.478816
v -0.763355 0.069099 0.493624
v -0.773768 0.009611 -0.497274
v -0.829435 0.042304 -0.486062
v -0.883099 0.074287 -0.466397
v -0.933960 0.104931 -0.438852
v -0.981116 0.133818 -0.403809
v -1.023767 0.160421 -0.361845
v -1.061112 0.184205 -0.313636
v -1.092650 0.204931 -0.260074
v -1.117780 0.222156 -0.202039
v -1.136002 0.235528 -0.140618
v -1.147015 0.244902 -0.076807
v -1.150720 0.250031 -0.011596
v -1.147015 0.250960 0.053809
v -1.136002 0.247532 0.118214
v -1.117780 0.239902 0.180609
v -1.092650 0.228123 0.239989
v -1.061112 0.212444 0.295240
v -1.023767 0.193224 0.345443
v -0.981116 0.170620 0.389690
v -0.933960 0.145100 0.427256
v -0.883099 0.117137 0.457519
v -0.829435 0.087112 0.480059
v -0.773768 0.055597 0.494250
v -0.780276 -0.006091 -0.496546
v -0.842350 0.011100 -0.484614
v -0.902222 0.028081 -0.464254
v -0.958990 0.044624 -0.436055
v -1.011553 0.060409 -0.400405
v -1.059110 0.075110 -0.357888
v -1.100860 0.088593 -0.309202
v -1.136002 0.100518 -0.255231
v -1.163935 0.110742 -0.196872
v -1.184260 0.119013 -0.135214
v -1.196574 0.125287 -0.071259
v -1.200780 0.129416 -0.006002
v -1.196574 0.131345 0.059357
v -1.184260 0.131018 0.123618
v -1.163935 0.128488 0.185776
v -1.136002 0.123710 0.244832
v -1.100860 0.116832 0.299674
v -1.059110 0.107913 0.349400
v -1.011553 0.097211 0.393095
v -0.958990 0.084793 0.430053
v -0.902222 0.070931 0.459662
v -0.842350 0.055908 0.481507
v -0.780276 0.039895 0.494978
v -0.782578 -0.022993 -0.495762
v -0.846755 -0.022404 -0.483060
v -0.908730 -0.021425 -0.461958
v -0.967500 -0.020085 -0.433054
v -1.021965 -0.018401 -0.396750
v -1.071224 -0.016402 -0.353644
v -1.114376 -0.014119 -0.304438
v -1.150720 -0.011596 -0.250031
v -1.179654 -0.008873 -0.191324
v -1.200780 -0.006002 -0.129416
v -1.213495 -0.003029 -0.065308
v -1.217800 0.000000 0.000000
v -1.213495 0.003029 0.065308
v -1.200780 0.006002 0.129416
v -1.179654 0.008873 0.191324
v -1.150720 0.011596 0.250031
v -1.114376 0.014119 0.304438
v -1.071224 0.016402 0.353644
v -1.021965 0.018401 0.396750
v -0.967500 0.020085 0.433054
v -0.908730 0.021425 0.461958
v -0.846755 0.022404 0.483060
v -0.782578 0.022993 0.495762
v -0.780276 -0.039895 -0.494978
v -0.842350 -0.055908 -0.481507
v -0.902222 -0.070931 -0.459662
v -0.958990 -0.084793 -0.430053
v -1.011553 -0.097211 -0.393095
v -1.059110 -0.107913 -0.349400
v -1.100860 -0.116832 -0.299674
v -1.136002 -0.123710 -0.244832
v -1.163935 -0.128488 -0.185776
v -1.184260 -0.131018 -0.123618
v -1.196574 -0.131345 -0.059357
v -1.200780 -0.129416 0.006002
v -1.196574 -0.125287 0.071259
v -1.184260 -0.119013 0.135214
v -1.163935 -0.110742 0.196872
v -1.136002 -0.100518 0.255231
v -1.100860 -0.088593 0.309202
v -1.059110 -0.075110 0.357888
v -1.011553 -0.060409 0.400405
v -0.958990 -0.044624 0.436055
v -0.902222 -0.028081 0.464254
v -0.842350 -0.011100 0.484614
v -0.780276 0.006091 0.496546
v -0.773768 -0.055597 -0.494250
v -0.829435 -0.087112 -0.480059
v -0.883099 -0.117137 -0.457519
v -0.933960 -0.145100 -0.427256
v -0.981116 -0.170620 -0.389690
v -1.023767 -0.193224 -0.345443
v -1.061112 -0.212444 -0.295240
v -1.092650 -0.228123 -0.239989
v -1.117780 -0.239902 -0.180609
v -1.136002 -0.247532 -0.118214
v -1.147015 -0.250960 -0.053809
v -1.150720 -0.250031 0.011596
v -1.147015 -0.244902 0.076807
v -1.136002 -0.235528 0.140618
v -1.117780 -0.222156 0.202039
v -1.092650 -0.204931 0.260074
v -1.061112 -0.184205 0.313636
v -1.023767 -0.160421 0.361845
v -0.981116 -0.133818 0.403809
v -0.933960 -0.104931 0.438852
v -0.883099 -0.074287 0.466397
v -0.829435 -0.042304 0.486062
v -0.773768 -0.009611 0.497274
v -0.763355 -0.069099 -0.493624
v -0.808810 -0.113915 -0.478816
v -0.852662 -0.156742 -0.455682
v -0.894212 -0.196907 -0.424853
v -0.932658 -0.233628 -0.386768
v -0.967500 -0.266433 -0.342048
v -0.998037 -0.294655 -0.291427
v -1.023767 -0.317834 -0.235828
v -1.044192 -0.335514 -0.176175
v -1.059110 -0.347545 -0.113576
v -1.068121 -0.353573 -0.049050
v -1.071224 -0.353644 0.016402
v -1.068121 -0.347515 0.081566
v -1.059110 -0.335541 0.145257
v -1.044192 -0.317768 0.206473
v -1.023767 -0.294642 0.264234
v -0.998037 -0.266416 0.317449
v -0.967500 -0.233630 0.365240
v -0.932658 -0.196826 0.406732
v -0.894212 -0.156738 0.441255
v -0.852662 -0.113892 0.468234
v -0.808810 -0.069108 0.487305
v -0.763355 -0.023113 0.497900
v -0.749839 -0.079500 -0.493141
v -0.781978 -0.134518 -0.477861
v -0.813015 -0.187146 -0.454272
v -0.842350 -0.236612 -0.423012
v -0.869583 -0.282034 -0.384523
v -0.894212 -0.322640 -0.339441
v -0.915738 -0.357662 -0.288505
v -0.933960 -0.386643 -0.232637
v -0.948477 -0.409023 -0.172765
v -0.958990 -0.424355 -0.110014
v -0.965397 -0.432383 -0.045395
v -0.967500 -0.433054 0.020085
v -0.965397 -0.426325 0.085221
v -0.958990 -0.412350 0.148819
v -0.948477 -0.391277 0.209882
v -0.933960 -0.363451 0.267426
v -0.915738 -0.329424 0.320371
v -0.894212 -0.289837 0.367847
v -0.869583 -0.245232 0.408977
v -0.842350 -0.196443 0.443096
v -0.813015 -0.144296 0.469644
v -0.781978 -0.089710 0.488260
v -0.749839 -0.033514 0.498383
v -0.734120 -0.086001 -0.492840
v -0.750740 -0.147419 -0.477262
v -0.766759 -0.206248 -0.453386
v -0.781978 -0.261615 -0.421852
v -0.796095 -0.312438 -0.383113
v -0.808810 -0.357944 -0.337804
v -0.820023 -0.397367 -0.286664
v -0.829435 -0.429949 -0.230629
v -0.836944 -0.455129 -0.170627
v -0.842350 -0.472561 -0.107778
v -0.845654 -0.481889 -0.043099
v -0.846755 -0.483060 0.022404
v -0.845654 -0.475831 0.087517
v -0.842350 -0.460556 0.151055
v -0.836944 -0.437382 0.212021
v -0.829435 -0.406756 0.269434
v -0.820023 -0.369128 0.322213
v -0.808810 -0.325141 0.369485
v -0.796095 -0.275636 0.410387
v -0.781978 -0.221446 0.444256
v -0.766759 -0.163398 0.470530
v -0.750740 -0.102612 0.488859
v -0.734120 -0.040015 0.498684
v -0.717200 -0.088301 -0.492733
v -0.717200 -0.151820 -0.477058
v -0.717200 -0.212749 -0.453084
v -0.717200 -0.270116 -0.421458
v -0.717200 -0.322839 -0.382630
v -0.717200 -0.370046 -0.337243
v -0.717200 -0.410869 -0.286037
v -0.717200 -0.444650 -0.229947
v -0.717200 -0.470831 -0.169899
v -0.717200 -0.489063 -0.107012
v -0.717200 -0.498791 -0.042315
v -0.717200 -0.500063 0.023192
v -0.717200 -0.492733 0.088301
v -0.717200 -0.477058 0.151820
v -0.717200 -0.453084 0.212749
v -0.717200 -0.421458 0.270116
v -0.717200 -0.382630 0.322839
v -0.717200 -0.337243 0.370046
v -0.717200 -0.286037 0.410869
v -0.717200 -0.229947 0.444650
v -0.717200 -0.169899 0.470831
v -0.717200 -0.107012 0.489063
v -0.717200 -0.042315 0.498791
v -0.700280 -0.086001 -0.492840
v -0.683660 -0.147419 -0.477262
v -0.667641 -0.206248 -0.453386
v -0.652422 -0.261615 -0.421852
v -0.638305 -0.312438 -0.383113
v -0.625590 -0.357944 -0.337804
v -0.614377 -0.397367 -0.286664
v -0.604965 -0.429949 -0.230629
v -0.597456 -0.455129 -0.170627
v -0.592050 -0.472561 -0.107778
v -0.588746 -0.481889 -0.043099
v -0.587645 -0.483060 0.022404
v -0.588746 -0.475831 0.087517
v -0.592050 -0.460556 0.151055
v -0.597456 -0.437382 0.212021
v -0.604965 -0.406756 0.269434
v -0.614377 -0.369128 0.322213
v -0.625590 -0.325141 0.369485
v -0.638305 -0.275636 0.410387
v -0.652422 -0.221446 0.444256
v -0.667641 -0.163398 0.470530
v -0.683660 -0.102612 0.488859
v -0.700280 -0.040015 0.498684
v -0.684561 -0.079500 -0.493141
v -0.652422 -0.134518 -0.477861
v -0.621385 -0.187146 -0.454272
v -0.592050 -0.236612 -0.423012
v -0.564817 -0.282034 -0.384523
v -0.540188 -0.322640 -0.339441
v -0.518662 -0.357662 -0.288505
v -0.500440 -0.386643 -0.232637
v -0.485923 -0.409023 -0.172765
v -0.475410 -0.424355 -0.110014
v -0.469003 -0.432383 -0.045395
v -0.466900 -0.433054 0.020085
v -0.469003 -0.426325 0.085221
v -0.475410 -0.412350 0.148819
v -0.485923 -0.391277 0.209882
v -0.500440 -0.363451 0.267426
v -0.518662 -0.329424 0.320371
v -0.540188 -0.289837 0.367847
v -0.564817 -0.245232 0.408977
v -0.592050 -0.196443 0.443096
v -0.621385 -0.144296 0.469644
v -0.652422 -0.089710 0.488260
v -0.684561 -0.033514 0.498383
v -0.671045 -0.069099 -0.493624
v -0.625590 -0.113915 -0.478816
v -0.581738 -0.156742 -0.455682
v -0.540188 -0.196907 -0.424853
v -0.501742 -0.233628 -0.386768
v -0.466900 -0.266433 -0.342048
v -0.436363 -0.294655 -0.291427
v -0.410633 -0.317834 -0.235828
v -0.390208 -0.335514 -0.176175
v -0.375290 -0.347545 -0.113576
v -0.366279 -0.353573 -0.049050
v -0.363176 -0.353644 0.016402
v -0.366279 -0.347515 0.081566
v -0.375290 -0.335541 0.145257
v -0.390208 -0.317768 0.206473
v -0.410633 -0.294642 0.264234
v -0.436363 -0.266416 0.317449
v -0.466900 -0.233630 0.365240
v -0.501742 -0.196826 0.406732
v -0.540188 -0.156738 0.441255
v -0.581738 -0.113892 0.468234
v -0.625590 -0.069108 0.487305
v -0.671045 -0.023113 0.497900
v -0.660632 -0.055597 -0.494250
v -0.604965 -0.087112 -0.480059
v -0.551301 -0.117137 -0.457519
v -0.500440 -0.145100 -0.427256
v -0.453284 -0.170620 -0.389690
v -0.410633 -0.193224 -0.345443
v -0.373288 -0.212444 -0.295240
v -0.341750 -0.228123 -0.239989
v -0.316620 -0.239902 -0.180609
v -0.298398 -0.247532 -0.118214
v -0.287385 -0.250960 -0.053809
v -0.283680 -0.250031 0.011596
v -0.287385 -0.244902 0.076807
v -0.298398 -0.235528 0.140618
v -0.316620 -0.222156 0.202039
v -0.341750 -0.204931 0.260074
v -0.373288 -0.184205 0.313636
v -0.410633 -0.160421 0.361845
v -0.453284 -0.133818 0.403809
v -0.500440 -0.104931 0.438852
v -0.551301 -0.074287 0.466397
v -0.604965 -0.042304 0.486062
v -0.660632 -0.009611 0.497274
v -0.654124 -0.039895 -0.494978
v -0.592050 -0.055908 -0.481507
v -0.532178 -0.070931 -0.459662
v -0.475410 -0.084793 -0.430053
v -0.422847 -0.097211 -0.393095
v -0.375290 -0.107913 -0.349400
v -0.333540 -0.116832 -0.299674
v -0.298398 -0.123710 -0.244832
v -0.270465 -0.128488 -0.185776
v -0.250140 -0.131018 -0.123618
v -0.237825 -0.131345 -0.059357
v -0.233620 -0.129416 0.006002
v -0.237825 -0.125287 0.071259
v -0.250140 -0.119013 0.135214
v -0.270465 -0.110742 0.196872
v -0.298398 -0.100518 0.255231
v -0.333540 -0.088593 0.309202
v -0.375290 -0.075110 0.357888
v -0.422847 -0.060409 0.400405
v -0.475410 -0.044624 0.436055
v -0.532178 -0.028081 0.464254
v -0.592050 -0.011100 0.484614
v -0.654124 0.006091 0.496546
vt 1.000000 1.000000
vt 0.958333 0.958333
vt 1.000000 0.958333
vt 0.958333 0.916667
vt 1.000000 0.916667
vt 0.958333 0.875000
vt 1.000000 0.875000
vt 0.958333 0.833333
vt 1.000000 0.833333
vt 0.958333 0.791667
vt 1.000000 0.791667
vt 0.958333 0.750000
vt 1.000000 0.750000
vt 0.958333 0.708333
vt 1.000000 0.708333
vt 0.958333 0.666667
vt 1.000000 0.666667
vt 0.958333 0.625000
vt 1.000000 0.625000
vt 0.958333 0.583333
vt 1.000000 0.583333
vt 0.958333 0.541667
vt 1.000000 0.541667
vt 0.958333 0.500000
vt 1.000000 0.500000
vt 0.958333 0.458333
vt 1.000000 0.458333
vt 0.958333 0.416667
vt 1.000000 0.416667
vt 0.958333 0.375000
vt 1.000000 0.375000
vt 0.958333 0.333333
vt 1.000000 0.333333
vt 0.958333 0.291667
vt 1.000000 0.291667
vt 0.958333 0.250000
vt 1.000000 0.250000
vt 0.958333 0.208333
vt 1.000000 0.208333
vt 0.958333 0.166667
vt 1.000000 0.166667
vt 0.958333 0.125000
vt 1.000000 0.125000
vt 0.958333 0.083333
vt 1.000000 0.083333
vt 0.958333 0.041667
vt 1.000000 0.041667
vt 0.958333 0.000000
vt 0.958333 1.000000
vt 0.916667 0.958333
vt 0.916667 0.916667
vt 0.916667 0.875000
vt 0.916667 0.833333
vt 0.916667 0.791667
vt 0.916667 0.750000
vt 0.916667 0.708333
vt 0.916667 0.666667
vt 0.916667 0.625000
vt 0.916667 0.583333
vt 0.916667 0.541667
vt 0.916667 0.500000
vt 0.916667 0.458333
vt 0.916667 0.416667
vt 0.916667 0.375000
vt 0.916667 0.333333
vt 0.916667 0.291667
vt 0.916667 0.250000
vt 0.916667 0.208333
vt 0.916667 0.166667
vt 0.916667 0.125000
vt 0.916667 0.083333
vt 0.916667 0.041667
vt 0.916667 0.000000
vt 0.916667 1.000000
vt 0.875000 0.958333
vt 0.875000 0.916667
vt 0.875000 0.875000
vt 0.875000 0.833333
vt 0.875000 0.791667
vt 0.875000 0.750000
vt 0.875000 0.708333
vt 0.875000 0.666667
vt 0.875000 0.625000
vt 0.875000 0.583333
vt 0.875000 0.541667
vt 0.875000 0.500000
vt 0.875000 0.458333
vt 0.875000 0.416667
vt 0.875000 0.375000
vt 0.875000 0.333333
vt 0.875000 0.291667
vt 0.875000 0.250000
vt 0.875000 0.208333
vt 0.875000 0.166667
vt 0.875000 0.125000
vt 0.875000 0.083333
vt 0.875000 0.041667
vt 0.875000 0.000000
vt 0.875000 1.000000
vt 0.833333 0.958333
vt 0.833333 0.916667
vt 0.833333 0.875000
vt 0.833333 0.833333
vt 0.833333 0.791667
vt 0.833333 0.750000
vt 0.833333 0.708333
vt 0.833333 0.666667
vt 0.833333 0.625000
vt 0.833333 0.583333
vt 0.833333 0.541667
vt 0.833333 0.500000
vt 0.833333 0.458333
vt 0.833333 0.416667
vt 0.833333 0.375000
vt 0.833333 0.333333
vt 0.833333 0.291667
vt 0.833333 0.250000
vt 0.833333 0.208333
vt 0.833333 0.166667
vt 0.833333 0.125000
vt 0.833333 0.083333
vt 0.833333 0.041667
vt 0.833333 0.000000
vt 0.833333 1.000000
vt 0.791667 0.958333
vt 0.791667 0.916667
vt 0.791667 0.875000
vt 0.791667 0.833333
vt 0.791667 0.791667
vt 0.791667 0.750000
vt 0.791667 0.708333
vt 0.791667 0.666667
vt 0.791667 0.625000
vt 0.791667 0.583333
vt 0.791667 0.541667
vt 0.791667 0.500000
vt 0.791667 0.458333
vt 0.791667 0.416667
vt 0.791667 0.375000
vt 0.791667 0.333333
vt 0.791667 0.291667
vt 0.791667 0.250000
vt 0.791667 0.208333
vt 0.791667 0.166667
vt 0.791667 0.125000
vt 0.791667 0.083333
vt 0.791667 0.041667
vt 0.791667 0.000000
vt 0.791667 1.000000
vt 0.750000 0.958333
vt 0.750000 0.916667
vt 0.750000 0.875000
vt 0.750000 0.833333
vt 0.750000 0.791667
vt 0.750000 0.750000
vt 0.750000 0.708333
vt 0.750000 0.666667
vt 0.750000 0.625000
vt 0.750000 0.583333
vt 0.750000 0.541667
vt 0.750000 0.500000
vt 0.750000 0.458333
vt 0.750000 0.416667
vt 0.750000 0.375000
vt 0.750000 0.333333
vt 0.750000 0.291667
vt 0.750000 0.250000
vt 0.750000 0.208333
vt 0.750000 0.166667
vt 0.750000 0.125000
vt 0.750000 0.083333
vt 0.750000 0.041667
vt 0.750000 0.000000
vt 0.750000 1.000000
vt 0.708333 0.958333
vt 0.708333 0.916667
vt 0.708333 0.875000
vt 0.708333 0.833333
vt 0.708333 0.791667
vt 0.708333 0.750000
vt 0.708333 0.708333
vt 0.708333 0.666667
vt 0.708333 0.625000
vt 0.708333 0.583333
vt 0.708333 0.541667
vt 0.708333 0.500000
vt 0.708333 0.458333
vt 0.708333 0.416667
vt 0.708333 0.375000
vt 0.708333 0.333333
vt 0.708333 0.291667
vt 0.708333 0.250000
vt 0.708333 0.208333
vt 0.708333 0.166667
vt 0.708333 0.125000
vt 0.708333 0.083333
vt 0.708333 0.041667
vt 0.708333 0.000000
vt 0.708333 1.000000
vt 0.666667 0.958333
vt 0.666667 0.916667
vt 0.666667 0.875000
vt 0.666667 0.833333
vt 0.666667 0.791667
vt 0.666667 0.750000
vt 0.666667 0.708333
vt 0.666667 0.666667
vt 0.666667 0.625000
vt 0.666667 0.583333
vt 0.666667 0.541667
vt 0.666667 0.500000
vt 0.666667 0.458333
vt 0.666667 0.416667
vt 0.666667 0.375000
vt 0.666667 0.333333
vt 0.666667 0.291667
vt 0.666667 0.250000
vt 0.666667 0.208333
vt 0.666667 0.166667
vt 0.666667 0.125000
vt 0.666667 0.083333
vt 0.666667 0.041667
vt 0.666667 0.000000
vt 0.666667 1.000000
vt 0.625000 0.958333
vt 0.625000 0.916667
vt 0.625000 0.875000
vt 0.625000 0.833333
vt 0.625000 0.791667
vt 0.625000 0.750000
vt 0.625000 0.708333
vt 0.625000 0.666667
vt 0.625000 0.625000
vt 0.625000 0.583333
vt 0.625000 0.541667
vt 0.625000 0.500000
vt 0.625000 0.458333
vt 0.625000 0.416667
vt 0.625000 0.375000
vt 0.625000 0.333333
vt 0.625000 0.291667
vt 0.625000 0.250000
vt 0.625000 0.208333
vt 0.625000 0.166667
vt 0.625000 0.125000
vt 0.625000 0.083333
vt 0.625000 0.041667
vt 0.625000 0.000000
vt 0.625000 1.000000
vt 0.583333 0.958333
vt 0.583333 0.916667
vt 0.583333 0.875000
vt 0.583333 0.833333
vt 0.583333 0.791667
vt 0.583333 0.750000
vt 0.583333 0.708333
vt 0.583333 0.666667
vt 0.583333 0.625000
vt 0.583333 0.583333
vt 0.583333 0.541667
vt 0.583333 0.500000
vt 0.583333 0.458333
vt 0.583333 0.416667
vt 0.583333 0.375000
vt 0.583333 0.333333
vt 0.583333 0.291667
vt 0.583333 0.250000
vt 0.583333 0.208333
vt 0.583333 0.166667
vt 0.583333 0.125000
vt 0.583333 0.083333
vt 0.583333 0.041667
vt 0.583333 0.000000
vt 0.583333 1.000000
vt 0.541667 0.958333
vt 0.541667 0.916667
vt 0.541667 0.875000
vt 0.541667 0.833333
vt 0.541667 0.791667
vt 0.541667 0.750000
vt 0.541667 0.708333
vt 0.541667 0.666667
vt 0.541667 0.625000
vt 0.541667 0.583333
vt 0.541667 0.541667
vt 0.541667 0.500000
vt 0.541667 0.458333
vt 0.541667 0.416667
vt 0.541667 0.375000
vt 0.541667 0.333333
vt 0.541667 0.291667
vt 0.541667 0.250000
vt 0.541667 0.208333
vt 0.541667 0.166667
vt 0.541667 0.125000
vt 0.541667 0.083333
vt 0.541667 0.041667
vt 0.541667 0.000000
vt 0.541667 1.000000
vt 0.500000 0.958333
vt 0.500000 0.916667
vt 0.500000 0.875000
vt 0.500000 0.833333
vt 0.500000 0.791667
vt 0.500000 0.750000
vt 0.500000 0.708333
vt 0.500000 0.666667
vt 0.500000 0.625000
vt 0.500000 0.583333
vt 0.500000 0.541667
vt 0.500000 0.500000
vt 0.500000 0.458333
vt 0.500000 0.416667
vt 0.500000 0.375000
vt 0.500000 0.333333
vt 0.500000 0.291667
vt 0.500000 0.250000
vt 0.500000 0.208333
vt 0.500000 0.166667
vt 0.500000 0.125000
vt 0.500000 0.083333
vt 0.500000 0.041667
vt 0.500000 0.000000
vt 0.500000 1.000000
vt 0.458333 0.958333
vt 0.458333 0.916667
vt 0.458333 0.875000
vt 0.458333 0.833333
vt 0.458333 0.791667
vt 0.458333 0.750000
vt 0.458333 0.708333
vt 0.458333 0.666667
vt 0.458333 0.625000
vt 0.458333 0.583333
vt 0.458333 0.541667
vt 0.458333 0.500000
vt 0.458333 0.458333
vt 0.458333 0.416667
vt 0.458333 0.375000
vt 0.458333 0.333333
vt 0.458333 0.291667
vt 0.458333 0.250000
vt 0.458333 0.208333
vt 0.458333 0.166667
vt 0.458333 0.125000
vt 0.458333 0.083333
vt 0.458333 0.041667
vt 0.458333 0.000000
vt 0.458333 1.000000
vt 0.416667 0.958333
vt 0.416667 0.916667
vt 0.416667 0.875000
vt 0.416667 0.833333
vt 0.416667 0.791667
vt 0.416667 0.750000
vt 0.416667 0.708333
vt 0.416667 0.666667
vt 0.416667 0.625000
vt 0.416667 0.583333
vt 0.416667 0.541667
vt 0.416667 0.500000
vt 0.416667 0.458333
vt 0.416667 0.416667
vt 0.416667 0.375000
vt 0.416667 0.333333
vt 0.416667 0.291667
vt 0.416667 0.250000
vt 0.416667 0.208333
vt 0.416667 0.166667
vt 0.416667 0.125000
vt 0.416667 0.083333
vt 0.416667 0.041667
vt 0.416667 0.000000
vt 0.416667 1.000000
vt 0.375000 0.958333
vt 0.375000 0.916667
vt 0.375000 0.875000
vt 0.375000 0.833333
vt 0.375000 0.791667
vt 0.375000 0.750000
vt 0.375000 0.708333
vt 0.375000 0.666667
vt 0.375000 0.625000
vt 0.375000 0.583333
vt 0.375000 0.541667
vt 0.375000 0.500000
vt 0.375000 0.458333
vt 0.375000 0.416667
vt 0.375000 0.375000
vt 0.375000 0.333333
vt 0.375000 0.291667
vt 0.375000 0.250000
vt 0.375000 0.208333
vt 0.375000 0.166667
vt 0.375000 0.125000
vt 0.375000 0.083333
vt 0.375000 0.041667
vt 0.375000 0.000000
vt 0.375000 1.000000
vt 0.333333 0.958333
vt 0.333333 0.916667
vt 0.333333 0.875000
vt 0.333333 0.833333
vt 0.333333 0.791667
vt 0.333333 0.750000
vt 0.333333 0.708333
vt 0.333333 0.666667
vt 0.333333 0.625000
vt 0.333333 0.583333
vt 0.333333 0.541667
vt 0.333333 0.500000
vt 0.333333 0.458333
vt 0.333333 0.416667
vt 0.333333 0.375000
vt 0.333333 0.333333
vt 0.333333 0.291667
vt 0.333333 0.250000
vt 0.333333 0.208333
vt 0.333333 0.166667
vt 0.333333 0.125000
vt 0.333333 0.083333
vt 0.333333 0.041667
vt 0.333333 0.000000
vt 0.333333 1.000000
vt 0.291667 0.958333
vt 0.291667 0.916667
vt 0.291667 0.875000
vt 0.291667 0.833333
vt 0.291667 0.791667
vt 0.291667 0.750000
vt 0.291667 0.708333
vt 0.291667 0.666667
vt 0.291667 0.625000
vt 0.291667 0.583333
vt 0.291667 0.541667
vt 0.291667 0.500000
vt 0.291667 0.458333
vt 0.291667 0.416667
vt 0.291667 0.375000
vt 0.291667 0.333333
vt 0.291667 0.291667
vt 0.291667 0.250000
vt 0.291667 0.208333
vt 0.291667 0.166667
vt 0.291667 0.125000
vt 0.291667 0.083333
vt 0.291667 0.041667
vt 0.291667 0.000000
vt 0.291667 1.000000
vt 0.250000 0.958333
vt 0.250000 0.916667
vt 0.250000 0.875000
vt 0.250000 0.833333
vt 0.250000 0.791667
vt 0.250000 0.750000
vt 0.250000 0.708333
vt 0.250000 0.666667
vt 0.250000 0.625000
vt 0.250000 0.583333
vt 0.250000 0.541667
vt 0.250000 0.500000
vt 0.250000 0.458333
vt 0.250000 0.416667
vt 0.250000 0.375000
vt 0.250000 0.333333
vt 0.250000 0.291667
vt 0.250000 0.250000
vt 0.250000 0.208333
vt 0.250000 0.166667
vt 0.250000 0.125000
vt 0.250000 0.083333
vt 0.250000 0.041667
vt 0.250000 0.000000
vt 0.250000 1.000000
vt 0.208333 0.958333
vt 0.208333 0.916667
vt 0.208333 0.875000
vt 0.208333 0.833333
vt 0.208333 0.791667
vt 0.208333 0.750000
vt 0.208333 0.708333
vt 0.208333 0.666667
vt 0.208333 0.625000
vt 0.208333 0.583333
vt 0.208333 0.541667
vt 0.208333 0.500000
vt 0.208333 0.458333
vt 0.208333 0.416667
vt 0.208333 0.375000
vt 0.208333 0.333333
vt 0.208333 0.291667
vt 0.208333 0.250000
vt 0.208333 0.208333
vt 0.208333 0.166667
vt 0.208333 0.125000
vt 0.208333 0.083333
vt 0.208333 0.041667
vt 0.208333 0.000000
vt 0.208333 1.000000
vt 0.166667 0.958333
vt 0.166667 0.916667
vt 0.166667 0.875000
vt 0.166667 0.833333
vt 0.166667 0.791667
vt 0.166667 0.750000
vt 0.166667 0.708333
vt 0.166667 0.666667
vt 0.166667 0.625000
vt 0.166667 0.583333
vt 0.166667 0.541667
vt 0.166667 0.500000
vt 0.166667 0.458333
vt 0.166667 0.416667
vt 0.166667 0.375000
vt 0.166667 0.333333
vt 0.166667 0.291667
vt 0.166667 0.250000
vt 0.166667 0.208333
vt 0.166667 0.166667
vt 0.166667 0.125000
vt 0.166667 0.083333
vt 0.166667 0.041667
vt 0.166667 0.000000
vt 0.166667 1.000000
vt 0.125000 0.958333
vt 0.125000 0.916667
vt 0.125000 0.875000
vt 0.125000 0.833333
vt 0.125000 0.791667
vt 0.125000 0.750000
vt 0.125000 0.708333
vt 0.125000 0.666667
vt 0.125000 0.625000
vt 0.125000 0.583333
vt 0.125000 0.541667
vt 0.125000 0.500000
vt 0.125000 0.458333
vt 0.125000 0.416667
vt 0.125000 0.375000
vt 0.125000 0.333333
vt 0.125000 0.291667
vt 0.125000 0.250000
vt 0.125000 0.208333
vt 0.125000 0.166667
vt 0.125000 0.125000
vt 0.125000 0.083333
vt 0.125000 0.041667
vt 0.125000 0.000000
vt 0.125000 1.000000
vt 0.083333 0.958333
vt 0.083333 0.916667
vt 0.083333 0.875000
vt 0.083333 0.833333
vt 0.083333 0.791667
vt 0.083333 0.750000
vt 0.083333 0.708333
vt 0.083333 0.666667
vt 0.083333 0.625000
vt 0.083333 0.583333
vt 0.083333 0.541667
vt 0.083333 0.500000
vt 0.083333 0.458333
vt 0.083333 0.416667
vt 0.083333 0.375000
vt 0.083333 0.333333
vt 0.083333 0.291667
vt 0.083333 0.250000
vt 0.083333 0.208333
vt 0.083333 0.166667
vt 0.083333 0.125000
vt 0.083333 0.083333
vt 0.083333 0.041667
vt 0.083333 0.000000
vt 0.083333 1.000000
vt 0.041667 0.958333
vt 0.041667 0.916667
vt 0.041667 0.875000
vt 0.041667 0.833333
vt 0.041667 0.791667
vt 0.041667 0.750000
vt 0.041667 0.708333
vt 0.041667 0.666667
vt 0.041667 0.625000
vt 0.041667 0.583333
vt 0.041667 0.541667
vt 0.041667 0.500000
vt 0.041667 0.458333
vt 0.041667 0.416667
vt 0.041667 0.375000
vt 0.041667 0.333333
vt 0.041667 0.291667
vt 0.041667 0.250000
vt 0.041667 0.208333
vt 0.041667 0.166667
vt 0.041667 0.125000
vt 0.041667 0.083333
vt 0.041667 0.041667
vt 0.041667 0.000000
vt 0.041667 1.000000
vt 0.000000 0.958333
vt 0.000000 0.916667
vt 0.000000 0.875000
vt 0.000000 0.833333
vt 0.000000 0.791667
vt 0.000000 0.750000
vt 0.000000 0.708333
vt 0.000000 0.666667
vt 0.000000 0.625000
vt 0.000000 0.583333
vt 0.000000 0.541667
vt 0.000000 0.500000
vt 0.000000 0.458333
vt 0.000000 0.416667
vt 0.000000 0.375000
vt 0.000000 0.333333
vt 0.000000 0.291667
vt 0.000000 0.250000
vt 0.000000 0.208333
vt 0.000000 0.166667
vt 0.000000 0.125000
vt 0.000000 0.083333
vt 0.000000 0.041667
vt 0.000000 0.000000
vn -0.000000 -0.046300 -0.998900
vn 0.125800 -0.012200 -0.992000
vn 0.130200 -0.045900 -0.990400
vn 0.250200 0.022200 -0.968000
vn 0.259000 -0.044700 -0.964800
vn 0.370000 0.056100 -0.927400
vn 0.382900 -0.042800 -0.922800
vn 0.482500 0.089000 -0.871400
vn 0.499500 -0.040100 -0.865400
vn 0.587700 0.120600 -0.800100
vn 0.608400 -0.036800 -0.792800
vn 0.682900 0.150200 -0.714900
vn 0.706900 -0.032800 -0.706500
vn 0.766400 0.177100 -0.617500
vn 0.793500 -0.028200 -0.607900
vn 0.836600 0.200700 -0.509700
vn 0.866300 -0.023100 -0.498900
vn 0.892500 0.221000 -0.393300
vn 0.923900 -0.017700 -0.382200
vn 0.933100 0.237600 -0.270100
vn 0.965900 -0.012000 -0.258700
vn 0.957700 0.250200 -0.142300
vn 0.991400 -0.006100 -0.130500
vn 0.965900 0.258500 -0.012000
vn 1.000000 -0.000000 -0.000000
vn 0.957700 0.262300 0.118500
vn 0.991400 0.006100 0.130500
vn 0.933000 0.261600 0.247000
vn 0.965900 0.012000 0.258600
vn 0.892500 0.256400 0.371200
vn 0.923900 0.017700 0.382200
vn 0.836600 0.247000 0.488900
vn 0.866300 0.023100 0.499000
vn 0.766400 0.233500 0.598500
vn 0.793500 0.028200 0.607900
vn 0.682900 0.215700 0.697900
vn 0.706900 0.032800 0.706500
vn 0.587700 0.194100 0.785500
vn 0.608400 0.036800 0.792800
vn 0.482500 0.169300 0.859400
vn 0.499500 0.040100 0.865400
vn 0.370000 0.141700 0.918200
vn 0.382900 0.042800 0.922800
vn 0.250200 0.111700 0.961700
vn 0.259000 0.044700 0.964800
vn 0.125800 0.079700 0.988900
vn 0.130200 0.045900 0.990400
vn -0.000000 0.046300 0.998900
vn 0.112700 0.019200 -0.993400
vn 0.224200 0.084500 -0.970900
vn 0.331700 0.148400 -0.931600
vn 0.432700 0.209400 -0.876900
vn 0.526900 0.267200 -0.806900
vn 0.612300 0.320500 -0.722700
vn 0.687100 0.368200 -0.626400
vn 0.749900 0.409500 -0.519500
vn 0.800000 0.443900 -0.403700
vn 0.836500 0.470500 -0.280900
vn 0.858600 0.489100 -0.153600
vn 0.866100 0.499400 -0.023200
vn 0.858600 0.501200 0.107600
vn 0.836500 0.494500 0.236100
vn 0.800000 0.479300 0.360800
vn 0.749900 0.455800 0.479400
vn 0.687100 0.424600 0.589600
vn 0.612300 0.386000 0.690000
vn 0.526900 0.340700 0.778700
vn 0.432700 0.289700 0.853700
vn 0.331700 0.234000 0.913900
vn 0.224200 0.174000 0.958900
vn 0.112700 0.111000 0.987400
vn 0.092000 0.046000 -0.994700
vn 0.183100 0.138100 -0.973400
vn 0.270800 0.227700 -0.935300
vn 0.353400 0.312800 -0.881600
vn 0.430200 0.393000 -0.812700
vn 0.500000 0.466700 -0.729500
vn 0.561100 0.532300 -0.634000
vn 0.612400 0.588600 -0.527800
vn 0.653300 0.634800 -0.412600
vn 0.683000 0.670300 -0.290200
vn 0.701100 0.694300 -0.162900
vn 0.707100 0.706300 -0.032800
vn 0.701100 0.706300 0.097900
vn 0.683000 0.694300 0.226900
vn 0.653300 0.670300 0.352000
vn 0.612400 0.634900 0.471100
vn 0.561100 0.588700 0.582000
vn 0.500000 0.532200 0.683200
vn 0.430200 0.466500 0.772800
vn 0.353400 0.393100 0.848900
vn 0.270800 0.313300 0.910200
vn 0.183100 0.227600 0.956400
vn 0.092100 0.137900 0.986200
vn 0.065100 0.066600 -0.995600
vn 0.129400 0.179200 -0.975300
vn 0.191400 0.288500 -0.938100
vn 0.249800 0.392100 -0.885300
vn 0.304300 0.489600 -0.817200
vn 0.353600 0.579000 -0.734700
vn 0.396800 0.658200 -0.639800
vn 0.433200 0.726000 -0.534200
vn 0.462100 0.781400 -0.419300
vn 0.483100 0.823600 -0.297200
vn 0.495700 0.851600 -0.170400
vn 0.499900 0.865100 -0.040100
vn 0.495700 0.863700 0.090800
vn 0.483100 0.847600 0.219600
vn 0.462100 0.816900 0.345200
vn 0.433200 0.772300 0.464700
vn 0.396800 0.714500 0.576200
vn 0.353600 0.644400 0.678000
vn 0.304300 0.563100 0.768300
vn 0.249800 0.472400 0.845200
vn 0.191400 0.374100 0.907400
vn 0.129400 0.268700 0.954500
vn 0.065100 0.158500 0.985200
vn 0.033800 0.079700 -0.996200
vn 0.067000 0.205100 -0.976400
vn 0.099000 0.326800 -0.939900
vn 0.129300 0.441900 -0.887700
vn 0.157500 0.550300 -0.820000
vn 0.183100 0.649400 -0.738100
vn 0.205500 0.737300 -0.643500
vn 0.224100 0.812600 -0.538100
vn 0.238900 0.873800 -0.423600
vn 0.249900 0.920000 -0.301800
vn 0.256500 0.950600 -0.174800
vn 0.258800 0.964900 -0.044800
vn 0.256500 0.962700 0.086100
vn 0.249900 0.944100 0.215200
vn 0.238900 0.909200 0.340900
vn 0.224100 0.858900 0.460500
vn 0.205500 0.793700 0.572500
vn 0.183100 0.714900 0.674800
vn 0.157500 0.623800 0.765500
vn 0.129300 0.522100 0.843000
vn 0.099000 0.412400 0.905600
vn 0.067000 0.294600 0.953300
vn 0.033800 0.171600 0.984600
vn -0.000000 0.084200 -0.996500
vn -0.000000 0.213900 -0.976800
vn -0.000000 0.339700 -0.940500
vn 0.000000 0.458800 -0.888500
vn 0.000000 0.571000 -0.821000
vn 0.000000 0.673400 -0.739300
vn 0.000000 0.764400 -0.644700
vn 0.000000 0.842300 -0.539000
vn 0.000000 0.905200 -0.425000
vn -0.000000 0.952900 -0.303400
vn -0.000000 0.984300 -0.176400
vn 0.000000 0.998900 -0.046300
vn -0.000000 0.996400 0.084500
vn -0.000000 0.976900 0.213900
vn 0.000000 0.940600 0.339400
vn 0.000000 0.888500 0.458900
vn 0.000000 0.820800 0.571200
vn 0.000000 0.739000 0.673800
vn 0.000000 0.644500 0.764600
vn 0.000000 0.539100 0.842200
vn -0.000000 0.425300 0.905000
vn -0.000000 0.303400 0.952800
vn 0.000000 0.176000 0.984400
vn -0.033800 0.079700 -0.996200
vn -0.067000 0.205100 -0.976400
vn -0.099000 0.326800 -0.939900
vn -0.129300 0.441900 -0.887700
vn -0.157500 0.550300 -0.820000
vn -0.183100 0.649400 -0.738100
vn -0.205500 0.737300 -0.643500
vn -0.224100 0.812600 -0.538000
vn -0.238900 0.873800 -0.423600
vn -0.249900 0.920100 -0.301700
vn -0.256500 0.950600 -0.174800
vn -0.258800 0.964900 -0.044800
vn -0.256500 0.962700 0.086100
vn -0.249900 0.944000 0.215300
vn -0.238900 0.909200 0.340900
vn -0.224100 0.858900 0.460500
vn -0.205500 0.793700 0.572500
vn -0.183100 0.714900 0.674800
vn -0.157500 0.623800 0.765500
vn -0.129300 0.522100 0.843000
vn -0.099000 0.412400 0.905600
vn -0.067000 0.294600 0.953300
vn -0.033800 0.171600 0.984600
vn -0.065100 0.066600 -0.995600
vn -0.129400 0.179200 -0.975300
vn -0.191400 0.288500 -0.938100
vn -0.249800 0.392100 -0.885300
vn -0.304300 0.489600 -0.817200
vn -0.353600 0.578900 -0.734700
vn -0.396800 0.658100 -0.639800
vn -0.433200 0.726000 -0.534200
vn -0.462100 0.781500 -0.419300
vn -0.483100 0.823600 -0.297200
vn -0.495700 0.851600 -0.170400
vn -0.499900 0.865100 -0.040100
vn -0.495700 0.863700 0.090800
vn -0.483100 0.847600 0.219700
vn -0.462100 0.816900 0.345200
vn -0.433100 0.772300 0.464700
vn -0.396800 0.714500 0.576200
vn -0.353600 0.644400 0.678000
vn -0.304300 0.563100 0.768300
vn -0.249800 0.472400 0.845200
vn -0.191500 0.374200 0.907400
vn -0.129400 0.268700 0.954500
vn -0.065200 0.158500 0.985200
vn -0.092000 0.046000 -0.994700
vn -0.183100 0.138100 -0.973400
vn -0.270800 0.227700 -0.935300
vn -0.353400 0.312800 -0.881600
vn -0.430200 0.393000 -0.812700
vn -0.500000 0.466700 -0.729500
vn -0.561100 0.532300 -0.634000
vn -0.612400 0.588600 -0.527800
vn -0.653300 0.634800 -0.412600
vn -0.683000 0.670300 -0.290200
vn -0.701100 0.694300 -0.162900
vn -0.707100 0.706300 -0.032800
vn -0.701100 0.706300 0.097900
vn -0.683000 0.694300 0.226900
vn -0.653300 0.670300 0.352000
vn -0.612400 0.634900 0.471000
vn -0.561100 0.588700 0.582000
vn -0.500000 0.532200 0.683200
vn -0.430200 0.466500 0.772800
vn -0.353400 0.393100 0.848900
vn -0.270800 0.313300 0.910200
vn -0.183100 0.227600 0.956400
vn -0.092000 0.137900 0.986200
vn -0.112700 0.019200 -0.993400
vn -0.224200 0.084500 -0.970900
vn -0.331700 0.148400 -0.931600
vn -0.432700 0.209400 -0.876900
vn -0.526900 0.267200 -0.806900
vn -0.612300 0.320500 -0.722700
vn -0.687100 0.368200 -0.626400
vn -0.749900 0.409500 -0.519500
vn -0.800000 0.443900 -0.403700
vn -0.836500 0.470600 -0.280800
vn -0.858600 0.489100 -0.153600
vn -0.866100 0.499400 -0.023200
vn -0.858600 0.501200 0.107500
vn -0.836500 0.494500 0.236000
vn -0.800000 0.479300 0.360900
vn -0.749900 0.455900 0.479400
vn -0.687100 0.424600 0.589600
vn -0.612300 0.386000 0.690000
vn -0.526900 0.340700 0.778700
vn -0.432700 0.289700 0.853700
vn -0.331700 0.234000 0.913900
vn -0.224200 0.174000 0.958900
vn -0.112700 0.111000 0.987400
vn -0.125800 -0.012200 -0.992000
vn -0.250200 0.022200 -0.968000
vn -0.370000 0.056100 -0.927400
vn -0.482500 0.089000 -0.871400
vn -0.587700 0.120600 -0.800100
vn -0.682900 0.150200 -0.714900
vn -0.766400 0.177100 -0.617500
vn -0.836600 0.200700 -0.509700
vn -0.892500 0.221000 -0.393300
vn -0.933100 0.237600 -0.270000
vn -0.957700 0.250200 -0.142300
vn -0.965900 0.258500 -0.012000
vn -0.957700 0.262300 0.118500
vn -0.933000 0.261600 0.247000
vn -0.892500 0.256400 0.371200
vn -0.836600 0.247000 0.488900
vn -0.766400 0.233500 0.598500
vn -0.682900 0.215700 0.697900
vn -0.587700 0.194100 0.785400
vn -0.482500 0.169300 0.859400
vn -0.370000 0.141700 0.918200
vn -0.250200 0.111700 0.961700
vn -0.125800 0.079700 0.988900
vn -0.130200 -0.045900 -0.990400
vn -0.259000 -0.044700 -0.964800
vn -0.382900 -0.042800 -0.922800
vn -0.499500 -0.040100 -0.865400
vn -0.608400 -0.036800 -0.792800
vn -0.706900 -0.032800 -0.706500
vn -0.793500 -0.028200 -0.607900
vn -0.866300 -0.023100 -0.498900
vn -0.923900 -0.017700 -0.382200
vn -0.965900 -0.012000 -0.258700
vn -0.991400 -0.006100 -0.130500
vn -1.000000 -0.000000 0.000000
vn -0.991400 0.006100 0.130500
vn -0.965900 0.012000 0.258600
vn -0.923900 0.017700 0.382200
vn -0.866300 0.023100 0.499000
vn -0.793500 0.028200 0.607900
vn -0.706900 0.032800 0.706500
vn -0.608400 0.036800 0.792800
vn -0.499500 0.040100 0.865400
vn -0.382900 0.042800 0.922800
vn -0.259000 0.044700 0.964800
vn -0.130200 0.045900 0.990400
vn -0.125800 -0.079700 -0.988900
vn -0.250200 -0.111700 -0.961700
vn -0.370000 -0.141700 -0.918200
vn -0.482500 -0.169300 -0.859400
vn -0.587700 -0.194100 -0.785500
vn -0.682900 -0.215700 -0.697900
vn -0.766400 -0.233500 -0.598500
vn -0.836600 -0.247000 -0.488900
vn -0.892500 -0.256400 -0.371200
vn -0.933100 -0.261600 -0.246900
vn -0.957700 -0.262300 -0.118500
vn -0.965900 -0.258500 0.012000
vn -0.957700 -0.250200 0.142300
vn -0.933000 -0.237600 0.270100
vn -0.892500 -0.221000 0.393300
vn -0.836600 -0.200700 0.509700
vn -0.766400 -0.177100 0.617500
vn -0.682900 -0.150200 0.714900
vn -0.587700 -0.120600 0.800100
vn -0.482500 -0.089000 0.871400
vn -0.370000 -0.056100 0.927400
vn -0.250200 -0.022200 0.968000
vn -0.125800 0.012200 0.992000
vn -0.112700 -0.111000 -0.987400
vn -0.224200 -0.174000 -0.958900
vn -0.331700 -0.234000 -0.913900
vn -0.432700 -0.289700 -0.853700
vn -0.526900 -0.340700 -0.778700
vn -0.612300 -0.386000 -0.690000
vn -0.687100 -0.424600 -0.589600
vn -0.749900 -0.455900 -0.479400
vn -0.800000 -0.479300 -0.360900
vn -0.836500 -0.494500 -0.236100
vn -0.858600 -0.501200 -0.107600
vn -0.866100 -0.499400 0.023200
vn -0.858600 -0.489100 0.153600
vn -0.836500 -0.470500 0.280900
vn -0.800000 -0.443900 0.403600
vn -0.749900 -0.409500 0.519500
vn -0.687100 -0.368200 0.626400
vn -0.612300 -0.320500 0.722700
vn -0.526900 -0.267200 0.806900
vn -0.432700 -0.209400 0.876900
vn -0.331700 -0.148500 0.931600
vn -0.224200 -0.084500 0.970900
vn -0.112700 -0.019100 0.993400
vn -0.092000 -0.137900 -0.986200
vn -0.183100 -0.227600 -0.956400
vn -0.270800 -0.313300 -0.910200
vn -0.353400 -0.393100 -0.848900
vn -0.430200 -0.466500 -0.772800
vn -0.500000 -0.532200 -0.683200
vn -0.561100 -0.588700 -0.582000
vn -0.612400 -0.634900 -0.471000
vn -0.653300 -0.670300 -0.352000
vn -0.683000 -0.694300 -0.226900
vn -0.701100 -0.706300 -0.097900
vn -0.707100 -0.706300 0.032800
vn -0.701100 -0.694300 0.162900
vn -0.683000 -0.670300 0.290100
vn -0.653300 -0.634900 0.412500
vn -0.612400 -0.588600 0.527800
vn -0.561100 -0.532300 0.634000
vn -0.500000 -0.466700 0.729500
vn -0.430200 -0.393000 0.812700
vn -0.353400 -0.312800 0.881600
vn -0.270800 -0.227700 0.935300
vn -0.183100 -0.138100 0.973400
vn -0.092100 -0.046000 0.994700
vn -0.065100 -0.158500 -0.985200
vn -0.129400 -0.268700 -0.954500
vn -0.191400 -0.374100 -0.907400
vn -0.249800 -0.472400 -0.845200
vn -0.304300 -0.563100 -0.768300
vn -0.353600 -0.644500 -0.677900
vn -0.396800 -0.714600 -0.576100
vn -0.433200 -0.772300 -0.464700
vn -0.462100 -0.816900 -0.345200
vn -0.483100 -0.847600 -0.219700
vn -0.495700 -0.863700 -0.090900
vn -0.499900 -0.865100 0.040100
vn -0.495700 -0.851600 0.170400
vn -0.483100 -0.823600 0.297200
vn -0.462100 -0.781400 0.419300
vn -0.433200 -0.726000 0.534200
vn -0.396800 -0.658100 0.639800
vn -0.353600 -0.578900 0.734800
vn -0.304300 -0.489600 0.817200
vn -0.249800 -0.392100 0.885300
vn -0.191400 -0.288500 0.938100
vn -0.129400 -0.179200 0.975300
vn -0.065100 -0.066600 0.995600
vn -0.033800 -0.171600 -0.984600
vn -0.067000 -0.294600 -0.953300
vn -0.099000 -0.412400 -0.905600
vn -0.129300 -0.522100 -0.843000
vn -0.157500 -0.623800 -0.765600
vn -0.183100 -0.714900 -0.674800
vn -0.205500 -0.793700 -0.572500
vn -0.224100 -0.858900 -0.460500
vn -0.238900 -0.909200 -0.340900
vn -0.249900 -0.944000 -0.215400
vn -0.256500 -0.962700 -0.086100
vn -0.258800 -0.964900 0.044800
vn -0.256500 -0.950600 0.174800
vn -0.249900 -0.920100 0.301700
vn -0.238900 -0.873800 0.423600
vn -0.224100 -0.812600 0.538000
vn -0.205500 -0.737300 0.643500
vn -0.183100 -0.649400 0.738100
vn -0.157500 -0.550300 0.820000
vn -0.129300 -0.441900 0.887700
vn -0.099000 -0.326800 0.939900
vn -0.067000 -0.205100 0.976400
vn -0.033800 -0.079700 0.996200
vn -0.000000 -0.176000 -0.984400
vn 0.000000 -0.303400 -0.952800
vn 0.000000 -0.425300 -0.905000
vn -0.000000 -0.539100 -0.842200
vn -0.000000 -0.644500 -0.764600
vn -0.000000 -0.739000 -0.673800
vn -0.000000 -0.820800 -0.571200
vn -0.000000 -0.888600 -0.458800
vn -0.000000 -0.940600 -0.339400
vn 0.000000 -0.976900 -0.213900
vn 0.000000 -0.996400 -0.084500
vn 0.000000 -0.998900 0.046300
vn 0.000000 -0.984300 0.176400
vn 0.000000 -0.952900 0.303400
vn -0.000000 -0.905200 0.425100
vn -0.000000 -0.842200 0.539100
vn -0.000000 -0.764400 0.644700
vn -0.000000 -0.673400 0.739300
vn -0.000000 -0.571000 0.821000
vn -0.000000 -0.458800 0.888500
vn 0.000000 -0.339700 0.940500
vn 0.000000 -0.213900 0.976800
vn -0.000000 -0.084200 0.996500
vn 0.033800 -0.171600 -0.984600
vn 0.067000 -0.294600 -0.953300
vn 0.099000 -0.412400 -0.905600
vn 0.129300 -0.522100 -0.843000
vn 0.157500 -0.623800 -0.765600
vn 0.183100 -0.714900 -0.674800
vn 0.205500 -0.793700 -0.572500
vn 0.224100 -0.858900 -0.460500
vn 0.238900 -0.909200 -0.340900
vn 0.249900 -0.944100 -0.215200
vn 0.256500 -0.962700 -0.086100
vn 0.258800 -0.964900 0.044800
vn 0.256500 -0.950600 0.174800
vn 0.249900 -0.920100 0.301800
vn 0.238900 -0.873800 0.423600
vn 0.224100 -0.812600 0.538000
vn 0.205500 -0.737300 0.643500
vn 0.183100 -0.649400 0.738100
vn 0.157500 -0.550300 0.820000
vn 0.129300 -0.441900 0.887700
vn 0.099000 -0.326800 0.939900
vn 0.067000 -0.205100 0.976400
vn 0.033800 -0.079700 0.996200
vn 0.065100 -0.158500 -0.985200
vn 0.129400 -0.268700 -0.954500
vn 0.191400 -0.374100 -0.907400
vn 0.249800 -0.472400 -0.845200
vn 0.304300 -0.563100 -0.768300
vn 0.353600 -0.644400 -0.678000
vn 0.396800 -0.714500 -0.576200
vn 0.433200 -0.772300 -0.464700
vn 0.462100 -0.816900 -0.345200
vn 0.483100 -0.847600 -0.219700
vn 0.495700 -0.863700 -0.090800
vn 0.499900 -0.865100 0.040100
vn 0.495700 -0.851600 0.170400
vn 0.483100 -0.823600 0.297200
vn 0.462100 -0.781400 0.419300
vn 0.433100 -0.725900 0.534200
vn 0.396800 -0.658100 0.639800
vn 0.353600 -0.578900 0.734700
vn 0.304300 -0.489600 0.817200
vn 0.249800 -0.392100 0.885300
vn 0.191500 -0.288600 0.938100
vn 0.129400 -0.179200 0.975300
vn 0.065200 -0.066700 0.995600
vn 0.092000 -0.137900 -0.986200
vn 0.183100 -0.227600 -0.956400
vn 0.270800 -0.313300 -0.910200
vn 0.353400 -0.393100 -0.848900
vn 0.430200 -0.466500 -0.772800
vn 0.500000 -0.532200 -0.683200
vn 0.561100 -0.588700 -0.582000
vn 0.612400 -0.634900 -0.471000
vn 0.653300 -0.670300 -0.352000
vn 0.683000 -0.694300 -0.226900
vn 0.701100 -0.706400 -0.097900
vn 0.707100 -0.706300 0.032800
vn 0.701100 -0.694300 0.162900
vn 0.683000 -0.670300 0.290200
vn 0.653300 -0.634900 0.412500
vn 0.612400 -0.588600 0.527800
vn 0.561100 -0.532300 0.634000
vn 0.500000 -0.466700 0.729500
vn 0.430200 -0.393000 0.812700
vn 0.353400 -0.312800 0.881600
vn 0.270800 -0.227700 0.935300
vn 0.183100 -0.138100 0.973400
vn 0.092000 -0.046000 0.994700
vn 0.112700 -0.111000 -0.987400
vn 0.224200 -0.174000 -0.958900
vn 0.331700 -0.234000 -0.913900
vn 0.432700 -0.289700 -0.853700
vn 0.526900 -0.340700 -0.778700
vn 0.612300 -0.386000 -0.690000
vn 0.687100 -0.424600 -0.589600
vn 0.749900 -0.455800 -0.479400
vn 0.800000 -0.479300 -0.360900
vn 0.836500 -0.494500 -0.236000
vn 0.858600 -0.501200 -0.107600
vn 0.866100 -0.499400 0.023200
vn 0.858600 -0.489100 0.153400
vn 0.836500 -0.470600 0.280800
vn 0.800000 -0.443900 0.403700
vn 0.749900 -0.409500 0.519500
vn 0.687100 -0.368200 0.626400
vn 0.612300 -0.320500 0.722700
vn 0.526900 -0.267200 0.806900
vn 0.432700 -0.209400 0.876900
vn 0.331700 -0.148500 0.931600
vn 0.224200 -0.084500 0.970900
vn 0.112700 -0.019100 0.993400
vn 0.125800 -0.079700 -0.988900
vn 0.250200 -0.111700 -0.961700
vn 0.370000 -0.141700 -0.918200
vn 0.482500 -0.169300 -0.859400
vn 0.587700 -0.194100 -0.785500
vn 0.682900 -0.215700 -0.697900
vn 0.766400 -0.233500 -0.598500
vn 0.836600 -0.247000 -0.488900
vn 0.892500 -0.256400 -0.371200
vn 0.933100 -0.261600 -0.246900
vn 0.957700 -0.262300 -0.118500
vn 0.965900 -0.258500 0.012000
vn 0.957700 -0.250200 0.142300
vn 0.933000 -0.237600 0.270100
vn 0.892500 -0.221000 0.393300
vn 0.836600 -0.200700 0.509700
vn 0.766400 -0.177100 0.617500
vn 0.682900 -0.150200 0.714900
vn 0.587700 -0.120600 0.800000
vn 0.482500 -0.089000 0.871400
vn 0.370000 -0.056100 0.927400
vn 0.250200 -0.022200 0.968000
vn 0.125800 0.012200 0.992000
usemtl Physical4
s 1
f 4477/4989/4461 4502/4990/4462 4478/4991/4463
f 4478/4991/4463 4502/4990/4462 4503/4992/4464 4479/4993/4465
f 4479/4993/4465 4503/4992/4464 4504/4994/4466 4480/4995/4467
f 4480/4995/4467 4504/4994/4466 4505/4996/4468 4481/4997/4469
f 4481/4997/4469 4505/4996/4468 4506/4998/4470 4482/4999/4471
f 4482/4999/4471 4506/4998/4470 4507/5000/4472 4483/5001/4473
f 4483/5001/4473 4507/5000/4472 4508/5002/4474 4484/5003/4475
f 4484/5003/4475 4508/5002/4474 4509/5004/4476 4485/5005/4477
f 4485/5005/4477 4509/5004/4476 4510/5006/4478 4486/5007/4479
f 4486/5007/4479 4510/5006/4478 4511/5008/4480 4487/5009/4481
f 4487/5009/4481 4511/5008/4480 4512/5010/4482 4488/5011/4483
f 4488/5011/4483 4512/5010/4482 4513/5012/4484 4489/5013/4485
f 4489/5013/4485 4513/5012/4484 4514/5014/4486 4490/5015/4487
f 4490/5015/4487 4514/5014/4486 4515/5016/4488 4491/5017/4489
f 4491/5017/4489 4515/5016/4488 4516/5018/4490 4492/5019/4491
f 4492/5019/4491 4516/5018/4490 4517/5020/4492 4493/5021/4493
f 4493/5021/4493 4517/5020/4492 4518/5022/4494 4494/5023/4495
f 4494/5023/4495 4518/5022/4494 4519/5024/4496 4495/5025/4497
f 4495/5025/4497 4519/5024/4496 4520/5026/4498 4496/5027/4499
f 4496/5027/4499 4520/5026/4498 4521/5028/4500 4497/5029/4501
f 4497/5029/4501 4521/5028/4500 4522/5030/4502 4498/5031/4503
f 4498/5031/4503 4522/5030/4502 4523/5032/4504 4499/5033/4505
f 4499/5033/4505 4523/5032/4504 4524/5034/4506 4500/5035/4507
f 4500/5035/4507 4524/5034/4506 4501/5036/4508
f 4477/5037/4461 4525/5038/4509 4502/4990/4462
f 4502/4990/4462 4525/5038/4509 4526/5039/4510 4503/4992/4464
f 4503/4992/4464 4526/5039/4510 4527/5040/4511 4504/4994/4466
f 4504/4994/4466 4527/5040/4511 4528/5041/4512 4505/4996/4468
f 4505/4996/4468 4528/5041/4512 4529/5042/4513 4506/4998/4470
f 4506/4998/4470 4529/5042/4513 4530/5043/4514 4507/5000/4472
f 4507/5000/4472 4530/5043/4514 4531/5044/4515 4508/5002/4474
f 4508/5002/4474 4531/5044/4515 4532/5045/4516 4509/5004/4476
f 4509/5004/4476 4532/5045/4516 4533/5046/4517 4510/5006/4478
f 4510/5006/4478 4533/5046/4517 4534/5047/4518 4511/5008/4480
f 4511/5008/4480 4534/5047/4518 4535/5048/4519 4512/5010/4482
f 4512/5010/4482 4535/5048/4519 4536/5049/4520 4513/5012/4484
f 4513/5012/4484 4536/5049/4520 4537/5050/4521 4514/5014/4486
f 4514/5014/4486 4537/5050/4521 4538/5051/4522 4515/5016/4488
f 4515/5016/4488 4538/5051/4522 4539/5052/4523 4516/5018/4490
f 4516/5018/4490 4539/5052/4523 4540/5053/4524 4517/5020/4492
f 4517/5020/4492 4540/5053/4524 4541/5054/4525 4518/5022/4494
f 4518/5022/4494 4541/5054/4525 4542/5055/4526 4519/5024/4496
f 4519/5024/4496 4542/5055/4526 4543/5056/4527 4520/5026/4498
f 4520/5026/4498 4543/5056/4527 4544/5057/4528 4521/5028/4500
f 4521/5028/4500 4544/5057/4528 4545/5058/4529 4522/5030/4502
f 4522/5030/4502 4545/5058/4529 4546/5059/4530 4523/5032/4504
f 4523/5032/4504 4546/5059/4530 4547/5060/4531 4524/5034/4506
f 4524/5034/4506 4547/5060/4531 4501/5061/4508
f 4477/5062/4461 4548/5063/4532 4525/5038/4509
f 4525/5038/4509 4548/5063/4532 4549/5064/4533 4526/5039/4510
f 4526/5039/4510 4549/5064/4533 4550/5065/4534 4527/5040/4511
f 4527/5040/4511 4550/5065/4534 4551/5066/4535 4528/5041/4512
f 4528/5041/4512 4551/5066/4535 4552/5067/4536 4529/5042/4513
f 4529/5042/4513 4552/5067/4536 4553/5068/4537 4530/5043/4514
f 4530/5043/4514 4553/5068/4537 4554/5069/4538 4531/5044/4515
f 4531/5044/4515 4554/5069/4538 4555/5070/4539 4532/5045/4516
f 4532/5045/4516 4555/5070/4539 4556/5071/4540 4533/5046/4517
f 4533/5046/4517 4556/5071/4540 4557/5072/4541 4534/5047/4518
f 4534/5047/4518 4557/5072/4541 4558/5073/4542 4535/5048/4519
f 4535/5048/4519 4558/5073/4542 4559/5074/4543 4536/5049/4520
f 4536/5049/4520 4559/5074/4543 4560/5075/4544 4537/5050/4521
f 4537/5050/4521 4560/5075/4544 4561/5076/4545 4538/5051/4522
f 4538/5051/4522 4561/5076/4545 4562/5077/4546 4539/5052/4523
f 4539/5052/4523 4562/5077/4546 4563/5078/4547 4540/5053/4524
f 4540/5053/4524 4563/5078/4547 4564/5079/4548 4541/5054/4525
f 4541/5054/4525 4564/5079/4548 4565/5080/4549 4542/5055/4526
f 4542/5055/4526 4565/5080/4549 4566/5081/4550 4543/5056/4527
f 4543/5056/4527 4566/5081/4550 4567/5082/4551 4544/5057/4528
f 4544/5057/4528 4567/5082/4551 4568/5083/4552 4545/5058/4529
f 4545/5058/4529 4568/5083/4552 4569/5084/4553 4546/5059/4530
f 4546/5059/4530 4569/5084/4553 4570/5085/4554 4547/5060/4531
f 4547/5060/4531 4570/5085/4554 4501/5086/4508
f 4477/5087/4461 4571/5088/4555 4548/5063/4532
f 4548/5063/4532 4571/5088/4555 4572/5089/4556 4549/5064/4533
f 4549/5064/4533 4572/5089/4556 4573/5090/4557 4550/5065/4534
f 4550/5065/4534 4573/5090/4557 4574/5091/4558 4551/5066/4535
f 4551/5066/4535 4574/5091/4558 4575/5092/4559 4552/5067/4536
f 4552/5067/4536 4575/5092/4559 4576/5093/4560 4553/5068/4537
f 4553/5068/4537 4576/5093/4560 4577/5094/4561 4554/5069/4538
f 4554/5069/4538 4577/5094/4561 4578/5095/4562 4555/5070/4539
f 4555/5070/4539 4578/5095/4562 4579/5096/4563 4556/5071/4540
f 4556/5071/4540 4579/5096/4563 4580/5097/4564 4557/5072/4541
f 4557/5072/4541 4580/5097/4564 4581/5098/4565 4558/5073/4542
f 4558/5073/4542 4581/5098/4565 4582/5099/4566 4559/5074/4543
f 4559/5074/4543 4582/5099/4566 4583/5100/4567 4560/5075/4544
f 4560/5075/4544 4583/5100/4567 4584/5101/4568 4561/5076/4545
f 4561/5076/4545 4584/5101/4568 4585/5102/4569 4562/5077/4546
f 4562/5077/4546 4585/5102/4569 4586/5103/4570 4563/5078/4547
f 4563/5078/4547 4586/5103/4570 4587/5104/4571 4564/5079/4548
f 4564/5079/4548 4587/5104/4571 4588/5105/4572 4565/5080/4549
f 4565/5080/4549 4588/5105/4572 4589/5106/4573 4566/5081/4550
f 4566/5081/4550 4589/5106/4573 4590/5107/4574 4567/5082/4551
f 4567/5082/4551 4590/5107/4574 4591/5108/4575 4568/5083/4552
f 4568/5083/4552 4591/5108/4575 4592/5109/4576 4569/5084/4553
f 4569/5084/4553 4592/5109/4576 4593/5110/4577 4570/5085/4554
f 4570/5085/4554 4593/5110/4577 4501/5111/4508
f 4477/5112/4461 4594/5113/4578 4571/5088/4555
f 4571/5088/4555 4594/5113/4578 4595/5114/4579 4572/5089/4556
f 4572/5089/4556 4595/5114/4579 4596/5115/4580 4573/5090/4557
f 4573/5090/4557 4596/5115/4580 4597/5116/4581 4574/5091/4558
f 4574/5091/4558 4597/5116/4581 4598/5117/4582 4575/5092/4559
f 4575/5092/4559 4598/5117/4582 4599/5118/4583 4576/5093/4560
f 4576/5093/4560 4599/5118/4583 4600/5119/4584 4577/5094/4561
f 4577/5094/4561 4600/5119/4584 4601/5120/4585 4578/5095/4562
f 4578/5095/4562 4601/5120/4585 4602/5121/4586 4579/5096/4563
f 4579/5096/4563 4602/5121/4586 4603/5122/4587 4580/5097/4564
f 4580/5097/4564 4603/5122/4587 4604/5123/4588 4581/5098/4565
f 4581/5098/4565 4604/5123/4588 4605/5124/4589 4582/5099/4566
f 4582/5099/4566 4605/5124/4589 4606/5125/4590 4583/5100/4567
f 4583/5100/4567 4606/5125/4590 4607/5126/4591 4584/5101/4568
f 4584/5101/4568 4607/5126/4591 4608/5127/4592 4585/5102/4569
f 4585/5102/4569 4608/5127/4592 4609/5128/4593 4586/5103/4570
f 4586/5103/4570 4609/5128/4593 4610/5129/4594 4587/5104/4571
f 4587/5104/4571 4610/5129/4594 4611/5130/4595 4588/5105/4572
f 4588/5105/4572 4611/5130/4595 4612/5131/4596 4589/5106/4573
f 4589/5106/4573 4612/5131/4596 4613/5132/4597 4590/5107/4574
f 4590/5107/4574 4613/5132/4597 4614/5133/4598 4591/5108/4575
f 4591/5108/4575 4614/5133/4598 4615/5134/4599 4592/5109/4576
f 4592/5109/4576 4615/5134/4599 4616/5135/4600 4593/5110/4577
f 4593/5110/4577 4616/5135/4600 4501/5136/4508
f 4477/5137/4461 4617/5138/4601 4594/5113/4578
f 4594/5113/4578 4617/5138/4601 4618/5139/4602 4595/5114/4579
f 4595/5114/4579 4618/5139/4602 4619/5140/4603 4596/5115/4580
f 4596/5115/4580 4619/5140/4603 4620/5141/4604 4597/5116/4581
f 4597/5116/4581 4620/5141/4604 4621/5142/4605 4598/5117/4582
f 4598/5117/4582 4621/5142/4605 4622/5143/4606 4599/5118/4583
f 4599/5118/4583 4622/5143/4606 4623/5144/4607 4600/5119/4584
f 4600/5119/4584 4623/5144/4607 4624/5145/4608 4601/5120/4585
f 4601/5120/4585 4624/5145/4608 4625/5146/4609 4602/5121/4586
f 4602/5121/4586 4625/5146/4609 4626/5147/4610 4603/5122/4587
f 4603/5122/4587 4626/5147/4610 4627/5148/4611 4604/5123/4588
f 4604/5123/4588 4627/5148/4611 4628/5149/4612 4605/5124/4589
f 4605/5124/4589 4628/5149/4612 4629/5150/4613 4606/5125/4590
f 4606/5125/4590 4629/5150/4613 4630/5151/4614 4607/5126/4591
f 4607/5126/4591 4630/5151/4614 4631/5152/4615 4608/5127/4592
f 4608/5127/4592 4631/5152/4615 4632/5153/4616 4609/5128/4593
f 4609/5128/4593 4632/5153/4616 4633/5154/4617 4610/5129/4594
f 4610/5129/4594 4633/5154/4617 4634/5155/4618 4611/5130/4595
f 4611/5130/4595 4634/5155/4618 4635/5156/4619 4612/5131/4596
f 4612/5131/4596 4635/5156/4619 4636/5157/4620 4613/5132/4597
f 4613/5132/4597 4636/5157/4620 4637/5158/4621 4614/5133/4598
f 4614/5133/4598 4637/5158/4621 4638/5159/4622 4615/5134/4599
f 4615/5134/4599 4638/5159/4622 4639/5160/4623 4616/5135/4600
f 4616/5135/4600 4639/5160/4623 4501/5161/4508
f 4477/5162/4461 4640/5163/4624 4617/5138/4601
f 4617/5138/4601 4640/5163/4624 4641/5164/4625 4618/5139/4602
f 4618/5139/4602 4641/5164/4625 4642/5165/4626 4619/5140/4603
f 4619/5140/4603 4642/5165/4626 4643/5166/4627 4620/5141/4604
f 4620/5141/4604 4643/5166/4627 4644/5167/4628 4621/5142/4605
f 4621/5142/4605 4644/5167/4628 4645/5168/4629 4622/5143/4606
f 4622/5143/4606 4645/5168/4629 4646/5169/4630 4623/5144/4607
f 4623/5144/4607 4646/5169/4630 4647/5170/4631 4624/5145/4608
f 4624/5145/4608 4647/5170/4631 4648/5171/4632 4625/5146/4609
f 4625/5146/4609 4648/5171/4632 4649/5172/4633 4626/5147/4610
f 4626/5147/4610 4649/5172/4633 4650/5173/4634 4627/5148/4611
f 4627/5148/4611 4650/5173/4634 4651/5174/4635 4628/5149/4612
f 4628/5149/4612 4651/5174/4635 4652/5175/4636 4629/5150/4613
f 4629/5150/4613 4652/5175/4636 4653/5176/4637 4630/5151/4614
f 4630/5151/4614 4653/5176/4637 4654/5177/4638 4631/5152/4615
f 4631/5152/4615 4654/5177/4638 4655/5178/4639 4632/5153/4616
f 4632/5153/4616 4655/5178/4639 4656/5179/4640 4633/5154/4617
f 4633/5154/4617 4656/5179/4640 4657/5180/4641 4634/5155/4618
f 4634/5155/4618 4657/5180/4641 4658/5181/4642 4635/5156/4619
f 4635/5156/4619 4658/5181/4642 4659/5182/4643 4636/5157/4620
f 4636/5157/4620 4659/5182/4643 4660/5183/4644 4637/5158/4621
f 4637/5158/4621 4660/5183/4644 4661/5184/4645 4638/5159/4622
f 4638/5159/4622 4661/5184/4645 4662/5185/4646 4639/5160/4623
f 4639/5160/4623 4662/5185/4646 4501/5186/4508
f 4477/5187/4461 4663/5188/4647 4640/5163/4624
f 4640/5163/4624 4663/5188/4647 4664/5189/4648 4641/5164/4625
f 4641/5164/4625 4664/5189/4648 4665/5190/4649 4642/5165/4626
f 4642/5165/4626 4665/5190/4649 4666/5191/4650 4643/5166/4627
f 4643/5166/4627 4666/5191/4650 4667/5192/4651 4644/5167/4628
f 4644/5167/4628 4667/5192/4651 4668/5193/4652 4645/5168/4629
f 4645/5168/4629 4668/5193/4652 4669/5194/4653 4646/5169/4630
f 4646/5169/4630 4669/5194/4653 4670/5195/4654 4647/5170/4631
f 4647/5170/4631 4670/5195/4654 4671/5196/4655 4648/5171/4632
f 4648/5171/4632 4671/5196/4655 4672/5197/4656 4649/5172/4633
f 4649/5172/4633 4672/5197/4656 4673/5198/4657 4650/5173/4634
f 4650/5173/4634 4673/5198/4657 4674/5199/4658 4651/5174/4635
f 4651/5174/4635 4674/5199/4658 4675/5200/4659 4652/5175/4636
f 4652/5175/4636 4675/5200/4659 4676/5201/4660 4653/5176/4637
f 4653/5176/4637 4676/5201/4660 4677/5202/4661 4654/5177/4638
f 4654/5177/4638 4677/5202/4661 4678/5203/4662 4655/5178/4639
f 4655/5178/4639 4678/5203/4662 4679/5204/4663 4656/5179/4640
f 4656/5179/4640 4679/5204/4663 4680/5205/4664 4657/5180/4641
f 4657/5180/4641 4680/5205/4664 4681/5206/4665 4658/5181/4642
f 4658/5181/4642 4681/5206/4665 4682/5207/4666 4659/5182/4643
f 4659/5182/4643 4682/5207/4666 4683/5208/4667 4660/5183/4644
f 4660/5183/4644 4683/5208/4667 4684/5209/4668 4661/5184/4645
f 4661/5184/4645 4684/5209/4668 4685/5210/4669 4662/5185/4646
f 4662/5185/4646 4685/5210/4669 4501/5211/4508
f 4477/5212/4461 4686/5213/4670 4663/5188/4647
f 4663/5188/4647 4686/5213/4670 4687/5214/4671 4664/5189/4648
f 4664/5189/4648 4687/5214/4671 4688/5215/4672 4665/5190/4649
f 4665/5190/4649 4688/5215/4672 4689/5216/4673 4666/5191/4650
f 4666/5191/4650 4689/5216/4673 4690/5217/4674 4667/5192/4651
f 4667/5192/4651 4690/5217/4674 4691/5218/4675 4668/5193/4652
f 4668/5193/4652 4691/5218/4675 4692/5219/4676 4669/5194/4653
f 4669/5194/4653 4692/5219/4676 4693/5220/4677 4670/5195/4654
f 4670/5195/4654 4693/5220/4677 4694/5221/4678 4671/5196/4655
f 4671/5196/4655 4694/5221/4678 4695/5222/4679 4672/5197/4656
f 4672/5197/4656 4695/5222/4679 4696/5223/4680 4673/5198/4657
f 4673/5198/4657 4696/5223/4680 4697/5224/4681 4674/5199/4658
f 4674/5199/4658 4697/5224/4681 4698/5225/4682 4675/5200/4659
f 4675/5200/4659 4698/5225/4682 4699/5226/4683 4676/5201/4660
f 4676/5201/4660 4699/5226/4683 4700/5227/4684 4677/5202/4661
f 4677/5202/4661 4700/5227/4684 4701/5228/4685 4678/5203/4662
f 4678/5203/4662 4701/5228/4685 4702/5229/4686 4679/5204/4663
f 4679/5204/4663 4702/5229/4686 4703/5230/4687 4680/5205/4664
f 4680/5205/4664 4703/5230/4687 4704/5231/4688 4681/5206/4665
f 4681/5206/4665 4704/5231/4688 4705/5232/4689 4682/5207/4666
f 4682/5207/4666 4705/5232/4689 4706/5233/4690 4683/5208/4667
f 4683/5208/4667 4706/5233/4690 4707/5234/4691 4684/5209/4668
f 4684/5209/4668 4707/5234/4691 4708/5235/4692 4685/5210/4669
f 4685/5210/4669 4708/5235/4692 4501/5236/4508
f 4477/5237/4461 4709/5238/4693 4686/5213/4670
f 4686/5213/4670 4709/5238/4693 4710/5239/4694 4687/5214/4671
f 4687/5214/4671 4710/5239/4694 4711/5240/4695 4688/5215/4672
f 4688/5215/4672 4711/5240/4695 4712/5241/4696 4689/5216/4673
f 4689/5216/4673 4712/5241/4696 4713/5242/4697 4690/5217/4674
f 4690/5217/4674 4713/5242/4697 4714/5243/4698 4691/5218/4675
f 4691/5218/4675 4714/5243/4698 4715/5244/4699 4692/5219/4676
f 4692/5219/4676 4715/5244/4699 4716/5245/4700 4693/5220/4677
f 4693/5220/4677 4716/5245/4700 4717/5246/4701 4694/5221/4678
f 4694/5221/4678 4717/5246/4701 4718/5247/4702 4695/5222/4679
f 4695/5222/4679 4718/5247/4702 4719/5248/4703 4696/5223/4680
f 4696/5223/4680 4719/5248/4703 4720/5249/4704 4697/5224/4681
f 4697/5224/4681 4720/5249/4704 4721/5250/4705 4698/5225/4682
f 4698/5225/4682 4721/5250/4705 4722/5251/4706 4699/5226/4683
f 4699/5226/4683 4722/5251/4706 4723/5252/4707 4700/5227/4684
f 4700/5227/4684 4723/5252/4707 4724/5253/4708 4701/5228/4685
f 4701/5228/4685 4724/5253/4708 4725/5254/4709 4702/5229/4686
f 4702/5229/4686 4725/5254/4709 4726/5255/4710 4703/5230/4687
f 4703/5230/4687 4726/5255/4710 4727/5256/4711 4704/5231/4688
f 4704/5231/4688 4727/5256/4711 4728/5257/4712 4705/5232/4689
f 4705/5232/4689 4728/5257/4712 4729/5258/4713 4706/5233/4690
f 4706/5233/4690 4729/5258/4713 4730/5259/4714 4707/5234/4691
f 4707/5234/4691 4730/5259/4714 4731/5260/4715 4708/5235/4692
f 4708/5235/4692 4731/5260/4715 4501/5261/4508
f 4477/5262/4461 4732/5263/4716 4709/5238/4693
f 4709/5238/4693 4732/5263/4716 4733/5264/4717 4710/5239/4694
f 4710/5239/4694 4733/5264/4717 4734/5265/4718 4711/5240/4695
f 4711/5240/4695 4734/5265/4718 4735/5266/4719 4712/5241/4696
f 4712/5241/4696 4735/5266/4719 4736/5267/4720 4713/5242/4697
f 4713/5242/4697 4736/5267/4720 4737/5268/4721 4714/5243/4698
f 4714/5243/4698 4737/5268/4721 4738/5269/4722 4715/5244/4699
f 4715/5244/4699 4738/5269/4722 4739/5270/4723 4716/5245/4700
f 4716/5245/4700 4739/5270/4723 4740/5271/4724 4717/5246/4701
f 4717/5246/4701 4740/5271/4724 4741/5272/4725 4718/5247/4702
f 4718/5247/4702 4741/5272/4725 4742/5273/4726 4719/5248/4703
f 4719/5248/4703 4742/5273/4726 4743/5274/4727 4720/5249/4704
f 4720/5249/4704 4743/5274/4727 4744/5275/4728 4721/5250/4705
f 4721/5250/4705 4744/5275/4728 4745/5276/4729 4722/5251/4706
f 4722/5251/4706 4745/5276/4729 4746/5277/4730 4723/5252/4707
f 4723/5252/4707 4746/5277/4730 4747/5278/4731 4724/5253/4708
f 4724/5253/4708 4747/5278/4731 4748/5279/4732 4725/5254/4709
f 4725/5254/4709 4748/5279/4732 4749/5280/4733 4726/5255/4710
f 4726/5255/4710 4749/5280/4733 4750/5281/4734 4727/5256/4711
f 4727/5256/4711 4750/5281/4734 4751/5282/4735 4728/5257/4712
f 4728/5257/4712 4751/5282/4735 4752/5283/4736 4729/5258/4713
f 4729/5258/4713 4752/5283/4736 4753/5284/4737 4730/5259/4714
f 4730/5259/4714 4753/5284/4737 4754/5285/4738 4731/5260/4715
f 4731/5260/4715 4754/5285/4738 4501/5286/4508
f 4477/5287/4461 4755/5288/4739 4732/5263/4716
f 4732/5263/4716 4755/5288/4739 4756/5289/4740 4733/5264/4717
f 4733/5264/4717 4756/5289/4740 4757/5290/4741 4734/5265/4718
f 4734/5265/4718 4757/5290/4741 4758/5291/4742 4735/5266/4719
f 4735/5266/4719 4758/5291/4742 4759/5292/4743 4736/5267/4720
f 4736/5267/4720 4759/5292/4743 4760/5293/4744 4737/5268/4721
f 4737/5268/4721 4760/5293/4744 4761/5294/4745 4738/5269/4722
f 4738/5269/4722 4761/5294/4745 4762/5295/4746 4739/5270/4723
f 4739/5270/4723 4762/5295/4746 4763/5296/4747 4740/5271/4724
f 4740/5271/4724 4763/5296/4747 4764/5297/4748 4741/5272/4725
f 4741/5272/4725 4764/5297/4748 4765/5298/4749 4742/5273/4726
f 4742/5273/4726 4765/5298/4749 4766/5299/4750 4743/5274/4727
f 4743/5274/4727 4766/5299/4750 4767/5300/4751 4744/5275/4728
f 4744/5275/4728 4767/5300/4751 4768/5301/4752 4745/5276/4729
f 4745/5276/4729 4768/5301/4752 4769/5302/4753 4746/5277/4730
f 4746/5277/4730 4769/5302/4753 4770/5303/4754 4747/5278/4731
f 4747/5278/4731 4770/5303/4754 4771/5304/4755 4748/5279/4732
f 4748/5279/4732 4771/5304/4755 4772/5305/4756 4749/5280/4733
f 4749/5280/4733 4772/5305/4756 4773/5306/4757 4750/5281/4734
f 4750/5281/4734 4773/5306/4757 4774/5307/4758 4751/5282/4735
f 4751/5282/4735 4774/5307/4758 4775/5308/4759 4752/5283/4736
f 4752/5283/4736 4775/5308/4759 4776/5309/4760 4753/5284/4737
f 4753/5284/4737 4776/5309/4760 4777/5310/4761 4754/5285/4738
f 4754/5285/4738 4777/5310/4761 4501/5311/4508
f 4477/5312/4461 4778/5313/4762 4755/5288/4739
f 4755/5288/4739 4778/5313/4762 4779/5314/4763 4756/5289/4740
f 4756/5289/4740 4779/5314/4763 4780/5315/4764 4757/5290/4741
f 4757/5290/4741 4780/5315/4764 4781/5316/4765 4758/5291/4742
f 4758/5291/4742 4781/5316/4765 4782/5317/4766 4759/5292/4743
f 4759/5292/4743 4782/5317/4766 4783/5318/4767 4760/5293/4744
f 4760/5293/4744 4783/5318/4767 4784/5319/4768 4761/5294/4745
f 4761/5294/4745 4784/5319/4768 4785/5320/4769 4762/5295/4746
f 4762/5295/4746 4785/5320/4769 4786/5321/4770 4763/5296/4747
f 4763/5296/4747 4786/5321/4770 4787/5322/4771 4764/5297/4748
f 4764/5297/4748 4787/5322/4771 4788/5323/4772 4765/5298/4749
f 4765/5298/4749 4788/5323/4772 4789/5324/4773 4766/5299/4750
f 4766/5299/4750 4789/5324/4773 4790/5325/4774 4767/5300/4751
f 4767/5300/4751 4790/5325/4774 4791/5326/4775 4768/5301/4752
f 4768/5301/4752 4791/5326/4775 4792/5327/4776 4769/5302/4753
f 4769/5302/4753 4792/5327/4776 4793/5328/4777 4770/5303/4754
f 4770/5303/4754 4793/5328/4777 4794/5329/4778 4771/5304/4755
f 4771/5304/4755 4794/5329/4778 4795/5330/4779 4772/5305/4756
f 4772/5305/4756 4795/5330/4779 4796/5331/4780 4773/5306/4757
f 4773/5306/4757 4796/5331/4780 4797/5332/4781 4774/5307/4758
f 4774/5307/4758 4797/5332/4781 4798/5333/4782 4775/5308/4759
f 4775/5308/4759 4798/5333/4782 4799/5334/4783 4776/5309/4760
f 4776/5309/4760 4799/5334/4783 4800/5335/4784 4777/5310/4761
f 4777/5310/4761 4800/5335/4784 4501/5336/4508
f 4477/5337/4461 4801/5338/4785 4778/5313/4762
f 4778/5313/4762 4801/5338/4785 4802/5339/4786 4779/5314/4763
f 4779/5314/4763 4802/5339/4786 4803/5340/4787 4780/5315/4764
f 4780/5315/4764 4803/5340/4787 4804/5341/4788 4781/5316/4765
f 4781/5316/4765 4804/5341/4788 4805/5342/4789 4782/5317/4766
f 4782/5317/4766 4805/5342/4789 4806/5343/4790 4783/5318/4767
f 4783/5318/4767 4806/5343/4790 4807/5344/4791 4784/5319/4768
f 4784/5319/4768 4807/5344/4791 4808/5345/4792 4785/5320/4769
f 4785/5320/4769 4808/5345/4792 4809/5346/4793 4786/5321/4770
f 4786/5321/4770 4809/5346/4793 4810/5347/4794 4787/5322/4771
f 4787/5322/4771 4810/5347/4794 4811/5348/4795 4788/5323/4772
f 4788/5323/4772 4811/5348/4795 4812/5349/4796 4789/5324/4773
f 4789/5324/4773 4812/5349/4796 4813/5350/4797 4790/5325/4774
f 4790/5325/4774 4813/5350/4797 4814/5351/4798 4791/5326/4775
f 4791/5326/4775 4814/5351/4798 4815/5352/4799 4792/5327/4776
f 4792/5327/4776 4815/5352/4799 4816/5353/4800 4793/5328/4777
f 4793/5328/4777 4816/5353/4800 4817/5354/4801 4794/5329/4778
f 4794/5329/4778 4817/5354/4801 4818/5355/4802 4795/5330/4779
f 4795/5330/4779 4818/5355/4802 4819/5356/4803 4796/5331/4780
f 4796/5331/4780 4819/5356/4803 4820/5357/4804 4797/5332/4781
f 4797/5332/4781 4820/5357/4804 4821/5358/4805 4798/5333/4782
f 4798/5333/4782 4821/5358/4805 4822/5359/4806 4799/5334/4783
f 4799/5334/4783 4822/5359/4806 4823/5360/4807 4800/5335/4784
f 4800/5335/4784 4823/5360/4807 4501/5361/4508
f 4477/5362/4461 4824/5363/4808 4801/5338/4785
f 4801/5338/4785 4824/5363/4808 4825/5364/4809 4802/5339/4786
f 4802/5339/4786 4825/5364/4809 4826/5365/4810 4803/5340/4787
f 4803/5340/4787 4826/5365/4810 4827/5366/4811 4804/5341/4788
f 4804/5341/4788 4827/5366/4811 4828/5367/4812 4805/5342/4789
f 4805/5342/4789 4828/5367/4812 4829/5368/4813 4806/5343/4790
f 4806/5343/4790 4829/5368/4813 4830/5369/4814 4807/5344/4791
f 4807/5344/4791 4830/5369/4814 4831/5370/4815 4808/5345/4792
f 4808/5345/4792 4831/5370/4815 4832/5371/4816 4809/5346/4793
f 4809/5346/4793 4832/5371/4816 4833/5372/4817 4810/5347/4794
f 4810/5347/4794 4833/5372/4817 4834/5373/4818 4811/5348/4795
f 4811/5348/4795 4834/5373/4818 4835/5374/4819 4812/5349/4796
f 4812/5349/4796 4835/5374/4819 4836/5375/4820 4813/5350/4797
f 4813/5350/4797 4836/5375/4820 4837/5376/4821 4814/5351/4798
f 4814/5351/4798 4837/5376/4821 4838/5377/4822 4815/5352/4799
f 4815/5352/4799 4838/5377/4822 4839/5378/4823 4816/5353/4800
f 4816/5353/4800 4839/5378/4823 4840/5379/4824 4817/5354/4801
f 4817/5354/4801 4840/5379/4824 4841/5380/4825 4818/5355/4802
f 4818/5355/4802 4841/5380/4825 4842/5381/4826 4819/5356/4803
f 4819/5356/4803 4842/5381/4826 4843/5382/4827 4820/5357/4804
f 4820/5357/4804 4843/5382/4827 4844/5383/4828 4821/5358/4805
f 4821/5358/4805 4844/5383/4828 4845/5384/4829 4822/5359/4806
f 4822/5359/4806 4845/5384/4829 4846/5385/4830 4823/5360/4807
f 4823/5360/4807 4846/5385/4830 4501/5386/4508
f 4477/5387/4461 4847/5388/4831 4824/5363/4808
f 4824/5363/4808 4847/5388/4831 4848/5389/4832 4825/5364/4809
f 4825/5364/4809 4848/5389/4832 4849/5390/4833 4826/5365/4810
f 4826/5365/4810 4849/5390/4833 4850/5391/4834 4827/5366/4811
f 4827/5366/4811 4850/5391/4834 4851/5392/4835 4828/5367/4812
f 4828/5367/4812 4851/5392/4835 4852/5393/4836 4829/5368/4813
f 4829/5368/4813 4852/5393/4836 4853/5394/4837 4830/5369/4814
f 4830/5369/4814 4853/5394/4837 4854/5395/4838 4831/5370/4815
f 4831/5370/4815 4854/5395/4838 4855/5396/4839 4832/5371/4816
f 4832/5371/4816 4855/5396/4839 4856/5397/4840 4833/5372/4817
f 4833/5372/4817 4856/5397/4840 4857/5398/4841 4834/5373/4818
f 4834/5373/4818 4857/5398/4841 4858/5399/4842 4835/5374/4819
f 4835/5374/4819 4858/5399/4842 4859/5400/4843 4836/5375/4820
f 4836/5375/4820 4859/5400/4843 4860/5401/4844 4837/5376/4821
f 4837/5376/4821 4860/5401/4844 4861/5402/4845 4838/5377/4822
f 4838/5377/4822 4861/5402/4845 4862/5403/4846 4839/5378/4823
f 4839/5378/4823 4862/5403/4846 4863/5404/4847 4840/5379/4824
f 4840/5379/4824 4863/5404/4847 4864/5405/4848 4841/5380/4825
f 4841/5380/4825 4864/5405/4848 4865/5406/4849 4842/5381/4826
f 4842/5381/4826 4865/5406/4849 4866/5407/4850 4843/5382/4827
f 4843/5382/4827 4866/5407/4850 4867/5408/4851 4844/5383/4828
f 4844/5383/4828 4867/5408/4851 4868/5409/4852 4845/5384/4829
f 4845/5384/4829 4868/5409/4852 4869/5410/4853 4846/5385/4830
f 4846/5385/4830 4869/5410/4853 4501/5411/4508
f 4477/5412/4461 4870/5413/4854 4847/5388/4831
f 4847/5388/4831 4870/5413/4854 4871/5414/4855 4848/5389/4832
f 4848/5389/4832 4871/5414/4855 4872/5415/4856 4849/5390/4833
f 4849/5390/4833 4872/5415/4856 4873/5416/4857 4850/5391/4834
f 4850/5391/4834 4873/5416/4857 4874/5417/4858 4851/5392/4835
f 4851/5392/4835 4874/5417/4858 4875/5418/4859 4852/5393/4836
f 4852/5393/4836 4875/5418/4859 4876/5419/4860 4853/5394/4837
f 4853/5394/4837 4876/5419/4860 4877/5420/4861 4854/5395/4838
f 4854/5395/4838 4877/5420/4861 4878/5421/4862 4855/5396/4839
f 4855/5396/4839 4878/5421/4862 4879/5422/4863 4856/5397/4840
f 4856/5397/4840 4879/5422/4863 4880/5423/4864 4857/5398/4841
f 4857/5398/4841 4880/5423/4864 4881/5424/4865 4858/5399/4842
f 4858/5399/4842 4881/5424/4865 4882/5425/4866 4859/5400/4843
f 4859/5400/4843 4882/5425/4866 4883/5426/4867 4860/5401/4844
f 4860/5401/4844 4883/5426/4867 4884/5427/4868 4861/5402/4845
f 4861/5402/4845 4884/5427/4868 4885/5428/4869 4862/5403/4846
f 4862/5403/4846 4885/5428/4869 4886/5429/4870 4863/5404/4847
f 4863/5404/4847 4886/5429/4870 4887/5430/4871 4864/5405/4848
f 4864/5405/4848 4887/5430/4871 4888/5431/4872 4865/5406/4849
f 4865/5406/4849 4888/5431/4872 4889/5432/4873 4866/5407/4850
f 4866/5407/4850 4889/5432/4873 4890/5433/4874 4867/5408/4851
f 4867/5408/4851 4890/5433/4874 4891/5434/4875 4868/5409/4852
f 4868/5409/4852 4891/5434/4875 4892/5435/4876 4869/5410/4853
f 4869/5410/4853 4892/5435/4876 4501/5436/4508
f 4477/5437/4461 4893/5438/4877 4870/5413/4854
f 4870/5413/4854 4893/5438/4877 4894/5439/4878 4871/5414/4855
f 4871/5414/4855 4894/5439/4878 4895/5440/4879 4872/5415/4856
f 4872/5415/4856 4895/5440/4879 4896/5441/4880 4873/5416/4857
f 4873/5416/4857 4896/5441/4880 4897/5442/4881 4874/5417/4858
f 4874/5417/4858 4897/5442/4881 4898/5443/4882 4875/5418/4859
f 4875/5418/4859 4898/5443/4882 4899/5444/4883 4876/5419/4860
f 4876/5419/4860 4899/5444/4883 4900/5445/4884 4877/5420/4861
f 4877/5420/4861 4900/5445/4884 4901/5446/4885 4878/5421/4862
f 4878/5421/4862 4901/5446/4885 4902/5447/4886 4879/5422/4863
f 4879/5422/4863 4902/5447/4886 4903/5448/4887 4880/5423/4864
f 4880/5423/4864 4903/5448/4887 4904/5449/4888 4881/5424/4865
f 4881/5424/4865 4904/5449/4888 4905/5450/4889 4882/5425/4866
f 4882/5425/4866 4905/5450/4889 4906/5451/4890 4883/5426/4867
f 4883/5426/4867 4906/5451/4890 4907/5452/4891 4884/5427/4868
f 4884/5427/4868 4907/5452/4891 4908/5453/4892 4885/5428/4869
f 4885/5428/4869 4908/5453/4892 4909/5454/4893 4886/5429/4870
f 4886/5429/4870 4909/5454/4893 4910/5455/4894 4887/5430/4871
f 4887/5430/4871 4910/5455/4894 4911/5456/4895 4888/5431/4872
f 4888/5431/4872 4911/5456/4895 4912/5457/4896 4889/5432/4873
f 4889/5432/4873 4912/5457/4896 4913/5458/4897 4890/5433/4874
f 4890/5433/4874 4913/5458/4897 4914/5459/4898 4891/5434/4875
f 4891/5434/4875 4914/5459/4898 4915/5460/4899 4892/5435/4876
f 4892/5435/4876 4915/5460/4899 4501/5461/4508
f 4477/5462/4461 4916/5463/4900 4893/5438/4877
f 4893/5438/4877 4916/5463/4900 4917/5464/4901 4894/5439/4878
f 4894/5439/4878 4917/5464/4901 4918/5465/4902 4895/5440/4879
f 4895/5440/4879 4918/5465/4902 4919/5466/4903 4896/5441/4880
f 4896/5441/4880 4919/5466/4903 4920/5467/4904 4897/5442/4881
f 4897/5442/4881 4920/5467/4904 4921/5468/4905 4898/5443/4882
f 4898/5443/4882 4921/5468/4905 4922/5469/4906 4899/5444/4883
f 4899/5444/4883 4922/5469/4906 4923/5470/4907 4900/5445/4884
f 4900/5445/4884 4923/5470/4907 4924/5471/4908 4901/5446/4885
f 4901/5446/4885 4924/5471/4908 4925/5472/4909 4902/5447/4886
f 4902/5447/4886 4925/5472/4909 4926/5473/4910 4903/5448/4887
f 4903/5448/4887 4926/5473/4910 4927/5474/4911 4904/5449/4888
f 4904/5449/4888 4927/5474/4911 4928/5475/4912 4905/5450/4889
f 4905/5450/4889 4928/5475/4912 4929/5476/4913 4906/5451/4890
f 4906/5451/4890 4929/5476/4913 4930/5477/4914 4907/5452/4891
f 4907/5452/4891 4930/5477/4914 4931/5478/4915 4908/5453/4892
f 4908/5453/4892 4931/5478/4915 4932/5479/4916 4909/5454/4893
f 4909/5454/4893 4932/5479/4916 4933/5480/4917 4910/5455/4894
f 4910/5455/4894 4933/5480/4917 4934/5481/4918 4911/5456/4895
f 4911/5456/4895 4934/5481/4918 4935/5482/4919 4912/5457/4896
f 4912/5457/4896 4935/5482/4919 4936/5483/4920 4913/5458/4897
f 4913/5458/4897 4936/5483/4920 4937/5484/4921 4914/5459/4898
f 4914/5459/4898 4937/5484/4921 4938/5485/4922 4915/5460/4899
f 4915/5460/4899 4938/5485/4922 4501/5486/4508
f 4477/5487/4461 4939/5488/4923 4916/5463/4900
f 4916/5463/4900 4939/5488/4923 4940/5489/4924 4917/5464/4901
f 4917/5464/4901 4940/5489/4924 4941/5490/4925 4918/5465/4902
f 4918/5465/4902 4941/5490/4925 4942/5491/4926 4919/5466/4903
f 4919/5466/4903 4942/5491/4926 4943/5492/4927 4920/5467/4904
f 4920/5467/4904 4943/5492/4927 4944/5493/4928 4921/5468/4905
f 4921/5468/4905 4944/5493/4928 4945/5494/4929 4922/5469/4906
f 4922/5469/4906 4945/5494/4929 4946/5495/4930 4923/5470/4907
f 4923/5470/4907 4946/5495/4930 4947/5496/4931 4924/5471/4908
f 4924/5471/4908 4947/5496/4931 4948/5497/4932 4925/5472/4909
f 4925/5472/4909 4948/5497/4932 4949/5498/4933 4926/5473/4910
f 4926/5473/4910 4949/5498/4933 4950/5499/4934 4927/5474/4911
f 4927/5474/4911 4950/5499/4934 4951/5500/4935 4928/5475/4912
f 4928/5475/4912 4951/5500/4935 4952/5501/4936 4929/5476/4913
f 4929/5476/4913 4952/5501/4936 4953/5502/4937 4930/5477/4914
f 4930/5477/4914 4953/5502/4937 4954/5503/4938 4931/5478/4915
f 4931/5478/4915 4954/5503/4938 4955/5504/4939 4932/5479/4916
f 4932/5479/4916 4955/5504/4939 4956/5505/4940 4933/5480/4917
f 4933/5480/4917 4956/5505/4940 4957/5506/4941 4934/5481/4918
f 4934/5481/4918 4957/5506/4941 4958/5507/4942 4935/5482/4919
f 4935/5482/4919 4958/5507/4942 4959/5508/4943 4936/5483/4920
f 4936/5483/4920 4959/5508/4943 4960/5509/4944 4937/5484/4921
f 4937/5484/4921 4960/5509/4944 4961/5510/4945 4938/5485/4922
f 4938/5485/4922 4961/5510/4945 4501/5511/4508
f 4477/5512/4461 4962/5513/4946 4939/5488/4923
f 4939/5488/4923 4962/5513/4946 4963/5514/4947 4940/5489/4924
f 4940/5489/4924 4963/5514/4947 4964/5515/4948 4941/5490/4925
f 4941/5490/4925 4964/5515/4948 4965/5516/4949 4942/5491/4926
f 4942/5491/4926 4965/5516/4949 4966/5517/4950 4943/5492/4927
f 4943/5492/4927 4966/5517/4950 4967/5518/4951 4944/5493/4928
f 4944/5493/4928 4967/5518/4951 4968/5519/4952 4945/5494/4929
f 4945/5494/4929 4968/5519/4952 4969/5520/4953 4946/5495/4930
f 4946/5495/4930 4969/5520/4953 4970/5521/4954 4947/5496/4931
f 4947/5496/4931 4970/5521/4954 4971/5522/4955 4948/5497/4932
f 4948/5497/4932 4971/5522/4955 4972/5523/4956 4949/5498/4933
f 4949/5498/4933 4972/5523/4956 4973/5524/4957 4950/5499/4934
f 4950/5499/4934 4973/5524/4957 4974/5525/4958 4951/5500/4935
f 4951/5500/4935 4974/5525/4958 4975/5526/4959 4952/5501/4936
f 4952/5501/4936 4975/5526/4959 4976/5527/4960 4953/5502/4937
f 4953/5502/4937 4976/5527/4960 4977/5528/4961 4954/5503/4938
f 4954/5503/4938 4977/5528/4961 4978/5529/4962 4955/5504/4939
f 4955/5504/4939 4978/5529/4962 4979/5530/4963 4956/5505/4940
f 4956/5505/4940 4979/5530/4963 4980/5531/4964 4957/5506/4941
f 4957/5506/4941 4980/5531/4964 4981/5532/4965 4958/5507/4942
f 4958/5507/4942 4981/5532/4965 4982/5533/4966 4959/5508/4943
f 4959/5508/4943 4982/5533/4966 4983/5534/4967 4960/5509/4944
f 4960/5509/4944 4983/5534/4967 4984/5535/4968 4961/5510/4945
f 4961/5510/4945 4984/5535/4968 4501/5536/4508
f 4477/5537/4461 4985/5538/4969 4962/5513/4946
f 4962/5513/4946 4985/5538/4969 4986/5539/4970 4963/5514/4947
f 4963/5514/4947 4986/5539/4970 4987/5540/4971 4964/5515/4948
f 4964/5515/4948 4987/5540/4971 4988/5541/4972 4965/5516/4949
f 4965/5516/4949 4988/5541/4972 4989/5542/4973 4966/5517/4950
f 4966/5517/4950 4989/5542/4973 4990/5543/4974 4967/5518/4951
f 4967/5518/4951 4990/5543/4974 4991/5544/4975 4968/5519/4952
f 4968/5519/4952 4991/5544/4975 4992/5545/4976 4969/5520/4953
f 4969/5520/4953 4992/5545/4976 4993/5546/4977 4970/5521/4954
f 4970/5521/4954 4993/5546/4977 4994/5547/4978 4971/5522/4955
f 4971/5522/4955 4994/5547/4978 4995/5548/4979 4972/5523/4956
f 4972/5523/4956 4995/5548/4979 4996/5549/4980 4973/5524/4957
f 4973/5524/4957 4996/5549/4980 4997/5550/4981 4974/5525/4958
f 4974/5525/4958 4997/5550/4981 4998/5551/4982 4975/5526/4959
f 4975/5526/4959 4998/5551/4982 4999/5552/4983 4976/5527/4960
f 4976/5527/4960 4999/5552/4983 5000/5553/4984 4977/5528/4961
f 4977/5528/4961 5000/5553/4984 5001/5554/4985 4978/5529/4962
f 4978/5529/4962 5001/5554/4985 5002/5555/4986 4979/5530/4963
f 4979/5530/4963 5002/5555/4986 5003/5556/4987 4980/5531/4964
f 4980/5531/4964 5003/5556/4987 5004/5557/4988 4981/5532/4965
f 4981/5532/4965 5004/5557/4988 5005/5558/4989 4982/5533/4966
f 4982/5533/4966 5005/5558/4989 5006/5559/4990 4983/5534/4967
f 4983/5534/4967 5006/5559/4990 5007/5560/4991 4984/5535/4968
f 4984/5535/4968 5007/5560/4991 4501/5561/4508
f 4477/5562/4461 5008/5563/4992 4985/5538/4969
f 4985/5538/4969 5008/5563/4992 5009/5564/4993 4986/5539/4970
f 4986/5539/4970 5009/5564/4993 5010/5565/4994 4987/5540/4971
f 4987/5540/4971 5010/5565/4994 5011/5566/4995 4988/5541/4972
f 4988/5541/4972 5011/5566/4995 5012/5567/4996 4989/5542/4973
f 4989/5542/4973 5012/5567/4996 5013/5568/4997 4990/5543/4974
f 4990/5543/4974 5013/5568/4997 5014/5569/4998 4991/5544/4975
f 4991/5544/4975 5014/5569/4998 5015/5570/4999 4992/5545/4976
f 4992/5545/4976 5015/5570/4999 5016/5571/5000 4993/5546/4977
f 4993/5546/4977 5016/5571/5000 5017/5572/5001 4994/5547/4978
f 4994/5547/4978 5017/5572/5001 5018/5573/5002 4995/5548/4979
f 4995/5548/4979 5018/5573/5002 5019/5574/5003 4996/5549/4980
f 4996/5549/4980 5019/5574/5003 5020/5575/5004 4997/5550/4981
f 4997/5550/4981 5020/5575/5004 5021/5576/5005 4998/5551/4982
f 4998/5551/4982 5021/5576/5005 5022/5577/5006 4999/5552/4983
f 4999/5552/4983 5022/5577/5006 5023/5578/5007 5000/5553/4984
f 5000/5553/4984 5023/5578/5007 5024/5579/5008 5001/5554/4985
f 5001/5554/4985 5024/5579/5008 5025/5580/5009 5002/5555/4986
f 5002/5555/4986 5025/5580/5009 5026/5581/5010 5003/5556/4987
f 5003/5556/4987 5026/5581/5010 5027/5582/5011 5004/5557/4988
f 5004/5557/4988 5027/5582/5011 5028/5583/5012 5005/5558/4989
f 5005/5558/4989 5028/5583/5012 5029/5584/5013 5006/5559/4990
f 5006/5559/4990 5029/5584/5013 5030/5585/5014 5007/5560/4991
f 5007/5560/4991 5030/5585/5014 4501/5586/4508
f 4477/5587/4461 4478/5588/4463 5008/5563/4992
f 5008/5563/4992 4478/5588/4463 4479/5589/4465 5009/5564/4993
f 5009/5564/4993 4479/5589/4465 4480/5590/4467 5010/5565/4994
f 5010/5565/4994 4480/5590/4467 4481/5591/4469 5011/5566/4995
f 5011/5566/4995 4481/5591/4469 4482/5592/4471 5012/5567/4996
f 5012/5567/4996 4482/5592/4471 4483/5593/4473 5013/5568/4997
f 5013/5568/4997 4483/5593/4473 4484/5594/4475 5014/5569/4998
f 5014/5569/4998 4484/5594/4475 4485/5595/4477 5015/5570/4999
f 5015/5570/4999 4485/5595/4477 4486/5596/4479 5016/5571/5000
f 5016/5571/5000 4486/5596/4479 4487/5597/4481 5017/5572/5001
f 5017/5572/5001 4487/5597/4481 4488/5598/4483 5018/5573/5002
f 5018/5573/5002 4488/5598/4483 4489/5599/4485 5019/5574/5003
f 5019/5574/5003 4489/5599/4485 4490/5600/4487 5020/5575/5004
f 5020/5575/5004 4490/5600/4487 4491/5601/4489 5021/5576/5005
f 5021/5576/5005 4491/5601/4489 4492/5602/4491 5022/5577/5006
f 5022/5577/5006 4492/5602/4491 4493/5603/4493 5023/5578/5007
f 5023/5578/5007 4493/5603/4493 4494/5604/4495 5024/5579/5008
f 5024/5579/5008 4494/5604/4495 4495/5605/4497 5025/5580/5009
f 5025/5580/5009 4495/5605/4497 4496/5606/4499 5026/5581/5010
f 5026/5581/5010 4496/5606/4499 4497/5607/4501 5027/5582/5011
f 5027/5582/5011 4497/5607/4501 4498/5608/4503 5028/5583/5012
f 5028/5583/5012 4498/5608/4503 4499/5609/4505 5029/5584/5013
f 5029/5584/5013 4499/5609/4505 4500/5610/4507 5030/5585/5014
f 5030/5585/5014 4500/5610/4507 4501/5611/4508
o Torus1
v 0.122757 0.000000 0.000000
v 0.111333 0.000450 0.009703
v 0.077735 0.000869 0.018732
v 0.024314 0.001228 0.026488
v -0.045235 0.001505 0.032444
v -0.126206 0.001678 0.036191
v -0.213226 0.001738 0.037465
v -0.300245 0.001678 0.036191
v -0.381217 0.001505 0.032444
v -0.450766 0.001228 0.026488
v -0.504187 0.000869 0.018732
v -0.537785 0.000450 0.009703
v -0.549209 0.000000 0.000000
v -0.537785 -0.000450 -0.009703
v -0.504187 -0.000869 -0.018732
v -0.450766 -0.001228 -0.026488
v -0.381217 -0.001505 -0.032444
v -0.300245 -0.001678 -0.036191
v -0.213226 -0.001738 -0.037465
v -0.126206 -0.001678 -0.036191
v -0.045235 -0.001505 -0.032444
v 0.024314 -0.001228 -0.026488
v 0.077735 -0.000869 -0.018732
v 0.111333 -0.000450 -0.009703
v 0.094198 0.217147 -0.010071
v 0.083111 0.214577 -0.000228
v 0.050688 0.206437 0.009198
v -0.000885 0.192869 0.017599
v -0.068081 0.175189 0.024389
v -0.146365 0.154387 0.029108
v -0.230361 0.131959 0.031425
v -0.314357 0.109413 0.031194
v -0.392641 0.088431 0.028413
v -0.459837 0.070031 0.023297
v -0.511411 0.055911 0.016180
v -0.543833 0.046766 0.007555
v -0.554920 0.043463 -0.002016
v -0.543833 0.045866 -0.011851
v -0.511411 0.054173 -0.021285
v -0.459837 0.067574 -0.029679
v -0.392641 0.085421 -0.036476
v -0.314357 0.106056 -0.041187
v -0.230361 0.128484 -0.043504
v -0.146365 0.151030 -0.043273
v -0.068081 0.172180 -0.040500
v -0.000885 0.190412 -0.035376
v 0.050688 0.204700 -0.028266
v 0.083111 0.213677 -0.019634
v 0.010203 0.419528 -0.019457
v 0.000291 0.414272 -0.009489
v -0.028771 0.397910 0.000318
v -0.074969 0.371587 0.009311
v -0.135278 0.337127 0.016879
v -0.205498 0.296858 0.022501
v -0.280759 0.253454 0.025790
v -0.356019 0.209932 0.026532
v -0.426239 0.169316 0.024662
v -0.486548 0.134303 0.020316
v -0.532745 0.107261 0.013798
v -0.561808 0.090061 0.005547
v -0.571719 0.083906 -0.003891
v -0.561808 0.089161 -0.013859
v -0.532745 0.105523 -0.023667
v -0.486548 0.131846 -0.032659
v -0.426239 0.166306 -0.040227
v -0.356019 0.206575 -0.045849
v -0.280759 0.249979 -0.049139
v -0.205498 0.293501 -0.049881
v -0.135278 0.334117 -0.048010
v -0.074969 0.369130 -0.043664
v -0.028771 0.396172 -0.037147
v 0.000291 0.413372 -0.028896
v -0.123183 0.593380 -0.027520
v -0.131414 0.585607 -0.017436
v -0.155101 0.562364 -0.007309
v -0.192899 0.524967 0.002197
v -0.242121 0.476074 0.010434
v -0.299406 0.419024 0.016835
v -0.360890 0.357665 0.020957
v -0.422375 0.296187 0.022532
v -0.479660 0.238789 0.021439
v -0.528882 0.189345 0.017763
v -0.566512 0.151395 0.011751
v -0.590367 0.127147 0.003827
v -0.598430 0.118642 -0.005502
v -0.590367 0.126247 -0.015579
v -0.566512 0.149658 -0.025714
v -0.528882 0.186888 -0.035212
v -0.479660 0.235780 -0.043449
v -0.422375 0.292830 -0.049850
v -0.360890 0.354190 -0.053972
v -0.299406 0.415667 -0.055547
v -0.242121 0.473065 -0.054454
v -0.192899 0.522510 -0.050778
v -0.155101 0.560627 -0.044774
v -0.131414 0.584707 -0.036842
v -0.297222 0.726622 -0.033700
v -0.302933 0.717171 -0.023537
v -0.319732 0.688558 -0.013162
v -0.346443 0.642770 -0.003266
v -0.381217 0.582802 0.005485
v -0.421703 0.512831 0.012484
v -0.465213 0.437711 0.017245
v -0.508723 0.362472 0.019458
v -0.549209 0.292153 0.018964
v -0.583983 0.231633 0.015802
v -0.610693 0.185125 0.010187
v -0.627493 0.155675 0.002504
v -0.633204 0.145324 -0.006740
v -0.627493 0.154775 -0.016903
v -0.610693 0.183388 -0.027278
v -0.583983 0.229176 -0.037173
v -0.549209 0.289144 -0.045924
v -0.508723 0.359115 -0.052924
v -0.465213 0.434235 -0.057685
v -0.421703 0.509474 -0.059898
v -0.381217 0.579793 -0.059404
v -0.346443 0.640313 -0.056241
v -0.319732 0.686821 -0.050627
v -0.302933 0.716271 -0.042944
v -0.499819 0.810527 -0.037591
v -0.502843 0.799902 -0.027374
v -0.511411 0.767933 -0.016843
v -0.525354 0.716775 -0.006699
v -0.543329 0.649926 0.002371
v -0.564328 0.571900 0.009745
v -0.586839 0.488054 0.014910
v -0.609350 0.404089 0.017528
v -0.630180 0.325716 0.017408
v -0.648324 0.258315 0.014564
v -0.662099 0.206437 0.009198
v -0.670834 0.173631 0.001671
v -0.673690 0.162105 -0.007518
v -0.670834 0.172731 -0.017735
v -0.662099 0.204700 -0.028266
v -0.648324 0.255858 -0.038411
v -0.630180 0.322706 -0.047481
v -0.609350 0.400732 -0.054854
v -0.586839 0.484579 -0.060019
v -0.564328 0.568543 -0.062637
v -0.543329 0.646917 -0.062517
v -0.525354 0.714318 -0.059674
v -0.511411 0.766195 -0.054308
v -0.502843 0.799002 -0.046781
v -0.717200 0.839055 -0.038914
v -0.717200 0.828094 -0.028682
v -0.717200 0.794950 -0.018096
v -0.717200 0.741946 -0.007866
v -0.717200 0.672749 0.001313
v -0.717200 0.592038 0.008811
v -0.717200 0.505171 0.014116
v -0.717200 0.418185 0.016874
v -0.717200 0.337127 0.016879
v -0.717200 0.267377 0.014144
v -0.717200 0.213653 0.008864
v -0.717200 0.179672 0.001391
v -0.717200 0.167811 -0.007783
v -0.717200 0.178772 -0.018015
v -0.717200 0.211916 -0.028601
v -0.717200 0.264920 -0.038831
v -0.717200 0.334117 -0.048010
v -0.717200 0.414828 -0.055508
v -0.717200 0.501695 -0.060813
v -0.717200 0.588681 -0.063571
v -0.717200 0.669739 -0.063576
v -0.717200 0.739489 -0.060841
v -0.717200 0.793213 -0.055561
v -0.717200 0.827194 -0.048088
v -0.934581 0.810527 -0.037591
v -0.931557 0.799902 -0.027374
v -0.922989 0.767933 -0.016843
v -0.909046 0.716775 -0.006699
v -0.891071 0.649926 0.002371
v -0.870072 0.571900 0.009745
v -0.847561 0.488054 0.014910
v -0.825050 0.404089 0.017528
v -0.804219 0.325716 0.017408
v -0.786076 0.258315 0.014564
v -0.772301 0.206437 0.009198
v -0.763566 0.173631 0.001671
v -0.760710 0.162105 -0.007518
v -0.763566 0.172731 -0.017735
v -0.772301 0.204700 -0.028266
v -0.786076 0.255858 -0.038411
v -0.804219 0.322706 -0.047481
v -0.825050 0.400732 -0.054854
v -0.847561 0.484579 -0.060019
v -0.870072 0.568543 -0.062637
v -0.891071 0.646917 -0.062517
v -0.909046 0.714318 -0.059674
v -0.922989 0.766195 -0.054308
v -0.931557 0.799002 -0.046781
v -1.137178 0.726622 -0.033700
v -1.131467 0.717171 -0.023537
v -1.114667 0.688558 -0.013162
v -1.087957 0.642770 -0.003266
v -1.053183 0.582802 0.005485
v -1.012697 0.512831 0.012484
v -0.969187 0.437711 0.017245
v -0.925677 0.362472 0.019458
v -0.885191 0.292153 0.018964
v -0.850417 0.231633 0.015802
v -0.823707 0.185125 0.010187
v -0.806907 0.155675 0.002504
v -0.801196 0.145324 -0.006740
v -0.806907 0.154775 -0.016903
v -0.823707 0.183388 -0.027278
v -0.850417 0.229176 -0.037173
v -0.885191 0.289144 -0.045924
v -0.925677 0.359115 -0.052924
v -0.969187 0.434235 -0.057685
v -1.012697 0.509474 -0.059898
v -1.053183 0.579793 -0.059404
v -1.087957 0.640313 -0.056241
v -1.114667 0.686821 -0.050627
v -1.131467 0.716271 -0.042944
v -1.311217 0.593380 -0.027520
v -1.302986 0.585607 -0.017436
v -1.279299 0.562364 -0.007309
v -1.241501 0.524967 0.002197
v -1.192279 0.476074 0.010434
v -1.134994 0.419024 0.016835
v -1.073510 0.357665 0.020957
v -1.012025 0.296187 0.022532
v -0.954740 0.238789 0.021439
v -0.905518 0.189345 0.017763
v -0.867888 0.151395 0.011751
v -0.844033 0.127147 0.003827
v -0.835970 0.118642 -0.005502
v -0.844033 0.126247 -0.015579
v -0.867888 0.149658 -0.025714
v -0.905518 0.186888 -0.035212
v -0.954740 0.235780 -0.043449
v -1.012025 0.292830 -0.049850
v -1.073510 0.354190 -0.053972
v -1.134994 0.415667 -0.055547
v -1.192279 0.473065 -0.054454
v -1.241501 0.522510 -0.050778
v -1.279299 0.560627 -0.044774
v -1.302986 0.584707 -0.036842
v -1.444602 0.419528 -0.019457
v -1.434691 0.414272 -0.009489
v -1.405628 0.397910 0.000318
v -1.359431 0.371587 0.009311
v -1.299122 0.337127 0.016879
v -1.228902 0.296858 0.022501
v -1.153641 0.253454 0.025790
v -1.078381 0.209932 0.026532
v -1.008161 0.169316 0.024662
v -0.947852 0.134303 0.020316
v -0.901654 0.107261 0.013798
v -0.872592 0.090061 0.005547
v -0.862680 0.083906 -0.003891
v -0.872592 0.089161 -0.013859
v -0.901654 0.105523 -0.023667
v -0.947852 0.131846 -0.032659
v -1.008161 0.166306 -0.040227
v -1.078381 0.206575 -0.045849
v -1.153641 0.249979 -0.049139
v -1.228902 0.293501 -0.049881
v -1.299122 0.334117 -0.048010
v -1.359431 0.369130 -0.043664
v -1.405628 0.396172 -0.037147
v -1.434691 0.413372 -0.028896
v -1.528598 0.217147 -0.010071
v -1.517511 0.214577 -0.000228
v -1.485088 0.206437 0.009198
v -1.433515 0.192869 0.017599
v -1.366318 0.175189 0.024389
v -1.288035 0.154387 0.029108
v -1.204039 0.131959 0.031425
v -1.120043 0.109413 0.031194
v -1.041759 0.088431 0.028413
v -0.974563 0.070031 0.023297
v -0.922989 0.055911 0.016180
v -0.890567 0.046766 0.007555
v -0.879480 0.043463 -0.002016
v -0.890567 0.045866 -0.011851
v -0.922989 0.054173 -0.021285
v -0.974563 0.067574 -0.029679
v -1.041759 0.085421 -0.036476
v -1.120043 0.106056 -0.041187
v -1.204039 0.128484 -0.043504
v -1.288035 0.151030 -0.043273
v -1.366318 0.172180 -0.040500
v -1.433515 0.190412 -0.035376
v -1.485088 0.204700 -0.028266
v -1.517511 0.213677 -0.019634
v -1.557157 0.000000 0.000000
v -1.545733 0.000450 0.009703
v -1.512135 0.000869 0.018732
v -1.458714 0.001228 0.026488
v -1.389165 0.001505 0.032444
v -1.308193 0.001678 0.036191
v -1.221174 0.001738 0.037465
v -1.134155 0.001678 0.036191
v -1.053183 0.001505 0.032444
v -0.983634 0.001228 0.026488
v -0.930213 0.000869 0.018732
v -0.896615 0.000450 0.009703
v -0.885191 0.000000 0.000000
v -0.896615 -0.000450 -0.009703
v -0.930213 -0.000869 -0.018732
v -0.983634 -0.001228 -0.026488
v -1.053183 -0.001505 -0.032444
v -1.134155 -0.001678 -0.036191
v -1.221174 -0.001738 -0.037465
v -1.308193 -0.001678 -0.036191
v -1.389165 -0.001505 -0.032444
v -1.458714 -0.001228 -0.026488
v -1.512135 -0.000869 -0.018732
v -1.545733 -0.000450 -0.009703
v -1.528598 -0.217147 0.010071
v -1.517511 -0.213677 0.019634
v -1.485088 -0.204700 0.028266
v -1.433515 -0.190412 0.035376
v -1.366318 -0.172180 0.040500
v -1.288035 -0.151030 0.043273
v -1.204039 -0.128484 0.043504
v -1.120043 -0.106056 0.041187
v -1.041759 -0.085421 0.036476
v -0.974563 -0.067574 0.029679
v -0.922989 -0.054173 0.021285
v -0.890567 -0.045866 0.011851
v -0.879480 -0.043463 0.002016
v -0.890567 -0.046766 -0.007555
v -0.922989 -0.055911 -0.016180
v -0.974563 -0.070031 -0.023297
v -1.041759 -0.088431 -0.028413
v -1.120043 -0.109413 -0.031194
v -1.204039 -0.131959 -0.031425
v -1.288035 -0.154387 -0.029108
v -1.366318 -0.175189 -0.024389
v -1.433515 -0.192869 -0.017599
v -1.485088 -0.206437 -0.009198
v -1.517511 -0.214577 0.000228
v -1.444602 -0.419528 0.019457
v -1.434691 -0.413372 0.028896
v -1.405628 -0.396172 0.037147
v -1.359431 -0.369130 0.043664
v -1.299122 -0.334117 0.048010
v -1.228902 -0.293501 0.049881
v -1.153641 -0.249979 0.049139
v -1.078381 -0.206575 0.045849
v -1.008161 -0.166306 0.040227
v -0.947852 -0.131846 0.032659
v -0.901654 -0.105523 0.023667
v -0.872592 -0.089161 0.013859
v -0.862680 -0.083906 0.003891
v -0.872592 -0.090061 -0.005547
v -0.901654 -0.107261 -0.013798
v -0.947852 -0.134303 -0.020316
v -1.008161 -0.169316 -0.024662
v -1.078381 -0.209932 -0.026532
v -1.153641 -0.253454 -0.025790
v -1.228902 -0.296858 -0.022501
v -1.299122 -0.337127 -0.016879
v -1.359431 -0.371587 -0.009311
v -1.405628 -0.397910 -0.000318
v -1.434691 -0.414272 0.009489
v -1.311217 -0.593380 0.027520
v -1.302986 -0.584707 0.036842
v -1.279299 -0.560627 0.044774
v -1.241501 -0.522510 0.050778
v -1.192279 -0.473065 0.054454
v -1.134994 -0.415667 0.055547
v -1.073510 -0.354190 0.053972
v -1.012025 -0.292830 0.049850
v -0.954740 -0.235780 0.043449
v -0.905518 -0.186888 0.035212
v -0.867888 -0.149658 0.025714
v -0.844033 -0.126247 0.015579
v -0.835970 -0.118642 0.005502
v -0.844033 -0.127147 -0.003827
v -0.867888 -0.151395 -0.011751
v -0.905518 -0.189345 -0.017763
v -0.954740 -0.238789 -0.021439
v -1.012025 -0.296187 -0.022532
v -1.073510 -0.357665 -0.020957
v -1.134994 -0.419024 -0.016835
v -1.192279 -0.476074 -0.010434
v -1.241501 -0.524967 -0.002197
v -1.279299 -0.562364 0.007309
v -1.302986 -0.585607 0.017436
v -1.137178 -0.726622 0.033700
v -1.131467 -0.716271 0.042944
v -1.114667 -0.686821 0.050627
v -1.087957 -0.640313 0.056241
v -1.053183 -0.579793 0.059404
v -1.012697 -0.509474 0.059898
v -0.969187 -0.434235 0.057685
v -0.925677 -0.359115 0.052924
v -0.885191 -0.289144 0.045924
v -0.850417 -0.229176 0.037173
v -0.823707 -0.183388 0.027278
v -0.806907 -0.154775 0.016903
v -0.801196 -0.145324 0.006740
v -0.806907 -0.155675 -0.002504
v -0.823707 -0.185125 -0.010187
v -0.850417 -0.231633 -0.015802
v -0.885191 -0.292153 -0.018964
v -0.925677 -0.362472 -0.019458
v -0.969187 -0.437711 -0.017245
v -1.012697 -0.512831 -0.012484
v -1.053183 -0.582802 -0.005485
v -1.087957 -0.642770 0.003266
v -1.114667 -0.688558 0.013162
v -1.131467 -0.717171 0.023537
v -0.934581 -0.810527 0.037591
v -0.931557 -0.799002 0.046781
v -0.922989 -0.766195 0.054308
v -0.909046 -0.714318 0.059674
v -0.891071 -0.646917 0.062517
v -0.870072 -0.568543 0.062637
v -0.847561 -0.484579 0.060019
v -0.825050 -0.400732 0.054854
v -0.804219 -0.322706 0.047481
v -0.786076 -0.255858 0.038411
v -0.772301 -0.204700 0.028266
v -0.763566 -0.172731 0.017735
v -0.760710 -0.162105 0.007518
v -0.763566 -0.173631 -0.001671
v -0.772301 -0.206437 -0.009198
v -0.786076 -0.258315 -0.014564
v -0.804219 -0.325716 -0.017408
v -0.825050 -0.404089 -0.017528
v -0.847561 -0.488054 -0.014910
v -0.870072 -0.571900 -0.009745
v -0.891071 -0.649926 -0.002371
v -0.909046 -0.716775 0.006699
v -0.922989 -0.767933 0.016843
v -0.931557 -0.799902 0.027374
v -0.717200 -0.839055 0.038914
v -0.717200 -0.827194 0.048088
v -0.717200 -0.793213 0.055561
v -0.717200 -0.739489 0.060841
v -0.717200 -0.669739 0.063576
v -0.717200 -0.588681 0.063571
v -0.717200 -0.501695 0.060813
v -0.717200 -0.414828 0.055508
v -0.717200 -0.334117 0.048010
v -0.717200 -0.264920 0.038831
v -0.717200 -0.211916 0.028601
v -0.717200 -0.178772 0.018015
v -0.717200 -0.167811 0.007783
v -0.717200 -0.179672 -0.001391
v -0.717200 -0.213653 -0.008864
v -0.717200 -0.267377 -0.014144
v -0.717200 -0.337127 -0.016879
v -0.717200 -0.418185 -0.016874
v -0.717200 -0.505171 -0.014116
v -0.717200 -0.592038 -0.008811
v -0.717200 -0.672749 -0.001313
v -0.717200 -0.741946 0.007866
v -0.717200 -0.794950 0.018096
v -0.717200 -0.828094 0.028682
v -0.499819 -0.810527 0.037591
v -0.502843 -0.799002 0.046781
v -0.511411 -0.766195 0.054308
v -0.525354 -0.714318 0.059674
v -0.543329 -0.646917 0.062517
v -0.564328 -0.568543 0.062637
v -0.586839 -0.484579 0.060019
v -0.609350 -0.400732 0.054854
v -0.630180 -0.322706 0.047481
v -0.648324 -0.255858 0.038411
v -0.662099 -0.204700 0.028266
v -0.670834 -0.172731 0.017735
v -0.673690 -0.162105 0.007518
v -0.670834 -0.173631 -0.001671
v -0.662099 -0.206437 -0.009198
v -0.648324 -0.258315 -0.014564
v -0.630180 -0.325716 -0.017408
v -0.609350 -0.404089 -0.017528
v -0.586839 -0.488054 -0.014910
v -0.564328 -0.571900 -0.009745
v -0.543329 -0.649926 -0.002371
v -0.525354 -0.716775 0.006699
v -0.511411 -0.767933 0.016843
v -0.502843 -0.799902 0.027374
v -0.297222 -0.726622 0.033700
v -0.302933 -0.716271 0.042944
v -0.319732 -0.686821 0.050627
v -0.346443 -0.640313 0.056241
v -0.381217 -0.579793 0.059404
v -0.421703 -0.509474 0.059898
v -0.465213 -0.434235 0.057685
v -0.508723 -0.359115 0.052924
v -0.549209 -0.289144 0.045924
v -0.583983 -0.229176 0.037173
v -0.610693 -0.183388 0.027278
v -0.627493 -0.154775 0.016903
v -0.633204 -0.145324 0.006740
v -0.627493 -0.155675 -0.002504
v -0.610693 -0.185125 -0.010187
v -0.583983 -0.231633 -0.015802
v -0.549209 -0.292153 -0.018964
v -0.508723 -0.362472 -0.019458
v -0.465213 -0.437711 -0.017245
v -0.421703 -0.512831 -0.012484
v -0.381217 -0.582802 -0.005485
v -0.346443 -0.642770 0.003266
v -0.319732 -0.688558 0.013162
v -0.302933 -0.717171 0.023537
v -0.123183 -0.593380 0.027520
v -0.131414 -0.584707 0.036842
v -0.155101 -0.560627 0.044774
v -0.192899 -0.522510 0.050778
v -0.242121 -0.473065 0.054454
v -0.299406 -0.415667 0.055547
v -0.360890 -0.354190 0.053972
v -0.422375 -0.292830 0.049850
v -0.479660 -0.235780 0.043449
v -0.528882 -0.186888 0.035212
v -0.566512 -0.149658 0.025714
v -0.590367 -0.126247 0.015579
v -0.598430 -0.118642 0.005502
v -0.590367 -0.127147 -0.003827
v -0.566512 -0.151395 -0.011751
v -0.528882 -0.189345 -0.017763
v -0.479660 -0.238789 -0.021439
v -0.422375 -0.296187 -0.022532
v -0.360890 -0.357665 -0.020957
v -0.299406 -0.419024 -0.016835
v -0.242121 -0.476074 -0.010434
v -0.192899 -0.524967 -0.002197
v -0.155101 -0.562364 0.007309
v -0.131414 -0.585607 0.017436
v 0.010203 -0.419528 0.019457
v 0.000291 -0.413372 0.028896
v -0.028771 -0.396172 0.037147
v -0.074969 -0.369130 0.043664
v -0.135278 -0.334117 0.048010
v -0.205498 -0.293501 0.049881
v -0.280759 -0.249979 0.049139
v -0.356019 -0.206575 0.045849
v -0.426239 -0.166306 0.040227
v -0.486548 -0.131846 0.032659
v -0.532745 -0.105523 0.023667
v -0.561808 -0.089161 0.013859
v -0.571719 -0.083906 0.003891
v -0.561808 -0.090061 -0.005547
v -0.532745 -0.107261 -0.013798
v -0.486548 -0.134303 -0.020316
v -0.426239 -0.169316 -0.024662
v -0.356019 -0.209932 -0.026532
v -0.280759 -0.253454 -0.025790
v -0.205498 -0.296858 -0.022501
v -0.135278 -0.337127 -0.016879
v -0.074969 -0.371587 -0.009311
v -0.028771 -0.397910 -0.000318
v 0.000291 -0.414272 0.009489
v 0.094198 -0.217147 0.010071
v 0.083111 -0.213677 0.019634
v 0.050688 -0.204700 0.028266
v -0.000885 -0.190412 0.035376
v -0.068081 -0.172180 0.040500
v -0.146365 -0.151030 0.043273
v -0.230361 -0.128484 0.043504
v -0.314357 -0.106056 0.041187
v -0.392641 -0.085421 0.036476
v -0.459837 -0.067574 0.029679
v -0.511411 -0.054173 0.021285
v -0.543833 -0.045866 0.011851
v -0.554920 -0.043463 0.002016
v -0.543833 -0.046766 -0.007555
v -0.511411 -0.055911 -0.016180
v -0.459837 -0.070031 -0.023297
v -0.392641 -0.088431 -0.028413
v -0.314357 -0.109413 -0.031194
v -0.230361 -0.131959 -0.031425
v -0.146365 -0.154387 -0.029108
v -0.068081 -0.175189 -0.024389
v -0.000885 -0.192869 -0.017599
v 0.050688 -0.206437 -0.009198
v 0.083111 -0.214577 0.000228
vt 1.000000 1.000000
vt 0.958333 1.000000
vt 0.958333 0.958333
vt 1.000000 0.958333
vt 0.958333 0.916667
vt 1.000000 0.916667
vt 0.958333 0.875000
vt 1.000000 0.875000
vt 0.958333 0.833333
vt 1.000000 0.833333
vt 0.958333 0.791667
vt 1.000000 0.791667
vt 0.958333 0.750000
vt 1.000000 0.750000
vt 0.958333 0.708333
vt 1.000000 0.708333
vt 0.958333 0.666667
vt 1.000000 0.666667
vt 0.958333 0.625000
vt 1.000000 0.625000
vt 0.958333 0.583333
vt 1.000000 0.583333
vt 0.958333 0.541667
vt 1.000000 0.541667
vt 0.958333 0.500000
vt 1.000000 0.500000
vt 0.958333 0.458333
vt 1.000000 0.458333
vt 0.958333 0.416667
vt 1.000000 0.416667
vt 0.958333 0.375000
vt 1.000000 0.375000
vt 0.958333 0.333333
vt 1.000000 0.333333
vt 0.958333 0.291667
vt 1.000000 0.291667
vt 0.958333 0.250000
vt 1.000000 0.250000
vt 0.958333 0.208333
vt 1.000000 0.208333
vt 0.958333 0.166667
vt 1.000000 0.166667
vt 0.958333 0.125000
vt 1.000000 0.125000
vt 0.958333 0.083333
vt 1.000000 0.083333
vt 0.958333 0.041667
vt 1.000000 0.041667
vt 0.958333 0.000000
vt 1.000000 0.000000
vt 0.916667 1.000000
vt 0.916667 0.958333
vt 0.916667 0.916667
vt 0.916667 0.875000
vt 0.916667 0.833333
vt 0.916667 0.791667
vt 0.916667 0.750000
vt 0.916667 0.708333
vt 0.916667 0.666667
vt 0.916667 0.625000
vt 0.916667 0.583333
vt 0.916667 0.541667
vt 0.916667 0.500000
vt 0.916667 0.458333
vt 0.916667 0.416667
vt 0.916667 0.375000
vt 0.916667 0.333333
vt 0.916667 0.291667
vt 0.916667 0.250000
vt 0.916667 0.208333
vt 0.916667 0.166667
vt 0.916667 0.125000
vt 0.916667 0.083333
vt 0.916667 0.041667
vt 0.916667 0.000000
vt 0.875000 1.000000
vt 0.875000 0.958333
vt 0.875000 0.916667
vt 0.875000 0.875000
vt 0.875000 0.833333
vt 0.875000 0.791667
vt 0.875000 0.750000
vt 0.875000 0.708333
vt 0.875000 0.666667
vt 0.875000 0.625000
vt 0.875000 0.583333
vt 0.875000 0.541667
vt 0.875000 0.500000
vt 0.875000 0.458333
vt 0.875000 0.416667
vt 0.875000 0.375000
vt 0.875000 0.333333
vt 0.875000 0.291667
vt 0.875000 0.250000
vt 0.875000 0.208333
vt 0.875000 0.166667
vt 0.875000 0.125000
vt 0.875000 0.083333
vt 0.875000 0.041667
vt 0.875000 0.000000
vt 0.833333 1.000000
vt 0.833333 0.958333
vt 0.833333 0.916667
vt 0.833333 0.875000
vt 0.833333 0.833333
vt 0.833333 0.791667
vt 0.833333 0.750000
vt 0.833333 0.708333
vt 0.833333 0.666667
vt 0.833333 0.625000
vt 0.833333 0.583333
vt 0.833333 0.541667
vt 0.833333 0.500000
vt 0.833333 0.458333
vt 0.833333 0.416667
vt 0.833333 0.375000
vt 0.833333 0.333333
vt 0.833333 0.291667
vt 0.833333 0.250000
vt 0.833333 0.208333
vt 0.833333 0.166667
vt 0.833333 0.125000
vt 0.833333 0.083333
vt 0.833333 0.041667
vt 0.833333 0.000000
vt 0.791667 1.000000
vt 0.791667 0.958333
vt 0.791667 0.916667
vt 0.791667 0.875000
vt 0.791667 0.833333
vt 0.791667 0.791667
vt 0.791667 0.750000
vt 0.791667 0.708333
vt 0.791667 0.666667
vt 0.791667 0.625000
vt 0.791667 0.583333
vt 0.791667 0.541667
vt 0.791667 0.500000
vt 0.791667 0.458333
vt 0.791667 0.416667
vt 0.791667 0.375000
vt 0.791667 0.333333
vt 0.791667 0.291667
vt 0.791667 0.250000
vt 0.791667 0.208333
vt 0.791667 0.166667
vt 0.791667 0.125000
vt 0.791667 0.083333
vt 0.791667 0.041667
vt 0.791667 0.000000
vt 0.750000 1.000000
vt 0.750000 0.958333
vt 0.750000 0.916667
vt 0.750000 0.875000
vt 0.750000 0.833333
vt 0.750000 0.791667
vt 0.750000 0.750000
vt 0.750000 0.708333
vt 0.750000 0.666667
vt 0.750000 0.625000
vt 0.750000 0.583333
vt 0.750000 0.541667
vt 0.750000 0.500000
vt 0.750000 0.458333
vt 0.750000 0.416667
vt 0.750000 0.375000
vt 0.750000 0.333333
vt 0.750000 0.291667
vt 0.750000 0.250000
vt 0.750000 0.208333
vt 0.750000 0.166667
vt 0.750000 0.125000
vt 0.750000 0.083333
vt 0.750000 0.041667
vt 0.750000 0.000000
vt 0.708333 1.000000
vt 0.708333 0.958333
vt 0.708333 0.916667
vt 0.708333 0.875000
vt 0.708333 0.833333
vt 0.708333 0.791667
vt 0.708333 0.750000
vt 0.708333 0.708333
vt 0.708333 0.666667
vt 0.708333 0.625000
vt 0.708333 0.583333
vt 0.708333 0.541667
vt 0.708333 0.500000
vt 0.708333 0.458333
vt 0.708333 0.416667
vt 0.708333 0.375000
vt 0.708333 0.333333
vt 0.708333 0.291667
vt 0.708333 0.250000
vt 0.708333 0.208333
vt 0.708333 0.166667
vt 0.708333 0.125000
vt 0.708333 0.083333
vt 0.708333 0.041667
vt 0.708333 0.000000
vt 0.666667 1.000000
vt 0.666667 0.958333
vt 0.666667 0.916667
vt 0.666667 0.875000
vt 0.666667 0.833333
vt 0.666667 0.791667
vt 0.666667 0.750000
vt 0.666667 0.708333
vt 0.666667 0.666667
vt 0.666667 0.625000
vt 0.666667 0.583333
vt 0.666667 0.541667
vt 0.666667 0.500000
vt 0.666667 0.458333
vt 0.666667 0.416667
vt 0.666667 0.375000
vt 0.666667 0.333333
vt 0.666667 0.291667
vt 0.666667 0.250000
vt 0.666667 0.208333
vt 0.666667 0.166667
vt 0.666667 0.125000
vt 0.666667 0.083333
vt 0.666667 0.041667
vt 0.666667 0.000000
vt 0.625000 1.000000
vt 0.625000 0.958333
vt 0.625000 0.916667
vt 0.625000 0.875000
vt 0.625000 0.833333
vt 0.625000 0.791667
vt 0.625000 0.750000
vt 0.625000 0.708333
vt 0.625000 0.666667
vt 0.625000 0.625000
vt 0.625000 0.583333
vt 0.625000 0.541667
vt 0.625000 0.500000
vt 0.625000 0.458333
vt 0.625000 0.416667
vt 0.625000 0.375000
vt 0.625000 0.333333
vt 0.625000 0.291667
vt 0.625000 0.250000
vt 0.625000 0.208333
vt 0.625000 0.166667
vt 0.625000 0.125000
vt 0.625000 0.083333
vt 0.625000 0.041667
vt 0.625000 0.000000
vt 0.583333 1.000000
vt 0.583333 0.958333
vt 0.583333 0.916667
vt 0.583333 0.875000
vt 0.583333 0.833333
vt 0.583333 0.791667
vt 0.583333 0.750000
vt 0.583333 0.708333
vt 0.583333 0.666667
vt 0.583333 0.625000
vt 0.583333 0.583333
vt 0.583333 0.541667
vt 0.583333 0.500000
vt 0.583333 0.458333
vt 0.583333 0.416667
vt 0.583333 0.375000
vt 0.583333 0.333333
vt 0.583333 0.291667
vt 0.583333 0.250000
vt 0.583333 0.208333
vt 0.583333 0.166667
vt 0.583333 0.125000
vt 0.583333 0.083333
vt 0.583333 0.041667
vt 0.583333 0.000000
vt 0.541667 1.000000
vt 0.541667 0.958333
vt 0.541667 0.916667
vt 0.541667 0.875000
vt 0.541667 0.833333
vt 0.541667 0.791667
vt 0.541667 0.750000
vt 0.541667 0.708333
vt 0.541667 0.666667
vt 0.541667 0.625000
vt 0.541667 0.583333
vt 0.541667 0.541667
vt 0.541667 0.500000
vt 0.541667 0.458333
vt 0.541667 0.416667
vt 0.541667 0.375000
vt 0.541667 0.333333
vt 0.541667 0.291667
vt 0.541667 0.250000
vt 0.541667 0.208333
vt 0.541667 0.166667
vt 0.541667 0.125000
vt 0.541667 0.083333
vt 0.541667 0.041667
vt 0.541667 0.000000
vt 0.500000 1.000000
vt 0.500000 0.958333
vt 0.500000 0.916667
vt 0.500000 0.875000
vt 0.500000 0.833333
vt 0.500000 0.791667
vt 0.500000 0.750000
vt 0.500000 0.708333
vt 0.500000 0.666667
vt 0.500000 0.625000
vt 0.500000 0.583333
vt 0.500000 0.541667
vt 0.500000 0.500000
vt 0.500000 0.458333
vt 0.500000 0.416667
vt 0.500000 0.375000
vt 0.500000 0.333333
vt 0.500000 0.291667
vt 0.500000 0.250000
vt 0.500000 0.208333
vt 0.500000 0.166667
vt 0.500000 0.125000
vt 0.500000 0.083333
vt 0.500000 0.041667
vt 0.500000 0.000000
vt 0.458333 1.000000
vt 0.458333 0.958333
vt 0.458333 0.916667
vt 0.458333 0.875000
vt 0.458333 0.833333
vt 0.458333 0.791667
vt 0.458333 0.750000
vt 0.458333 0.708333
vt 0.458333 0.666667
vt 0.458333 0.625000
vt 0.458333 0.583333
vt 0.458333 0.541667
vt 0.458333 0.500000
vt 0.458333 0.458333
vt 0.458333 0.416667
vt 0.458333 0.375000
vt 0.458333 0.333333
vt 0.458333 0.291667
vt 0.458333 0.250000
vt 0.458333 0.208333
vt 0.458333 0.166667
vt 0.458333 0.125000
vt 0.458333 0.083333
vt 0.458333 0.041667
vt 0.458333 0.000000
vt 0.416667 1.000000
vt 0.416667 0.958333
vt 0.416667 0.916667
vt 0.416667 0.875000
vt 0.416667 0.833333
vt 0.416667 0.791667
vt 0.416667 0.750000
vt 0.416667 0.708333
vt 0.416667 0.666667
vt 0.416667 0.625000
vt 0.416667 0.583333
vt 0.416667 0.541667
vt 0.416667 0.500000
vt 0.416667 0.458333
vt 0.416667 0.416667
vt 0.416667 0.375000
vt 0.416667 0.333333
vt 0.416667 0.291667
vt 0.416667 0.250000
vt 0.416667 0.208333
vt 0.416667 0.166667
vt 0.416667 0.125000
vt 0.416667 0.083333
vt 0.416667 0.041667
vt 0.416667 0.000000
vt 0.375000 1.000000
vt 0.375000 0.958333
vt 0.375000 0.916667
vt 0.375000 0.875000
vt 0.375000 0.833333
vt 0.375000 0.791667
vt 0.375000 0.750000
vt 0.375000 0.708333
vt 0.375000 0.666667
vt 0.375000 0.625000
vt 0.375000 0.583333
vt 0.375000 0.541667
vt 0.375000 0.500000
vt 0.375000 0.458333
vt 0.375000 0.416667
vt 0.375000 0.375000
vt 0.375000 0.333333
vt 0.375000 0.291667
vt 0.375000 0.250000
vt 0.375000 0.208333
vt 0.375000 0.166667
vt 0.375000 0.125000
vt 0.375000 0.083333
vt 0.375000 0.041667
vt 0.375000 0.000000
vt 0.333333 1.000000
vt 0.333333 0.958333
vt 0.333333 0.916667
vt 0.333333 0.875000
vt 0.333333 0.833333
vt 0.333333 0.791667
vt 0.333333 0.750000
vt 0.333333 0.708333
vt 0.333333 0.666667
vt 0.333333 0.625000
vt 0.333333 0.583333
vt 0.333333 0.541667
vt 0.333333 0.500000
vt 0.333333 0.458333
vt 0.333333 0.416667
vt 0.333333 0.375000
vt 0.333333 0.333333
vt 0.333333 0.291667
vt 0.333333 0.250000
vt 0.333333 0.208333
vt 0.333333 0.166667
vt 0.333333 0.125000
vt 0.333333 0.083333
vt 0.333333 0.041667
vt 0.333333 0.000000
vt 0.291667 1.000000
vt 0.291667 0.958333
vt 0.291667 0.916667
vt 0.291667 0.875000
vt 0.291667 0.833333
vt 0.291667 0.791667
vt 0.291667 0.750000
vt 0.291667 0.708333
vt 0.291667 0.666667
vt 0.291667 0.625000
vt 0.291667 0.583333
vt 0.291667 0.541667
vt 0.291667 0.500000
vt 0.291667 0.458333
vt 0.291667 0.416667
vt 0.291667 0.375000
vt 0.291667 0.333333
vt 0.291667 0.291667
vt 0.291667 0.250000
vt 0.291667 0.208333
vt 0.291667 0.166667
vt 0.291667 0.125000
vt 0.291667 0.083333
vt 0.291667 0.041667
vt 0.291667 0.000000
vt 0.250000 1.000000
vt 0.250000 0.958333
vt 0.250000 0.916667
vt 0.250000 0.875000
vt 0.250000 0.833333
vt 0.250000 0.791667
vt 0.250000 0.750000
vt 0.250000 0.708333
vt 0.250000 0.666667
vt 0.250000 0.625000
vt 0.250000 0.583333
vt 0.250000 0.541667
vt 0.250000 0.500000
vt 0.250000 0.458333
vt 0.250000 0.416667
vt 0.250000 0.375000
vt 0.250000 0.333333
vt 0.250000 0.291667
vt 0.250000 0.250000
vt 0.250000 0.208333
vt 0.250000 0.166667
vt 0.250000 0.125000
vt 0.250000 0.083333
vt 0.250000 0.041667
vt 0.250000 0.000000
vt 0.208333 1.000000
vt 0.208333 0.958333
vt 0.208333 0.916667
vt 0.208333 0.875000
vt 0.208333 0.833333
vt 0.208333 0.791667
vt 0.208333 0.750000
vt 0.208333 0.708333
vt 0.208333 0.666667
vt 0.208333 0.625000
vt 0.208333 0.583333
vt 0.208333 0.541667
vt 0.208333 0.500000
vt 0.208333 0.458333
vt 0.208333 0.416667
vt 0.208333 0.375000
vt 0.208333 0.333333
vt 0.208333 0.291667
vt 0.208333 0.250000
vt 0.208333 0.208333
vt 0.208333 0.166667
vt 0.208333 0.125000
vt 0.208333 0.083333
vt 0.208333 0.041667
vt 0.208333 0.000000
vt 0.166667 1.000000
vt 0.166667 0.958333
vt 0.166667 0.916667
vt 0.166667 0.875000
vt 0.166667 0.833333
vt 0.166667 0.791667
vt 0.166667 0.750000
vt 0.166667 0.708333
vt 0.166667 0.666667
vt 0.166667 0.625000
vt 0.166667 0.583333
vt 0.166667 0.541667
vt 0.166667 0.500000
vt 0.166667 0.458333
vt 0.166667 0.416667
vt 0.166667 0.375000
vt 0.166667 0.333333
vt 0.166667 0.291667
vt 0.166667 0.250000
vt 0.166667 0.208333
vt 0.166667 0.166667
vt 0.166667 0.125000
vt 0.166667 0.083333
vt 0.166667 0.041667
vt 0.166667 0.000000
vt 0.125000 1.000000
vt 0.125000 0.958333
vt 0.125000 0.916667
vt 0.125000 0.875000
vt 0.125000 0.833333
vt 0.125000 0.791667
vt 0.125000 0.750000
vt 0.125000 0.708333
vt 0.125000 0.666667
vt 0.125000 0.625000
vt 0.125000 0.583333
vt 0.125000 0.541667
vt 0.125000 0.500000
vt 0.125000 0.458333
vt 0.125000 0.416667
vt 0.125000 0.375000
vt 0.125000 0.333333
vt 0.125000 0.291667
vt 0.125000 0.250000
vt 0.125000 0.208333
vt 0.125000 0.166667
vt 0.125000 0.125000
vt 0.125000 0.083333
vt 0.125000 0.041667
vt 0.125000 0.000000
vt 0.083333 1.000000
vt 0.083333 0.958333
vt 0.083333 0.916667
vt 0.083333 0.875000
vt 0.083333 0.833333
vt 0.083333 0.791667
vt 0.083333 0.750000
vt 0.083333 0.708333
vt 0.083333 0.666667
vt 0.083333 0.625000
vt 0.083333 0.583333
vt 0.083333 0.541667
vt 0.083333 0.500000
vt 0.083333 0.458333
vt 0.083333 0.416667
vt 0.083333 0.375000
vt 0.083333 0.333333
vt 0.083333 0.291667
vt 0.083333 0.250000
vt 0.083333 0.208333
vt 0.083333 0.166667
vt 0.083333 0.125000
vt 0.083333 0.083333
vt 0.083333 0.041667
vt 0.083333 0.000000
vt 0.041667 1.000000
vt 0.041667 0.958333
vt 0.041667 0.916667
vt 0.041667 0.875000
vt 0.041667 0.833333
vt 0.041667 0.791667
vt 0.041667 0.750000
vt 0.041667 0.708333
vt 0.041667 0.666667
vt 0.041667 0.625000
vt 0.041667 0.583333
vt 0.041667 0.541667
vt 0.041667 0.500000
vt 0.041667 0.458333
vt 0.041667 0.416667
vt 0.041667 0.375000
vt 0.041667 0.333333
vt 0.041667 0.291667
vt 0.041667 0.250000
vt 0.041667 0.208333
vt 0.041667 0.166667
vt 0.041667 0.125000
vt 0.041667 0.083333
vt 0.041667 0.041667
vt 0.041667 0.000000
vt 0.000000 1.000000
vt 0.000000 0.958333
vt 0.000000 0.916667
vt 0.000000 0.875000
vt 0.000000 0.833333
vt 0.000000 0.791667
vt 0.000000 0.750000
vt 0.000000 0.708333
vt 0.000000 0.666667
vt 0.000000 0.625000
vt 0.000000 0.583333
vt 0.000000 0.541667
vt 0.000000 0.500000
vt 0.000000 0.458333
vt 0.000000 0.416667
vt 0.000000 0.375000
vt 0.000000 0.333333
vt 0.000000 0.291667
vt 0.000000 0.250000
vt 0.000000 0.208333
vt 0.000000 0.166667
vt 0.000000 0.125000
vt 0.000000 0.083333
vt 0.000000 0.041667
vt 0.000000 0.000000
vn 1.000000 0.000000 0.000000
vn 0.965900 0.258800 -0.012000
vn 0.459700 0.164000 0.872800
vn 0.476100 0.040700 0.878500
vn 0.195000 0.097900 0.975900
vn 0.201900 0.045400 0.978400
vn 0.106000 0.074700 0.991500
vn 0.109800 0.046100 0.992900
vn 0.056500 0.061500 0.996500
vn 0.058500 0.046300 0.997200
vn 0.020900 0.052000 0.998400
vn 0.021600 0.046300 0.998700
vn -0.008900 0.043900 0.999000
vn -0.009200 0.046300 0.998900
vn -0.038000 0.036100 0.998600
vn -0.039300 0.046300 0.998200
vn -0.070900 0.027400 0.997100
vn -0.073400 0.046200 0.996200
vn -0.115700 0.015200 0.993200
vn -0.119800 0.046000 0.991700
vn -0.196000 -0.006700 0.980600
vn -0.202800 0.045400 0.978200
vn -0.437400 -0.075300 0.896100
vn -0.453000 0.041300 0.890500
vn -0.965900 -0.258600 0.012000
vn -1.000000 -0.000000 -0.000000
vn -0.437400 -0.158000 -0.885300
vn -0.453000 -0.041300 -0.890500
vn -0.196000 -0.097500 -0.975800
vn -0.202800 -0.045400 -0.978200
vn -0.115700 -0.076800 -0.990300
vn -0.119800 -0.046000 -0.991700
vn -0.070900 -0.065000 -0.995400
vn -0.073400 -0.046200 -0.996200
vn -0.038000 -0.056400 -0.997700
vn -0.039300 -0.046300 -0.998200
vn -0.008900 -0.048700 -0.998800
vn -0.009200 -0.046300 -0.998900
vn 0.020900 -0.040700 -0.999000
vn 0.021600 -0.046300 -0.998700
vn 0.056500 -0.031000 -0.997900
vn 0.058500 -0.046200 -0.997200
vn 0.106000 -0.017400 -0.994200
vn 0.109800 -0.046000 -0.992900
vn 0.195000 0.007100 -0.980800
vn 0.201900 -0.045400 -0.978400
vn 0.459700 0.082500 -0.884200
vn 0.476100 -0.040700 -0.878500
vn 0.866100 0.499300 -0.023200
vn 0.411400 0.278300 0.867900
vn 0.174800 0.146600 0.973600
vn 0.095000 0.101200 0.990300
vn 0.050500 0.075600 0.995900
vn 0.018800 0.057200 0.998200
vn -0.008000 0.041700 0.999100
vn -0.034100 0.026600 0.999100
vn -0.063600 0.009700 0.997900
vn -0.103900 -0.013600 0.994500
vn -0.175800 -0.055600 0.982900
vn -0.392300 -0.184900 0.901000
vn -0.865600 -0.500200 0.023200
vn -0.392300 -0.267500 -0.880100
vn -0.175800 -0.146400 -0.973500
vn -0.103900 -0.105600 -0.989000
vn -0.063600 -0.082700 -0.994500
vn -0.034100 -0.065900 -0.997200
vn -0.008000 -0.051000 -0.998700
vn 0.018800 -0.035500 -0.999200
vn 0.050500 -0.016900 -0.998600
vn 0.094900 0.009100 -0.995400
vn 0.174800 0.055800 -0.983000
vn 0.411400 0.196800 -0.889900
vn 0.707100 0.706300 -0.032800
vn 0.335400 0.376100 0.863700
vn 0.142600 0.188300 0.971700
vn 0.077500 0.123800 0.989300
vn 0.041300 0.087700 0.995300
vn 0.015300 0.061700 0.998000
vn -0.006500 0.039800 0.999200
vn -0.027800 0.018600 0.999400
vn -0.051900 -0.005500 0.998600
vn -0.084900 -0.038500 0.995600
vn -0.143500 -0.097500 0.984800
vn -0.320600 -0.278600 0.905300
vn -0.707100 -0.706300 0.032800
vn -0.320600 -0.361200 -0.875700
vn -0.143600 -0.188300 -0.971600
vn -0.084900 -0.130500 -0.987800
vn -0.051900 -0.097900 -0.993800
vn -0.027800 -0.074000 -0.996900
vn -0.006500 -0.052800 -0.998600
vn 0.015300 -0.030900 -0.999400
vn 0.041300 -0.004800 -0.999100
vn 0.077500 0.031700 -0.996500
vn 0.142600 0.097600 -0.985000
vn 0.335400 0.294600 -0.894800
vn 0.499800 0.865200 -0.040100
vn 0.237400 0.452000 0.859800
vn 0.100800 0.220300 0.970200
vn 0.054700 0.141200 0.988500
vn 0.029100 0.096900 0.994900
vn 0.010800 0.065100 0.997800
vn -0.004600 0.038300 0.999300
vn -0.019700 0.012300 0.999700
vn -0.036800 -0.017100 0.999200
vn -0.060200 -0.057500 0.996500
vn -0.101700 -0.129900 0.986300
vn -0.226900 -0.350300 0.908700
vn -0.500700 -0.864700 0.040100
vn -0.226900 -0.432900 -0.872400
vn -0.101700 -0.220600 -0.970000
vn -0.060200 -0.149500 -0.986900
vn -0.036800 -0.109600 -0.993300
vn -0.019700 -0.080300 -0.996600
vn -0.004600 -0.054400 -0.998500
vn 0.010800 -0.027500 -0.999600
vn 0.029100 0.004400 -0.999600
vn 0.054700 0.049100 -0.997300
vn 0.100800 0.129500 -0.986400
vn 0.237300 0.370400 -0.898000
vn 0.259100 0.964800 -0.044700
vn 0.122900 0.500100 0.857200
vn 0.051900 0.240300 0.969300
vn 0.028200 0.152100 0.988000
vn 0.015000 0.102700 0.994600
vn 0.005600 0.067300 0.997700
vn -0.002400 0.037400 0.999300
vn -0.010200 0.008300 0.999900
vn -0.019100 -0.024600 0.999500
vn -0.031300 -0.069500 0.997100
vn -0.052800 -0.150200 0.987200
vn -0.117200 -0.395500 0.910900
vn -0.259300 -0.964800 0.044700
vn -0.117200 -0.478100 -0.870400
vn -0.052800 -0.241000 -0.969100
vn -0.031300 -0.161500 -0.986400
vn -0.019100 -0.117000 -0.992900
vn -0.010200 -0.084300 -0.996400
vn -0.002400 -0.055200 -0.998500
vn 0.005600 -0.025400 -0.999700
vn 0.015000 0.010200 -0.999800
vn 0.028200 0.060000 -0.997800
vn 0.051900 0.149600 -0.987400
vn 0.122900 0.418600 -0.899800
vn 0.000000 0.998900 -0.046300
vn -0.000200 0.516300 0.856400
vn -0.000300 0.247000 0.969000
vn -0.000300 0.155800 0.987800
vn -0.000200 0.104700 0.994500
vn -0.000000 0.067900 0.997700
vn 0.000000 0.037100 0.999300
vn -0.000000 0.007000 1.000000
vn -0.000100 -0.027100 0.999600
vn -0.000300 -0.073600 0.997300
vn -0.000300 -0.157200 0.987600
vn -0.000200 -0.411200 0.911500
vn -0.000000 -0.998900 0.046300
vn -0.000200 -0.493800 -0.869600
vn -0.000300 -0.247900 -0.968800
vn -0.000300 -0.165600 -0.986200
vn -0.000100 -0.119500 -0.992800
vn -0.000000 -0.085600 -0.996300
vn 0.000000 -0.055500 -0.998500
vn -0.000000 -0.024700 -0.999700
vn -0.000200 0.012200 -0.999900
vn -0.000300 0.063700 -0.998000
vn -0.000300 0.156300 -0.987700
vn -0.000200 0.434900 -0.900500
vn -0.259100 0.964800 -0.044700
vn -0.123400 0.500000 0.857200
vn -0.052600 0.240200 0.969300
vn -0.028700 0.152000 0.988000
vn -0.015300 0.102600 0.994600
vn -0.005700 0.067200 0.997700
vn 0.002400 0.037400 0.999300
vn 0.010200 0.008300 0.999900
vn 0.018800 -0.024700 0.999500
vn 0.030800 -0.069600 0.997100
vn 0.052100 -0.150400 0.987200
vn 0.116800 -0.395700 0.910900
vn 0.259300 -0.964800 0.044700
vn 0.116800 -0.478300 -0.870400
vn 0.052100 -0.241100 -0.969100
vn 0.030800 -0.161600 -0.986400
vn 0.018800 -0.117100 -0.992900
vn 0.010200 -0.084300 -0.996400
vn 0.002400 -0.055200 -0.998500
vn -0.005700 -0.025400 -0.999700
vn -0.015300 0.010100 -0.999800
vn -0.028700 0.059900 -0.997800
vn -0.052600 0.149400 -0.987400
vn -0.123400 0.418500 -0.899800
vn -0.499800 0.865200 -0.040100
vn -0.237800 0.451700 0.859900
vn -0.101300 0.220000 0.970200
vn -0.055200 0.140900 0.988500
vn -0.029400 0.096700 0.994900
vn -0.010900 0.065100 0.997800
vn 0.004600 0.038300 0.999300
vn 0.019700 0.012200 0.999700
vn 0.036600 -0.017300 0.999200
vn 0.059700 -0.057800 0.996500
vn 0.101100 -0.130200 0.986300
vn 0.226400 -0.350600 0.908800
vn 0.500700 -0.864700 0.040100
vn 0.226400 -0.433200 -0.872400
vn 0.101100 -0.220900 -0.970000
vn 0.059700 -0.149800 -0.986900
vn 0.036600 -0.109700 -0.993300
vn 0.019700 -0.080400 -0.996600
vn 0.004600 -0.054400 -0.998500
vn -0.010900 -0.027600 -0.999600
vn -0.029400 0.004200 -0.999600
vn -0.055200 0.048800 -0.997300
vn -0.101300 0.129200 -0.986400
vn -0.237800 0.370200 -0.898000
vn -0.707100 0.706300 -0.032800
vn -0.335700 0.375800 0.863800
vn -0.143100 0.187900 0.971700
vn -0.077900 0.123400 0.989300
vn -0.041500 0.087500 0.995300
vn -0.015400 0.061600 0.998000
vn 0.006500 0.039800 0.999200
vn 0.027800 0.018500 0.999400
vn 0.051700 -0.005700 0.998600
vn 0.084500 -0.038800 0.995700
vn 0.143000 -0.098000 0.984900
vn 0.320200 -0.278900 0.905300
vn 0.707100 -0.706300 0.032800
vn 0.320200 -0.361500 -0.875600
vn 0.143000 -0.188700 -0.971600
vn 0.084500 -0.130800 -0.987800
vn 0.051700 -0.098100 -0.993800
vn 0.027800 -0.074100 -0.996900
vn 0.006500 -0.052900 -0.998600
vn -0.015400 -0.031000 -0.999400
vn -0.041500 -0.005000 -0.999100
vn -0.077900 0.031300 -0.996500
vn -0.143100 0.097100 -0.984900
vn -0.335700 0.294200 -0.894800
vn -0.866100 0.499300 -0.023200
vn -0.411600 0.277900 0.868000
vn -0.175100 0.146000 0.973700
vn -0.095200 0.100700 0.990400
vn -0.050700 0.075300 0.995900
vn -0.018800 0.057100 0.998200
vn 0.008000 0.041700 0.999100
vn 0.034100 0.026600 0.999100
vn 0.063400 0.009400 0.997900
vn 0.103600 -0.014100 0.994500
vn 0.175400 -0.056200 0.982900
vn 0.392100 -0.185300 0.901100
vn 0.865600 -0.500200 0.023200
vn 0.392100 -0.267900 -0.880000
vn 0.175400 -0.146900 -0.973500
vn 0.103600 -0.106100 -0.988900
vn 0.063400 -0.083000 -0.994500
vn 0.034100 -0.066000 -0.997200
vn 0.008000 -0.051000 -0.998700
vn -0.018800 -0.035500 -0.999200
vn -0.050700 -0.017200 -0.998600
vn -0.095200 0.008600 -0.995400
vn -0.175100 0.055300 -0.983000
vn -0.411700 0.196400 -0.889900
vn -0.965900 0.258800 -0.012000
vn -0.459800 0.163500 0.872800
vn -0.195200 0.097200 0.975900
vn -0.106200 0.074200 0.991600
vn -0.056500 0.061200 0.996500
vn -0.021000 0.051900 0.998400
vn 0.008900 0.043900 0.999000
vn 0.038000 0.036100 0.998600
vn 0.070900 0.027100 0.997100
vn 0.115600 0.014700 0.993200
vn 0.195800 -0.007400 0.980600
vn 0.437300 -0.075800 0.896100
vn 0.965900 -0.258600 0.012000
vn 0.437300 -0.158400 -0.885300
vn 0.195800 -0.098100 -0.975700
vn 0.115600 -0.077300 -0.990300
vn 0.070900 -0.065300 -0.995300
vn 0.038000 -0.056500 -0.997700
vn 0.008900 -0.048700 -0.998800
vn -0.021000 -0.040800 -0.998900
vn -0.056500 -0.031300 -0.997900
vn -0.106200 -0.017900 -0.994200
vn -0.195200 0.006500 -0.980700
vn -0.459900 0.082100 -0.884200
vn -0.476100 0.040500 0.878500
vn -0.201900 0.045000 0.978400
vn -0.109900 0.045800 0.992900
vn -0.058500 0.046100 0.997200
vn -0.021600 0.046300 0.998700
vn 0.009200 0.046300 0.998900
vn 0.039300 0.046300 0.998200
vn 0.073400 0.046100 0.996200
vn 0.119800 0.045700 0.991700
vn 0.202800 0.045000 0.978200
vn 0.453000 0.041100 0.890600
vn 0.453000 -0.041500 -0.890500
vn 0.202800 -0.045700 -0.978200
vn 0.119800 -0.046300 -0.991700
vn 0.073400 -0.046400 -0.996200
vn 0.039300 -0.046300 -0.998200
vn 0.009200 -0.046300 -0.998900
vn -0.021600 -0.046400 -0.998700
vn -0.058500 -0.046400 -0.997200
vn -0.109900 -0.046300 -0.992900
vn -0.201900 -0.045700 -0.978300
vn -0.476100 -0.041000 -0.878400
vn -0.965900 -0.258800 0.012000
vn -0.459700 -0.082500 0.884200
vn -0.195000 -0.007100 0.980800
vn -0.106000 0.017400 0.994200
vn -0.056500 0.031000 0.997900
vn -0.020900 0.040700 0.999000
vn 0.008900 0.048700 0.998800
vn 0.038000 0.056400 0.997700
vn 0.070900 0.065000 0.995400
vn 0.115700 0.076800 0.990300
vn 0.196000 0.097500 0.975800
vn 0.437400 0.158000 0.885300
vn 0.965900 0.258600 -0.012000
vn 0.437400 0.075300 -0.896100
vn 0.196000 0.006700 -0.980600
vn 0.115700 -0.015200 -0.993200
vn 0.070900 -0.027400 -0.997100
vn 0.038000 -0.036100 -0.998600
vn 0.008900 -0.043900 -0.999000
vn -0.020900 -0.052000 -0.998400
vn -0.056500 -0.061500 -0.996500
vn -0.106000 -0.074700 -0.991500
vn -0.195000 -0.097900 -0.975900
vn -0.459700 -0.164000 -0.872800
vn -0.866100 -0.499300 0.023200
vn -0.411400 -0.196800 0.889900
vn -0.174800 -0.055800 0.983000
vn -0.095000 -0.009100 0.995400
vn -0.050500 0.016900 0.998600
vn -0.018800 0.035500 0.999200
vn 0.008000 0.051000 0.998700
vn 0.034100 0.065900 0.997200
vn 0.063600 0.082700 0.994500
vn 0.103900 0.105600 0.989000
vn 0.175800 0.146400 0.973500
vn 0.392300 0.267500 0.880100
vn 0.865600 0.500200 -0.023200
vn 0.392300 0.184900 -0.901000
vn 0.175800 0.055600 -0.982900
vn 0.103900 0.013600 -0.994500
vn 0.063600 -0.009700 -0.997900
vn 0.034100 -0.026600 -0.999100
vn 0.008000 -0.041700 -0.999100
vn -0.018800 -0.057200 -0.998200
vn -0.050500 -0.075600 -0.995900
vn -0.094900 -0.101200 -0.990300
vn -0.174800 -0.146600 -0.973600
vn -0.411400 -0.278300 -0.867900
vn -0.335400 -0.294600 0.894800
vn -0.142600 -0.097600 0.985000
vn -0.077500 -0.031700 0.996500
vn -0.041300 0.004800 0.999100
vn -0.015300 0.031000 0.999400
vn 0.006500 0.052800 0.998600
vn 0.027800 0.074000 0.996900
vn 0.051900 0.097900 0.993800
vn 0.084900 0.130500 0.987800
vn 0.143500 0.188300 0.971600
vn 0.320600 0.361200 0.875700
vn 0.320600 0.278600 -0.905300
vn 0.143600 0.097600 -0.984800
vn 0.084900 0.038500 -0.995600
vn 0.051900 0.005500 -0.998600
vn 0.027800 -0.018600 -0.999400
vn 0.006500 -0.039800 -0.999200
vn -0.015300 -0.061700 -0.998000
vn -0.041300 -0.087700 -0.995300
vn -0.077500 -0.123800 -0.989300
vn -0.142600 -0.188300 -0.971700
vn -0.335400 -0.376100 -0.863700
vn -0.499800 -0.865200 0.040100
vn -0.237400 -0.370500 0.898000
vn -0.100800 -0.129500 0.986400
vn -0.054700 -0.049100 0.997300
vn -0.029100 -0.004400 0.999600
vn -0.010800 0.027500 0.999600
vn 0.004600 0.054400 0.998500
vn 0.019700 0.080300 0.996600
vn 0.036800 0.109600 0.993300
vn 0.060200 0.149500 0.986900
vn 0.101700 0.220600 0.970000
vn 0.226900 0.432900 0.872400
vn 0.500700 0.864700 -0.040100
vn 0.226900 0.350300 -0.908700
vn 0.101700 0.129900 -0.986300
vn 0.060200 0.057500 -0.996500
vn 0.036800 0.017100 -0.999200
vn 0.019700 -0.012300 -0.999700
vn 0.004600 -0.038300 -0.999300
vn -0.010800 -0.065100 -0.997800
vn -0.029100 -0.096900 -0.994900
vn -0.054700 -0.141200 -0.988500
vn -0.100800 -0.220300 -0.970200
vn -0.237300 -0.452000 -0.859900
vn -0.259100 -0.964800 0.044700
vn -0.122900 -0.418600 0.899800
vn -0.051900 -0.149600 0.987400
vn -0.028200 -0.060000 0.997800
vn -0.015000 -0.010200 0.999800
vn -0.005600 0.025400 0.999700
vn 0.002400 0.055200 0.998500
vn 0.010200 0.084300 0.996400
vn 0.019100 0.117000 0.992900
vn 0.031300 0.161500 0.986400
vn 0.052800 0.241000 0.969100
vn 0.117200 0.478100 0.870400
vn 0.259300 0.964800 -0.044700
vn 0.117200 0.395500 -0.910900
vn 0.052800 0.150200 -0.987200
vn 0.031300 0.069500 -0.997100
vn 0.019100 0.024600 -0.999500
vn 0.010200 -0.008300 -0.999900
vn 0.002400 -0.037400 -0.999300
vn -0.005600 -0.067300 -0.997700
vn -0.015000 -0.102700 -0.994600
vn -0.028200 -0.152100 -0.988000
vn -0.051900 -0.240300 -0.969300
vn -0.122900 -0.500100 -0.857200
vn 0.000200 -0.434800 0.900500
vn 0.000300 -0.156300 0.987700
vn 0.000300 -0.063700 0.998000
vn 0.000200 -0.012200 0.999900
vn 0.000000 0.024700 0.999700
vn -0.000000 0.055500 0.998500
vn 0.000000 0.085600 0.996300
vn 0.000100 0.119500 0.992800
vn 0.000300 0.165600 0.986200
vn 0.000300 0.247900 0.968800
vn 0.000200 0.493800 0.869600
vn 0.000200 0.411200 -0.911500
vn 0.000300 0.157200 -0.987600
vn 0.000300 0.073600 -0.997300
vn 0.000100 0.027100 -0.999600
vn 0.000000 -0.007000 -1.000000
vn -0.000000 -0.037100 -0.999300
vn 0.000000 -0.067900 -0.997700
vn 0.000200 -0.104700 -0.994500
vn 0.000300 -0.155800 -0.987800
vn 0.000300 -0.247000 -0.969000
vn 0.000200 -0.516400 -0.856400
vn 0.259100 -0.964800 0.044700
vn 0.123400 -0.418500 0.899800
vn 0.052600 -0.149400 0.987400
vn 0.028700 -0.059900 0.997800
vn 0.015300 -0.010100 0.999800
vn 0.005700 0.025400 0.999700
vn -0.002400 0.055200 0.998500
vn -0.010200 0.084300 0.996400
vn -0.018800 0.117100 0.992900
vn -0.030800 0.161600 0.986400
vn -0.052100 0.241100 0.969100
vn -0.116800 0.478300 0.870400
vn -0.259300 0.964800 -0.044700
vn -0.116800 0.395700 -0.910900
vn -0.052100 0.150300 -0.987300
vn -0.030800 0.069600 -0.997100
vn -0.018800 0.024700 -0.999500
vn -0.010200 -0.008300 -0.999900
vn -0.002400 -0.037400 -0.999300
vn 0.005700 -0.067200 -0.997700
vn 0.015300 -0.102600 -0.994600
vn 0.028700 -0.152000 -0.988000
vn 0.052600 -0.240200 -0.969300
vn 0.123400 -0.500000 -0.857200
vn 0.499800 -0.865200 0.040100
vn 0.237800 -0.370200 0.898000
vn 0.101300 -0.129200 0.986400
vn 0.055200 -0.048800 0.997300
vn 0.029400 -0.004200 0.999600
vn 0.010900 0.027600 0.999600
vn -0.004600 0.054400 0.998500
vn -0.019700 0.080400 0.996600
vn -0.036600 0.109700 0.993300
vn -0.059700 0.149800 0.986900
vn -0.101100 0.220900 0.970000
vn -0.226400 0.433200 0.872400
vn -0.500700 0.864700 -0.040100
vn -0.226400 0.350600 -0.908800
vn -0.101100 0.130200 -0.986300
vn -0.059700 0.057800 -0.996500
vn -0.036600 0.017300 -0.999200
vn -0.019700 -0.012200 -0.999700
vn -0.004600 -0.038300 -0.999300
vn 0.010900 -0.065100 -0.997800
vn 0.029400 -0.096700 -0.994900
vn 0.055200 -0.140900 -0.988500
vn 0.101300 -0.220000 -0.970200
vn 0.237800 -0.451700 -0.859900
vn 0.335700 -0.294200 0.894800
vn 0.143100 -0.097100 0.984900
vn 0.077900 -0.031300 0.996500
vn 0.041500 0.005000 0.999100
vn 0.015400 0.031000 0.999400
vn -0.006500 0.052900 0.998600
vn -0.027800 0.074100 0.996900
vn -0.051700 0.098100 0.993800
vn -0.084500 0.130800 0.987800
vn -0.143000 0.188700 0.971600
vn -0.320200 0.361500 0.875600
vn -0.320200 0.278900 -0.905300
vn -0.143000 0.098000 -0.984900
vn -0.084500 0.038800 -0.995700
vn -0.051700 0.005700 -0.998600
vn -0.027800 -0.018500 -0.999400
vn -0.006500 -0.039800 -0.999200
vn 0.015400 -0.061600 -0.998000
vn 0.041500 -0.087500 -0.995300
vn 0.077900 -0.123400 -0.989300
vn 0.143100 -0.187900 -0.971700
vn 0.335700 -0.375800 -0.863800
vn 0.866100 -0.499300 0.023200
vn 0.411600 -0.196300 0.890000
vn 0.175100 -0.055300 0.983000
vn 0.095200 -0.008600 0.995400
vn 0.050700 0.017200 0.998600
vn 0.018800 0.035500 0.999200
vn -0.008000 0.051000 0.998700
vn -0.034100 0.066000 0.997200
vn -0.063400 0.083000 0.994500
vn -0.103600 0.106100 0.988900
vn -0.175400 0.146900 0.973500
vn -0.392100 0.267900 0.880000
vn -0.865600 0.500200 -0.023200
vn -0.392100 0.185300 -0.901100
vn -0.175400 0.056200 -0.982900
vn -0.103600 0.014100 -0.994500
vn -0.063400 -0.009400 -0.997900
vn -0.034100 -0.026600 -0.999100
vn -0.008000 -0.041700 -0.999100
vn 0.018800 -0.057100 -0.998200
vn 0.050700 -0.075300 -0.995900
vn 0.095200 -0.100700 -0.990400
vn 0.175100 -0.146000 -0.973700
vn 0.411700 -0.277900 -0.867900
vn 0.965900 -0.258800 0.012000
vn 0.459800 -0.082000 0.884200
vn 0.195200 -0.006500 0.980700
vn 0.106200 0.017900 0.994200
vn 0.056500 0.031300 0.997900
vn 0.021000 0.040800 0.998900
vn -0.008900 0.048700 0.998800
vn -0.038000 0.056500 0.997700
vn -0.070900 0.065300 0.995300
vn -0.115600 0.077300 0.990300
vn -0.195800 0.098100 0.975700
vn -0.437300 0.158400 0.885300
vn -0.965900 0.258600 -0.012000
vn -0.437300 0.075800 -0.896100
vn -0.195800 0.007400 -0.980600
vn -0.115600 -0.014700 -0.993200
vn -0.070900 -0.027100 -0.997100
vn -0.038000 -0.036100 -0.998600
vn -0.008900 -0.043900 -0.999000
vn 0.021000 -0.051900 -0.998400
vn 0.056500 -0.061200 -0.996500
vn 0.106200 -0.074200 -0.991600
vn 0.195200 -0.097200 -0.975900
vn 0.459900 -0.163500 -0.872800
usemtl Physical5
s 1
f 5031/5612/5015 5055/5613/5016 5056/5614/5017 5032/5615/5018
f 5032/5615/5018 5056/5614/5017 5057/5616/5019 5033/5617/5020
f 5033/5617/5020 5057/5616/5019 5058/5618/5021 5034/5619/5022
f 5034/5619/5022 5058/5618/5021 5059/5620/5023 5035/5621/5024
f 5035/5621/5024 5059/5620/5023 5060/5622/5025 5036/5623/5026
f 5036/5623/5026 5060/5622/5025 5061/5624/5027 5037/5625/5028
f 5037/5625/5028 5061/5624/5027 5062/5626/5029 5038/5627/5030
f 5038/5627/5030 5062/5626/5029 5063/5628/5031 5039/5629/5032
f 5039/5629/5032 5063/5628/5031 5064/5630/5033 5040/5631/5034
f 5040/5631/5034 5064/5630/5033 5065/5632/5035 5041/5633/5036
f 5041/5633/5036 5065/5632/5035 5066/5634/5037 5042/5635/5038
f 5042/5635/5038 5066/5634/5037 5067/5636/5039 5043/5637/5040
f 5043/5637/5040 5067/5636/5039 5068/5638/5041 5044/5639/5042
f 5044/5639/5042 5068/5638/5041 5069/5640/5043 5045/5641/5044
f 5045/5641/5044 5069/5640/5043 5070/5642/5045 5046/5643/5046
f 5046/5643/5046 5070/5642/5045 5071/5644/5047 5047/5645/5048
f 5047/5645/5048 5071/5644/5047 5072/5646/5049 5048/5647/5050
f 5048/5647/5050 5072/5646/5049 5073/5648/5051 5049/5649/5052
f 5049/5649/5052 5073/5648/5051 5074/5650/5053 5050/5651/5054
f 5050/5651/5054 5074/5650/5053 5075/5652/5055 5051/5653/5056
f 5051/5653/5056 5075/5652/5055 5076/5654/5057 5052/5655/5058
f 5052/5655/5058 5076/5654/5057 5077/5656/5059 5053/5657/5060
f 5053/5657/5060 5077/5656/5059 5078/5658/5061 5054/5659/5062
f 5054/5659/5062 5078/5658/5061 5055/5660/5016 5031/5661/5015
f 5055/5613/5016 5079/5662/5063 5080/5663/5064 5056/5614/5017
f 5056/5614/5017 5080/5663/5064 5081/5664/5065 5057/5616/5019
f 5057/5616/5019 5081/5664/5065 5082/5665/5066 5058/5618/5021
f 5058/5618/5021 5082/5665/5066 5083/5666/5067 5059/5620/5023
f 5059/5620/5023 5083/5666/5067 5084/5667/5068 5060/5622/5025
f 5060/5622/5025 5084/5667/5068 5085/5668/5069 5061/5624/5027
f 5061/5624/5027 5085/5668/5069 5086/5669/5070 5062/5626/5029
f 5062/5626/5029 5086/5669/5070 5087/5670/5071 5063/5628/5031
f 5063/5628/5031 5087/5670/5071 5088/5671/5072 5064/5630/5033
f 5064/5630/5033 5088/5671/5072 5089/5672/5073 5065/5632/5035
f 5065/5632/5035 5089/5672/5073 5090/5673/5074 5066/5634/5037
f 5066/5634/5037 5090/5673/5074 5091/5674/5075 5067/5636/5039
f 5067/5636/5039 5091/5674/5075 5092/5675/5076 5068/5638/5041
f 5068/5638/5041 5092/5675/5076 5093/5676/5077 5069/5640/5043
f 5069/5640/5043 5093/5676/5077 5094/5677/5078 5070/5642/5045
f 5070/5642/5045 5094/5677/5078 5095/5678/5079 5071/5644/5047
f 5071/5644/5047 5095/5678/5079 5096/5679/5080 5072/5646/5049
f 5072/5646/5049 5096/5679/5080 5097/5680/5081 5073/5648/5051
f 5073/5648/5051 5097/5680/5081 5098/5681/5082 5074/5650/5053
f 5074/5650/5053 5098/5681/5082 5099/5682/5083 5075/5652/5055
f 5075/5652/5055 5099/5682/5083 5100/5683/5084 5076/5654/5057
f 5076/5654/5057 5100/5683/5084 5101/5684/5085 5077/5656/5059
f 5077/5656/5059 5101/5684/5085 5102/5685/5086 5078/5658/5061
f 5078/5658/5061 5102/5685/5086 5079/5686/5063 5055/5660/5016
f 5079/5662/5063 5103/5687/5087 5104/5688/5088 5080/5663/5064
f 5080/5663/5064 5104/5688/5088 5105/5689/5089 5081/5664/5065
f 5081/5664/5065 5105/5689/5089 5106/5690/5090 5082/5665/5066
f 5082/5665/5066 5106/5690/5090 5107/5691/5091 5083/5666/5067
f 5083/5666/5067 5107/5691/5091 5108/5692/5092 5084/5667/5068
f 5084/5667/5068 5108/5692/5092 5109/5693/5093 5085/5668/5069
f 5085/5668/5069 5109/5693/5093 5110/5694/5094 5086/5669/5070
f 5086/5669/5070 5110/5694/5094 5111/5695/5095 5087/5670/5071
f 5087/5670/5071 5111/5695/5095 5112/5696/5096 5088/5671/5072
f 5088/5671/5072 5112/5696/5096 5113/5697/5097 5089/5672/5073
f 5089/5672/5073 5113/5697/5097 5114/5698/5098 5090/5673/5074
f 5090/5673/5074 5114/5698/5098 5115/5699/5099 5091/5674/5075
f 5091/5674/5075 5115/5699/5099 5116/5700/5100 5092/5675/5076
f 5092/5675/5076 5116/5700/5100 5117/5701/5101 5093/5676/5077
f 5093/5676/5077 5117/5701/5101 5118/5702/5102 5094/5677/5078
f 5094/5677/5078 5118/5702/5102 5119/5703/5103 5095/5678/5079
f 5095/5678/5079 5119/5703/5103 5120/5704/5104 5096/5679/5080
f 5096/5679/5080 5120/5704/5104 5121/5705/5105 5097/5680/5081
f 5097/5680/5081 5121/5705/5105 5122/5706/5106 5098/5681/5082
f 5098/5681/5082 5122/5706/5106 5123/5707/5107 5099/5682/5083
f 5099/5682/5083 5123/5707/5107 5124/5708/5108 5100/5683/5084
f 5100/5683/5084 5124/5708/5108 5125/5709/5109 5101/5684/5085
f 5101/5684/5085 5125/5709/5109 5126/5710/5110 5102/5685/5086
f 5102/5685/5086 5126/5710/5110 5103/5711/5087 5079/5686/5063
f 5103/5687/5087 5127/5712/5111 5128/5713/5112 5104/5688/5088
f 5104/5688/5088 5128/5713/5112 5129/5714/5113 5105/5689/5089
f 5105/5689/5089 5129/5714/5113 5130/5715/5114 5106/5690/5090
f 5106/5690/5090 5130/5715/5114 5131/5716/5115 5107/5691/5091
f 5107/5691/5091 5131/5716/5115 5132/5717/5116 5108/5692/5092
f 5108/5692/5092 5132/5717/5116 5133/5718/5117 5109/5693/5093
f 5109/5693/5093 5133/5718/5117 5134/5719/5118 5110/5694/5094
f 5110/5694/5094 5134/5719/5118 5135/5720/5119 5111/5695/5095
f 5111/5695/5095 5135/5720/5119 5136/5721/5120 5112/5696/5096
f 5112/5696/5096 5136/5721/5120 5137/5722/5121 5113/5697/5097
f 5113/5697/5097 5137/5722/5121 5138/5723/5122 5114/5698/5098
f 5114/5698/5098 5138/5723/5122 5139/5724/5123 5115/5699/5099
f 5115/5699/5099 5139/5724/5123 5140/5725/5124 5116/5700/5100
f 5116/5700/5100 5140/5725/5124 5141/5726/5125 5117/5701/5101
f 5117/5701/5101 5141/5726/5125 5142/5727/5126 5118/5702/5102
f 5118/5702/5102 5142/5727/5126 5143/5728/5127 5119/5703/5103
f 5119/5703/5103 5143/5728/5127 5144/5729/5128 5120/5704/5104
f 5120/5704/5104 5144/5729/5128 5145/5730/5129 5121/5705/5105
f 5121/5705/5105 5145/5730/5129 5146/5731/5130 5122/5706/5106
f 5122/5706/5106 5146/5731/5130 5147/5732/5131 5123/5707/5107
f 5123/5707/5107 5147/5732/5131 5148/5733/5132 5124/5708/5108
f 5124/5708/5108 5148/5733/5132 5149/5734/5133 5125/5709/5109
f 5125/5709/5109 5149/5734/5133 5150/5735/5134 5126/5710/5110
f 5126/5710/5110 5150/5735/5134 5127/5736/5111 5103/5711/5087
f 5127/5712/5111 5151/5737/5135 5152/5738/5136 5128/5713/5112
f 5128/5713/5112 5152/5738/5136 5153/5739/5137 5129/5714/5113
f 5129/5714/5113 5153/5739/5137 5154/5740/5138 5130/5715/5114
f 5130/5715/5114 5154/5740/5138 5155/5741/5139 5131/5716/5115
f 5131/5716/5115 5155/5741/5139 5156/5742/5140 5132/5717/5116
f 5132/5717/5116 5156/5742/5140 5157/5743/5141 5133/5718/5117
f 5133/5718/5117 5157/5743/5141 5158/5744/5142 5134/5719/5118
f 5134/5719/5118 5158/5744/5142 5159/5745/5143 5135/5720/5119
f 5135/5720/5119 5159/5745/5143 5160/5746/5144 5136/5721/5120
f 5136/5721/5120 5160/5746/5144 5161/5747/5145 5137/5722/5121
f 5137/5722/5121 5161/5747/5145 5162/5748/5146 5138/5723/5122
f 5138/5723/5122 5162/5748/5146 5163/5749/5147 5139/5724/5123
f 5139/5724/5123 5163/5749/5147 5164/5750/5148 5140/5725/5124
f 5140/5725/5124 5164/5750/5148 5165/5751/5149 5141/5726/5125
f 5141/5726/5125 5165/5751/5149 5166/5752/5150 5142/5727/5126
f 5142/5727/5126 5166/5752/5150 5167/5753/5151 5143/5728/5127
f 5143/5728/5127 5167/5753/5151 5168/5754/5152 5144/5729/5128
f 5144/5729/5128 5168/5754/5152 5169/5755/5153 5145/5730/5129
f 5145/5730/5129 5169/5755/5153 5170/5756/5154 5146/5731/5130
f 5146/5731/5130 5170/5756/5154 5171/5757/5155 5147/5732/5131
f 5147/5732/5131 5171/5757/5155 5172/5758/5156 5148/5733/5132
f 5148/5733/5132 5172/5758/5156 5173/5759/5157 5149/5734/5133
f 5149/5734/5133 5173/5759/5157 5174/5760/5158 5150/5735/5134
f 5150/5735/5134 5174/5760/5158 5151/5761/5135 5127/5736/5111
f 5151/5737/5135 5175/5762/5159 5176/5763/5160 5152/5738/5136
f 5152/5738/5136 5176/5763/5160 5177/5764/5161 5153/5739/5137
f 5153/5739/5137 5177/5764/5161 5178/5765/5162 5154/5740/5138
f 5154/5740/5138 5178/5765/5162 5179/5766/5163 5155/5741/5139
f 5155/5741/5139 5179/5766/5163 5180/5767/5164 5156/5742/5140
f 5156/5742/5140 5180/5767/5164 5181/5768/5165 5157/5743/5141
f 5157/5743/5141 5181/5768/5165 5182/5769/5166 5158/5744/5142
f 5158/5744/5142 5182/5769/5166 5183/5770/5167 5159/5745/5143
f 5159/5745/5143 5183/5770/5167 5184/5771/5168 5160/5746/5144
f 5160/5746/5144 5184/5771/5168 5185/5772/5169 5161/5747/5145
f 5161/5747/5145 5185/5772/5169 5186/5773/5170 5162/5748/5146
f 5162/5748/5146 5186/5773/5170 5187/5774/5171 5163/5749/5147
f 5163/5749/5147 5187/5774/5171 5188/5775/5172 5164/5750/5148
f 5164/5750/5148 5188/5775/5172 5189/5776/5173 5165/5751/5149
f 5165/5751/5149 5189/5776/5173 5190/5777/5174 5166/5752/5150
f 5166/5752/5150 5190/5777/5174 5191/5778/5175 5167/5753/5151
f 5167/5753/5151 5191/5778/5175 5192/5779/5176 5168/5754/5152
f 5168/5754/5152 5192/5779/5176 5193/5780/5177 5169/5755/5153
f 5169/5755/5153 5193/5780/5177 5194/5781/5178 5170/5756/5154
f 5170/5756/5154 5194/5781/5178 5195/5782/5179 5171/5757/5155
f 5171/5757/5155 5195/5782/5179 5196/5783/5180 5172/5758/5156
f 5172/5758/5156 5196/5783/5180 5197/5784/5181 5173/5759/5157
f 5173/5759/5157 5197/5784/5181 5198/5785/5182 5174/5760/5158
f 5174/5760/5158 5198/5785/5182 5175/5786/5159 5151/5761/5135
f 5175/5762/5159 5199/5787/5183 5200/5788/5184 5176/5763/5160
f 5176/5763/5160 5200/5788/5184 5201/5789/5185 5177/5764/5161
f 5177/5764/5161 5201/5789/5185 5202/5790/5186 5178/5765/5162
f 5178/5765/5162 5202/5790/5186 5203/5791/5187 5179/5766/5163
f 5179/5766/5163 5203/5791/5187 5204/5792/5188 5180/5767/5164
f 5180/5767/5164 5204/5792/5188 5205/5793/5189 5181/5768/5165
f 5181/5768/5165 5205/5793/5189 5206/5794/5190 5182/5769/5166
f 5182/5769/5166 5206/5794/5190 5207/5795/5191 5183/5770/5167
f 5183/5770/5167 5207/5795/5191 5208/5796/5192 5184/5771/5168
f 5184/5771/5168 5208/5796/5192 5209/5797/5193 5185/5772/5169
f 5185/5772/5169 5209/5797/5193 5210/5798/5194 5186/5773/5170
f 5186/5773/5170 5210/5798/5194 5211/5799/5195 5187/5774/5171
f 5187/5774/5171 5211/5799/5195 5212/5800/5196 5188/5775/5172
f 5188/5775/5172 5212/5800/5196 5213/5801/5197 5189/5776/5173
f 5189/5776/5173 5213/5801/5197 5214/5802/5198 5190/5777/5174
f 5190/5777/5174 5214/5802/5198 5215/5803/5199 5191/5778/5175
f 5191/5778/5175 5215/5803/5199 5216/5804/5200 5192/5779/5176
f 5192/5779/5176 5216/5804/5200 5217/5805/5201 5193/5780/5177
f 5193/5780/5177 5217/5805/5201 5218/5806/5202 5194/5781/5178
f 5194/5781/5178 5218/5806/5202 5219/5807/5203 5195/5782/5179
f 5195/5782/5179 5219/5807/5203 5220/5808/5204 5196/5783/5180
f 5196/5783/5180 5220/5808/5204 5221/5809/5205 5197/5784/5181
f 5197/5784/5181 5221/5809/5205 5222/5810/5206 5198/5785/5182
f 5198/5785/5182 5222/5810/5206 5199/5811/5183 5175/5786/5159
f 5199/5787/5183 5223/5812/5207 5224/5813/5208 5200/5788/5184
f 5200/5788/5184 5224/5813/5208 5225/5814/5209 5201/5789/5185
f 5201/5789/5185 5225/5814/5209 5226/5815/5210 5202/5790/5186
f 5202/5790/5186 5226/5815/5210 5227/5816/5211 5203/5791/5187
f 5203/5791/5187 5227/5816/5211 5228/5817/5212 5204/5792/5188
f 5204/5792/5188 5228/5817/5212 5229/5818/5213 5205/5793/5189
f 5205/5793/5189 5229/5818/5213 5230/5819/5214 5206/5794/5190
f 5206/5794/5190 5230/5819/5214 5231/5820/5215 5207/5795/5191
f 5207/5795/5191 5231/5820/5215 5232/5821/5216 5208/5796/5192
f 5208/5796/5192 5232/5821/5216 5233/5822/5217 5209/5797/5193
f 5209/5797/5193 5233/5822/5217 5234/5823/5218 5210/5798/5194
f 5210/5798/5194 5234/5823/5218 5235/5824/5219 5211/5799/5195
f 5211/5799/5195 5235/5824/5219 5236/5825/5220 5212/5800/5196
f 5212/5800/5196 5236/5825/5220 5237/5826/5221 5213/5801/5197
f 5213/5801/5197 5237/5826/5221 5238/5827/5222 5214/5802/5198
f 5214/5802/5198 5238/5827/5222 5239/5828/5223 5215/5803/5199
f 5215/5803/5199 5239/5828/5223 5240/5829/5224 5216/5804/5200
f 5216/5804/5200 5240/5829/5224 5241/5830/5225 5217/5805/5201
f 5217/5805/5201 5241/5830/5225 5242/5831/5226 5218/5806/5202
f 5218/5806/5202 5242/5831/5226 5243/5832/5227 5219/5807/5203
f 5219/5807/5203 5243/5832/5227 5244/5833/5228 5220/5808/5204
f 5220/5808/5204 5244/5833/5228 5245/5834/5229 5221/5809/5205
f 5221/5809/5205 5245/5834/5229 5246/5835/5230 5222/5810/5206
f 5222/5810/5206 5246/5835/5230 5223/5836/5207 5199/5811/5183
f 5223/5812/5207 5247/5837/5231 5248/5838/5232 5224/5813/5208
f 5224/5813/5208 5248/5838/5232 5249/5839/5233 5225/5814/5209
f 5225/5814/5209 5249/5839/5233 5250/5840/5234 5226/5815/5210
f 5226/5815/5210 5250/5840/5234 5251/5841/5235 5227/5816/5211
f 5227/5816/5211 5251/5841/5235 5252/5842/5236 5228/5817/5212
f 5228/5817/5212 5252/5842/5236 5253/5843/5237 5229/5818/5213
f 5229/5818/5213 5253/5843/5237 5254/5844/5238 5230/5819/5214
f 5230/5819/5214 5254/5844/5238 5255/5845/5239 5231/5820/5215
f 5231/5820/5215 5255/5845/5239 5256/5846/5240 5232/5821/5216
f 5232/5821/5216 5256/5846/5240 5257/5847/5241 5233/5822/5217
f 5233/5822/5217 5257/5847/5241 5258/5848/5242 5234/5823/5218
f 5234/5823/5218 5258/5848/5242 5259/5849/5243 5235/5824/5219
f 5235/5824/5219 5259/5849/5243 5260/5850/5244 5236/5825/5220
f 5236/5825/5220 5260/5850/5244 5261/5851/5245 5237/5826/5221
f 5237/5826/5221 5261/5851/5245 5262/5852/5246 5238/5827/5222
f 5238/5827/5222 5262/5852/5246 5263/5853/5247 5239/5828/5223
f 5239/5828/5223 5263/5853/5247 5264/5854/5248 5240/5829/5224
f 5240/5829/5224 5264/5854/5248 5265/5855/5249 5241/5830/5225
f 5241/5830/5225 5265/5855/5249 5266/5856/5250 5242/5831/5226
f 5242/5831/5226 5266/5856/5250 5267/5857/5251 5243/5832/5227
f 5243/5832/5227 5267/5857/5251 5268/5858/5252 5244/5833/5228
f 5244/5833/5228 5268/5858/5252 5269/5859/5253 5245/5834/5229
f 5245/5834/5229 5269/5859/5253 5270/5860/5254 5246/5835/5230
f 5246/5835/5230 5270/5860/5254 5247/5861/5231 5223/5836/5207
f 5247/5837/5231 5271/5862/5255 5272/5863/5256 5248/5838/5232
f 5248/5838/5232 5272/5863/5256 5273/5864/5257 5249/5839/5233
f 5249/5839/5233 5273/5864/5257 5274/5865/5258 5250/5840/5234
f 5250/5840/5234 5274/5865/5258 5275/5866/5259 5251/5841/5235
f 5251/5841/5235 5275/5866/5259 5276/5867/5260 5252/5842/5236
f 5252/5842/5236 5276/5867/5260 5277/5868/5261 5253/5843/5237
f 5253/5843/5237 5277/5868/5261 5278/5869/5262 5254/5844/5238
f 5254/5844/5238 5278/5869/5262 5279/5870/5263 5255/5845/5239
f 5255/5845/5239 5279/5870/5263 5280/5871/5264 5256/5846/5240
f 5256/5846/5240 5280/5871/5264 5281/5872/5265 5257/5847/5241
f 5257/5847/5241 5281/5872/5265 5282/5873/5266 5258/5848/5242
f 5258/5848/5242 5282/5873/5266 5283/5874/5267 5259/5849/5243
f 5259/5849/5243 5283/5874/5267 5284/5875/5268 5260/5850/5244
f 5260/5850/5244 5284/5875/5268 5285/5876/5269 5261/5851/5245
f 5261/5851/5245 5285/5876/5269 5286/5877/5270 5262/5852/5246
f 5262/5852/5246 5286/5877/5270 5287/5878/5271 5263/5853/5247
f 5263/5853/5247 5287/5878/5271 5288/5879/5272 5264/5854/5248
f 5264/5854/5248 5288/5879/5272 5289/5880/5273 5265/5855/5249
f 5265/5855/5249 5289/5880/5273 5290/5881/5274 5266/5856/5250
f 5266/5856/5250 5290/5881/5274 5291/5882/5275 5267/5857/5251
f 5267/5857/5251 5291/5882/5275 5292/5883/5276 5268/5858/5252
f 5268/5858/5252 5292/5883/5276 5293/5884/5277 5269/5859/5253
f 5269/5859/5253 5293/5884/5277 5294/5885/5278 5270/5860/5254
f 5270/5860/5254 5294/5885/5278 5271/5886/5255 5247/5861/5231
f 5271/5862/5255 5295/5887/5279 5296/5888/5280 5272/5863/5256
f 5272/5863/5256 5296/5888/5280 5297/5889/5281 5273/5864/5257
f 5273/5864/5257 5297/5889/5281 5298/5890/5282 5274/5865/5258
f 5274/5865/5258 5298/5890/5282 5299/5891/5283 5275/5866/5259
f 5275/5866/5259 5299/5891/5283 5300/5892/5284 5276/5867/5260
f 5276/5867/5260 5300/5892/5284 5301/5893/5285 5277/5868/5261
f 5277/5868/5261 5301/5893/5285 5302/5894/5286 5278/5869/5262
f 5278/5869/5262 5302/5894/5286 5303/5895/5287 5279/5870/5263
f 5279/5870/5263 5303/5895/5287 5304/5896/5288 5280/5871/5264
f 5280/5871/5264 5304/5896/5288 5305/5897/5289 5281/5872/5265
f 5281/5872/5265 5305/5897/5289 5306/5898/5290 5282/5873/5266
f 5282/5873/5266 5306/5898/5290 5307/5899/5291 5283/5874/5267
f 5283/5874/5267 5307/5899/5291 5308/5900/5292 5284/5875/5268
f 5284/5875/5268 5308/5900/5292 5309/5901/5293 5285/5876/5269
f 5285/5876/5269 5309/5901/5293 5310/5902/5294 5286/5877/5270
f 5286/5877/5270 5310/5902/5294 5311/5903/5295 5287/5878/5271
f 5287/5878/5271 5311/5903/5295 5312/5904/5296 5288/5879/5272
f 5288/5879/5272 5312/5904/5296 5313/5905/5297 5289/5880/5273
f 5289/5880/5273 5313/5905/5297 5314/5906/5298 5290/5881/5274
f 5290/5881/5274 5314/5906/5298 5315/5907/5299 5291/5882/5275
f 5291/5882/5275 5315/5907/5299 5316/5908/5300 5292/5883/5276
f 5292/5883/5276 5316/5908/5300 5317/5909/5301 5293/5884/5277
f 5293/5884/5277 5317/5909/5301 5318/5910/5302 5294/5885/5278
f 5294/5885/5278 5318/5910/5302 5295/5911/5279 5271/5886/5255
f 5295/5887/5279 5319/5912/5040 5320/5913/5303 5296/5888/5280
f 5296/5888/5280 5320/5913/5303 5321/5914/5304 5297/5889/5281
f 5297/5889/5281 5321/5914/5304 5322/5915/5305 5298/5890/5282
f 5298/5890/5282 5322/5915/5305 5323/5916/5306 5299/5891/5283
f 5299/5891/5283 5323/5916/5306 5324/5917/5307 5300/5892/5284
f 5300/5892/5284 5324/5917/5307 5325/5918/5308 5301/5893/5285
f 5301/5893/5285 5325/5918/5308 5326/5919/5309 5302/5894/5286
f 5302/5894/5286 5326/5919/5309 5327/5920/5310 5303/5895/5287
f 5303/5895/5287 5327/5920/5310 5328/5921/5311 5304/5896/5288
f 5304/5896/5288 5328/5921/5311 5329/5922/5312 5305/5897/5289
f 5305/5897/5289 5329/5922/5312 5330/5923/5313 5306/5898/5290
f 5306/5898/5290 5330/5923/5313 5331/5924/5015 5307/5899/5291
f 5307/5899/5291 5331/5924/5015 5332/5925/5314 5308/5900/5292
f 5308/5900/5292 5332/5925/5314 5333/5926/5315 5309/5901/5293
f 5309/5901/5293 5333/5926/5315 5334/5927/5316 5310/5902/5294
f 5310/5902/5294 5334/5927/5316 5335/5928/5317 5311/5903/5295
f 5311/5903/5295 5335/5928/5317 5336/5929/5318 5312/5904/5296
f 5312/5904/5296 5336/5929/5318 5337/5930/5319 5313/5905/5297
f 5313/5905/5297 5337/5930/5319 5338/5931/5320 5314/5906/5298
f 5314/5906/5298 5338/5931/5320 5339/5932/5321 5315/5907/5299
f 5315/5907/5299 5339/5932/5321 5340/5933/5322 5316/5908/5300
f 5316/5908/5300 5340/5933/5322 5341/5934/5323 5317/5909/5301
f 5317/5909/5301 5341/5934/5323 5342/5935/5324 5318/5910/5302
f 5318/5910/5302 5342/5935/5324 5319/5936/5040 5295/5911/5279
f 5319/5912/5040 5343/5937/5325 5344/5938/5326 5320/5913/5303
f 5320/5913/5303 5344/5938/5326 5345/5939/5327 5321/5914/5304
f 5321/5914/5304 5345/5939/5327 5346/5940/5328 5322/5915/5305
f 5322/5915/5305 5346/5940/5328 5347/5941/5329 5323/5916/5306
f 5323/5916/5306 5347/5941/5329 5348/5942/5330 5324/5917/5307
f 5324/5917/5307 5348/5942/5330 5349/5943/5331 5325/5918/5308
f 5325/5918/5308 5349/5943/5331 5350/5944/5332 5326/5919/5309
f 5326/5919/5309 5350/5944/5332 5351/5945/5333 5327/5920/5310
f 5327/5920/5310 5351/5945/5333 5352/5946/5334 5328/5921/5311
f 5328/5921/5311 5352/5946/5334 5353/5947/5335 5329/5922/5312
f 5329/5922/5312 5353/5947/5335 5354/5948/5336 5330/5923/5313
f 5330/5923/5313 5354/5948/5336 5355/5949/5337 5331/5924/5015
f 5331/5924/5015 5355/5949/5337 5356/5950/5338 5332/5925/5314
f 5332/5925/5314 5356/5950/5338 5357/5951/5339 5333/5926/5315
f 5333/5926/5315 5357/5951/5339 5358/5952/5340 5334/5927/5316
f 5334/5927/5316 5358/5952/5340 5359/5953/5341 5335/5928/5317
f 5335/5928/5317 5359/5953/5341 5360/5954/5342 5336/5929/5318
f 5336/5929/5318 5360/5954/5342 5361/5955/5343 5337/5930/5319
f 5337/5930/5319 5361/5955/5343 5362/5956/5344 5338/5931/5320
f 5338/5931/5320 5362/5956/5344 5363/5957/5345 5339/5932/5321
f 5339/5932/5321 5363/5957/5345 5364/5958/5346 5340/5933/5322
f 5340/5933/5322 5364/5958/5346 5365/5959/5347 5341/5934/5323
f 5341/5934/5323 5365/5959/5347 5366/5960/5348 5342/5935/5324
f 5342/5935/5324 5366/5960/5348 5343/5961/5325 5319/5936/5040
f 5343/5937/5325 5367/5962/5349 5368/5963/5350 5344/5938/5326
f 5344/5938/5326 5368/5963/5350 5369/5964/5351 5345/5939/5327
f 5345/5939/5327 5369/5964/5351 5370/5965/5352 5346/5940/5328
f 5346/5940/5328 5370/5965/5352 5371/5966/5353 5347/5941/5329
f 5347/5941/5329 5371/5966/5353 5372/5967/5354 5348/5942/5330
f 5348/5942/5330 5372/5967/5354 5373/5968/5355 5349/5943/5331
f 5349/5943/5331 5373/5968/5355 5374/5969/5356 5350/5944/5332
f 5350/5944/5332 5374/5969/5356 5375/5970/5357 5351/5945/5333
f 5351/5945/5333 5375/5970/5357 5376/5971/5358 5352/5946/5334
f 5352/5946/5334 5376/5971/5358 5377/5972/5359 5353/5947/5335
f 5353/5947/5335 5377/5972/5359 5378/5973/5360 5354/5948/5336
f 5354/5948/5336 5378/5973/5360 5379/5974/5361 5355/5949/5337
f 5355/5949/5337 5379/5974/5361 5380/5975/5362 5356/5950/5338
f 5356/5950/5338 5380/5975/5362 5381/5976/5363 5357/5951/5339
f 5357/5951/5339 5381/5976/5363 5382/5977/5364 5358/5952/5340
f 5358/5952/5340 5382/5977/5364 5383/5978/5365 5359/5953/5341
f 5359/5953/5341 5383/5978/5365 5384/5979/5366 5360/5954/5342
f 5360/5954/5342 5384/5979/5366 5385/5980/5367 5361/5955/5343
f 5361/5955/5343 5385/5980/5367 5386/5981/5368 5362/5956/5344
f 5362/5956/5344 5386/5981/5368 5387/5982/5369 5363/5957/5345
f 5363/5957/5345 5387/5982/5369 5388/5983/5370 5364/5958/5346
f 5364/5958/5346 5388/5983/5370 5389/5984/5371 5365/5959/5347
f 5365/5959/5347 5389/5984/5371 5390/5985/5372 5366/5960/5348
f 5366/5960/5348 5390/5985/5372 5367/5986/5349 5343/5961/5325
f 5367/5962/5349 5391/5987/5099 5392/5988/5373 5368/5963/5350
f 5368/5963/5350 5392/5988/5373 5393/5989/5374 5369/5964/5351
f 5369/5964/5351 5393/5989/5374 5394/5990/5375 5370/5965/5352
f 5370/5965/5352 5394/5990/5375 5395/5991/5376 5371/5966/5353
f 5371/5966/5353 5395/5991/5376 5396/5992/5377 5372/5967/5354
f 5372/5967/5354 5396/5992/5377 5397/5993/5378 5373/5968/5355
f 5373/5968/5355 5397/5993/5378 5398/5994/5379 5374/5969/5356
f 5374/5969/5356 5398/5994/5379 5399/5995/5380 5375/5970/5357
f 5375/5970/5357 5399/5995/5380 5400/5996/5381 5376/5971/5358
f 5376/5971/5358 5400/5996/5381 5401/5997/5382 5377/5972/5359
f 5377/5972/5359 5401/5997/5382 5402/5998/5383 5378/5973/5360
f 5378/5973/5360 5402/5998/5383 5403/5999/5087 5379/5974/5361
f 5379/5974/5361 5403/5999/5087 5404/6000/5384 5380/5975/5362
f 5380/5975/5362 5404/6000/5384 5405/6001/5385 5381/5976/5363
f 5381/5976/5363 5405/6001/5385 5406/6002/5386 5382/5977/5364
f 5382/5977/5364 5406/6002/5386 5407/6003/5387 5383/5978/5365
f 5383/5978/5365 5407/6003/5387 5408/6004/5388 5384/5979/5366
f 5384/5979/5366 5408/6004/5388 5409/6005/5389 5385/5980/5367
f 5385/5980/5367 5409/6005/5389 5410/6006/5390 5386/5981/5368
f 5386/5981/5368 5410/6006/5390 5411/6007/5391 5387/5982/5369
f 5387/5982/5369 5411/6007/5391 5412/6008/5392 5388/5983/5370
f 5388/5983/5370 5412/6008/5392 5413/6009/5393 5389/5984/5371
f 5389/5984/5371 5413/6009/5393 5414/6010/5394 5390/5985/5372
f 5390/5985/5372 5414/6010/5394 5391/6011/5099 5367/5986/5349
f 5391/5987/5099 5415/6012/5395 5416/6013/5396 5392/5988/5373
f 5392/5988/5373 5416/6013/5396 5417/6014/5397 5393/5989/5374
f 5393/5989/5374 5417/6014/5397 5418/6015/5398 5394/5990/5375
f 5394/5990/5375 5418/6015/5398 5419/6016/5399 5395/5991/5376
f 5395/5991/5376 5419/6016/5399 5420/6017/5400 5396/5992/5377
f 5396/5992/5377 5420/6017/5400 5421/6018/5401 5397/5993/5378
f 5397/5993/5378 5421/6018/5401 5422/6019/5402 5398/5994/5379
f 5398/5994/5379 5422/6019/5402 5423/6020/5403 5399/5995/5380
f 5399/5995/5380 5423/6020/5403 5424/6021/5404 5400/5996/5381
f 5400/5996/5381 5424/6021/5404 5425/6022/5405 5401/5997/5382
f 5401/5997/5382 5425/6022/5405 5426/6023/5406 5402/5998/5383
f 5402/5998/5383 5426/6023/5406 5427/6024/5407 5403/5999/5087
f 5403/5999/5087 5427/6024/5407 5428/6025/5408 5404/6000/5384
f 5404/6000/5384 5428/6025/5408 5429/6026/5409 5405/6001/5385
f 5405/6001/5385 5429/6026/5409 5430/6027/5410 5406/6002/5386
f 5406/6002/5386 5430/6027/5410 5431/6028/5411 5407/6003/5387
f 5407/6003/5387 5431/6028/5411 5432/6029/5412 5408/6004/5388
f 5408/6004/5388 5432/6029/5412 5433/6030/5413 5409/6005/5389
f 5409/6005/5389 5433/6030/5413 5434/6031/5414 5410/6006/5390
f 5410/6006/5390 5434/6031/5414 5435/6032/5415 5411/6007/5391
f 5411/6007/5391 5435/6032/5415 5436/6033/5416 5412/6008/5392
f 5412/6008/5392 5436/6033/5416 5437/6034/5417 5413/6009/5393
f 5413/6009/5393 5437/6034/5417 5438/6035/5418 5414/6010/5394
f 5414/6010/5394 5438/6035/5418 5415/6036/5395 5391/6011/5099
f 5415/6012/5395 5439/6037/5419 5440/6038/5420 5416/6013/5396
f 5416/6013/5396 5440/6038/5420 5441/6039/5421 5417/6014/5397
f 5417/6014/5397 5441/6039/5421 5442/6040/5422 5418/6015/5398
f 5418/6015/5398 5442/6040/5422 5443/6041/5423 5419/6016/5399
f 5419/6016/5399 5443/6041/5423 5444/6042/5424 5420/6017/5400
f 5420/6017/5400 5444/6042/5424 5445/6043/5425 5421/6018/5401
f 5421/6018/5401 5445/6043/5425 5446/6044/5426 5422/6019/5402
f 5422/6019/5402 5446/6044/5426 5447/6045/5427 5423/6020/5403
f 5423/6020/5403 5447/6045/5427 5448/6046/5428 5424/6021/5404
f 5424/6021/5404 5448/6046/5428 5449/6047/5429 5425/6022/5405
f 5425/6022/5405 5449/6047/5429 5450/6048/5430 5426/6023/5406
f 5426/6023/5406 5450/6048/5430 5451/6049/5431 5427/6024/5407
f 5427/6024/5407 5451/6049/5431 5452/6050/5432 5428/6025/5408
f 5428/6025/5408 5452/6050/5432 5453/6051/5433 5429/6026/5409
f 5429/6026/5409 5453/6051/5433 5454/6052/5434 5430/6027/5410
f 5430/6027/5410 5454/6052/5434 5455/6053/5435 5431/6028/5411
f 5431/6028/5411 5455/6053/5435 5456/6054/5436 5432/6029/5412
f 5432/6029/5412 5456/6054/5436 5457/6055/5437 5433/6030/5413
f 5433/6030/5413 5457/6055/5437 5458/6056/5438 5434/6031/5414
f 5434/6031/5414 5458/6056/5438 5459/6057/5439 5435/6032/5415
f 5435/6032/5415 5459/6057/5439 5460/6058/5440 5436/6033/5416
f 5436/6033/5416 5460/6058/5440 5461/6059/5441 5437/6034/5417
f 5437/6034/5417 5461/6059/5441 5462/6060/5442 5438/6035/5418
f 5438/6035/5418 5462/6060/5442 5439/6061/5419 5415/6036/5395
f 5439/6037/5419 5463/6062/5171 5464/6063/5443 5440/6038/5420
f 5440/6038/5420 5464/6063/5443 5465/6064/5444 5441/6039/5421
f 5441/6039/5421 5465/6064/5444 5466/6065/5445 5442/6040/5422
f 5442/6040/5422 5466/6065/5445 5467/6066/5446 5443/6041/5423
f 5443/6041/5423 5467/6066/5446 5468/6067/5447 5444/6042/5424
f 5444/6042/5424 5468/6067/5447 5469/6068/5448 5445/6043/5425
f 5445/6043/5425 5469/6068/5448 5470/6069/5449 5446/6044/5426
f 5446/6044/5426 5470/6069/5449 5471/6070/5450 5447/6045/5427
f 5447/6045/5427 5471/6070/5450 5472/6071/5451 5448/6046/5428
f 5448/6046/5428 5472/6071/5451 5473/6072/5452 5449/6047/5429
f 5449/6047/5429 5473/6072/5452 5474/6073/5453 5450/6048/5430
f 5450/6048/5430 5474/6073/5453 5475/6074/5159 5451/6049/5431
f 5451/6049/5431 5475/6074/5159 5476/6075/5454 5452/6050/5432
f 5452/6050/5432 5476/6075/5454 5477/6076/5455 5453/6051/5433
f 5453/6051/5433 5477/6076/5455 5478/6077/5456 5454/6052/5434
f 5454/6052/5434 5478/6077/5456 5479/6078/5457 5455/6053/5435
f 5455/6053/5435 5479/6078/5457 5480/6079/5458 5456/6054/5436
f 5456/6054/5436 5480/6079/5458 5481/6080/5459 5457/6055/5437
f 5457/6055/5437 5481/6080/5459 5482/6081/5460 5458/6056/5438
f 5458/6056/5438 5482/6081/5460 5483/6082/5461 5459/6057/5439
f 5459/6057/5439 5483/6082/5461 5484/6083/5462 5460/6058/5440
f 5460/6058/5440 5484/6083/5462 5485/6084/5463 5461/6059/5441
f 5461/6059/5441 5485/6084/5463 5486/6085/5464 5462/6060/5442
f 5462/6060/5442 5486/6085/5464 5463/6086/5171 5439/6061/5419
f 5463/6062/5171 5487/6087/5465 5488/6088/5466 5464/6063/5443
f 5464/6063/5443 5488/6088/5466 5489/6089/5467 5465/6064/5444
f 5465/6064/5444 5489/6089/5467 5490/6090/5468 5466/6065/5445
f 5466/6065/5445 5490/6090/5468 5491/6091/5469 5467/6066/5446
f 5467/6066/5446 5491/6091/5469 5492/6092/5470 5468/6067/5447
f 5468/6067/5447 5492/6092/5470 5493/6093/5471 5469/6068/5448
f 5469/6068/5448 5493/6093/5471 5494/6094/5472 5470/6069/5449
f 5470/6069/5449 5494/6094/5472 5495/6095/5473 5471/6070/5450
f 5471/6070/5450 5495/6095/5473 5496/6096/5474 5472/6071/5451
f 5472/6071/5451 5496/6096/5474 5497/6097/5475 5473/6072/5452
f 5473/6072/5452 5497/6097/5475 5498/6098/5476 5474/6073/5453
f 5474/6073/5453 5498/6098/5476 5499/6099/5477 5475/6074/5159
f 5475/6074/5159 5499/6099/5477 5500/6100/5478 5476/6075/5454
f 5476/6075/5454 5500/6100/5478 5501/6101/5479 5477/6076/5455
f 5477/6076/5455 5501/6101/5479 5502/6102/5480 5478/6077/5456
f 5478/6077/5456 5502/6102/5480 5503/6103/5481 5479/6078/5457
f 5479/6078/5457 5503/6103/5481 5504/6104/5482 5480/6079/5458
f 5480/6079/5458 5504/6104/5482 5505/6105/5483 5481/6080/5459
f 5481/6080/5459 5505/6105/5483 5506/6106/5484 5482/6081/5460
f 5482/6081/5460 5506/6106/5484 5507/6107/5485 5483/6082/5461
f 5483/6082/5461 5507/6107/5485 5508/6108/5486 5484/6083/5462
f 5484/6083/5462 5508/6108/5486 5509/6109/5487 5485/6084/5463
f 5485/6084/5463 5509/6109/5487 5510/6110/5488 5486/6085/5464
f 5486/6085/5464 5510/6110/5488 5487/6111/5465 5463/6086/5171
f 5487/6087/5465 5511/6112/5489 5512/6113/5490 5488/6088/5466
f 5488/6088/5466 5512/6113/5490 5513/6114/5491 5489/6089/5467
f 5489/6089/5467 5513/6114/5491 5514/6115/5492 5490/6090/5468
f 5490/6090/5468 5514/6115/5492 5515/6116/5493 5491/6091/5469
f 5491/6091/5469 5515/6116/5493 5516/6117/5494 5492/6092/5470
f 5492/6092/5470 5516/6117/5494 5517/6118/5495 5493/6093/5471
f 5493/6093/5471 5517/6118/5495 5518/6119/5496 5494/6094/5472
f 5494/6094/5472 5518/6119/5496 5519/6120/5497 5495/6095/5473
f 5495/6095/5473 5519/6120/5497 5520/6121/5498 5496/6096/5474
f 5496/6096/5474 5520/6121/5498 5521/6122/5499 5497/6097/5475
f 5497/6097/5475 5521/6122/5499 5522/6123/5500 5498/6098/5476
f 5498/6098/5476 5522/6123/5500 5523/6124/5501 5499/6099/5477
f 5499/6099/5477 5523/6124/5501 5524/6125/5502 5500/6100/5478
f 5500/6100/5478 5524/6125/5502 5525/6126/5503 5501/6101/5479
f 5501/6101/5479 5525/6126/5503 5526/6127/5504 5502/6102/5480
f 5502/6102/5480 5526/6127/5504 5527/6128/5505 5503/6103/5481
f 5503/6103/5481 5527/6128/5505 5528/6129/5506 5504/6104/5482
f 5504/6104/5482 5528/6129/5506 5529/6130/5507 5505/6105/5483
f 5505/6105/5483 5529/6130/5507 5530/6131/5508 5506/6106/5484
f 5506/6106/5484 5530/6131/5508 5531/6132/5509 5507/6107/5485
f 5507/6107/5485 5531/6132/5509 5532/6133/5510 5508/6108/5486
f 5508/6108/5486 5532/6133/5510 5533/6134/5511 5509/6109/5487
f 5509/6109/5487 5533/6134/5511 5534/6135/5512 5510/6110/5488
f 5510/6110/5488 5534/6135/5512 5511/6136/5489 5487/6111/5465
f 5511/6112/5489 5535/6137/5243 5536/6138/5513 5512/6113/5490
f 5512/6113/5490 5536/6138/5513 5537/6139/5514 5513/6114/5491
f 5513/6114/5491 5537/6139/5514 5538/6140/5515 5514/6115/5492
f 5514/6115/5492 5538/6140/5515 5539/6141/5516 5515/6116/5493
f 5515/6116/5493 5539/6141/5516 5540/6142/5517 5516/6117/5494
f 5516/6117/5494 5540/6142/5517 5541/6143/5518 5517/6118/5495
f 5517/6118/5495 5541/6143/5518 5542/6144/5519 5518/6119/5496
f 5518/6119/5496 5542/6144/5519 5543/6145/5520 5519/6120/5497
f 5519/6120/5497 5543/6145/5520 5544/6146/5521 5520/6121/5498
f 5520/6121/5498 5544/6146/5521 5545/6147/5522 5521/6122/5499
f 5521/6122/5499 5545/6147/5522 5546/6148/5523 5522/6123/5500
f 5522/6123/5500 5546/6148/5523 5547/6149/5231 5523/6124/5501
f 5523/6124/5501 5547/6149/5231 5548/6150/5524 5524/6125/5502
f 5524/6125/5502 5548/6150/5524 5549/6151/5525 5525/6126/5503
f 5525/6126/5503 5549/6151/5525 5550/6152/5526 5526/6127/5504
f 5526/6127/5504 5550/6152/5526 5551/6153/5527 5527/6128/5505
f 5527/6128/5505 5551/6153/5527 5552/6154/5528 5528/6129/5506
f 5528/6129/5506 5552/6154/5528 5553/6155/5529 5529/6130/5507
f 5529/6130/5507 5553/6155/5529 5554/6156/5530 5530/6131/5508
f 5530/6131/5508 5554/6156/5530 5555/6157/5531 5531/6132/5509
f 5531/6132/5509 5555/6157/5531 5556/6158/5532 5532/6133/5510
f 5532/6133/5510 5556/6158/5532 5557/6159/5533 5533/6134/5511
f 5533/6134/5511 5557/6159/5533 5558/6160/5534 5534/6135/5512
f 5534/6135/5512 5558/6160/5534 5535/6161/5243 5511/6136/5489
f 5535/6137/5243 5559/6162/5535 5560/6163/5536 5536/6138/5513
f 5536/6138/5513 5560/6163/5536 5561/6164/5537 5537/6139/5514
f 5537/6139/5514 5561/6164/5537 5562/6165/5538 5538/6140/5515
f 5538/6140/5515 5562/6165/5538 5563/6166/5539 5539/6141/5516
f 5539/6141/5516 5563/6166/5539 5564/6167/5540 5540/6142/5517
f 5540/6142/5517 5564/6167/5540 5565/6168/5541 5541/6143/5518
f 5541/6143/5518 5565/6168/5541 5566/6169/5542 5542/6144/5519
f 5542/6144/5519 5566/6169/5542 5567/6170/5543 5543/6145/5520
f 5543/6145/5520 5567/6170/5543 5568/6171/5544 5544/6146/5521
f 5544/6146/5521 5568/6171/5544 5569/6172/5545 5545/6147/5522
f 5545/6147/5522 5569/6172/5545 5570/6173/5546 5546/6148/5523
f 5546/6148/5523 5570/6173/5546 5571/6174/5547 5547/6149/5231
f 5547/6149/5231 5571/6174/5547 5572/6175/5548 5548/6150/5524
f 5548/6150/5524 5572/6175/5548 5573/6176/5549 5549/6151/5525
f 5549/6151/5525 5573/6176/5549 5574/6177/5550 5550/6152/5526
f 5550/6152/5526 5574/6177/5550 5575/6178/5551 5551/6153/5527
f 5551/6153/5527 5575/6178/5551 5576/6179/5552 5552/6154/5528
f 5552/6154/5528 5576/6179/5552 5577/6180/5553 5553/6155/5529
f 5553/6155/5529 5577/6180/5553 5578/6181/5554 5554/6156/5530
f 5554/6156/5530 5578/6181/5554 5579/6182/5555 5555/6157/5531
f 5555/6157/5531 5579/6182/5555 5580/6183/5556 5556/6158/5532
f 5556/6158/5532 5580/6183/5556 5581/6184/5557 5557/6159/5533
f 5557/6159/5533 5581/6184/5557 5582/6185/5558 5558/6160/5534
f 5558/6160/5534 5582/6185/5558 5559/6186/5535 5535/6161/5243
f 5559/6162/5535 5583/6187/5559 5584/6188/5560 5560/6163/5536
f 5560/6163/5536 5584/6188/5560 5585/6189/5561 5561/6164/5537
f 5561/6164/5537 5585/6189/5561 5586/6190/5562 5562/6165/5538
f 5562/6165/5538 5586/6190/5562 5587/6191/5563 5563/6166/5539
f 5563/6166/5539 5587/6191/5563 5588/6192/5564 5564/6167/5540
f 5564/6167/5540 5588/6192/5564 5589/6193/5565 5565/6168/5541
f 5565/6168/5541 5589/6193/5565 5590/6194/5566 5566/6169/5542
f 5566/6169/5542 5590/6194/5566 5591/6195/5567 5567/6170/5543
f 5567/6170/5543 5591/6195/5567 5592/6196/5568 5568/6171/5544
f 5568/6171/5544 5592/6196/5568 5593/6197/5569 5569/6172/5545
f 5569/6172/5545 5593/6197/5569 5594/6198/5570 5570/6173/5546
f 5570/6173/5546 5594/6198/5570 5595/6199/5571 5571/6174/5547
f 5571/6174/5547 5595/6199/5571 5596/6200/5572 5572/6175/5548
f 5572/6175/5548 5596/6200/5572 5597/6201/5573 5573/6176/5549
f 5573/6176/5549 5597/6201/5573 5598/6202/5574 5574/6177/5550
f 5574/6177/5550 5598/6202/5574 5599/6203/5575 5575/6178/5551
f 5575/6178/5551 5599/6203/5575 5600/6204/5576 5576/6179/5552
f 5576/6179/5552 5600/6204/5576 5601/6205/5577 5577/6180/5553
f 5577/6180/5553 5601/6205/5577 5602/6206/5578 5578/6181/5554
f 5578/6181/5554 5602/6206/5578 5603/6207/5579 5579/6182/5555
f 5579/6182/5555 5603/6207/5579 5604/6208/5580 5580/6183/5556
f 5580/6183/5556 5604/6208/5580 5605/6209/5581 5581/6184/5557
f 5581/6184/5557 5605/6209/5581 5606/6210/5582 5582/6185/5558
f 5582/6185/5558 5606/6210/5582 5583/6211/5559 5559/6186/5535
f 5583/6187/5559 5031/6212/5015 5032/6213/5018 5584/6188/5560
f 5584/6188/5560 5032/6213/5018 5033/6214/5020 5585/6189/5561
f 5585/6189/5561 5033/6214/5020 5034/6215/5022 5586/6190/5562
f 5586/6190/5562 5034/6215/5022 5035/6216/5024 5587/6191/5563
f 5587/6191/5563 5035/6216/5024 5036/6217/5026 5588/6192/5564
f 5588/6192/5564 5036/6217/5026 5037/6218/5028 5589/6193/5565
f 5589/6193/5565 5037/6218/5028 5038/6219/5030 5590/6194/5566
f 5590/6194/5566 5038/6219/5030 5039/6220/5032 5591/6195/5567
f 5591/6195/5567 5039/6220/5032 5040/6221/5034 5592/6196/5568
f 5592/6196/5568 5040/6221/5034 5041/6222/5036 5593/6197/5569
f 5593/6197/5569 5041/6222/5036 5042/6223/5038 5594/6198/5570
f 5594/6198/5570 5042/6223/5038 5043/6224/5040 5595/6199/5571
f 5595/6199/5571 5043/6224/5040 5044/6225/5042 5596/6200/5572
f 5596/6200/5572 5044/6225/5042 5045/6226/5044 5597/6201/5573
f 5597/6201/5573 5045/6226/5044 5046/6227/5046 5598/6202/5574
f 5598/6202/5574 5046/6227/5046 5047/6228/5048 5599/6203/5575
f 5599/6203/5575 5047/6228/5048 5048/6229/5050 5600/6204/5576
f 5600/6204/5576 5048/6229/5050 5049/6230/5052 5601/6205/5577
f 5601/6205/5577 5049/6230/5052 5050/6231/5054 5602/6206/5578
f 5602/6206/5578 5050/6231/5054 5051/6232/5056 5603/6207/5579
f 5603/6207/5579 5051/6232/5056 5052/6233/5058 5604/6208/5580
f 5604/6208/5580 5052/6233/5058 5053/6234/5060 5605/6209/5581
f 5605/6209/5581 5053/6234/5060 5054/6235/5062 5606/6210/5582
f 5606/6210/5582 5054/6235/5062 5031/6236/5015 5583/6211/5559
o Sphere1
v -3.225972 0.346800 -0.000000
v -3.180680 0.343818 -0.000000
v -3.136220 0.335009 -0.000000
v -3.093286 0.320374 -0.000000
v -3.052572 0.300329 -0.000000
v -3.014840 0.275151 -0.000000
v -2.980715 0.245257 -0.000000
v -2.950821 0.211132 -0.000000
v -2.925643 0.173400 -0.000000
v -2.905598 0.132686 -0.000000
v -2.890963 0.089752 -0.000000
v -2.882154 0.045292 -0.000000
v -2.879172 0.000000 0.000000
v -2.882154 -0.045292 0.000000
v -2.890963 -0.089752 0.000000
v -2.905598 -0.132686 0.000000
v -2.925643 -0.173400 0.000000
v -2.950821 -0.211132 0.000000
v -2.980715 -0.245257 0.000000
v -3.014840 -0.275151 0.000000
v -3.052572 -0.300329 0.000000
v -3.093286 -0.320374 0.000000
v -3.136220 -0.335009 0.000000
v -3.180680 -0.343818 0.000000
v -3.225972 -0.346800 0.000000
v -3.182275 0.343818 0.011722
v -3.139272 0.335009 0.023236
v -3.097795 0.320374 0.034333
v -3.058468 0.300329 0.044876
v -3.022053 0.275151 0.054656
v -2.989108 0.245257 0.063464
v -2.960184 0.211132 0.071233
v -2.935839 0.173400 0.077753
v -2.916488 0.132686 0.082955
v -2.902408 0.089752 0.086700
v -2.893876 0.045292 0.088989
v -2.890963 0.000000 0.089752
v -2.893876 -0.045292 0.088989
v -2.902408 -0.089752 0.086700
v -2.916488 -0.132686 0.082955
v -2.935839 -0.173400 0.077753
v -2.960184 -0.211132 0.071233
v -2.989108 -0.245257 0.063464
v -3.022053 -0.275151 0.054656
v -3.058468 -0.300329 0.044876
v -3.097795 -0.320374 0.034333
v -3.139272 -0.335009 0.023236
v -3.182275 -0.343818 0.011722
v -3.186784 0.343818 0.022611
v -3.148219 0.335009 0.044876
v -3.111042 0.320374 0.066378
v -3.075808 0.300329 0.086700
v -3.043139 0.275151 0.105566
v -3.013592 0.245257 0.122628
v -2.987720 0.211132 0.137541
v -2.965872 0.173400 0.150164
v -2.948462 0.132686 0.160222
v -2.935839 0.089752 0.167504
v -2.928210 0.045292 0.171943
v -2.925643 0.000000 0.173400
v -2.928210 -0.045292 0.171943
v -2.935839 -0.089752 0.167504
v -2.948462 -0.132686 0.160222
v -2.965872 -0.173400 0.150164
v -2.987720 -0.211132 0.137541
v -3.013592 -0.245257 0.122628
v -3.043139 -0.275151 0.105566
v -3.075808 -0.300329 0.086700
v -3.111042 -0.320374 0.066378
v -3.148219 -0.335009 0.044876
v -3.186784 -0.343818 0.022611
v -3.193997 0.343818 0.031975
v -3.162508 0.335009 0.063464
v -3.132128 0.320374 0.093844
v -3.103343 0.300329 0.122628
v -3.076709 0.275151 0.149263
v -3.052572 0.245257 0.173400
v -3.031417 0.211132 0.194555
v -3.013592 0.173400 0.212380
v -2.999442 0.132686 0.226530
v -2.989108 0.089752 0.236864
v -2.982865 0.045292 0.243107
v -2.980715 0.000000 0.245257
v -2.982865 -0.045292 0.243107
v -2.989108 -0.089752 0.236864
v -2.999442 -0.132686 0.226530
v -3.013592 -0.173400 0.212380
v -3.031417 -0.211132 0.194555
v -3.052572 -0.245257 0.173400
v -3.076709 -0.275151 0.149263
v -3.103343 -0.300329 0.122628
v -3.132128 -0.320374 0.093844
v -3.162508 -0.335009 0.063464
v -3.193997 -0.343818 0.031975
v -3.203361 0.343818 0.039188
v -3.181096 0.335009 0.077753
v -3.159595 0.320374 0.114930
v -3.139272 0.300329 0.150164
v -3.120406 0.275151 0.182833
v -3.103343 0.245257 0.212380
v -3.088431 0.211132 0.238252
v -3.075808 0.173400 0.260100
v -3.065750 0.132686 0.277509
v -3.058468 0.089752 0.290133
v -3.054029 0.045292 0.297762
v -3.052572 0.000000 0.300329
v -3.054029 -0.045292 0.297762
v -3.058468 -0.089752 0.290133
v -3.065750 -0.132686 0.277509
v -3.075808 -0.173400 0.260100
v -3.088431 -0.211132 0.238252
v -3.103343 -0.245257 0.212380
v -3.120406 -0.275151 0.182833
v -3.139272 -0.300329 0.150164
v -3.159595 -0.320374 0.114930
v -3.181096 -0.335009 0.077753
v -3.203361 -0.343818 0.039188
v -3.214250 0.343818 0.043697
v -3.202736 0.335009 0.086700
v -3.191639 0.320374 0.128177
v -3.181096 0.300329 0.167504
v -3.171316 0.275151 0.203918
v -3.162508 0.245257 0.236864
v -3.154739 0.211132 0.265788
v -3.148219 0.173400 0.290133
v -3.143017 0.132686 0.309484
v -3.139272 0.089752 0.323564
v -3.136983 0.045292 0.332096
v -3.136220 0.000000 0.335009
v -3.136983 -0.045292 0.332096
v -3.139272 -0.089752 0.323564
v -3.143017 -0.132686 0.309484
v -3.148219 -0.173400 0.290133
v -3.154739 -0.211132 0.265788
v -3.162508 -0.245257 0.236864
v -3.171316 -0.275151 0.203918
v -3.181096 -0.300329 0.167504
v -3.191639 -0.320374 0.128177
v -3.202736 -0.335009 0.086700
v -3.214250 -0.343818 0.043697
v -3.225972 0.343818 0.045292
v -3.225972 0.335009 0.089752
v -3.225972 0.320374 0.132686
v -3.225972 0.300329 0.173400
v -3.225972 0.275151 0.211132
v -3.225972 0.245257 0.245257
v -3.225972 0.211132 0.275151
v -3.225972 0.173400 0.300329
v -3.225972 0.132686 0.320374
v -3.225972 0.089752 0.335009
v -3.225972 0.045292 0.343818
v -3.225972 0.000000 0.346800
v -3.225972 -0.045292 0.343818
v -3.225972 -0.089752 0.335009
v -3.225972 -0.132686 0.320374
v -3.225972 -0.173400 0.300329
v -3.225972 -0.211132 0.275151
v -3.225972 -0.245257 0.245257
v -3.225972 -0.275151 0.211132
v -3.225972 -0.300329 0.173400
v -3.225972 -0.320374 0.132686
v -3.225972 -0.335009 0.089752
v -3.225972 -0.343818 0.045292
v -3.237694 0.343818 0.043697
v -3.249207 0.335009 0.086700
v -3.260305 0.320374 0.128177
v -3.270848 0.300329 0.167504
v -3.280628 0.275151 0.203918
v -3.289436 0.245257 0.236864
v -3.297205 0.211132 0.265788
v -3.303725 0.173400 0.290133
v -3.308927 0.132686 0.309484
v -3.312672 0.089752 0.323564
v -3.314961 0.045292 0.332096
v -3.315724 0.000000 0.335009
v -3.314961 -0.045292 0.332096
v -3.312672 -0.089752 0.323564
v -3.308927 -0.132686 0.309484
v -3.303725 -0.173400 0.290133
v -3.297205 -0.211132 0.265788
v -3.289436 -0.245257 0.236864
v -3.280628 -0.275151 0.203918
v -3.270848 -0.300329 0.167504
v -3.260305 -0.320374 0.128177
v -3.249207 -0.335009 0.086700
v -3.237694 -0.343818 0.043697
v -3.248583 0.343818 0.039188
v -3.270848 0.335009 0.077753
v -3.292349 0.320374 0.114930
v -3.312672 0.300329 0.150164
v -3.331538 0.275151 0.182833
v -3.348600 0.245257 0.212380
v -3.363513 0.211132 0.238252
v -3.376136 0.173400 0.260100
v -3.386194 0.132686 0.277509
v -3.393476 0.089752 0.290133
v -3.397915 0.045292 0.297762
v -3.399372 0.000000 0.300329
v -3.397915 -0.045292 0.297762
v -3.393476 -0.089752 0.290133
v -3.386194 -0.132686 0.277509
v -3.376136 -0.173400 0.260100
v -3.363513 -0.211132 0.238252
v -3.348600 -0.245257 0.212380
v -3.331538 -0.275151 0.182833
v -3.312672 -0.300329 0.150164
v -3.292349 -0.320374 0.114930
v -3.270848 -0.335009 0.077753
v -3.248583 -0.343818 0.039188
v -3.257947 0.343818 0.031975
v -3.289436 0.335009 0.063464
v -3.319816 0.320374 0.093844
v -3.348600 0.300329 0.122628
v -3.375235 0.275151 0.149263
v -3.399372 0.245257 0.173400
v -3.420527 0.211132 0.194555
v -3.438352 0.173400 0.212380
v -3.452502 0.132686 0.226530
v -3.462836 0.089752 0.236864
v -3.469079 0.045292 0.243107
v -3.471229 0.000000 0.245257
v -3.469079 -0.045292 0.243107
v -3.462836 -0.089752 0.236864
v -3.452502 -0.132686 0.226530
v -3.438352 -0.173400 0.212380
v -3.420527 -0.211132 0.194555
v -3.399372 -0.245257 0.173400
v -3.375235 -0.275151 0.149263
v -3.348600 -0.300329 0.122628
v -3.319816 -0.320374 0.093844
v -3.289436 -0.335009 0.063464
v -3.257947 -0.343818 0.031975
v -3.265160 0.343818 0.022611
v -3.303725 0.335009 0.044876
v -3.340901 0.320374 0.066378
v -3.376136 0.300329 0.086700
v -3.408805 0.275151 0.105566
v -3.438352 0.245257 0.122628
v -3.464224 0.211132 0.137541
v -3.486072 0.173400 0.150164
v -3.503481 0.132686 0.160222
v -3.516105 0.089752 0.167504
v -3.523734 0.045292 0.171943
v -3.526301 0.000000 0.173400
v -3.523734 -0.045292 0.171943
v -3.516105 -0.089752 0.167504
v -3.503481 -0.132686 0.160222
v -3.486072 -0.173400 0.150164
v -3.464224 -0.211132 0.137541
v -3.438352 -0.245257 0.122628
v -3.408805 -0.275151 0.105566
v -3.376136 -0.300329 0.086700
v -3.340901 -0.320374 0.066378
v -3.303725 -0.335009 0.044876
v -3.265160 -0.343818 0.022611
v -3.269669 0.343818 0.011722
v -3.312672 0.335009 0.023236
v -3.354149 0.320374 0.034333
v -3.393476 0.300329 0.044876
v -3.429890 0.275151 0.054656
v -3.462836 0.245257 0.063464
v -3.491760 0.211132 0.071233
v -3.516105 0.173400 0.077753
v -3.535456 0.132686 0.082955
v -3.549536 0.089752 0.086700
v -3.558068 0.045292 0.088989
v -3.560981 0.000000 0.089752
v -3.558068 -0.045292 0.088989
v -3.549536 -0.089752 0.086700
v -3.535456 -0.132686 0.082955
v -3.516105 -0.173400 0.077753
v -3.491760 -0.211132 0.071233
v -3.462836 -0.245257 0.063464
v -3.429890 -0.275151 0.054656
v -3.393476 -0.300329 0.044876
v -3.354149 -0.320374 0.034333
v -3.312672 -0.335009 0.023236
v -3.269669 -0.343818 0.011722
v -3.271264 0.343818 -0.000000
v -3.315724 0.335009 -0.000000
v -3.358658 0.320374 -0.000000
v -3.399372 0.300329 -0.000000
v -3.437104 0.275151 -0.000000
v -3.471229 0.245257 -0.000000
v -3.501123 0.211132 -0.000000
v -3.526301 0.173400 -0.000000
v -3.546346 0.132686 -0.000000
v -3.560981 0.089752 -0.000000
v -3.569789 0.045292 -0.000000
v -3.572772 0.000000 0.000000
v -3.569789 -0.045292 0.000000
v -3.560981 -0.089752 0.000000
v -3.546346 -0.132686 0.000000
v -3.526301 -0.173400 0.000000
v -3.501123 -0.211132 0.000000
v -3.471229 -0.245257 0.000000
v -3.437104 -0.275151 0.000000
v -3.399372 -0.300329 0.000000
v -3.358658 -0.320374 0.000000
v -3.315724 -0.335009 0.000000
v -3.271264 -0.343818 0.000000
v -3.269669 0.343818 -0.011722
v -3.312672 0.335009 -0.023236
v -3.354149 0.320374 -0.034333
v -3.393476 0.300329 -0.044876
v -3.429890 0.275151 -0.054656
v -3.462836 0.245257 -0.063464
v -3.491760 0.211132 -0.071233
v -3.516105 0.173400 -0.077753
v -3.535456 0.132686 -0.082955
v -3.549536 0.089752 -0.086700
v -3.558068 0.045292 -0.088989
v -3.560981 -0.000000 -0.089752
v -3.558068 -0.045292 -0.088989
v -3.549536 -0.089752 -0.086700
v -3.535456 -0.132686 -0.082955
v -3.516105 -0.173400 -0.077753
v -3.491760 -0.211132 -0.071233
v -3.462836 -0.245257 -0.063464
v -3.429890 -0.275151 -0.054656
v -3.393476 -0.300329 -0.044876
v -3.354149 -0.320374 -0.034333
v -3.312672 -0.335009 -0.023236
v -3.269669 -0.343818 -0.011722
v -3.265160 0.343818 -0.022611
v -3.303725 0.335009 -0.044876
v -3.340901 0.320374 -0.066378
v -3.376136 0.300329 -0.086700
v -3.408805 0.275151 -0.105566
v -3.438352 0.245257 -0.122628
v -3.464224 0.211132 -0.137541
v -3.486072 0.173400 -0.150164
v -3.503481 0.132686 -0.160222
v -3.516105 0.089752 -0.167504
v -3.523734 0.045292 -0.171943
v -3.526301 -0.000000 -0.173400
v -3.523734 -0.045292 -0.171943
v -3.516105 -0.089752 -0.167504
v -3.503481 -0.132686 -0.160222
v -3.486072 -0.173400 -0.150164
v -3.464224 -0.211132 -0.137541
v -3.438352 -0.245257 -0.122628
v -3.408805 -0.275151 -0.105566
v -3.376136 -0.300329 -0.086700
v -3.340901 -0.320374 -0.066378
v -3.303725 -0.335009 -0.044876
v -3.265160 -0.343818 -0.022611
v -3.257947 0.343818 -0.031975
v -3.289436 0.335009 -0.063464
v -3.319816 0.320374 -0.093844
v -3.348600 0.300329 -0.122628
v -3.375235 0.275151 -0.149263
v -3.399372 0.245257 -0.173400
v -3.420527 0.211132 -0.194555
v -3.438352 0.173400 -0.212380
v -3.452502 0.132686 -0.226530
v -3.462836 0.089752 -0.236864
v -3.469079 0.045292 -0.243107
v -3.471229 -0.000000 -0.245257
v -3.469079 -0.045292 -0.243107
v -3.462836 -0.089752 -0.236864
v -3.452502 -0.132686 -0.226530
v -3.438352 -0.173400 -0.212380
v -3.420527 -0.211132 -0.194555
v -3.399372 -0.245257 -0.173400
v -3.375235 -0.275151 -0.149263
v -3.348600 -0.300329 -0.122628
v -3.319816 -0.320374 -0.093844
v -3.289436 -0.335009 -0.063464
v -3.257947 -0.343818 -0.031975
v -3.248583 0.343818 -0.039188
v -3.270848 0.335009 -0.077753
v -3.292349 0.320374 -0.114930
v -3.312672 0.300329 -0.150164
v -3.331538 0.275151 -0.182833
v -3.348600 0.245257 -0.212380
v -3.363513 0.211132 -0.238252
v -3.376136 0.173400 -0.260100
v -3.386194 0.132686 -0.277509
v -3.393476 0.089752 -0.290133
v -3.397915 0.045292 -0.297762
v -3.399372 -0.000000 -0.300329
v -3.397915 -0.045292 -0.297762
v -3.393476 -0.089752 -0.290133
v -3.386194 -0.132686 -0.277509
v -3.376136 -0.173400 -0.260100
v -3.363513 -0.211132 -0.238252
v -3.348600 -0.245257 -0.212380
v -3.331538 -0.275151 -0.182833
v -3.312672 -0.300329 -0.150164
v -3.292349 -0.320374 -0.114930
v -3.270848 -0.335009 -0.077753
v -3.248583 -0.343818 -0.039188
v -3.237694 0.343818 -0.043697
v -3.249207 0.335009 -0.086700
v -3.260305 0.320374 -0.128177
v -3.270848 0.300329 -0.167504
v -3.280628 0.275151 -0.203918
v -3.289436 0.245257 -0.236864
v -3.297205 0.211132 -0.265788
v -3.303725 0.173400 -0.290133
v -3.308927 0.132686 -0.309484
v -3.312672 0.089752 -0.323564
v -3.314961 0.045292 -0.332096
v -3.315724 -0.000000 -0.335009
v -3.314961 -0.045292 -0.332096
v -3.312672 -0.089752 -0.323564
v -3.308927 -0.132686 -0.309484
v -3.303725 -0.173400 -0.290133
v -3.297205 -0.211132 -0.265788
v -3.289436 -0.245257 -0.236864
v -3.280628 -0.275151 -0.203918
v -3.270848 -0.300329 -0.167504
v -3.260305 -0.320374 -0.128177
v -3.249207 -0.335009 -0.086700
v -3.237694 -0.343818 -0.043697
v -3.225972 0.343818 -0.045292
v -3.225972 0.335009 -0.089752
v -3.225972 0.320374 -0.132686
v -3.225972 0.300329 -0.173400
v -3.225972 0.275151 -0.211132
v -3.225972 0.245257 -0.245257
v -3.225972 0.211132 -0.275151
v -3.225972 0.173400 -0.300329
v -3.225972 0.132686 -0.320374
v -3.225972 0.089752 -0.335009
v -3.225972 0.045292 -0.343818
v -3.225972 -0.000000 -0.346800
v -3.225972 -0.045292 -0.343818
v -3.225972 -0.089752 -0.335009
v -3.225972 -0.132686 -0.320374
v -3.225972 -0.173400 -0.300329
v -3.225972 -0.211132 -0.275151
v -3.225972 -0.245257 -0.245257
v -3.225972 -0.275151 -0.211132
v -3.225972 -0.300329 -0.173400
v -3.225972 -0.320374 -0.132686
v -3.225972 -0.335009 -0.089752
v -3.225972 -0.343818 -0.045292
v -3.214250 0.343818 -0.043697
v -3.202736 0.335009 -0.086700
v -3.191639 0.320374 -0.128177
v -3.181096 0.300329 -0.167504
v -3.171316 0.275151 -0.203918
v -3.162508 0.245257 -0.236864
v -3.154739 0.211132 -0.265788
v -3.148219 0.173400 -0.290133
v -3.143017 0.132686 -0.309484
v -3.139272 0.089752 -0.323564
v -3.136983 0.045292 -0.332096
v -3.136220 -0.000000 -0.335009
v -3.136983 -0.045292 -0.332096
v -3.139272 -0.089752 -0.323564
v -3.143017 -0.132686 -0.309484
v -3.148219 -0.173400 -0.290133
v -3.154739 -0.211132 -0.265788
v -3.162508 -0.245257 -0.236864
v -3.171316 -0.275151 -0.203918
v -3.181096 -0.300329 -0.167504
v -3.191639 -0.320374 -0.128177
v -3.202736 -0.335009 -0.086700
v -3.214250 -0.343818 -0.043697
v -3.203361 0.343818 -0.039188
v -3.181096 0.335009 -0.077753
v -3.159595 0.320374 -0.114930
v -3.139272 0.300329 -0.150164
v -3.120406 0.275151 -0.182833
v -3.103343 0.245257 -0.212380
v -3.088431 0.211132 -0.238252
v -3.075808 0.173400 -0.260100
v -3.065750 0.132686 -0.277509
v -3.058468 0.089752 -0.290133
v -3.054029 0.045292 -0.297762
v -3.052572 -0.000000 -0.300329
v -3.054029 -0.045292 -0.297762
v -3.058468 -0.089752 -0.290133
v -3.065750 -0.132686 -0.277509
v -3.075808 -0.173400 -0.260100
v -3.088431 -0.211132 -0.238252
v -3.103343 -0.245257 -0.212380
v -3.120406 -0.275151 -0.182833
v -3.139272 -0.300329 -0.150164
v -3.159595 -0.320374 -0.114930
v -3.181096 -0.335009 -0.077753
v -3.203361 -0.343818 -0.039188
v -3.193997 0.343818 -0.031975
v -3.162508 0.335009 -0.063464
v -3.132128 0.320374 -0.093844
v -3.103343 0.300329 -0.122628
v -3.076709 0.275151 -0.149263
v -3.052572 0.245257 -0.173400
v -3.031417 0.211132 -0.194555
v -3.013592 0.173400 -0.212380
v -2.999442 0.132686 -0.226530
v -2.989108 0.089752 -0.236864
v -2.982865 0.045292 -0.243107
v -2.980715 -0.000000 -0.245257
v -2.982865 -0.045292 -0.243107
v -2.989108 -0.089752 -0.236864
v -2.999442 -0.132686 -0.226530
v -3.013592 -0.173400 -0.212380
v -3.031417 -0.211132 -0.194555
v -3.052572 -0.245257 -0.173400
v -3.076709 -0.275151 -0.149263
v -3.103343 -0.300329 -0.122628
v -3.132128 -0.320374 -0.093844
v -3.162508 -0.335009 -0.063464
v -3.193997 -0.343818 -0.031975
v -3.186784 0.343818 -0.022611
v -3.148219 0.335009 -0.044876
v -3.111042 0.320374 -0.066378
v -3.075808 0.300329 -0.086700
v -3.043139 0.275151 -0.105566
v -3.013592 0.245257 -0.122628
v -2.987720 0.211132 -0.137541
v -2.965872 0.173400 -0.150164
v -2.948462 0.132686 -0.160222
v -2.935839 0.089752 -0.167504
v -2.928210 0.045292 -0.171943
v -2.925643 -0.000000 -0.173400
v -2.928210 -0.045292 -0.171943
v -2.935839 -0.089752 -0.167504
v -2.948462 -0.132686 -0.160222
v -2.965872 -0.173400 -0.150164
v -2.987720 -0.211132 -0.137541
v -3.013592 -0.245257 -0.122628
v -3.043139 -0.275151 -0.105566
v -3.075808 -0.300329 -0.086700
v -3.111042 -0.320374 -0.066378
v -3.148219 -0.335009 -0.044876
v -3.186784 -0.343818 -0.022611
v -3.182275 0.343818 -0.011722
v -3.139272 0.335009 -0.023236
v -3.097795 0.320374 -0.034333
v -3.058468 0.300329 -0.044876
v -3.022053 0.275151 -0.054656
v -2.989108 0.245257 -0.063464
v -2.960184 0.211132 -0.071233
v -2.935839 0.173400 -0.077753
v -2.916488 0.132686 -0.082955
v -2.902408 0.089752 -0.086700
v -2.893876 0.045292 -0.088989
v -2.890963 -0.000000 -0.089752
v -2.893876 -0.045292 -0.088989
v -2.902408 -0.089752 -0.086700
v -2.916488 -0.132686 -0.082955
v -2.935839 -0.173400 -0.077753
v -2.960184 -0.211132 -0.071233
v -2.989108 -0.245257 -0.063464
v -3.022053 -0.275151 -0.054656
v -3.058468 -0.300329 -0.044876
v -3.097795 -0.320374 -0.034333
v -3.139272 -0.335009 -0.023236
v -3.182275 -0.343818 -0.011722
vt 1.000000 1.000000
vt 0.958333 0.958333
vt 1.000000 0.958333
vt 0.958333 0.916667
vt 1.000000 0.916667
vt 0.958333 0.875000
vt 1.000000 0.875000
vt 0.958333 0.833333
vt 1.000000 0.833333
vt 0.958333 0.791667
vt 1.000000 0.791667
vt 0.958333 0.750000
vt 1.000000 0.750000
vt 0.958333 0.708333
vt 1.000000 0.708333
vt 0.958333 0.666667
vt 1.000000 0.666667
vt 0.958333 0.625000
vt 1.000000 0.625000
vt 0.958333 0.583333
vt 1.000000 0.583333
vt 0.958333 0.541667
vt 1.000000 0.541667
vt 0.958333 0.500000
vt 1.000000 0.500000
vt 0.958333 0.458333
vt 1.000000 0.458333
vt 0.958333 0.416667
vt 1.000000 0.416667
vt 0.958333 0.375000
vt 1.000000 0.375000
vt 0.958333 0.333333
vt 1.000000 0.333333
vt 0.958333 0.291667
vt 1.000000 0.291667
vt 0.958333 0.250000
vt 1.000000 0.250000
vt 0.958333 0.208333
vt 1.000000 0.208333
vt 0.958333 0.166667
vt 1.000000 0.166667
vt 0.958333 0.125000
vt 1.000000 0.125000
vt 0.958333 0.083333
vt 1.000000 0.083333
vt 0.958333 0.041667
vt 1.000000 0.041667
vt 0.958333 0.000000
vt 0.958333 1.000000
vt 0.916667 0.958333
vt 0.916667 0.916667
vt 0.916667 0.875000
vt 0.916667 0.833333
vt 0.916667 0.791667
vt 0.916667 0.750000
vt 0.916667 0.708333
vt 0.916667 0.666667
vt 0.916667 0.625000
vt 0.916667 0.583333
vt 0.916667 0.541667
vt 0.916667 0.500000
vt 0.916667 0.458333
vt 0.916667 0.416667
vt 0.916667 0.375000
vt 0.916667 0.333333
vt 0.916667 0.291667
vt 0.916667 0.250000
vt 0.916667 0.208333
vt 0.916667 0.166667
vt 0.916667 0.125000
vt 0.916667 0.083333
vt 0.916667 0.041667
vt 0.916667 0.000000
vt 0.916667 1.000000
vt 0.875000 0.958333
vt 0.875000 0.916667
vt 0.875000 0.875000
vt 0.875000 0.833333
vt 0.875000 0.791667
vt 0.875000 0.750000
vt 0.875000 0.708333
vt 0.875000 0.666667
vt 0.875000 0.625000
vt 0.875000 0.583333
vt 0.875000 0.541667
vt 0.875000 0.500000
vt 0.875000 0.458333
vt 0.875000 0.416667
vt 0.875000 0.375000
vt 0.875000 0.333333
vt 0.875000 0.291667
vt 0.875000 0.250000
vt 0.875000 0.208333
vt 0.875000 0.166667
vt 0.875000 0.125000
vt 0.875000 0.083333
vt 0.875000 0.041667
vt 0.875000 0.000000
vt 0.875000 1.000000
vt 0.833333 0.958333
vt 0.833333 0.916667
vt 0.833333 0.875000
vt 0.833333 0.833333
vt 0.833333 0.791667
vt 0.833333 0.750000
vt 0.833333 0.708333
vt 0.833333 0.666667
vt 0.833333 0.625000
vt 0.833333 0.583333
vt 0.833333 0.541667
vt 0.833333 0.500000
vt 0.833333 0.458333
vt 0.833333 0.416667
vt 0.833333 0.375000
vt 0.833333 0.333333
vt 0.833333 0.291667
vt 0.833333 0.250000
vt 0.833333 0.208333
vt 0.833333 0.166667
vt 0.833333 0.125000
vt 0.833333 0.083333
vt 0.833333 0.041667
vt 0.833333 0.000000
vt 0.833333 1.000000
vt 0.791667 0.958333
vt 0.791667 0.916667
vt 0.791667 0.875000
vt 0.791667 0.833333
vt 0.791667 0.791667
vt 0.791667 0.750000
vt 0.791667 0.708333
vt 0.791667 0.666667
vt 0.791667 0.625000
vt 0.791667 0.583333
vt 0.791667 0.541667
vt 0.791667 0.500000
vt 0.791667 0.458333
vt 0.791667 0.416667
vt 0.791667 0.375000
vt 0.791667 0.333333
vt 0.791667 0.291667
vt 0.791667 0.250000
vt 0.791667 0.208333
vt 0.791667 0.166667
vt 0.791667 0.125000
vt 0.791667 0.083333
vt 0.791667 0.041667
vt 0.791667 0.000000
vt 0.791667 1.000000
vt 0.750000 0.958333
vt 0.750000 0.916667
vt 0.750000 0.875000
vt 0.750000 0.833333
vt 0.750000 0.791667
vt 0.750000 0.750000
vt 0.750000 0.708333
vt 0.750000 0.666667
vt 0.750000 0.625000
vt 0.750000 0.583333
vt 0.750000 0.541667
vt 0.750000 0.500000
vt 0.750000 0.458333
vt 0.750000 0.416667
vt 0.750000 0.375000
vt 0.750000 0.333333
vt 0.750000 0.291667
vt 0.750000 0.250000
vt 0.750000 0.208333
vt 0.750000 0.166667
vt 0.750000 0.125000
vt 0.750000 0.083333
vt 0.750000 0.041667
vt 0.750000 0.000000
vt 0.750000 1.000000
vt 0.708333 0.958333
vt 0.708333 0.916667
vt 0.708333 0.875000
vt 0.708333 0.833333
vt 0.708333 0.791667
vt 0.708333 0.750000
vt 0.708333 0.708333
vt 0.708333 0.666667
vt 0.708333 0.625000
vt 0.708333 0.583333
vt 0.708333 0.541667
vt 0.708333 0.500000
vt 0.708333 0.458333
vt 0.708333 0.416667
vt 0.708333 0.375000
vt 0.708333 0.333333
vt 0.708333 0.291667
vt 0.708333 0.250000
vt 0.708333 0.208333
vt 0.708333 0.166667
vt 0.708333 0.125000
vt 0.708333 0.083333
vt 0.708333 0.041667
vt 0.708333 0.000000
vt 0.708333 1.000000
vt 0.666667 0.958333
vt 0.666667 0.916667
vt 0.666667 0.875000
vt 0.666667 0.833333
vt 0.666667 0.791667
vt 0.666667 0.750000
vt 0.666667 0.708333
vt 0.666667 0.666667
vt 0.666667 0.625000
vt 0.666667 0.583333
vt 0.666667 0.541667
vt 0.666667 0.500000
vt 0.666667 0.458333
vt 0.666667 0.416667
vt 0.666667 0.375000
vt 0.666667 0.333333
vt 0.666667 0.291667
vt 0.666667 0.250000
vt 0.666667 0.208333
vt 0.666667 0.166667
vt 0.666667 0.125000
vt 0.666667 0.083333
vt 0.666667 0.041667
vt 0.666667 0.000000
vt 0.666667 1.000000
vt 0.625000 0.958333
vt 0.625000 0.916667
vt 0.625000 0.875000
vt 0.625000 0.833333
vt 0.625000 0.791667
vt 0.625000 0.750000
vt 0.625000 0.708333
vt 0.625000 0.666667
vt 0.625000 0.625000
vt 0.625000 0.583333
vt 0.625000 0.541667
vt 0.625000 0.500000
vt 0.625000 0.458333
vt 0.625000 0.416667
vt 0.625000 0.375000
vt 0.625000 0.333333
vt 0.625000 0.291667
vt 0.625000 0.250000
vt 0.625000 0.208333
vt 0.625000 0.166667
vt 0.625000 0.125000
vt 0.625000 0.083333
vt 0.625000 0.041667
vt 0.625000 0.000000
vt 0.625000 1.000000
vt 0.583333 0.958333
vt 0.583333 0.916667
vt 0.583333 0.875000
vt 0.583333 0.833333
vt 0.583333 0.791667
vt 0.583333 0.750000
vt 0.583333 0.708333
vt 0.583333 0.666667
vt 0.583333 0.625000
vt 0.583333 0.583333
vt 0.583333 0.541667
vt 0.583333 0.500000
vt 0.583333 0.458333
vt 0.583333 0.416667
vt 0.583333 0.375000
vt 0.583333 0.333333
vt 0.583333 0.291667
vt 0.583333 0.250000
vt 0.583333 0.208333
vt 0.583333 0.166667
vt 0.583333 0.125000
vt 0.583333 0.083333
vt 0.583333 0.041667
vt 0.583333 0.000000
vt 0.583333 1.000000
vt 0.541667 0.958333
vt 0.541667 0.916667
vt 0.541667 0.875000
vt 0.541667 0.833333
vt 0.541667 0.791667
vt 0.541667 0.750000
vt 0.541667 0.708333
vt 0.541667 0.666667
vt 0.541667 0.625000
vt 0.541667 0.583333
vt 0.541667 0.541667
vt 0.541667 0.500000
vt 0.541667 0.458333
vt 0.541667 0.416667
vt 0.541667 0.375000
vt 0.541667 0.333333
vt 0.541667 0.291667
vt 0.541667 0.250000
vt 0.541667 0.208333
vt 0.541667 0.166667
vt 0.541667 0.125000
vt 0.541667 0.083333
vt 0.541667 0.041667
vt 0.541667 0.000000
vt 0.541667 1.000000
vt 0.500000 0.958333
vt 0.500000 0.916667
vt 0.500000 0.875000
vt 0.500000 0.833333
vt 0.500000 0.791667
vt 0.500000 0.750000
vt 0.500000 0.708333
vt 0.500000 0.666667
vt 0.500000 0.625000
vt 0.500000 0.583333
vt 0.500000 0.541667
vt 0.500000 0.500000
vt 0.500000 0.458333
vt 0.500000 0.416667
vt 0.500000 0.375000
vt 0.500000 0.333333
vt 0.500000 0.291667
vt 0.500000 0.250000
vt 0.500000 0.208333
vt 0.500000 0.166667
vt 0.500000 0.125000
vt 0.500000 0.083333
vt 0.500000 0.041667
vt 0.500000 0.000000
vt 0.500000 1.000000
vt 0.458333 0.958333
vt 0.458333 0.916667
vt 0.458333 0.875000
vt 0.458333 0.833333
vt 0.458333 0.791667
vt 0.458333 0.750000
vt 0.458333 0.708333
vt 0.458333 0.666667
vt 0.458333 0.625000
vt 0.458333 0.583333
vt 0.458333 0.541667
vt 0.458333 0.500000
vt 0.458333 0.458333
vt 0.458333 0.416667
vt 0.458333 0.375000
vt 0.458333 0.333333
vt 0.458333 0.291667
vt 0.458333 0.250000
vt 0.458333 0.208333
vt 0.458333 0.166667
vt 0.458333 0.125000
vt 0.458333 0.083333
vt 0.458333 0.041667
vt 0.458333 0.000000
vt 0.458333 1.000000
vt 0.416667 0.958333
vt 0.416667 0.916667
vt 0.416667 0.875000
vt 0.416667 0.833333
vt 0.416667 0.791667
vt 0.416667 0.750000
vt 0.416667 0.708333
vt 0.416667 0.666667
vt 0.416667 0.625000
vt 0.416667 0.583333
vt 0.416667 0.541667
vt 0.416667 0.500000
vt 0.416667 0.458333
vt 0.416667 0.416667
vt 0.416667 0.375000
vt 0.416667 0.333333
vt 0.416667 0.291667
vt 0.416667 0.250000
vt 0.416667 0.208333
vt 0.416667 0.166667
vt 0.416667 0.125000
vt 0.416667 0.083333
vt 0.416667 0.041667
vt 0.416667 0.000000
vt 0.416667 1.000000
vt 0.375000 0.958333
vt 0.375000 0.916667
vt 0.375000 0.875000
vt 0.375000 0.833333
vt 0.375000 0.791667
vt 0.375000 0.750000
vt 0.375000 0.708333
vt 0.375000 0.666667
vt 0.375000 0.625000
vt 0.375000 0.583333
vt 0.375000 0.541667
vt 0.375000 0.500000
vt 0.375000 0.458333
vt 0.375000 0.416667
vt 0.375000 0.375000
vt 0.375000 0.333333
vt 0.375000 0.291667
vt 0.375000 0.250000
vt 0.375000 0.208333
vt 0.375000 0.166667
vt 0.375000 0.125000
vt 0.375000 0.083333
vt 0.375000 0.041667
vt 0.375000 0.000000
vt 0.375000 1.000000
vt 0.333333 0.958333
vt 0.333333 0.916667
vt 0.333333 0.875000
vt 0.333333 0.833333
vt 0.333333 0.791667
vt 0.333333 0.750000
vt 0.333333 0.708333
vt 0.333333 0.666667
vt 0.333333 0.625000
vt 0.333333 0.583333
vt 0.333333 0.541667
vt 0.333333 0.500000
vt 0.333333 0.458333
vt 0.333333 0.416667
vt 0.333333 0.375000
vt 0.333333 0.333333
vt 0.333333 0.291667
vt 0.333333 0.250000
vt 0.333333 0.208333
vt 0.333333 0.166667
vt 0.333333 0.125000
vt 0.333333 0.083333
vt 0.333333 0.041667
vt 0.333333 0.000000
vt 0.333333 1.000000
vt 0.291667 0.958333
vt 0.291667 0.916667
vt 0.291667 0.875000
vt 0.291667 0.833333
vt 0.291667 0.791667
vt 0.291667 0.750000
vt 0.291667 0.708333
vt 0.291667 0.666667
vt 0.291667 0.625000
vt 0.291667 0.583333
vt 0.291667 0.541667
vt 0.291667 0.500000
vt 0.291667 0.458333
vt 0.291667 0.416667
vt 0.291667 0.375000
vt 0.291667 0.333333
vt 0.291667 0.291667
vt 0.291667 0.250000
vt 0.291667 0.208333
vt 0.291667 0.166667
vt 0.291667 0.125000
vt 0.291667 0.083333
vt 0.291667 0.041667
vt 0.291667 0.000000
vt 0.291667 1.000000
vt 0.250000 0.958333
vt 0.250000 0.916667
vt 0.250000 0.875000
vt 0.250000 0.833333
vt 0.250000 0.791667
vt 0.250000 0.750000
vt 0.250000 0.708333
vt 0.250000 0.666667
vt 0.250000 0.625000
vt 0.250000 0.583333
vt 0.250000 0.541667
vt 0.250000 0.500000
vt 0.250000 0.458333
vt 0.250000 0.416667
vt 0.250000 0.375000
vt 0.250000 0.333333
vt 0.250000 0.291667
vt 0.250000 0.250000
vt 0.250000 0.208333
vt 0.250000 0.166667
vt 0.250000 0.125000
vt 0.250000 0.083333
vt 0.250000 0.041667
vt 0.250000 0.000000
vt 0.250000 1.000000
vt 0.208333 0.958333
vt 0.208333 0.916667
vt 0.208333 0.875000
vt 0.208333 0.833333
vt 0.208333 0.791667
vt 0.208333 0.750000
vt 0.208333 0.708333
vt 0.208333 0.666667
vt 0.208333 0.625000
vt 0.208333 0.583333
vt 0.208333 0.541667
vt 0.208333 0.500000
vt 0.208333 0.458333
vt 0.208333 0.416667
vt 0.208333 0.375000
vt 0.208333 0.333333
vt 0.208333 0.291667
vt 0.208333 0.250000
vt 0.208333 0.208333
vt 0.208333 0.166667
vt 0.208333 0.125000
vt 0.208333 0.083333
vt 0.208333 0.041667
vt 0.208333 0.000000
vt 0.208333 1.000000
vt 0.166667 0.958333
vt 0.166667 0.916667
vt 0.166667 0.875000
vt 0.166667 0.833333
vt 0.166667 0.791667
vt 0.166667 0.750000
vt 0.166667 0.708333
vt 0.166667 0.666667
vt 0.166667 0.625000
vt 0.166667 0.583333
vt 0.166667 0.541667
vt 0.166667 0.500000
vt 0.166667 0.458333
vt 0.166667 0.416667
vt 0.166667 0.375000
vt 0.166667 0.333333
vt 0.166667 0.291667
vt 0.166667 0.250000
vt 0.166667 0.208333
vt 0.166667 0.166667
vt 0.166667 0.125000
vt 0.166667 0.083333
vt 0.166667 0.041667
vt 0.166667 0.000000
vt 0.166667 1.000000
vt 0.125000 0.958333
vt 0.125000 0.916667
vt 0.125000 0.875000
vt 0.125000 0.833333
vt 0.125000 0.791667
vt 0.125000 0.750000
vt 0.125000 0.708333
vt 0.125000 0.666667
vt 0.125000 0.625000
vt 0.125000 0.583333
vt 0.125000 0.541667
vt 0.125000 0.500000
vt 0.125000 0.458333
vt 0.125000 0.416667
vt 0.125000 0.375000
vt 0.125000 0.333333
vt 0.125000 0.291667
vt 0.125000 0.250000
vt 0.125000 0.208333
vt 0.125000 0.166667
vt 0.125000 0.125000
vt 0.125000 0.083333
vt 0.125000 0.041667
vt 0.125000 0.000000
vt 0.125000 1.000000
vt 0.083333 0.958333
vt 0.083333 0.916667
vt 0.083333 0.875000
vt 0.083333 0.833333
vt 0.083333 0.791667
vt 0.083333 0.750000
vt 0.083333 0.708333
vt 0.083333 0.666667
vt 0.083333 0.625000
vt 0.083333 0.583333
vt 0.083333 0.541667
vt 0.083333 0.500000
vt 0.083333 0.458333
vt 0.083333 0.416667
vt 0.083333 0.375000
vt 0.083333 0.333333
vt 0.083333 0.291667
vt 0.083333 0.250000
vt 0.083333 0.208333
vt 0.083333 0.166667
vt 0.083333 0.125000
vt 0.083333 0.083333
vt 0.083333 0.041667
vt 0.083333 0.000000
vt 0.083333 1.000000
vt 0.041667 0.958333
vt 0.041667 0.916667
vt 0.041667 0.875000
vt 0.041667 0.833333
vt 0.041667 0.791667
vt 0.041667 0.750000
vt 0.041667 0.708333
vt 0.041667 0.666667
vt 0.041667 0.625000
vt 0.041667 0.583333
vt 0.041667 0.541667
vt 0.041667 0.500000
vt 0.041667 0.458333
vt 0.041667 0.416667
vt 0.041667 0.375000
vt 0.041667 0.333333
vt 0.041667 0.291667
vt 0.041667 0.250000
vt 0.041667 0.208333
vt 0.041667 0.166667
vt 0.041667 0.125000
vt 0.041667 0.083333
vt 0.041667 0.041667
vt 0.041667 0.000000
vt 0.041667 1.000000
vt 0.000000 0.958333
vt 0.000000 0.916667
vt 0.000000 0.875000
vt 0.000000 0.833333
vt 0.000000 0.791667
vt 0.000000 0.750000
vt 0.000000 0.708333
vt 0.000000 0.666667
vt 0.000000 0.625000
vt 0.000000 0.583333
vt 0.000000 0.541667
vt 0.000000 0.500000
vt 0.000000 0.458333
vt 0.000000 0.416667
vt 0.000000 0.375000
vt 0.000000 0.333333
vt 0.000000 0.291667
vt 0.000000 0.250000
vt 0.000000 0.208333
vt 0.000000 0.166667
vt 0.000000 0.125000
vt 0.000000 0.083333
vt 0.000000 0.041667
vt 0.000000 0.000000
vn -0.000000 1.000000 -0.000000
vn 0.125800 0.991500 0.033800
vn 0.130200 0.991500 -0.000000
vn 0.250200 0.965900 0.067000
vn 0.259000 0.965900 -0.000000
vn 0.370000 0.923800 0.099000
vn 0.382900 0.923800 0.000000
vn 0.482500 0.866300 0.129300
vn 0.499500 0.866300 -0.000000
vn 0.587700 0.793600 0.157500
vn 0.608400 0.793700 0.000000
vn 0.682900 0.707200 0.183100
vn 0.706900 0.707300 -0.000000
vn 0.766400 0.608700 0.205500
vn 0.793500 0.608600 0.000000
vn 0.836600 0.499800 0.224100
vn 0.866300 0.499500 -0.000000
vn 0.892500 0.382600 0.238900
vn 0.923900 0.382700 0.000000
vn 0.933100 0.258800 0.249900
vn 0.965900 0.258900 -0.000000
vn 0.957700 0.130600 0.256600
vn 0.991400 0.130600 -0.000000
vn 0.965900 0.000000 0.258800
vn 1.000000 0.000000 0.000000
vn 0.957700 -0.130600 0.256600
vn 0.991400 -0.130600 -0.000000
vn 0.933000 -0.258800 0.249900
vn 0.965900 -0.258900 -0.000000
vn 0.892500 -0.382600 0.238900
vn 0.923900 -0.382600 -0.000000
vn 0.836600 -0.499800 0.224100
vn 0.866300 -0.499500 -0.000000
vn 0.766400 -0.608700 0.205500
vn 0.793500 -0.608600 -0.000000
vn 0.682900 -0.707200 0.183100
vn 0.706900 -0.707300 -0.000000
vn 0.587700 -0.793600 0.157500
vn 0.608400 -0.793700 -0.000000
vn 0.482500 -0.866300 0.129300
vn 0.499500 -0.866300 -0.000000
vn 0.370000 -0.923800 0.099000
vn 0.382900 -0.923800 0.000000
vn 0.250200 -0.965900 0.067000
vn 0.259000 -0.965900 -0.000000
vn 0.125800 -0.991500 0.033800
vn 0.130200 -0.991500 0.000000
vn 0.000000 -1.000000 0.000000
vn 0.112700 0.991500 0.065200
vn 0.224200 0.965900 0.129400
vn 0.331700 0.923800 0.191400
vn 0.432700 0.866200 0.249800
vn 0.526900 0.793600 0.304300
vn 0.612300 0.707100 0.353600
vn 0.687100 0.608600 0.396800
vn 0.749900 0.500000 0.433200
vn 0.800000 0.382700 0.462100
vn 0.836500 0.258800 0.483000
vn 0.858600 0.130700 0.495700
vn 0.866100 0.000000 0.499900
vn 0.858600 -0.130700 0.495700
vn 0.836500 -0.258800 0.483000
vn 0.800000 -0.382600 0.462100
vn 0.749900 -0.500000 0.433100
vn 0.687100 -0.608600 0.396800
vn 0.612300 -0.707100 0.353600
vn 0.526900 -0.793600 0.304300
vn 0.432700 -0.866200 0.249800
vn 0.331700 -0.923700 0.191500
vn 0.224200 -0.965900 0.129400
vn 0.112700 -0.991500 0.065100
vn 0.092000 0.991500 0.092000
vn 0.183100 0.965900 0.183100
vn 0.270800 0.923800 0.270800
vn 0.353400 0.866200 0.353400
vn 0.430200 0.793600 0.430200
vn 0.500000 0.707100 0.500000
vn 0.561100 0.608600 0.561100
vn 0.612400 0.499900 0.612400
vn 0.653300 0.382700 0.653300
vn 0.683000 0.258800 0.683000
vn 0.701100 0.130600 0.701100
vn 0.707100 -0.000000 0.707100
vn 0.701100 -0.130600 0.701100
vn 0.683000 -0.258800 0.683000
vn 0.653300 -0.382700 0.653300
vn 0.612400 -0.500000 0.612400
vn 0.561100 -0.608600 0.561100
vn 0.500000 -0.707100 0.500000
vn 0.430200 -0.793600 0.430200
vn 0.353400 -0.866200 0.353400
vn 0.270800 -0.923800 0.270800
vn 0.183100 -0.965900 0.183100
vn 0.092100 -0.991500 0.092100
vn 0.065100 0.991500 0.112700
vn 0.129400 0.965900 0.224200
vn 0.191400 0.923800 0.331700
vn 0.249800 0.866200 0.432700
vn 0.304300 0.793600 0.526900
vn 0.353600 0.707100 0.612400
vn 0.396800 0.608600 0.687100
vn 0.433200 0.500000 0.749900
vn 0.462100 0.382700 0.800000
vn 0.483100 0.258700 0.836500
vn 0.495700 0.130800 0.858600
vn 0.499900 -0.000000 0.866100
vn 0.495700 -0.130700 0.858600
vn 0.483100 -0.258700 0.836500
vn 0.462100 -0.382700 0.800000
vn 0.433200 -0.500000 0.749900
vn 0.396800 -0.608700 0.687100
vn 0.353600 -0.707100 0.612300
vn 0.304300 -0.793600 0.526900
vn 0.249800 -0.866200 0.432700
vn 0.191400 -0.923800 0.331700
vn 0.129400 -0.965900 0.224200
vn 0.065100 -0.991500 0.112700
vn 0.033800 0.991500 0.125800
vn 0.067000 0.965900 0.250200
vn 0.099000 0.923800 0.370000
vn 0.129300 0.866300 0.482500
vn 0.157500 0.793600 0.587700
vn 0.183100 0.707200 0.682900
vn 0.205500 0.608700 0.766400
vn 0.224100 0.499800 0.836600
vn 0.238900 0.382600 0.892500
vn 0.249900 0.258900 0.933000
vn 0.256500 0.130600 0.957700
vn 0.258800 0.000000 0.965900
vn 0.256500 -0.130600 0.957700
vn 0.249900 -0.258700 0.933100
vn 0.238900 -0.382600 0.892500
vn 0.224100 -0.499800 0.836600
vn 0.205500 -0.608700 0.766400
vn 0.183100 -0.707200 0.682900
vn 0.157500 -0.793600 0.587700
vn 0.129300 -0.866300 0.482500
vn 0.099000 -0.923800 0.370000
vn 0.067000 -0.965900 0.250200
vn 0.033800 -0.991500 0.125800
vn -0.000000 0.991500 0.130200
vn -0.000000 0.965900 0.259000
vn -0.000000 0.923800 0.382900
vn 0.000000 0.866300 0.499500
vn 0.000000 0.793700 0.608400
vn 0.000000 0.707300 0.706900
vn 0.000000 0.608600 0.793500
vn 0.000000 0.499400 0.866300
vn 0.000000 0.382600 0.923900
vn -0.000000 0.258900 0.965900
vn -0.000000 0.130600 0.991400
vn 0.000000 0.000000 1.000000
vn -0.000000 -0.130600 0.991400
vn -0.000000 -0.258900 0.965900
vn 0.000000 -0.382700 0.923900
vn 0.000000 -0.499500 0.866300
vn 0.000000 -0.608600 0.793500
vn 0.000000 -0.707300 0.706900
vn 0.000000 -0.793700 0.608400
vn 0.000000 -0.866300 0.499500
vn -0.000000 -0.923800 0.382900
vn -0.000000 -0.965900 0.259000
vn -0.000000 -0.991500 0.130200
vn -0.033800 0.991500 0.125800
vn -0.067000 0.965900 0.250200
vn -0.099000 0.923800 0.370000
vn -0.129300 0.866300 0.482500
vn -0.157500 0.793600 0.587700
vn -0.183100 0.707200 0.682900
vn -0.205500 0.608700 0.766400
vn -0.224100 0.499800 0.836600
vn -0.238900 0.382600 0.892500
vn -0.249900 0.258700 0.933100
vn -0.256500 0.130600 0.957700
vn -0.258800 0.000000 0.965900
vn -0.256500 -0.130600 0.957700
vn -0.249900 -0.258800 0.933000
vn -0.238900 -0.382600 0.892500
vn -0.224100 -0.499800 0.836600
vn -0.205500 -0.608700 0.766400
vn -0.183100 -0.707200 0.682900
vn -0.157500 -0.793600 0.587700
vn -0.129300 -0.866300 0.482500
vn -0.099000 -0.923800 0.370000
vn -0.067000 -0.965900 0.250200
vn -0.033800 -0.991500 0.125800
vn -0.065100 0.991500 0.112700
vn -0.129400 0.965900 0.224200
vn -0.191400 0.923800 0.331700
vn -0.249800 0.866200 0.432700
vn -0.304300 0.793600 0.526900
vn -0.353600 0.707100 0.612300
vn -0.396800 0.608700 0.687100
vn -0.433200 0.500000 0.749900
vn -0.462100 0.382600 0.800000
vn -0.483100 0.258700 0.836500
vn -0.495700 0.130700 0.858600
vn -0.499900 0.000000 0.866100
vn -0.495700 -0.130700 0.858600
vn -0.483100 -0.258700 0.836500
vn -0.462100 -0.382700 0.800000
vn -0.433100 -0.500000 0.749900
vn -0.396800 -0.608700 0.687100
vn -0.353600 -0.707100 0.612300
vn -0.304300 -0.793600 0.526900
vn -0.249800 -0.866200 0.432700
vn -0.191500 -0.923700 0.331700
vn -0.129400 -0.965900 0.224200
vn -0.065200 -0.991500 0.112700
vn -0.092000 0.991500 0.092000
vn -0.183100 0.965900 0.183100
vn -0.270800 0.923800 0.270800
vn -0.353400 0.866200 0.353400
vn -0.430200 0.793600 0.430200
vn -0.500000 0.707100 0.500000
vn -0.561100 0.608600 0.561100
vn -0.612400 0.499900 0.612400
vn -0.653300 0.382700 0.653300
vn -0.683000 0.258800 0.683000
vn -0.701100 0.130600 0.701100
vn -0.707100 0.000000 0.707100
vn -0.701100 -0.130600 0.701100
vn -0.683000 -0.258800 0.683000
vn -0.653300 -0.382700 0.653300
vn -0.612400 -0.499900 0.612400
vn -0.561100 -0.608600 0.561100
vn -0.500000 -0.707100 0.500000
vn -0.430200 -0.793600 0.430200
vn -0.353400 -0.866200 0.353400
vn -0.270800 -0.923800 0.270800
vn -0.183100 -0.965900 0.183100
vn -0.092000 -0.991500 0.092000
vn -0.112700 0.991500 0.065200
vn -0.224200 0.965900 0.129400
vn -0.331700 0.923800 0.191400
vn -0.432700 0.866200 0.249800
vn -0.526900 0.793600 0.304300
vn -0.612300 0.707100 0.353600
vn -0.687100 0.608600 0.396800
vn -0.749900 0.500000 0.433100
vn -0.800000 0.382700 0.462100
vn -0.836500 0.258700 0.483100
vn -0.858600 0.130700 0.495700
vn -0.866100 0.000000 0.499900
vn -0.858600 -0.130600 0.495700
vn -0.836500 -0.258700 0.483100
vn -0.800000 -0.382700 0.462100
vn -0.749900 -0.500000 0.433200
vn -0.687100 -0.608600 0.396800
vn -0.612300 -0.707100 0.353600
vn -0.526900 -0.793600 0.304300
vn -0.432700 -0.866200 0.249800
vn -0.331700 -0.923700 0.191500
vn -0.224200 -0.965900 0.129400
vn -0.112700 -0.991500 0.065100
vn -0.125800 0.991500 0.033800
vn -0.250200 0.965900 0.067000
vn -0.370000 0.923800 0.099000
vn -0.482500 0.866300 0.129300
vn -0.587700 0.793600 0.157500
vn -0.682900 0.707200 0.183100
vn -0.766400 0.608700 0.205500
vn -0.836600 0.499800 0.224100
vn -0.892500 0.382600 0.238900
vn -0.933100 0.258700 0.249900
vn -0.957700 0.130600 0.256600
vn -0.965900 0.000000 0.258800
vn -0.957700 -0.130600 0.256600
vn -0.933000 -0.258800 0.249900
vn -0.892500 -0.382600 0.238900
vn -0.836600 -0.499800 0.224100
vn -0.766400 -0.608700 0.205500
vn -0.682900 -0.707200 0.183100
vn -0.587700 -0.793600 0.157500
vn -0.482500 -0.866300 0.129300
vn -0.370000 -0.923800 0.099000
vn -0.250200 -0.965900 0.067000
vn -0.125800 -0.991500 0.033800
vn -0.130200 0.991500 0.000000
vn -0.259000 0.965900 -0.000000
vn -0.382900 0.923800 -0.000000
vn -0.499500 0.866300 0.000000
vn -0.608400 0.793600 0.000000
vn -0.706900 0.707300 0.000000
vn -0.793500 0.608600 0.000000
vn -0.866300 0.499500 0.000000
vn -0.923900 0.382600 0.000000
vn -0.965900 0.258900 -0.000000
vn -0.991400 0.130600 -0.000000
vn -1.000000 0.000000 0.000000
vn -0.991400 -0.130600 -0.000000
vn -0.965900 -0.258900 -0.000000
vn -0.923900 -0.382700 0.000000
vn -0.866300 -0.499500 0.000000
vn -0.793500 -0.608600 0.000000
vn -0.706900 -0.707300 0.000000
vn -0.608400 -0.793600 0.000000
vn -0.499500 -0.866300 0.000000
vn -0.382900 -0.923800 -0.000000
vn -0.259000 -0.965900 -0.000000
vn -0.130200 -0.991500 0.000000
vn -0.125800 0.991500 -0.033800
vn -0.250200 0.965900 -0.067000
vn -0.370000 0.923800 -0.099000
vn -0.482500 0.866300 -0.129300
vn -0.587700 0.793600 -0.157500
vn -0.682900 0.707200 -0.183100
vn -0.766400 0.608700 -0.205500
vn -0.836600 0.499800 -0.224100
vn -0.892500 0.382600 -0.238900
vn -0.933100 0.258800 -0.249900
vn -0.957700 0.130600 -0.256600
vn -0.965900 0.000000 -0.258800
vn -0.957700 -0.130600 -0.256600
vn -0.933000 -0.258800 -0.249900
vn -0.892500 -0.382600 -0.238900
vn -0.836600 -0.499800 -0.224100
vn -0.766400 -0.608700 -0.205500
vn -0.682900 -0.707200 -0.183100
vn -0.587700 -0.793600 -0.157500
vn -0.482500 -0.866300 -0.129300
vn -0.370000 -0.923800 -0.099000
vn -0.250200 -0.965900 -0.067000
vn -0.125800 -0.991500 -0.033800
vn -0.112700 0.991500 -0.065200
vn -0.224200 0.965900 -0.129400
vn -0.331700 0.923800 -0.191400
vn -0.432700 0.866200 -0.249800
vn -0.526900 0.793600 -0.304300
vn -0.612300 0.707100 -0.353600
vn -0.687100 0.608600 -0.396800
vn -0.749900 0.500000 -0.433200
vn -0.800000 0.382700 -0.462100
vn -0.836500 0.258800 -0.483000
vn -0.858600 0.130700 -0.495700
vn -0.866100 -0.000000 -0.499900
vn -0.858600 -0.130700 -0.495700
vn -0.836500 -0.258800 -0.483000
vn -0.800000 -0.382600 -0.462100
vn -0.749900 -0.500000 -0.433100
vn -0.687100 -0.608600 -0.396800
vn -0.612300 -0.707100 -0.353600
vn -0.526900 -0.793600 -0.304300
vn -0.432700 -0.866200 -0.249800
vn -0.331700 -0.923700 -0.191500
vn -0.224200 -0.965900 -0.129400
vn -0.112700 -0.991500 -0.065100
vn -0.092000 0.991500 -0.092000
vn -0.183100 0.965900 -0.183100
vn -0.270800 0.923800 -0.270800
vn -0.353400 0.866200 -0.353400
vn -0.430200 0.793600 -0.430200
vn -0.500000 0.707100 -0.500000
vn -0.561100 0.608600 -0.561100
vn -0.612400 0.499900 -0.612400
vn -0.653300 0.382700 -0.653300
vn -0.683000 0.258800 -0.683000
vn -0.701100 0.130600 -0.701100
vn -0.707100 -0.000000 -0.707100
vn -0.701100 -0.130600 -0.701100
vn -0.683000 -0.258800 -0.683000
vn -0.653300 -0.382700 -0.653300
vn -0.612400 -0.500000 -0.612400
vn -0.561100 -0.608600 -0.561100
vn -0.500000 -0.707100 -0.500000
vn -0.430200 -0.793600 -0.430200
vn -0.353400 -0.866200 -0.353400
vn -0.270800 -0.923800 -0.270800
vn -0.183100 -0.965900 -0.183100
vn -0.092100 -0.991500 -0.092100
vn -0.065100 0.991500 -0.112700
vn -0.129400 0.965900 -0.224200
vn -0.191400 0.923800 -0.331700
vn -0.249800 0.866200 -0.432700
vn -0.304300 0.793600 -0.526900
vn -0.353600 0.707100 -0.612400
vn -0.396800 0.608600 -0.687100
vn -0.433200 0.500000 -0.749900
vn -0.462100 0.382700 -0.800000
vn -0.483100 0.258700 -0.836500
vn -0.495700 0.130800 -0.858600
vn -0.499900 0.000000 -0.866100
vn -0.495700 -0.130700 -0.858600
vn -0.483100 -0.258700 -0.836500
vn -0.462100 -0.382700 -0.800000
vn -0.433200 -0.500000 -0.749900
vn -0.396800 -0.608700 -0.687100
vn -0.353600 -0.707100 -0.612300
vn -0.304300 -0.793600 -0.526900
vn -0.249800 -0.866200 -0.432700
vn -0.191400 -0.923800 -0.331700
vn -0.129400 -0.965900 -0.224200
vn -0.065100 -0.991500 -0.112700
vn -0.033800 0.991500 -0.125800
vn -0.067000 0.965900 -0.250200
vn -0.099000 0.923800 -0.370000
vn -0.129300 0.866300 -0.482500
vn -0.157500 0.793600 -0.587700
vn -0.183100 0.707200 -0.682900
vn -0.205500 0.608700 -0.766400
vn -0.224100 0.499800 -0.836600
vn -0.238900 0.382600 -0.892500
vn -0.249900 0.258900 -0.933000
vn -0.256500 0.130600 -0.957700
vn -0.258800 0.000000 -0.965900
vn -0.256500 -0.130600 -0.957700
vn -0.249900 -0.258700 -0.933100
vn -0.238900 -0.382600 -0.892500
vn -0.224100 -0.499800 -0.836600
vn -0.205500 -0.608700 -0.766400
vn -0.183100 -0.707200 -0.682900
vn -0.157500 -0.793600 -0.587700
vn -0.129300 -0.866300 -0.482500
vn -0.099000 -0.923800 -0.370000
vn -0.067000 -0.965900 -0.250200
vn -0.033800 -0.991500 -0.125800
vn 0.000000 0.991500 -0.130200
vn 0.000000 0.965900 -0.259000
vn 0.000000 0.923800 -0.382900
vn -0.000000 0.866300 -0.499500
vn -0.000000 0.793700 -0.608400
vn -0.000000 0.707300 -0.706900
vn -0.000000 0.608600 -0.793500
vn -0.000000 0.499400 -0.866300
vn -0.000000 0.382600 -0.923900
vn 0.000000 0.258900 -0.965900
vn 0.000000 0.130600 -0.991400
vn 0.000000 0.000000 -1.000000
vn 0.000000 -0.130600 -0.991400
vn 0.000000 -0.258900 -0.965900
vn -0.000000 -0.382700 -0.923900
vn -0.000000 -0.499500 -0.866300
vn -0.000000 -0.608600 -0.793500
vn -0.000000 -0.707300 -0.706900
vn -0.000000 -0.793700 -0.608400
vn -0.000000 -0.866300 -0.499500
vn 0.000000 -0.923800 -0.382900
vn 0.000000 -0.965900 -0.259000
vn -0.000000 -0.991500 -0.130200
vn 0.033800 0.991500 -0.125800
vn 0.067000 0.965900 -0.250200
vn 0.099000 0.923800 -0.370000
vn 0.129300 0.866300 -0.482500
vn 0.157500 0.793600 -0.587700
vn 0.183100 0.707200 -0.682900
vn 0.205500 0.608700 -0.766400
vn 0.224100 0.499800 -0.836600
vn 0.238900 0.382600 -0.892500
vn 0.249900 0.258700 -0.933100
vn 0.256500 0.130600 -0.957700
vn 0.258800 0.000000 -0.965900
vn 0.256500 -0.130600 -0.957700
vn 0.249900 -0.258800 -0.933000
vn 0.238900 -0.382600 -0.892500
vn 0.224100 -0.499800 -0.836600
vn 0.205500 -0.608700 -0.766400
vn 0.183100 -0.707200 -0.682900
vn 0.157500 -0.793600 -0.587700
vn 0.129300 -0.866300 -0.482500
vn 0.099000 -0.923800 -0.370000
vn 0.067000 -0.965900 -0.250200
vn 0.033800 -0.991500 -0.125800
vn 0.065100 0.991500 -0.112700
vn 0.129400 0.965900 -0.224200
vn 0.191400 0.923800 -0.331700
vn 0.249800 0.866200 -0.432700
vn 0.304300 0.793600 -0.526900
vn 0.353600 0.707100 -0.612300
vn 0.396800 0.608700 -0.687100
vn 0.433200 0.500000 -0.749900
vn 0.462100 0.382600 -0.800000
vn 0.483100 0.258700 -0.836500
vn 0.495700 0.130700 -0.858600
vn 0.499900 0.000000 -0.866100
vn 0.495700 -0.130700 -0.858600
vn 0.483100 -0.258700 -0.836500
vn 0.462100 -0.382700 -0.800000
vn 0.433100 -0.500000 -0.749900
vn 0.396800 -0.608700 -0.687100
vn 0.353600 -0.707100 -0.612300
vn 0.304300 -0.793600 -0.526900
vn 0.249800 -0.866200 -0.432700
vn 0.191500 -0.923700 -0.331700
vn 0.129400 -0.965900 -0.224200
vn 0.065200 -0.991500 -0.112700
vn 0.092000 0.991500 -0.092000
vn 0.183100 0.965900 -0.183100
vn 0.270800 0.923800 -0.270800
vn 0.353400 0.866200 -0.353400
vn 0.430200 0.793600 -0.430200
vn 0.500000 0.707100 -0.500000
vn 0.561100 0.608600 -0.561100
vn 0.612400 0.499900 -0.612400
vn 0.653300 0.382700 -0.653300
vn 0.683000 0.258800 -0.683000
vn 0.701100 0.130600 -0.701100
vn 0.707100 0.000000 -0.707100
vn 0.701100 -0.130600 -0.701100
vn 0.683000 -0.258800 -0.683000
vn 0.653300 -0.382700 -0.653300
vn 0.612400 -0.499900 -0.612400
vn 0.561100 -0.608600 -0.561100
vn 0.500000 -0.707100 -0.500000
vn 0.430200 -0.793600 -0.430200
vn 0.353400 -0.866200 -0.353400
vn 0.270800 -0.923800 -0.270800
vn 0.183100 -0.965900 -0.183100
vn 0.092000 -0.991500 -0.092000
vn 0.112700 0.991500 -0.065200
vn 0.224200 0.965900 -0.129400
vn 0.331700 0.923800 -0.191400
vn 0.432700 0.866200 -0.249800
vn 0.526900 0.793600 -0.304300
vn 0.612300 0.707100 -0.353600
vn 0.687100 0.608600 -0.396800
vn 0.749900 0.500000 -0.433100
vn 0.800000 0.382700 -0.462100
vn 0.836500 0.258700 -0.483100
vn 0.858600 0.130700 -0.495700
vn 0.866100 0.000000 -0.499900
vn 0.858600 -0.130600 -0.495700
vn 0.836500 -0.258700 -0.483100
vn 0.800000 -0.382700 -0.462100
vn 0.749900 -0.500000 -0.433200
vn 0.687100 -0.608600 -0.396800
vn 0.612300 -0.707100 -0.353600
vn 0.526900 -0.793600 -0.304300
vn 0.432700 -0.866200 -0.249800
vn 0.331700 -0.923700 -0.191500
vn 0.224200 -0.965900 -0.129400
vn 0.112700 -0.991500 -0.065100
vn 0.125800 0.991500 -0.033800
vn 0.250200 0.965900 -0.067000
vn 0.370000 0.923800 -0.099000
vn 0.482500 0.866300 -0.129300
vn 0.587700 0.793600 -0.157500
vn 0.682900 0.707200 -0.183100
vn 0.766400 0.608700 -0.205500
vn 0.836600 0.499800 -0.224100
vn 0.892500 0.382600 -0.238900
vn 0.933100 0.258700 -0.249900
vn 0.957700 0.130600 -0.256600
vn 0.965900 0.000000 -0.258800
vn 0.957700 -0.130600 -0.256600
vn 0.933000 -0.258800 -0.249900
vn 0.892500 -0.382600 -0.238900
vn 0.836600 -0.499800 -0.224100
vn 0.766400 -0.608700 -0.205500
vn 0.682900 -0.707200 -0.183100
vn 0.587700 -0.793600 -0.157500
vn 0.482500 -0.866300 -0.129300
vn 0.370000 -0.923800 -0.099000
vn 0.250200 -0.965900 -0.067000
vn 0.125800 -0.991500 -0.033800
usemtl Physical1
s 1
f 5607/6237/5583 5632/6238/5584 5608/6239/5585
f 5608/6239/5585 5632/6238/5584 5633/6240/5586 5609/6241/5587
f 5609/6241/5587 5633/6240/5586 5634/6242/5588 5610/6243/5589
f 5610/6243/5589 5634/6242/5588 5635/6244/5590 5611/6245/5591
f 5611/6245/5591 5635/6244/5590 5636/6246/5592 5612/6247/5593
f 5612/6247/5593 5636/6246/5592 5637/6248/5594 5613/6249/5595
f 5613/6249/5595 5637/6248/5594 5638/6250/5596 5614/6251/5597
f 5614/6251/5597 5638/6250/5596 5639/6252/5598 5615/6253/5599
f 5615/6253/5599 5639/6252/5598 5640/6254/5600 5616/6255/5601
f 5616/6255/5601 5640/6254/5600 5641/6256/5602 5617/6257/5603
f 5617/6257/5603 5641/6256/5602 5642/6258/5604 5618/6259/5605
f 5618/6259/5605 5642/6258/5604 5643/6260/5606 5619/6261/5607
f 5619/6261/5607 5643/6260/5606 5644/6262/5608 5620/6263/5609
f 5620/6263/5609 5644/6262/5608 5645/6264/5610 5621/6265/5611
f 5621/6265/5611 5645/6264/5610 5646/6266/5612 5622/6267/5613
f 5622/6267/5613 5646/6266/5612 5647/6268/5614 5623/6269/5615
f 5623/6269/5615 5647/6268/5614 5648/6270/5616 5624/6271/5617
f 5624/6271/5617 5648/6270/5616 5649/6272/5618 5625/6273/5619
f 5625/6273/5619 5649/6272/5618 5650/6274/5620 5626/6275/5621
f 5626/6275/5621 5650/6274/5620 5651/6276/5622 5627/6277/5623
f 5627/6277/5623 5651/6276/5622 5652/6278/5624 5628/6279/5625
f 5628/6279/5625 5652/6278/5624 5653/6280/5626 5629/6281/5627
f 5629/6281/5627 5653/6280/5626 5654/6282/5628 5630/6283/5629
f 5630/6283/5629 5654/6282/5628 5631/6284/5630
f 5607/6285/5583 5655/6286/5631 5632/6238/5584
f 5632/6238/5584 5655/6286/5631 5656/6287/5632 5633/6240/5586
f 5633/6240/5586 5656/6287/5632 5657/6288/5633 5634/6242/5588
f 5634/6242/5588 5657/6288/5633 5658/6289/5634 5635/6244/5590
f 5635/6244/5590 5658/6289/5634 5659/6290/5635 5636/6246/5592
f 5636/6246/5592 5659/6290/5635 5660/6291/5636 5637/6248/5594
f 5637/6248/5594 5660/6291/5636 5661/6292/5637 5638/6250/5596
f 5638/6250/5596 5661/6292/5637 5662/6293/5638 5639/6252/5598
f 5639/6252/5598 5662/6293/5638 5663/6294/5639 5640/6254/5600
f 5640/6254/5600 5663/6294/5639 5664/6295/5640 5641/6256/5602
f 5641/6256/5602 5664/6295/5640 5665/6296/5641 5642/6258/5604
f 5642/6258/5604 5665/6296/5641 5666/6297/5642 5643/6260/5606
f 5643/6260/5606 5666/6297/5642 5667/6298/5643 5644/6262/5608
f 5644/6262/5608 5667/6298/5643 5668/6299/5644 5645/6264/5610
f 5645/6264/5610 5668/6299/5644 5669/6300/5645 5646/6266/5612
f 5646/6266/5612 5669/6300/5645 5670/6301/5646 5647/6268/5614
f 5647/6268/5614 5670/6301/5646 5671/6302/5647 5648/6270/5616
f 5648/6270/5616 5671/6302/5647 5672/6303/5648 5649/6272/5618
f 5649/6272/5618 5672/6303/5648 5673/6304/5649 5650/6274/5620
f 5650/6274/5620 5673/6304/5649 5674/6305/5650 5651/6276/5622
f 5651/6276/5622 5674/6305/5650 5675/6306/5651 5652/6278/5624
f 5652/6278/5624 5675/6306/5651 5676/6307/5652 5653/6280/5626
f 5653/6280/5626 5676/6307/5652 5677/6308/5653 5654/6282/5628
f 5654/6282/5628 5677/6308/5653 5631/6309/5630
f 5607/6310/5583 5678/6311/5654 5655/6286/5631
f 5655/6286/5631 5678/6311/5654 5679/6312/5655 5656/6287/5632
f 5656/6287/5632 5679/6312/5655 5680/6313/5656 5657/6288/5633
f 5657/6288/5633 5680/6313/5656 5681/6314/5657 5658/6289/5634
f 5658/6289/5634 5681/6314/5657 5682/6315/5658 5659/6290/5635
f 5659/6290/5635 5682/6315/5658 5683/6316/5659 5660/6291/5636
f 5660/6291/5636 5683/6316/5659 5684/6317/5660 5661/6292/5637
f 5661/6292/5637 5684/6317/5660 5685/6318/5661 5662/6293/5638
f 5662/6293/5638 5685/6318/5661 5686/6319/5662 5663/6294/5639
f 5663/6294/5639 5686/6319/5662 5687/6320/5663 5664/6295/5640
f 5664/6295/5640 5687/6320/5663 5688/6321/5664 5665/6296/5641
f 5665/6296/5641 5688/6321/5664 5689/6322/5665 5666/6297/5642
f 5666/6297/5642 5689/6322/5665 5690/6323/5666 5667/6298/5643
f 5667/6298/5643 5690/6323/5666 5691/6324/5667 5668/6299/5644
f 5668/6299/5644 5691/6324/5667 5692/6325/5668 5669/6300/5645
f 5669/6300/5645 5692/6325/5668 5693/6326/5669 5670/6301/5646
f 5670/6301/5646 5693/6326/5669 5694/6327/5670 5671/6302/5647
f 5671/6302/5647 5694/6327/5670 5695/6328/5671 5672/6303/5648
f 5672/6303/5648 5695/6328/5671 5696/6329/5672 5673/6304/5649
f 5673/6304/5649 5696/6329/5672 5697/6330/5673 5674/6305/5650
f 5674/6305/5650 5697/6330/5673 5698/6331/5674 5675/6306/5651
f 5675/6306/5651 5698/6331/5674 5699/6332/5675 5676/6307/5652
f 5676/6307/5652 5699/6332/5675 5700/6333/5676 5677/6308/5653
f 5677/6308/5653 5700/6333/5676 5631/6334/5630
f 5607/6335/5583 5701/6336/5677 5678/6311/5654
f 5678/6311/5654 5701/6336/5677 5702/6337/5678 5679/6312/5655
f 5679/6312/5655 5702/6337/5678 5703/6338/5679 5680/6313/5656
f 5680/6313/5656 5703/6338/5679 5704/6339/5680 5681/6314/5657
f 5681/6314/5657 5704/6339/5680 5705/6340/5681 5682/6315/5658
f 5682/6315/5658 5705/6340/5681 5706/6341/5682 5683/6316/5659
f 5683/6316/5659 5706/6341/5682 5707/6342/5683 5684/6317/5660
f 5684/6317/5660 5707/6342/5683 5708/6343/5684 5685/6318/5661
f 5685/6318/5661 5708/6343/5684 5709/6344/5685 5686/6319/5662
f 5686/6319/5662 5709/6344/5685 5710/6345/5686 5687/6320/5663
f 5687/6320/5663 5710/6345/5686 5711/6346/5687 5688/6321/5664
f 5688/6321/5664 5711/6346/5687 5712/6347/5688 5689/6322/5665
f 5689/6322/5665 5712/6347/5688 5713/6348/5689 5690/6323/5666
f 5690/6323/5666 5713/6348/5689 5714/6349/5690 5691/6324/5667
f 5691/6324/5667 5714/6349/5690 5715/6350/5691 5692/6325/5668
f 5692/6325/5668 5715/6350/5691 5716/6351/5692 5693/6326/5669
f 5693/6326/5669 5716/6351/5692 5717/6352/5693 5694/6327/5670
f 5694/6327/5670 5717/6352/5693 5718/6353/5694 5695/6328/5671
f 5695/6328/5671 5718/6353/5694 5719/6354/5695 5696/6329/5672
f 5696/6329/5672 5719/6354/5695 5720/6355/5696 5697/6330/5673
f 5697/6330/5673 5720/6355/5696 5721/6356/5697 5698/6331/5674
f 5698/6331/5674 5721/6356/5697 5722/6357/5698 5699/6332/5675
f 5699/6332/5675 5722/6357/5698 5723/6358/5699 5700/6333/5676
f 5700/6333/5676 5723/6358/5699 5631/6359/5630
f 5607/6360/5583 5724/6361/5700 5701/6336/5677
f 5701/6336/5677 5724/6361/5700 5725/6362/5701 5702/6337/5678
f 5702/6337/5678 5725/6362/5701 5726/6363/5702 5703/6338/5679
f 5703/6338/5679 5726/6363/5702 5727/6364/5703 5704/6339/5680
f 5704/6339/5680 5727/6364/5703 5728/6365/5704 5705/6340/5681
f 5705/6340/5681 5728/6365/5704 5729/6366/5705 5706/6341/5682
f 5706/6341/5682 5729/6366/5705 5730/6367/5706 5707/6342/5683
f 5707/6342/5683 5730/6367/5706 5731/6368/5707 5708/6343/5684
f 5708/6343/5684 5731/6368/5707 5732/6369/5708 5709/6344/5685
f 5709/6344/5685 5732/6369/5708 5733/6370/5709 5710/6345/5686
f 5710/6345/5686 5733/6370/5709 5734/6371/5710 5711/6346/5687
f 5711/6346/5687 5734/6371/5710 5735/6372/5711 5712/6347/5688
f 5712/6347/5688 5735/6372/5711 5736/6373/5712 5713/6348/5689
f 5713/6348/5689 5736/6373/5712 5737/6374/5713 5714/6349/5690
f 5714/6349/5690 5737/6374/5713 5738/6375/5714 5715/6350/5691
f 5715/6350/5691 5738/6375/5714 5739/6376/5715 5716/6351/5692
f 5716/6351/5692 5739/6376/5715 5740/6377/5716 5717/6352/5693
f 5717/6352/5693 5740/6377/5716 5741/6378/5717 5718/6353/5694
f 5718/6353/5694 5741/6378/5717 5742/6379/5718 5719/6354/5695
f 5719/6354/5695 5742/6379/5718 5743/6380/5719 5720/6355/5696
f 5720/6355/5696 5743/6380/5719 5744/6381/5720 5721/6356/5697
f 5721/6356/5697 5744/6381/5720 5745/6382/5721 5722/6357/5698
f 5722/6357/5698 5745/6382/5721 5746/6383/5722 5723/6358/5699
f 5723/6358/5699 5746/6383/5722 5631/6384/5630
f 5607/6385/5583 5747/6386/5723 5724/6361/5700
f 5724/6361/5700 5747/6386/5723 5748/6387/5724 5725/6362/5701
f 5725/6362/5701 5748/6387/5724 5749/6388/5725 5726/6363/5702
f 5726/6363/5702 5749/6388/5725 5750/6389/5726 5727/6364/5703
f 5727/6364/5703 5750/6389/5726 5751/6390/5727 5728/6365/5704
f 5728/6365/5704 5751/6390/5727 5752/6391/5728 5729/6366/5705
f 5729/6366/5705 5752/6391/5728 5753/6392/5729 5730/6367/5706
f 5730/6367/5706 5753/6392/5729 5754/6393/5730 5731/6368/5707
f 5731/6368/5707 5754/6393/5730 5755/6394/5731 5732/6369/5708
f 5732/6369/5708 5755/6394/5731 5756/6395/5732 5733/6370/5709
f 5733/6370/5709 5756/6395/5732 5757/6396/5733 5734/6371/5710
f 5734/6371/5710 5757/6396/5733 5758/6397/5734 5735/6372/5711
f 5735/6372/5711 5758/6397/5734 5759/6398/5735 5736/6373/5712
f 5736/6373/5712 5759/6398/5735 5760/6399/5736 5737/6374/5713
f 5737/6374/5713 5760/6399/5736 5761/6400/5737 5738/6375/5714
f 5738/6375/5714 5761/6400/5737 5762/6401/5738 5739/6376/5715
f 5739/6376/5715 5762/6401/5738 5763/6402/5739 5740/6377/5716
f 5740/6377/5716 5763/6402/5739 5764/6403/5740 5741/6378/5717
f 5741/6378/5717 5764/6403/5740 5765/6404/5741 5742/6379/5718
f 5742/6379/5718 5765/6404/5741 5766/6405/5742 5743/6380/5719
f 5743/6380/5719 5766/6405/5742 5767/6406/5743 5744/6381/5720
f 5744/6381/5720 5767/6406/5743 5768/6407/5744 5745/6382/5721
f 5745/6382/5721 5768/6407/5744 5769/6408/5745 5746/6383/5722
f 5746/6383/5722 5769/6408/5745 5631/6409/5630
f 5607/6410/5583 5770/6411/5746 5747/6386/5723
f 5747/6386/5723 5770/6411/5746 5771/6412/5747 5748/6387/5724
f 5748/6387/5724 5771/6412/5747 5772/6413/5748 5749/6388/5725
f 5749/6388/5725 5772/6413/5748 5773/6414/5749 5750/6389/5726
f 5750/6389/5726 5773/6414/5749 5774/6415/5750 5751/6390/5727
f 5751/6390/5727 5774/6415/5750 5775/6416/5751 5752/6391/5728
f 5752/6391/5728 5775/6416/5751 5776/6417/5752 5753/6392/5729
f 5753/6392/5729 5776/6417/5752 5777/6418/5753 5754/6393/5730
f 5754/6393/5730 5777/6418/5753 5778/6419/5754 5755/6394/5731
f 5755/6394/5731 5778/6419/5754 5779/6420/5755 5756/6395/5732
f 5756/6395/5732 5779/6420/5755 5780/6421/5756 5757/6396/5733
f 5757/6396/5733 5780/6421/5756 5781/6422/5757 5758/6397/5734
f 5758/6397/5734 5781/6422/5757 5782/6423/5758 5759/6398/5735
f 5759/6398/5735 5782/6423/5758 5783/6424/5759 5760/6399/5736
f 5760/6399/5736 5783/6424/5759 5784/6425/5760 5761/6400/5737
f 5761/6400/5737 5784/6425/5760 5785/6426/5761 5762/6401/5738
f 5762/6401/5738 5785/6426/5761 5786/6427/5762 5763/6402/5739
f 5763/6402/5739 5786/6427/5762 5787/6428/5763 5764/6403/5740
f 5764/6403/5740 5787/6428/5763 5788/6429/5764 5765/6404/5741
f 5765/6404/5741 5788/6429/5764 5789/6430/5765 5766/6405/5742
f 5766/6405/5742 5789/6430/5765 5790/6431/5766 5767/6406/5743
f 5767/6406/5743 5790/6431/5766 5791/6432/5767 5768/6407/5744
f 5768/6407/5744 5791/6432/5767 5792/6433/5768 5769/6408/5745
f 5769/6408/5745 5792/6433/5768 5631/6434/5630
f 5607/6435/5583 5793/6436/5769 5770/6411/5746
f 5770/6411/5746 5793/6436/5769 5794/6437/5770 5771/6412/5747
f 5771/6412/5747 5794/6437/5770 5795/6438/5771 5772/6413/5748
f 5772/6413/5748 5795/6438/5771 5796/6439/5772 5773/6414/5749
f 5773/6414/5749 5796/6439/5772 5797/6440/5773 5774/6415/5750
f 5774/6415/5750 5797/6440/5773 5798/6441/5774 5775/6416/5751
f 5775/6416/5751 5798/6441/5774 5799/6442/5775 5776/6417/5752
f 5776/6417/5752 5799/6442/5775 5800/6443/5776 5777/6418/5753
f 5777/6418/5753 5800/6443/5776 5801/6444/5777 5778/6419/5754
f 5778/6419/5754 5801/6444/5777 5802/6445/5778 5779/6420/5755
f 5779/6420/5755 5802/6445/5778 5803/6446/5779 5780/6421/5756
f 5780/6421/5756 5803/6446/5779 5804/6447/5780 5781/6422/5757
f 5781/6422/5757 5804/6447/5780 5805/6448/5781 5782/6423/5758
f 5782/6423/5758 5805/6448/5781 5806/6449/5782 5783/6424/5759
f 5783/6424/5759 5806/6449/5782 5807/6450/5783 5784/6425/5760
f 5784/6425/5760 5807/6450/5783 5808/6451/5784 5785/6426/5761
f 5785/6426/5761 5808/6451/5784 5809/6452/5785 5786/6427/5762
f 5786/6427/5762 5809/6452/5785 5810/6453/5786 5787/6428/5763
f 5787/6428/5763 5810/6453/5786 5811/6454/5787 5788/6429/5764
f 5788/6429/5764 5811/6454/5787 5812/6455/5788 5789/6430/5765
f 5789/6430/5765 5812/6455/5788 5813/6456/5789 5790/6431/5766
f 5790/6431/5766 5813/6456/5789 5814/6457/5790 5791/6432/5767
f 5791/6432/5767 5814/6457/5790 5815/6458/5791 5792/6433/5768
f 5792/6433/5768 5815/6458/5791 5631/6459/5630
f 5607/6460/5583 5816/6461/5792 5793/6436/5769
f 5793/6436/5769 5816/6461/5792 5817/6462/5793 5794/6437/5770
f 5794/6437/5770 5817/6462/5793 5818/6463/5794 5795/6438/5771
f 5795/6438/5771 5818/6463/5794 5819/6464/5795 5796/6439/5772
f 5796/6439/5772 5819/6464/5795 5820/6465/5796 5797/6440/5773
f 5797/6440/5773 5820/6465/5796 5821/6466/5797 5798/6441/5774
f 5798/6441/5774 5821/6466/5797 5822/6467/5798 5799/6442/5775
f 5799/6442/5775 5822/6467/5798 5823/6468/5799 5800/6443/5776
f 5800/6443/5776 5823/6468/5799 5824/6469/5800 5801/6444/5777
f 5801/6444/5777 5824/6469/5800 5825/6470/5801 5802/6445/5778
f 5802/6445/5778 5825/6470/5801 5826/6471/5802 5803/6446/5779
f 5803/6446/5779 5826/6471/5802 5827/6472/5803 5804/6447/5780
f 5804/6447/5780 5827/6472/5803 5828/6473/5804 5805/6448/5781
f 5805/6448/5781 5828/6473/5804 5829/6474/5805 5806/6449/5782
f 5806/6449/5782 5829/6474/5805 5830/6475/5806 5807/6450/5783
f 5807/6450/5783 5830/6475/5806 5831/6476/5807 5808/6451/5784
f 5808/6451/5784 5831/6476/5807 5832/6477/5808 5809/6452/5785
f 5809/6452/5785 5832/6477/5808 5833/6478/5809 5810/6453/5786
f 5810/6453/5786 5833/6478/5809 5834/6479/5810 5811/6454/5787
f 5811/6454/5787 5834/6479/5810 5835/6480/5811 5812/6455/5788
f 5812/6455/5788 5835/6480/5811 5836/6481/5812 5813/6456/5789
f 5813/6456/5789 5836/6481/5812 5837/6482/5813 5814/6457/5790
f 5814/6457/5790 5837/6482/5813 5838/6483/5814 5815/6458/5791
f 5815/6458/5791 5838/6483/5814 5631/6484/5630
f 5607/6485/5583 5839/6486/5815 5816/6461/5792
f 5816/6461/5792 5839/6486/5815 5840/6487/5816 5817/6462/5793
f 5817/6462/5793 5840/6487/5816 5841/6488/5817 5818/6463/5794
f 5818/6463/5794 5841/6488/5817 5842/6489/5818 5819/6464/5795
f 5819/6464/5795 5842/6489/5818 5843/6490/5819 5820/6465/5796
f 5820/6465/5796 5843/6490/5819 5844/6491/5820 5821/6466/5797
f 5821/6466/5797 5844/6491/5820 5845/6492/5821 5822/6467/5798
f 5822/6467/5798 5845/6492/5821 5846/6493/5822 5823/6468/5799
f 5823/6468/5799 5846/6493/5822 5847/6494/5823 5824/6469/5800
f 5824/6469/5800 5847/6494/5823 5848/6495/5824 5825/6470/5801
f 5825/6470/5801 5848/6495/5824 5849/6496/5825 5826/6471/5802
f 5826/6471/5802 5849/6496/5825 5850/6497/5826 5827/6472/5803
f 5827/6472/5803 5850/6497/5826 5851/6498/5827 5828/6473/5804
f 5828/6473/5804 5851/6498/5827 5852/6499/5828 5829/6474/5805
f 5829/6474/5805 5852/6499/5828 5853/6500/5829 5830/6475/5806
f 5830/6475/5806 5853/6500/5829 5854/6501/5830 5831/6476/5807
f 5831/6476/5807 5854/6501/5830 5855/6502/5831 5832/6477/5808
f 5832/6477/5808 5855/6502/5831 5856/6503/5832 5833/6478/5809
f 5833/6478/5809 5856/6503/5832 5857/6504/5833 5834/6479/5810
f 5834/6479/5810 5857/6504/5833 5858/6505/5834 5835/6480/5811
f 5835/6480/5811 5858/6505/5834 5859/6506/5835 5836/6481/5812
f 5836/6481/5812 5859/6506/5835 5860/6507/5836 5837/6482/5813
f 5837/6482/5813 5860/6507/5836 5861/6508/5837 5838/6483/5814
f 5838/6483/5814 5861/6508/5837 5631/6509/5630
f 5607/6510/5583 5862/6511/5838 5839/6486/5815
f 5839/6486/5815 5862/6511/5838 5863/6512/5839 5840/6487/5816
f 5840/6487/5816 5863/6512/5839 5864/6513/5840 5841/6488/5817
f 5841/6488/5817 5864/6513/5840 5865/6514/5841 5842/6489/5818
f 5842/6489/5818 5865/6514/5841 5866/6515/5842 5843/6490/5819
f 5843/6490/5819 5866/6515/5842 5867/6516/5843 5844/6491/5820
f 5844/6491/5820 5867/6516/5843 5868/6517/5844 5845/6492/5821
f 5845/6492/5821 5868/6517/5844 5869/6518/5845 5846/6493/5822
f 5846/6493/5822 5869/6518/5845 5870/6519/5846 5847/6494/5823
f 5847/6494/5823 5870/6519/5846 5871/6520/5847 5848/6495/5824
f 5848/6495/5824 5871/6520/5847 5872/6521/5848 5849/6496/5825
f 5849/6496/5825 5872/6521/5848 5873/6522/5849 5850/6497/5826
f 5850/6497/5826 5873/6522/5849 5874/6523/5850 5851/6498/5827
f 5851/6498/5827 5874/6523/5850 5875/6524/5851 5852/6499/5828
f 5852/6499/5828 5875/6524/5851 5876/6525/5852 5853/6500/5829
f 5853/6500/5829 5876/6525/5852 5877/6526/5853 5854/6501/5830
f 5854/6501/5830 5877/6526/5853 5878/6527/5854 5855/6502/5831
f 5855/6502/5831 5878/6527/5854 5879/6528/5855 5856/6503/5832
f 5856/6503/5832 5879/6528/5855 5880/6529/5856 5857/6504/5833
f 5857/6504/5833 5880/6529/5856 5881/6530/5857 5858/6505/5834
f 5858/6505/5834 5881/6530/5857 5882/6531/5858 5859/6506/5835
f 5859/6506/5835 5882/6531/5858 5883/6532/5859 5860/6507/5836
f 5860/6507/5836 5883/6532/5859 5884/6533/5860 5861/6508/5837
f 5861/6508/5837 5884/6533/5860 5631/6534/5630
f 5607/6535/5583 5885/6536/5861 5862/6511/5838
f 5862/6511/5838 5885/6536/5861 5886/6537/5862 5863/6512/5839
f 5863/6512/5839 5886/6537/5862 5887/6538/5863 5864/6513/5840
f 5864/6513/5840 5887/6538/5863 5888/6539/5864 5865/6514/5841
f 5865/6514/5841 5888/6539/5864 5889/6540/5865 5866/6515/5842
f 5866/6515/5842 5889/6540/5865 5890/6541/5866 5867/6516/5843
f 5867/6516/5843 5890/6541/5866 5891/6542/5867 5868/6517/5844
f 5868/6517/5844 5891/6542/5867 5892/6543/5868 5869/6518/5845
f 5869/6518/5845 5892/6543/5868 5893/6544/5869 5870/6519/5846
f 5870/6519/5846 5893/6544/5869 5894/6545/5870 5871/6520/5847
f 5871/6520/5847 5894/6545/5870 5895/6546/5871 5872/6521/5848
f 5872/6521/5848 5895/6546/5871 5896/6547/5872 5873/6522/5849
f 5873/6522/5849 5896/6547/5872 5897/6548/5873 5874/6523/5850
f 5874/6523/5850 5897/6548/5873 5898/6549/5874 5875/6524/5851
f 5875/6524/5851 5898/6549/5874 5899/6550/5875 5876/6525/5852
f 5876/6525/5852 5899/6550/5875 5900/6551/5876 5877/6526/5853
f 5877/6526/5853 5900/6551/5876 5901/6552/5877 5878/6527/5854
f 5878/6527/5854 5901/6552/5877 5902/6553/5878 5879/6528/5855
f 5879/6528/5855 5902/6553/5878 5903/6554/5879 5880/6529/5856
f 5880/6529/5856 5903/6554/5879 5904/6555/5880 5881/6530/5857
f 5881/6530/5857 5904/6555/5880 5905/6556/5881 5882/6531/5858
f 5882/6531/5858 5905/6556/5881 5906/6557/5882 5883/6532/5859
f 5883/6532/5859 5906/6557/5882 5907/6558/5883 5884/6533/5860
f 5884/6533/5860 5907/6558/5883 5631/6559/5630
f 5607/6560/5583 5908/6561/5884 5885/6536/5861
f 5885/6536/5861 5908/6561/5884 5909/6562/5885 5886/6537/5862
f 5886/6537/5862 5909/6562/5885 5910/6563/5886 5887/6538/5863
f 5887/6538/5863 5910/6563/5886 5911/6564/5887 5888/6539/5864
f 5888/6539/5864 5911/6564/5887 5912/6565/5888 5889/6540/5865
f 5889/6540/5865 5912/6565/5888 5913/6566/5889 5890/6541/5866
f 5890/6541/5866 5913/6566/5889 5914/6567/5890 5891/6542/5867
f 5891/6542/5867 5914/6567/5890 5915/6568/5891 5892/6543/5868
f 5892/6543/5868 5915/6568/5891 5916/6569/5892 5893/6544/5869
f 5893/6544/5869 5916/6569/5892 5917/6570/5893 5894/6545/5870
f 5894/6545/5870 5917/6570/5893 5918/6571/5894 5895/6546/5871
f 5895/6546/5871 5918/6571/5894 5919/6572/5895 5896/6547/5872
f 5896/6547/5872 5919/6572/5895 5920/6573/5896 5897/6548/5873
f 5897/6548/5873 5920/6573/5896 5921/6574/5897 5898/6549/5874
f 5898/6549/5874 5921/6574/5897 5922/6575/5898 5899/6550/5875
f 5899/6550/5875 5922/6575/5898 5923/6576/5899 5900/6551/5876
f 5900/6551/5876 5923/6576/5899 5924/6577/5900 5901/6552/5877
f 5901/6552/5877 5924/6577/5900 5925/6578/5901 5902/6553/5878
f 5902/6553/5878 5925/6578/5901 5926/6579/5902 5903/6554/5879
f 5903/6554/5879 5926/6579/5902 5927/6580/5903 5904/6555/5880
f 5904/6555/5880 5927/6580/5903 5928/6581/5904 5905/6556/5881
f 5905/6556/5881 5928/6581/5904 5929/6582/5905 5906/6557/5882
f 5906/6557/5882 5929/6582/5905 5930/6583/5906 5907/6558/5883
f 5907/6558/5883 5930/6583/5906 5631/6584/5630
f 5607/6585/5583 5931/6586/5907 5908/6561/5884
f 5908/6561/5884 5931/6586/5907 5932/6587/5908 5909/6562/5885
f 5909/6562/5885 5932/6587/5908 5933/6588/5909 5910/6563/5886
f 5910/6563/5886 5933/6588/5909 5934/6589/5910 5911/6564/5887
f 5911/6564/5887 5934/6589/5910 5935/6590/5911 5912/6565/5888
f 5912/6565/5888 5935/6590/5911 5936/6591/5912 5913/6566/5889
f 5913/6566/5889 5936/6591/5912 5937/6592/5913 5914/6567/5890
f 5914/6567/5890 5937/6592/5913 5938/6593/5914 5915/6568/5891
f 5915/6568/5891 5938/6593/5914 5939/6594/5915 5916/6569/5892
f 5916/6569/5892 5939/6594/5915 5940/6595/5916 5917/6570/5893
f 5917/6570/5893 5940/6595/5916 5941/6596/5917 5918/6571/5894
f 5918/6571/5894 5941/6596/5917 5942/6597/5918 5919/6572/5895
f 5919/6572/5895 5942/6597/5918 5943/6598/5919 5920/6573/5896
f 5920/6573/5896 5943/6598/5919 5944/6599/5920 5921/6574/5897
f 5921/6574/5897 5944/6599/5920 5945/6600/5921 5922/6575/5898
f 5922/6575/5898 5945/6600/5921 5946/6601/5922 5923/6576/5899
f 5923/6576/5899 5946/6601/5922 5947/6602/5923 5924/6577/5900
f 5924/6577/5900 5947/6602/5923 5948/6603/5924 5925/6578/5901
f 5925/6578/5901 5948/6603/5924 5949/6604/5925 5926/6579/5902
f 5926/6579/5902 5949/6604/5925 5950/6605/5926 5927/6580/5903
f 5927/6580/5903 5950/6605/5926 5951/6606/5927 5928/6581/5904
f 5928/6581/5904 5951/6606/5927 5952/6607/5928 5929/6582/5905
f 5929/6582/5905 5952/6607/5928 5953/6608/5929 5930/6583/5906
f 5930/6583/5906 5953/6608/5929 5631/6609/5630
f 5607/6610/5583 5954/6611/5930 5931/6586/5907
f 5931/6586/5907 5954/6611/5930 5955/6612/5931 5932/6587/5908
f 5932/6587/5908 5955/6612/5931 5956/6613/5932 5933/6588/5909
f 5933/6588/5909 5956/6613/5932 5957/6614/5933 5934/6589/5910
f 5934/6589/5910 5957/6614/5933 5958/6615/5934 5935/6590/5911
f 5935/6590/5911 5958/6615/5934 5959/6616/5935 5936/6591/5912
f 5936/6591/5912 5959/6616/5935 5960/6617/5936 5937/6592/5913
f 5937/6592/5913 5960/6617/5936 5961/6618/5937 5938/6593/5914
f 5938/6593/5914 5961/6618/5937 5962/6619/5938 5939/6594/5915
f 5939/6594/5915 5962/6619/5938 5963/6620/5939 5940/6595/5916
f 5940/6595/5916 5963/6620/5939 5964/6621/5940 5941/6596/5917
f 5941/6596/5917 5964/6621/5940 5965/6622/5941 5942/6597/5918
f 5942/6597/5918 5965/6622/5941 5966/6623/5942 5943/6598/5919
f 5943/6598/5919 5966/6623/5942 5967/6624/5943 5944/6599/5920
f 5944/6599/5920 5967/6624/5943 5968/6625/5944 5945/6600/5921
f 5945/6600/5921 5968/6625/5944 5969/6626/5945 5946/6601/5922
f 5946/6601/5922 5969/6626/5945 5970/6627/5946 5947/6602/5923
f 5947/6602/5923 5970/6627/5946 5971/6628/5947 5948/6603/5924
f 5948/6603/5924 5971/6628/5947 5972/6629/5948 5949/6604/5925
f 5949/6604/5925 5972/6629/5948 5973/6630/5949 5950/6605/5926
f 5950/6605/5926 5973/6630/5949 5974/6631/5950 5951/6606/5927
f 5951/6606/5927 5974/6631/5950 5975/6632/5951 5952/6607/5928
f 5952/6607/5928 5975/6632/5951 5976/6633/5952 5953/6608/5929
f 5953/6608/5929 5976/6633/5952 5631/6634/5630
f 5607/6635/5583 5977/6636/5953 5954/6611/5930
f 5954/6611/5930 5977/6636/5953 5978/6637/5954 5955/6612/5931
f 5955/6612/5931 5978/6637/5954 5979/6638/5955 5956/6613/5932
f 5956/6613/5932 5979/6638/5955 5980/6639/5956 5957/6614/5933
f 5957/6614/5933 5980/6639/5956 5981/6640/5957 5958/6615/5934
f 5958/6615/5934 5981/6640/5957 5982/6641/5958 5959/6616/5935
f 5959/6616/5935 5982/6641/5958 5983/6642/5959 5960/6617/5936
f 5960/6617/5936 5983/6642/5959 5984/6643/5960 5961/6618/5937
f 5961/6618/5937 5984/6643/5960 5985/6644/5961 5962/6619/5938
f 5962/6619/5938 5985/6644/5961 5986/6645/5962 5963/6620/5939
f 5963/6620/5939 5986/6645/5962 5987/6646/5963 5964/6621/5940
f 5964/6621/5940 5987/6646/5963 5988/6647/5964 5965/6622/5941
f 5965/6622/5941 5988/6647/5964 5989/6648/5965 5966/6623/5942
f 5966/6623/5942 5989/6648/5965 5990/6649/5966 5967/6624/5943
f 5967/6624/5943 5990/6649/5966 5991/6650/5967 5968/6625/5944
f 5968/6625/5944 5991/6650/5967 5992/6651/5968 5969/6626/5945
f 5969/6626/5945 5992/6651/5968 5993/6652/5969 5970/6627/5946
f 5970/6627/5946 5993/6652/5969 5994/6653/5970 5971/6628/5947
f 5971/6628/5947 5994/6653/5970 5995/6654/5971 5972/6629/5948
f 5972/6629/5948 5995/6654/5971 5996/6655/5972 5973/6630/5949
f 5973/6630/5949 5996/6655/5972 5997/6656/5973 5974/6631/5950
f 5974/6631/5950 5997/6656/5973 5998/6657/5974 5975/6632/5951
f 5975/6632/5951 5998/6657/5974 5999/6658/5975 5976/6633/5952
f 5976/6633/5952 5999/6658/5975 5631/6659/5630
f 5607/6660/5583 6000/6661/5976 5977/6636/5953
f 5977/6636/5953 6000/6661/5976 6001/6662/5977 5978/6637/5954
f 5978/6637/5954 6001/6662/5977 6002/6663/5978 5979/6638/5955
f 5979/6638/5955 6002/6663/5978 6003/6664/5979 5980/6639/5956
f 5980/6639/5956 6003/6664/5979 6004/6665/5980 5981/6640/5957
f 5981/6640/5957 6004/6665/5980 6005/6666/5981 5982/6641/5958
f 5982/6641/5958 6005/6666/5981 6006/6667/5982 5983/6642/5959
f 5983/6642/5959 6006/6667/5982 6007/6668/5983 5984/6643/5960
f 5984/6643/5960 6007/6668/5983 6008/6669/5984 5985/6644/5961
f 5985/6644/5961 6008/6669/5984 6009/6670/5985 5986/6645/5962
f 5986/6645/5962 6009/6670/5985 6010/6671/5986 5987/6646/5963
f 5987/6646/5963 6010/6671/5986 6011/6672/5987 5988/6647/5964
f 5988/6647/5964 6011/6672/5987 6012/6673/5988 5989/6648/5965
f 5989/6648/5965 6012/6673/5988 6013/6674/5989 5990/6649/5966
f 5990/6649/5966 6013/6674/5989 6014/6675/5990 5991/6650/5967
f 5991/6650/5967 6014/6675/5990 6015/6676/5991 5992/6651/5968
f 5992/6651/5968 6015/6676/5991 6016/6677/5992 5993/6652/5969
f 5993/6652/5969 6016/6677/5992 6017/6678/5993 5994/6653/5970
f 5994/6653/5970 6017/6678/5993 6018/6679/5994 5995/6654/5971
f 5995/6654/5971 6018/6679/5994 6019/6680/5995 5996/6655/5972
f 5996/6655/5972 6019/6680/5995 6020/6681/5996 5997/6656/5973
f 5997/6656/5973 6020/6681/5996 6021/6682/5997 5998/6657/5974
f 5998/6657/5974 6021/6682/5997 6022/6683/5998 5999/6658/5975
f 5999/6658/5975 6022/6683/5998 5631/6684/5630
f 5607/6685/5583 6023/6686/5999 6000/6661/5976
f 6000/6661/5976 6023/6686/5999 6024/6687/6000 6001/6662/5977
f 6001/6662/5977 6024/6687/6000 6025/6688/6001 6002/6663/5978
f 6002/6663/5978 6025/6688/6001 6026/6689/6002 6003/6664/5979
f 6003/6664/5979 6026/6689/6002 6027/6690/6003 6004/6665/5980
f 6004/6665/5980 6027/6690/6003 6028/6691/6004 6005/6666/5981
f 6005/6666/5981 6028/6691/6004 6029/6692/6005 6006/6667/5982
f 6006/6667/5982 6029/6692/6005 6030/6693/6006 6007/6668/5983
f 6007/6668/5983 6030/6693/6006 6031/6694/6007 6008/6669/5984
f 6008/6669/5984 6031/6694/6007 6032/6695/6008 6009/6670/5985
f 6009/6670/5985 6032/6695/6008 6033/6696/6009 6010/6671/5986
f 6010/6671/5986 6033/6696/6009 6034/6697/6010 6011/6672/5987
f 6011/6672/5987 6034/6697/6010 6035/6698/6011 6012/6673/5988
f 6012/6673/5988 6035/6698/6011 6036/6699/6012 6013/6674/5989
f 6013/6674/5989 6036/6699/6012 6037/6700/6013 6014/6675/5990
f 6014/6675/5990 6037/6700/6013 6038/6701/6014 6015/6676/5991
f 6015/6676/5991 6038/6701/6014 6039/6702/6015 6016/6677/5992
f 6016/6677/5992 6039/6702/6015 6040/6703/6016 6017/6678/5993
f 6017/6678/5993 6040/6703/6016 6041/6704/6017 6018/6679/5994
f 6018/6679/5994 6041/6704/6017 6042/6705/6018 6019/6680/5995
f 6019/6680/5995 6042/6705/6018 6043/6706/6019 6020/6681/5996
f 6020/6681/5996 6043/6706/6019 6044/6707/6020 6021/6682/5997
f 6021/6682/5997 6044/6707/6020 6045/6708/6021 6022/6683/5998
f 6022/6683/5998 6045/6708/6021 5631/6709/5630
f 5607/6710/5583 6046/6711/6022 6023/6686/5999
f 6023/6686/5999 6046/6711/6022 6047/6712/6023 6024/6687/6000
f 6024/6687/6000 6047/6712/6023 6048/6713/6024 6025/6688/6001
f 6025/6688/6001 6048/6713/6024 6049/6714/6025 6026/6689/6002
f 6026/6689/6002 6049/6714/6025 6050/6715/6026 6027/6690/6003
f 6027/6690/6003 6050/6715/6026 6051/6716/6027 6028/6691/6004
f 6028/6691/6004 6051/6716/6027 6052/6717/6028 6029/6692/6005
f 6029/6692/6005 6052/6717/6028 6053/6718/6029 6030/6693/6006
f 6030/6693/6006 6053/6718/6029 6054/6719/6030 6031/6694/6007
f 6031/6694/6007 6054/6719/6030 6055/6720/6031 6032/6695/6008
f 6032/6695/6008 6055/6720/6031 6056/6721/6032 6033/6696/6009
f 6033/6696/6009 6056/6721/6032 6057/6722/6033 6034/6697/6010
f 6034/6697/6010 6057/6722/6033 6058/6723/6034 6035/6698/6011
f 6035/6698/6011 6058/6723/6034 6059/6724/6035 6036/6699/6012
f 6036/6699/6012 6059/6724/6035 6060/6725/6036 6037/6700/6013
f 6037/6700/6013 6060/6725/6036 6061/6726/6037 6038/6701/6014
f 6038/6701/6014 6061/6726/6037 6062/6727/6038 6039/6702/6015
f 6039/6702/6015 6062/6727/6038 6063/6728/6039 6040/6703/6016
f 6040/6703/6016 6063/6728/6039 6064/6729/6040 6041/6704/6017
f 6041/6704/6017 6064/6729/6040 6065/6730/6041 6042/6705/6018
f 6042/6705/6018 6065/6730/6041 6066/6731/6042 6043/6706/6019
f 6043/6706/6019 6066/6731/6042 6067/6732/6043 6044/6707/6020
f 6044/6707/6020 6067/6732/6043 6068/6733/6044 6045/6708/6021
f 6045/6708/6021 6068/6733/6044 5631/6734/5630
f 5607/6735/5583 6069/6736/6045 6046/6711/6022
f 6046/6711/6022 6069/6736/6045 6070/6737/6046 6047/6712/6023
f 6047/6712/6023 6070/6737/6046 6071/6738/6047 6048/6713/6024
f 6048/6713/6024 6071/6738/6047 6072/6739/6048 6049/6714/6025
f 6049/6714/6025 6072/6739/6048 6073/6740/6049 6050/6715/6026
f 6050/6715/6026 6073/6740/6049 6074/6741/6050 6051/6716/6027
f 6051/6716/6027 6074/6741/6050 6075/6742/6051 6052/6717/6028
f 6052/6717/6028 6075/6742/6051 6076/6743/6052 6053/6718/6029
f 6053/6718/6029 6076/6743/6052 6077/6744/6053 6054/6719/6030
f 6054/6719/6030 6077/6744/6053 6078/6745/6054 6055/6720/6031
f 6055/6720/6031 6078/6745/6054 6079/6746/6055 6056/6721/6032
f 6056/6721/6032 6079/6746/6055 6080/6747/6056 6057/6722/6033
f 6057/6722/6033 6080/6747/6056 6081/6748/6057 6058/6723/6034
f 6058/6723/6034 6081/6748/6057 6082/6749/6058 6059/6724/6035
f 6059/6724/6035 6082/6749/6058 6083/6750/6059 6060/6725/6036
f 6060/6725/6036 6083/6750/6059 6084/6751/6060 6061/6726/6037
f 6061/6726/6037 6084/6751/6060 6085/6752/6061 6062/6727/6038
f 6062/6727/6038 6085/6752/6061 6086/6753/6062 6063/6728/6039
f 6063/6728/6039 6086/6753/6062 6087/6754/6063 6064/6729/6040
f 6064/6729/6040 6087/6754/6063 6088/6755/6064 6065/6730/6041
f 6065/6730/6041 6088/6755/6064 6089/6756/6065 6066/6731/6042
f 6066/6731/6042 6089/6756/6065 6090/6757/6066 6067/6732/6043
f 6067/6732/6043 6090/6757/6066 6091/6758/6067 6068/6733/6044
f 6068/6733/6044 6091/6758/6067 5631/6759/5630
f 5607/6760/5583 6092/6761/6068 6069/6736/6045
f 6069/6736/6045 6092/6761/6068 6093/6762/6069 6070/6737/6046
f 6070/6737/6046 6093/6762/6069 6094/6763/6070 6071/6738/6047
f 6071/6738/6047 6094/6763/6070 6095/6764/6071 6072/6739/6048
f 6072/6739/6048 6095/6764/6071 6096/6765/6072 6073/6740/6049
f 6073/6740/6049 6096/6765/6072 6097/6766/6073 6074/6741/6050
f 6074/6741/6050 6097/6766/6073 6098/6767/6074 6075/6742/6051
f 6075/6742/6051 6098/6767/6074 6099/6768/6075 6076/6743/6052
f 6076/6743/6052 6099/6768/6075 6100/6769/6076 6077/6744/6053
f 6077/6744/6053 6100/6769/6076 6101/6770/6077 6078/6745/6054
f 6078/6745/6054 6101/6770/6077 6102/6771/6078 6079/6746/6055
f 6079/6746/6055 6102/6771/6078 6103/6772/6079 6080/6747/6056
f 6080/6747/6056 6103/6772/6079 6104/6773/6080 6081/6748/6057
f 6081/6748/6057 6104/6773/6080 6105/6774/6081 6082/6749/6058
f 6082/6749/6058 6105/6774/6081 6106/6775/6082 6083/6750/6059
f 6083/6750/6059 6106/6775/6082 6107/6776/6083 6084/6751/6060
f 6084/6751/6060 6107/6776/6083 6108/6777/6084 6085/6752/6061
f 6085/6752/6061 6108/6777/6084 6109/6778/6085 6086/6753/6062
f 6086/6753/6062 6109/6778/6085 6110/6779/6086 6087/6754/6063
f 6087/6754/6063 6110/6779/6086 6111/6780/6087 6088/6755/6064
f 6088/6755/6064 6111/6780/6087 6112/6781/6088 6089/6756/6065
f 6089/6756/6065 6112/6781/6088 6113/6782/6089 6090/6757/6066
f 6090/6757/6066 6113/6782/6089 6114/6783/6090 6091/6758/6067
f 6091/6758/6067 6114/6783/6090 5631/6784/5630
f 5607/6785/5583 6115/6786/6091 6092/6761/6068
f 6092/6761/6068 6115/6786/6091 6116/6787/6092 6093/6762/6069
f 6093/6762/6069 6116/6787/6092 6117/6788/6093 6094/6763/6070
f 6094/6763/6070 6117/6788/6093 6118/6789/6094 6095/6764/6071
f 6095/6764/6071 6118/6789/6094 6119/6790/6095 6096/6765/6072
f 6096/6765/6072 6119/6790/6095 6120/6791/6096 6097/6766/6073
f 6097/6766/6073 6120/6791/6096 6121/6792/6097 6098/6767/6074
f 6098/6767/6074 6121/6792/6097 6122/6793/6098 6099/6768/6075
f 6099/6768/6075 6122/6793/6098 6123/6794/6099 6100/6769/6076
f 6100/6769/6076 6123/6794/6099 6124/6795/6100 6101/6770/6077
f 6101/6770/6077 6124/6795/6100 6125/6796/6101 6102/6771/6078
f 6102/6771/6078 6125/6796/6101 6126/6797/6102 6103/6772/6079
f 6103/6772/6079 6126/6797/6102 6127/6798/6103 6104/6773/6080
f 6104/6773/6080 6127/6798/6103 6128/6799/6104 6105/6774/6081
f 6105/6774/6081 6128/6799/6104 6129/6800/6105 6106/6775/6082
f 6106/6775/6082 6129/6800/6105 6130/6801/6106 6107/6776/6083
f 6107/6776/6083 6130/6801/6106 6131/6802/6107 6108/6777/6084
f 6108/6777/6084 6131/6802/6107 6132/6803/6108 6109/6778/6085
f 6109/6778/6085 6132/6803/6108 6133/6804/6109 6110/6779/6086
f 6110/6779/6086 6133/6804/6109 6134/6805/6110 6111/6780/6087
f 6111/6780/6087 6134/6805/6110 6135/6806/6111 6112/6781/6088
f 6112/6781/6088 6135/6806/6111 6136/6807/6112 6113/6782/6089
f 6113/6782/6089 6136/6807/6112 6137/6808/6113 6114/6783/6090
f 6114/6783/6090 6137/6808/6113 5631/6809/5630
f 5607/6810/5583 6138/6811/6114 6115/6786/6091
f 6115/6786/6091 6138/6811/6114 6139/6812/6115 6116/6787/6092
f 6116/6787/6092 6139/6812/6115 6140/6813/6116 6117/6788/6093
f 6117/6788/6093 6140/6813/6116 6141/6814/6117 6118/6789/6094
f 6118/6789/6094 6141/6814/6117 6142/6815/6118 6119/6790/6095
f 6119/6790/6095 6142/6815/6118 6143/6816/6119 6120/6791/6096
f 6120/6791/6096 6143/6816/6119 6144/6817/6120 6121/6792/6097
f 6121/6792/6097 6144/6817/6120 6145/6818/6121 6122/6793/6098
f 6122/6793/6098 6145/6818/6121 6146/6819/6122 6123/6794/6099
f 6123/6794/6099 6146/6819/6122 6147/6820/6123 6124/6795/6100
f 6124/6795/6100 6147/6820/6123 6148/6821/6124 6125/6796/6101
f 6125/6796/6101 6148/6821/6124 6149/6822/6125 6126/6797/6102
f 6126/6797/6102 6149/6822/6125 6150/6823/6126 6127/6798/6103
f 6127/6798/6103 6150/6823/6126 6151/6824/6127 6128/6799/6104
f 6128/6799/6104 6151/6824/6127 6152/6825/6128 6129/6800/6105
f 6129/6800/6105 6152/6825/6128 6153/6826/6129 6130/6801/6106
f 6130/6801/6106 6153/6826/6129 6154/6827/6130 6131/6802/6107
f 6131/6802/6107 6154/6827/6130 6155/6828/6131 6132/6803/6108
f 6132/6803/6108 6155/6828/6131 6156/6829/6132 6133/6804/6109
f 6133/6804/6109 6156/6829/6132 6157/6830/6133 6134/6805/6110
f 6134/6805/6110 6157/6830/6133 6158/6831/6134 6135/6806/6111
f 6135/6806/6111 6158/6831/6134 6159/6832/6135 6136/6807/6112
f 6136/6807/6112 6159/6832/6135 6160/6833/6136 6137/6808/6113
f 6137/6808/6113 6160/6833/6136 5631/6834/5630
f 5607/6835/5583 5608/6836/5585 6138/6811/6114
f 6138/6811/6114 5608/6836/5585 5609/6837/5587 6139/6812/6115
f 6139/6812/6115 5609/6837/5587 5610/6838/5589 6140/6813/6116
f 6140/6813/6116 5610/6838/5589 5611/6839/5591 6141/6814/6117
f 6141/6814/6117 5611/6839/5591 5612/6840/5593 6142/6815/6118
f 6142/6815/6118 5612/6840/5593 5613/6841/5595 6143/6816/6119
f 6143/6816/6119 5613/6841/5595 5614/6842/5597 6144/6817/6120
f 6144/6817/6120 5614/6842/5597 5615/6843/5599 6145/6818/6121
f 6145/6818/6121 5615/6843/5599 5616/6844/5601 6146/6819/6122
f 6146/6819/6122 5616/6844/5601 5617/6845/5603 6147/6820/6123
f 6147/6820/6123 5617/6845/5603 5618/6846/5605 6148/6821/6124
f 6148/6821/6124 5618/6846/5605 5619/6847/5607 6149/6822/6125
f 6149/6822/6125 5619/6847/5607 5620/6848/5609 6150/6823/6126
f 6150/6823/6126 5620/6848/5609 5621/6849/5611 6151/6824/6127
f 6151/6824/6127 5621/6849/5611 5622/6850/5613 6152/6825/6128
f 6152/6825/6128 5622/6850/5613 5623/6851/5615 6153/6826/6129
f 6153/6826/6129 5623/6851/5615 5624/6852/5617 6154/6827/6130
f 6154/6827/6130 5624/6852/5617 5625/6853/5619 6155/6828/6131
f 6155/6828/6131 5625/6853/5619 5626/6854/5621 6156/6829/6132
f 6156/6829/6132 5626/6854/5621 5627/6855/5623 6157/6830/6133
f 6157/6830/6133 5627/6855/5623 5628/6856/5625 6158/6831/6134
f 6158/6831/6134 5628/6856/5625 5629/6857/5627 6159/6832/6135
f 6159/6832/6135 5629/6857/5627 5630/6858/5629 6160/6833/6136
f 6160/6833/6136 5630/6858/5629 5631/6859/5630
o Sphere7
v 2.325700 0.365900 -0.000000
v 2.373487 0.362753 -0.000000
v 2.420395 0.353459 -0.000000
v 2.465693 0.338018 -0.000000
v 2.508650 0.316869 -0.000000
v 2.548460 0.290305 -0.000000
v 2.584465 0.258764 -0.000000
v 2.616005 0.222760 -0.000000
v 2.642570 0.182950 -0.000000
v 2.663718 0.139993 -0.000000
v 2.679159 0.094695 -0.000000
v 2.688453 0.047787 -0.000000
v 2.691600 0.000000 0.000000
v 2.688453 -0.047787 0.000000
v 2.679159 -0.094695 0.000000
v 2.663718 -0.139993 0.000000
v 2.642570 -0.182950 0.000000
v 2.616005 -0.222760 0.000000
v 2.584465 -0.258764 0.000000
v 2.548460 -0.290305 0.000000
v 2.508650 -0.316869 0.000000
v 2.465693 -0.338018 0.000000
v 2.420395 -0.353459 0.000000
v 2.373487 -0.362753 0.000000
v 2.325700 -0.365900 0.000000
v 2.371804 0.362753 0.012367
v 2.417175 0.353459 0.024515
v 2.460937 0.338018 0.036224
v 2.502430 0.316869 0.047347
v 2.540849 0.290305 0.057666
v 2.575610 0.258764 0.066960
v 2.606126 0.222760 0.075156
v 2.631812 0.182950 0.082035
v 2.652229 0.139993 0.087523
v 2.667085 0.094695 0.091475
v 2.676086 0.047787 0.093890
v 2.679159 0.000000 0.094695
v 2.676086 -0.047787 0.093890
v 2.667085 -0.094695 0.091475
v 2.652229 -0.139993 0.087523
v 2.631812 -0.182950 0.082035
v 2.606126 -0.222760 0.075156
v 2.575610 -0.258764 0.066960
v 2.540849 -0.290305 0.057666
v 2.502430 -0.316869 0.047347
v 2.460937 -0.338018 0.036224
v 2.417175 -0.353459 0.024515
v 2.371804 -0.362753 0.012367
v 2.367047 0.362753 0.023857
v 2.407735 0.353459 0.047347
v 2.446959 0.338018 0.070033
v 2.484135 0.316869 0.091475
v 2.518603 0.290305 0.111380
v 2.549777 0.258764 0.129382
v 2.577073 0.222760 0.145116
v 2.600125 0.182950 0.158435
v 2.618493 0.139993 0.169046
v 2.631812 0.094695 0.176730
v 2.639862 0.047787 0.181413
v 2.642570 0.000000 0.182950
v 2.639862 -0.047787 0.181413
v 2.631812 -0.094695 0.176730
v 2.618493 -0.139993 0.169046
v 2.600125 -0.182950 0.158435
v 2.577073 -0.222760 0.145116
v 2.549777 -0.258764 0.129382
v 2.518603 -0.290305 0.111380
v 2.484135 -0.316869 0.091475
v 2.446959 -0.338018 0.070033
v 2.407735 -0.353459 0.047347
v 2.367047 -0.362753 0.023857
v 2.359436 0.362753 0.033736
v 2.392660 0.353459 0.066960
v 2.424713 0.338018 0.099013
v 2.455082 0.316869 0.129382
v 2.483183 0.290305 0.157483
v 2.508650 0.258764 0.182950
v 2.530970 0.222760 0.205270
v 2.549777 0.182950 0.224077
v 2.564706 0.139993 0.239006
v 2.575610 0.094695 0.249910
v 2.582196 0.047787 0.256496
v 2.584465 0.000000 0.258764
v 2.582196 -0.047787 0.256496
v 2.575610 -0.094695 0.249910
v 2.564706 -0.139993 0.239006
v 2.549777 -0.182950 0.224077
v 2.530970 -0.222760 0.205270
v 2.508650 -0.258764 0.182950
v 2.483183 -0.290305 0.157483
v 2.455082 -0.316869 0.129382
v 2.424713 -0.338018 0.099013
v 2.392660 -0.353459 0.066960
v 2.359436 -0.362753 0.033736
v 2.349557 0.362753 0.041347
v 2.373048 0.353459 0.082035
v 2.395733 0.338018 0.121259
v 2.417175 0.316869 0.158435
v 2.437080 0.290305 0.192902
v 2.455082 0.258764 0.224077
v 2.470816 0.222760 0.251373
v 2.484135 0.182950 0.274425
v 2.494746 0.139993 0.292793
v 2.502430 0.094695 0.306112
v 2.507113 0.047787 0.314162
v 2.508650 0.000000 0.316869
v 2.507113 -0.047787 0.314162
v 2.502430 -0.094695 0.306112
v 2.494746 -0.139993 0.292793
v 2.484135 -0.182950 0.274425
v 2.470816 -0.222760 0.251373
v 2.455082 -0.258764 0.224077
v 2.437080 -0.290305 0.192902
v 2.417175 -0.316869 0.158435
v 2.395733 -0.338018 0.121259
v 2.373048 -0.353459 0.082035
v 2.349557 -0.362753 0.041347
v 2.338068 0.362753 0.046103
v 2.350215 0.353459 0.091475
v 2.361924 0.338018 0.135237
v 2.373048 0.316869 0.176730
v 2.383366 0.290305 0.215149
v 2.392660 0.258764 0.249910
v 2.400856 0.222760 0.280426
v 2.407735 0.182950 0.306112
v 2.413223 0.139993 0.326529
v 2.417175 0.094695 0.341385
v 2.419590 0.047787 0.350386
v 2.420395 0.000000 0.353459
v 2.419590 -0.047787 0.350386
v 2.417175 -0.094695 0.341385
v 2.413223 -0.139993 0.326529
v 2.407735 -0.182950 0.306112
v 2.400856 -0.222760 0.280426
v 2.392660 -0.258764 0.249910
v 2.383366 -0.290305 0.215149
v 2.373048 -0.316869 0.176730
v 2.361924 -0.338018 0.135237
v 2.350215 -0.353459 0.091475
v 2.338068 -0.362753 0.046103
v 2.325700 0.362753 0.047787
v 2.325700 0.353459 0.094695
v 2.325700 0.338018 0.139993
v 2.325700 0.316869 0.182950
v 2.325700 0.290305 0.222760
v 2.325700 0.258764 0.258764
v 2.325700 0.222760 0.290305
v 2.325700 0.182950 0.316869
v 2.325700 0.139993 0.338018
v 2.325700 0.094695 0.353459
v 2.325700 0.047787 0.362753
v 2.325700 0.000000 0.365900
v 2.325700 -0.047787 0.362753
v 2.325700 -0.094695 0.353459
v 2.325700 -0.139993 0.338018
v 2.325700 -0.182950 0.316869
v 2.325700 -0.222760 0.290305
v 2.325700 -0.258764 0.258764
v 2.325700 -0.290305 0.222760
v 2.325700 -0.316869 0.182950
v 2.325700 -0.338018 0.139993
v 2.325700 -0.353459 0.094695
v 2.325700 -0.362753 0.047787
v 2.313333 0.362753 0.046103
v 2.301185 0.353459 0.091475
v 2.289476 0.338018 0.135237
v 2.278352 0.316869 0.176730
v 2.268034 0.290305 0.215149
v 2.258740 0.258764 0.249910
v 2.250544 0.222760 0.280426
v 2.243665 0.182950 0.306112
v 2.238177 0.139993 0.326529
v 2.234225 0.094695 0.341385
v 2.231810 0.047787 0.350386
v 2.231005 0.000000 0.353459
v 2.231810 -0.047787 0.350386
v 2.234225 -0.094695 0.341385
v 2.238177 -0.139993 0.326529
v 2.243665 -0.182950 0.306112
v 2.250544 -0.222760 0.280426
v 2.258740 -0.258764 0.249910
v 2.268034 -0.290305 0.215149
v 2.278352 -0.316869 0.176730
v 2.289476 -0.338018 0.135237
v 2.301185 -0.353459 0.091475
v 2.313333 -0.362753 0.046103
v 2.301843 0.362753 0.041347
v 2.278352 0.353459 0.082035
v 2.255667 0.338018 0.121259
v 2.234225 0.316869 0.158435
v 2.214320 0.290305 0.192902
v 2.196318 0.258764 0.224077
v 2.180584 0.222760 0.251373
v 2.167265 0.182950 0.274425
v 2.156654 0.139993 0.292793
v 2.148970 0.094695 0.306112
v 2.144287 0.047787 0.314162
v 2.142750 0.000000 0.316869
v 2.144287 -0.047787 0.314162
v 2.148970 -0.094695 0.306112
v 2.156654 -0.139993 0.292793
v 2.167265 -0.182950 0.274425
v 2.180584 -0.222760 0.251373
v 2.196318 -0.258764 0.224077
v 2.214320 -0.290305 0.192902
v 2.234225 -0.316869 0.158435
v 2.255667 -0.338018 0.121259
v 2.278352 -0.353459 0.082035
v 2.301843 -0.362753 0.041347
v 2.291964 0.362753 0.033736
v 2.258740 0.353459 0.066960
v 2.226687 0.338018 0.099013
v 2.196318 0.316869 0.129382
v 2.168217 0.290305 0.157483
v 2.142750 0.258764 0.182950
v 2.120430 0.222760 0.205270
v 2.101623 0.182950 0.224077
v 2.086694 0.139993 0.239006
v 2.075790 0.094695 0.249910
v 2.069204 0.047787 0.256496
v 2.066936 0.000000 0.258764
v 2.069204 -0.047787 0.256496
v 2.075790 -0.094695 0.249910
v 2.086694 -0.139993 0.239006
v 2.101623 -0.182950 0.224077
v 2.120430 -0.222760 0.205270
v 2.142750 -0.258764 0.182950
v 2.168217 -0.290305 0.157483
v 2.196318 -0.316869 0.129382
v 2.226687 -0.338018 0.099013
v 2.258740 -0.353459 0.066960
v 2.291964 -0.362753 0.033736
v 2.284353 0.362753 0.023857
v 2.243665 0.353459 0.047347
v 2.204441 0.338018 0.070033
v 2.167265 0.316869 0.091475
v 2.132797 0.290305 0.111380
v 2.101623 0.258764 0.129382
v 2.074327 0.222760 0.145116
v 2.051275 0.182950 0.158435
v 2.032907 0.139993 0.169046
v 2.019588 0.094695 0.176730
v 2.011538 0.047787 0.181413
v 2.008831 0.000000 0.182950
v 2.011538 -0.047787 0.181413
v 2.019588 -0.094695 0.176730
v 2.032907 -0.139993 0.169046
v 2.051275 -0.182950 0.158435
v 2.074327 -0.222760 0.145116
v 2.101623 -0.258764 0.129382
v 2.132797 -0.290305 0.111380
v 2.167265 -0.316869 0.091475
v 2.204441 -0.338018 0.070033
v 2.243665 -0.353459 0.047347
v 2.284353 -0.362753 0.023857
v 2.279597 0.362753 0.012367
v 2.234225 0.353459 0.024515
v 2.190463 0.338018 0.036224
v 2.148970 0.316869 0.047347
v 2.110551 0.290305 0.057666
v 2.075790 0.258764 0.066960
v 2.045274 0.222760 0.075156
v 2.019588 0.182950 0.082035
v 1.999171 0.139993 0.087523
v 1.984315 0.094695 0.091475
v 1.975314 0.047787 0.093890
v 1.972241 0.000000 0.094695
v 1.975314 -0.047787 0.093890
v 1.984315 -0.094695 0.091475
v 1.999171 -0.139993 0.087523
v 2.019588 -0.182950 0.082035
v 2.045274 -0.222760 0.075156
v 2.075790 -0.258764 0.066960
v 2.110551 -0.290305 0.057666
v 2.148970 -0.316869 0.047347
v 2.190463 -0.338018 0.036224
v 2.234225 -0.353459 0.024515
v 2.279597 -0.362753 0.012367
v 2.277914 0.362753 -0.000000
v 2.231005 0.353459 -0.000000
v 2.185707 0.338018 -0.000000
v 2.142750 0.316869 -0.000000
v 2.102940 0.290305 -0.000000
v 2.066936 0.258764 -0.000000
v 2.035395 0.222760 -0.000000
v 2.008831 0.182950 -0.000000
v 1.987682 0.139993 -0.000000
v 1.972241 0.094695 -0.000000
v 1.962947 0.047787 -0.000000
v 1.959800 0.000000 0.000000
v 1.962947 -0.047787 0.000000
v 1.972241 -0.094695 0.000000
v 1.987682 -0.139993 0.000000
v 2.008831 -0.182950 0.000000
v 2.035395 -0.222760 0.000000
v 2.066936 -0.258764 0.000000
v 2.102940 -0.290305 0.000000
v 2.142750 -0.316869 0.000000
v 2.185707 -0.338018 0.000000
v 2.231005 -0.353459 0.000000
v 2.277914 -0.362753 0.000000
v 2.279597 0.362753 -0.012367
v 2.234225 0.353459 -0.024515
v 2.190463 0.338018 -0.036224
v 2.148970 0.316869 -0.047347
v 2.110551 0.290305 -0.057666
v 2.075790 0.258764 -0.066960
v 2.045274 0.222760 -0.075156
v 2.019588 0.182950 -0.082035
v 1.999171 0.139993 -0.087523
v 1.984315 0.094695 -0.091475
v 1.975314 0.047787 -0.093890
v 1.972241 -0.000000 -0.094695
v 1.975314 -0.047787 -0.093890
v 1.984315 -0.094695 -0.091475
v 1.999171 -0.139993 -0.087523
v 2.019588 -0.182950 -0.082035
v 2.045274 -0.222760 -0.075156
v 2.075790 -0.258764 -0.066960
v 2.110551 -0.290305 -0.057666
v 2.148970 -0.316869 -0.047347
v 2.190463 -0.338018 -0.036224
v 2.234225 -0.353459 -0.024515
v 2.279597 -0.362753 -0.012367
v 2.284353 0.362753 -0.023857
v 2.243665 0.353459 -0.047347
v 2.204441 0.338018 -0.070033
v 2.167265 0.316869 -0.091475
v 2.132797 0.290305 -0.111380
v 2.101623 0.258764 -0.129382
v 2.074327 0.222760 -0.145116
v 2.051275 0.182950 -0.158435
v 2.032907 0.139993 -0.169046
v 2.019588 0.094695 -0.176730
v 2.011538 0.047787 -0.181413
v 2.008831 -0.000000 -0.182950
v 2.011538 -0.047787 -0.181413
v 2.019588 -0.094695 -0.176730
v 2.032907 -0.139993 -0.169046
v 2.051275 -0.182950 -0.158435
v 2.074327 -0.222760 -0.145116
v 2.101623 -0.258764 -0.129382
v 2.132797 -0.290305 -0.111380
v 2.167265 -0.316869 -0.091475
v 2.204441 -0.338018 -0.070033
v 2.243665 -0.353459 -0.047347
v 2.284353 -0.362753 -0.023857
v 2.291964 0.362753 -0.033736
v 2.258740 0.353459 -0.066960
v 2.226687 0.338018 -0.099013
v 2.196318 0.316869 -0.129382
v 2.168217 0.290305 -0.157483
v 2.142750 0.258764 -0.182950
v 2.120430 0.222760 -0.205270
v 2.101623 0.182950 -0.224077
v 2.086694 0.139993 -0.239006
v 2.075790 0.094695 -0.249910
v 2.069204 0.047787 -0.256496
v 2.066936 -0.000000 -0.258764
v 2.069204 -0.047787 -0.256496
v 2.075790 -0.094695 -0.249910
v 2.086694 -0.139993 -0.239006
v 2.101623 -0.182950 -0.224077
v 2.120430 -0.222760 -0.205270
v 2.142750 -0.258764 -0.182950
v 2.168217 -0.290305 -0.157483
v 2.196318 -0.316869 -0.129382
v 2.226687 -0.338018 -0.099013
v 2.258740 -0.353459 -0.066960
v 2.291964 -0.362753 -0.033736
v 2.301843 0.362753 -0.041347
v 2.278352 0.353459 -0.082035
v 2.255667 0.338018 -0.121259
v 2.234225 0.316869 -0.158435
v 2.214320 0.290305 -0.192902
v 2.196318 0.258764 -0.224077
v 2.180584 0.222760 -0.251373
v 2.167265 0.182950 -0.274425
v 2.156654 0.139993 -0.292793
v 2.148970 0.094695 -0.306112
v 2.144287 0.047787 -0.314162
v 2.142750 -0.000000 -0.316869
v 2.144287 -0.047787 -0.314162
v 2.148970 -0.094695 -0.306112
v 2.156654 -0.139993 -0.292793
v 2.167265 -0.182950 -0.274425
v 2.180584 -0.222760 -0.251373
v 2.196318 -0.258764 -0.224077
v 2.214320 -0.290305 -0.192902
v 2.234225 -0.316869 -0.158435
v 2.255667 -0.338018 -0.121259
v 2.278352 -0.353459 -0.082035
v 2.301843 -0.362753 -0.041347
v 2.313333 0.362753 -0.046103
v 2.301185 0.353459 -0.091475
v 2.289476 0.338018 -0.135237
v 2.278352 0.316869 -0.176730
v 2.268034 0.290305 -0.215149
v 2.258740 0.258764 -0.249910
v 2.250544 0.222760 -0.280426
v 2.243665 0.182950 -0.306112
v 2.238177 0.139993 -0.326529
v 2.234225 0.094695 -0.341385
v 2.231810 0.047787 -0.350386
v 2.231005 -0.000000 -0.353459
v 2.231810 -0.047787 -0.350386
v 2.234225 -0.094695 -0.341385
v 2.238177 -0.139993 -0.326529
v 2.243665 -0.182950 -0.306112
v 2.250544 -0.222760 -0.280426
v 2.258740 -0.258764 -0.249910
v 2.268034 -0.290305 -0.215149
v 2.278352 -0.316869 -0.176730
v 2.289476 -0.338018 -0.135237
v 2.301185 -0.353459 -0.091475
v 2.313333 -0.362753 -0.046103
v 2.325700 0.362753 -0.047787
v 2.325700 0.353459 -0.094695
v 2.325700 0.338018 -0.139993
v 2.325700 0.316869 -0.182950
v 2.325700 0.290305 -0.222760
v 2.325700 0.258764 -0.258764
v 2.325700 0.222760 -0.290305
v 2.325700 0.182950 -0.316869
v 2.325700 0.139993 -0.338018
v 2.325700 0.094695 -0.353459
v 2.325700 0.047787 -0.362753
v 2.325700 -0.000000 -0.365900
v 2.325700 -0.047787 -0.362753
v 2.325700 -0.094695 -0.353459
v 2.325700 -0.139993 -0.338018
v 2.325700 -0.182950 -0.316869
v 2.325700 -0.222760 -0.290305
v 2.325700 -0.258764 -0.258764
v 2.325700 -0.290305 -0.222760
v 2.325700 -0.316869 -0.182950
v 2.325700 -0.338018 -0.139993
v 2.325700 -0.353459 -0.094695
v 2.325700 -0.362753 -0.047787
v 2.338068 0.362753 -0.046103
v 2.350215 0.353459 -0.091475
v 2.361924 0.338018 -0.135237
v 2.373048 0.316869 -0.176730
v 2.383366 0.290305 -0.215149
v 2.392660 0.258764 -0.249910
v 2.400856 0.222760 -0.280426
v 2.407735 0.182950 -0.306112
v 2.413223 0.139993 -0.326529
v 2.417175 0.094695 -0.341385
v 2.419590 0.047787 -0.350386
v 2.420395 -0.000000 -0.353459
v 2.419590 -0.047787 -0.350386
v 2.417175 -0.094695 -0.341385
v 2.413223 -0.139993 -0.326529
v 2.407735 -0.182950 -0.306112
v 2.400856 -0.222760 -0.280426
v 2.392660 -0.258764 -0.249910
v 2.383366 -0.290305 -0.215149
v 2.373048 -0.316869 -0.176730
v 2.361924 -0.338018 -0.135237
v 2.350215 -0.353459 -0.091475
v 2.338068 -0.362753 -0.046103
v 2.349557 0.362753 -0.041347
v 2.373048 0.353459 -0.082035
v 2.395733 0.338018 -0.121259
v 2.417175 0.316869 -0.158435
v 2.437080 0.290305 -0.192902
v 2.455082 0.258764 -0.224077
v 2.470816 0.222760 -0.251373
v 2.484135 0.182950 -0.274425
v 2.494746 0.139993 -0.292793
v 2.502430 0.094695 -0.306112
v 2.507113 0.047787 -0.314162
v 2.508650 -0.000000 -0.316869
v 2.507113 -0.047787 -0.314162
v 2.502430 -0.094695 -0.306112
v 2.494746 -0.139993 -0.292793
v 2.484135 -0.182950 -0.274425
v 2.470816 -0.222760 -0.251373
v 2.455082 -0.258764 -0.224077
v 2.437080 -0.290305 -0.192902
v 2.417175 -0.316869 -0.158435
v 2.395733 -0.338018 -0.121259
v 2.373048 -0.353459 -0.082035
v 2.349557 -0.362753 -0.041347
v 2.359436 0.362753 -0.033736
v 2.392660 0.353459 -0.066960
v 2.424713 0.338018 -0.099013
v 2.455082 0.316869 -0.129382
v 2.483183 0.290305 -0.157483
v 2.508650 0.258764 -0.182950
v 2.530970 0.222760 -0.205270
v 2.549777 0.182950 -0.224077
v 2.564706 0.139993 -0.239006
v 2.575610 0.094695 -0.249910
v 2.582196 0.047787 -0.256496
v 2.584465 -0.000000 -0.258764
v 2.582196 -0.047787 -0.256496
v 2.575610 -0.094695 -0.249910
v 2.564706 -0.139993 -0.239006
v 2.549777 -0.182950 -0.224077
v 2.530970 -0.222760 -0.205270
v 2.508650 -0.258764 -0.182950
v 2.483183 -0.290305 -0.157483
v 2.455082 -0.316869 -0.129382
v 2.424713 -0.338018 -0.099013
v 2.392660 -0.353459 -0.066960
v 2.359436 -0.362753 -0.033736
v 2.367047 0.362753 -0.023857
v 2.407735 0.353459 -0.047347
v 2.446959 0.338018 -0.070033
v 2.484135 0.316869 -0.091475
v 2.518603 0.290305 -0.111380
v 2.549777 0.258764 -0.129382
v 2.577073 0.222760 -0.145116
v 2.600125 0.182950 -0.158435
v 2.618493 0.139993 -0.169046
v 2.631812 0.094695 -0.176730
v 2.639862 0.047787 -0.181413
v 2.642570 -0.000000 -0.182950
v 2.639862 -0.047787 -0.181413
v 2.631812 -0.094695 -0.176730
v 2.618493 -0.139993 -0.169046
v 2.600125 -0.182950 -0.158435
v 2.577073 -0.222760 -0.145116
v 2.549777 -0.258764 -0.129382
v 2.518603 -0.290305 -0.111380
v 2.484135 -0.316869 -0.091475
v 2.446959 -0.338018 -0.070033
v 2.407735 -0.353459 -0.047347
v 2.367047 -0.362753 -0.023857
v 2.371804 0.362753 -0.012367
v 2.417175 0.353459 -0.024515
v 2.460937 0.338018 -0.036224
v 2.502430 0.316869 -0.047347
v 2.540849 0.290305 -0.057666
v 2.575610 0.258764 -0.066960
v 2.606126 0.222760 -0.075156
v 2.631812 0.182950 -0.082035
v 2.652229 0.139993 -0.087523
v 2.667085 0.094695 -0.091475
v 2.676086 0.047787 -0.093890
v 2.679159 -0.000000 -0.094695
v 2.676086 -0.047787 -0.093890
v 2.667085 -0.094695 -0.091475
v 2.652229 -0.139993 -0.087523
v 2.631812 -0.182950 -0.082035
v 2.606126 -0.222760 -0.075156
v 2.575610 -0.258764 -0.066960
v 2.540849 -0.290305 -0.057666
v 2.502430 -0.316869 -0.047347
v 2.460937 -0.338018 -0.036224
v 2.417175 -0.353459 -0.024515
v 2.371804 -0.362753 -0.012367
vt 1.000000 1.000000
vt 0.958333 0.958333
vt 1.000000 0.958333
vt 0.958333 0.916667
vt 1.000000 0.916667
vt 0.958333 0.875000
vt 1.000000 0.875000
vt 0.958333 0.833333
vt 1.000000 0.833333
vt 0.958333 0.791667
vt 1.000000 0.791667
vt 0.958333 0.750000
vt 1.000000 0.750000
vt 0.958333 0.708333
vt 1.000000 0.708333
vt 0.958333 0.666667
vt 1.000000 0.666667
vt 0.958333 0.625000
vt 1.000000 0.625000
vt 0.958333 0.583333
vt 1.000000 0.583333
vt 0.958333 0.541667
vt 1.000000 0.541667
vt 0.958333 0.500000
vt 1.000000 0.500000
vt 0.958333 0.458333
vt 1.000000 0.458333
vt 0.958333 0.416667
vt 1.000000 0.416667
vt 0.958333 0.375000
vt 1.000000 0.375000
vt 0.958333 0.333333
vt 1.000000 0.333333
vt 0.958333 0.291667
vt 1.000000 0.291667
vt 0.958333 0.250000
vt 1.000000 0.250000
vt 0.958333 0.208333
vt 1.000000 0.208333
vt 0.958333 0.166667
vt 1.000000 0.166667
vt 0.958333 0.125000
vt 1.000000 0.125000
vt 0.958333 0.083333
vt 1.000000 0.083333
vt 0.958333 0.041667
vt 1.000000 0.041667
vt 0.958333 0.000000
vt 0.958333 1.000000
vt 0.916667 0.958333
vt 0.916667 0.916667
vt 0.916667 0.875000
vt 0.916667 0.833333
vt 0.916667 0.791667
vt 0.916667 0.750000
vt 0.916667 0.708333
vt 0.916667 0.666667
vt 0.916667 0.625000
vt 0.916667 0.583333
vt 0.916667 0.541667
vt 0.916667 0.500000
vt 0.916667 0.458333
vt 0.916667 0.416667
vt 0.916667 0.375000
vt 0.916667 0.333333
vt 0.916667 0.291667
vt 0.916667 0.250000
vt 0.916667 0.208333
vt 0.916667 0.166667
vt 0.916667 0.125000
vt 0.916667 0.083333
vt 0.916667 0.041667
vt 0.916667 0.000000
vt 0.916667 1.000000
vt 0.875000 0.958333
vt 0.875000 0.916667
vt 0.875000 0.875000
vt 0.875000 0.833333
vt 0.875000 0.791667
vt 0.875000 0.750000
vt 0.875000 0.708333
vt 0.875000 0.666667
vt 0.875000 0.625000
vt 0.875000 0.583333
vt 0.875000 0.541667
vt 0.875000 0.500000
vt 0.875000 0.458333
vt 0.875000 0.416667
vt 0.875000 0.375000
vt 0.875000 0.333333
vt 0.875000 0.291667
vt 0.875000 0.250000
vt 0.875000 0.208333
vt 0.875000 0.166667
vt 0.875000 0.125000
vt 0.875000 0.083333
vt 0.875000 0.041667
vt 0.875000 0.000000
vt 0.875000 1.000000
vt 0.833333 0.958333
vt 0.833333 0.916667
vt 0.833333 0.875000
vt 0.833333 0.833333
vt 0.833333 0.791667
vt 0.833333 0.750000
vt 0.833333 0.708333
vt 0.833333 0.666667
vt 0.833333 0.625000
vt 0.833333 0.583333
vt 0.833333 0.541667
vt 0.833333 0.500000
vt 0.833333 0.458333
vt 0.833333 0.416667
vt 0.833333 0.375000
vt 0.833333 0.333333
vt 0.833333 0.291667
vt 0.833333 0.250000
vt 0.833333 0.208333
vt 0.833333 0.166667
vt 0.833333 0.125000
vt 0.833333 0.083333
vt 0.833333 0.041667
vt 0.833333 0.000000
vt 0.833333 1.000000
vt 0.791667 0.958333
vt 0.791667 0.916667
vt 0.791667 0.875000
vt 0.791667 0.833333
vt 0.791667 0.791667
vt 0.791667 0.750000
vt 0.791667 0.708333
vt 0.791667 0.666667
vt 0.791667 0.625000
vt 0.791667 0.583333
vt 0.791667 0.541667
vt 0.791667 0.500000
vt 0.791667 0.458333
vt 0.791667 0.416667
vt 0.791667 0.375000
vt 0.791667 0.333333
vt 0.791667 0.291667
vt 0.791667 0.250000
vt 0.791667 0.208333
vt 0.791667 0.166667
vt 0.791667 0.125000
vt 0.791667 0.083333
vt 0.791667 0.041667
vt 0.791667 0.000000
vt 0.791667 1.000000
vt 0.750000 0.958333
vt 0.750000 0.916667
vt 0.750000 0.875000
vt 0.750000 0.833333
vt 0.750000 0.791667
vt 0.750000 0.750000
vt 0.750000 0.708333
vt 0.750000 0.666667
vt 0.750000 0.625000
vt 0.750000 0.583333
vt 0.750000 0.541667
vt 0.750000 0.500000
vt 0.750000 0.458333
vt 0.750000 0.416667
vt 0.750000 0.375000
vt 0.750000 0.333333
vt 0.750000 0.291667
vt 0.750000 0.250000
vt 0.750000 0.208333
vt 0.750000 0.166667
vt 0.750000 0.125000
vt 0.750000 0.083333
vt 0.750000 0.041667
vt 0.750000 0.000000
vt 0.750000 1.000000
vt 0.708333 0.958333
vt 0.708333 0.916667
vt 0.708333 0.875000
vt 0.708333 0.833333
vt 0.708333 0.791667
vt 0.708333 0.750000
vt 0.708333 0.708333
vt 0.708333 0.666667
vt 0.708333 0.625000
vt 0.708333 0.583333
vt 0.708333 0.541667
vt 0.708333 0.500000
vt 0.708333 0.458333
vt 0.708333 0.416667
vt 0.708333 0.375000
vt 0.708333 0.333333
vt 0.708333 0.291667
vt 0.708333 0.250000
vt 0.708333 0.208333
vt 0.708333 0.166667
vt 0.708333 0.125000
vt 0.708333 0.083333
vt 0.708333 0.041667
vt 0.708333 0.000000
vt 0.708333 1.000000
vt 0.666667 0.958333
vt 0.666667 0.916667
vt 0.666667 0.875000
vt 0.666667 0.833333
vt 0.666667 0.791667
vt 0.666667 0.750000
vt 0.666667 0.708333
vt 0.666667 0.666667
vt 0.666667 0.625000
vt 0.666667 0.583333
vt 0.666667 0.541667
vt 0.666667 0.500000
vt 0.666667 0.458333
vt 0.666667 0.416667
vt 0.666667 0.375000
vt 0.666667 0.333333
vt 0.666667 0.291667
vt 0.666667 0.250000
vt 0.666667 0.208333
vt 0.666667 0.166667
vt 0.666667 0.125000
vt 0.666667 0.083333
vt 0.666667 0.041667
vt 0.666667 0.000000
vt 0.666667 1.000000
vt 0.625000 0.958333
vt 0.625000 0.916667
vt 0.625000 0.875000
vt 0.625000 0.833333
vt 0.625000 0.791667
vt 0.625000 0.750000
vt 0.625000 0.708333
vt 0.625000 0.666667
vt 0.625000 0.625000
vt 0.625000 0.583333
vt 0.625000 0.541667
vt 0.625000 0.500000
vt 0.625000 0.458333
vt 0.625000 0.416667
vt 0.625000 0.375000
vt 0.625000 0.333333
vt 0.625000 0.291667
vt 0.625000 0.250000
vt 0.625000 0.208333
vt 0.625000 0.166667
vt 0.625000 0.125000
vt 0.625000 0.083333
vt 0.625000 0.041667
vt 0.625000 0.000000
vt 0.625000 1.000000
vt 0.583333 0.958333
vt 0.583333 0.916667
vt 0.583333 0.875000
vt 0.583333 0.833333
vt 0.583333 0.791667
vt 0.583333 0.750000
vt 0.583333 0.708333
vt 0.583333 0.666667
vt 0.583333 0.625000
vt 0.583333 0.583333
vt 0.583333 0.541667
vt 0.583333 0.500000
vt 0.583333 0.458333
vt 0.583333 0.416667
vt 0.583333 0.375000
vt 0.583333 0.333333
vt 0.583333 0.291667
vt 0.583333 0.250000
vt 0.583333 0.208333
vt 0.583333 0.166667
vt 0.583333 0.125000
vt 0.583333 0.083333
vt 0.583333 0.041667
vt 0.583333 0.000000
vt 0.583333 1.000000
vt 0.541667 0.958333
vt 0.541667 0.916667
vt 0.541667 0.875000
vt 0.541667 0.833333
vt 0.541667 0.791667
vt 0.541667 0.750000
vt 0.541667 0.708333
vt 0.541667 0.666667
vt 0.541667 0.625000
vt 0.541667 0.583333
vt 0.541667 0.541667
vt 0.541667 0.500000
vt 0.541667 0.458333
vt 0.541667 0.416667
vt 0.541667 0.375000
vt 0.541667 0.333333
vt 0.541667 0.291667
vt 0.541667 0.250000
vt 0.541667 0.208333
vt 0.541667 0.166667
vt 0.541667 0.125000
vt 0.541667 0.083333
vt 0.541667 0.041667
vt 0.541667 0.000000
vt 0.541667 1.000000
vt 0.500000 0.958333
vt 0.500000 0.916667
vt 0.500000 0.875000
vt 0.500000 0.833333
vt 0.500000 0.791667
vt 0.500000 0.750000
vt 0.500000 0.708333
vt 0.500000 0.666667
vt 0.500000 0.625000
vt 0.500000 0.583333
vt 0.500000 0.541667
vt 0.500000 0.500000
vt 0.500000 0.458333
vt 0.500000 0.416667
vt 0.500000 0.375000
vt 0.500000 0.333333
vt 0.500000 0.291667
vt 0.500000 0.250000
vt 0.500000 0.208333
vt 0.500000 0.166667
vt 0.500000 0.125000
vt 0.500000 0.083333
vt 0.500000 0.041667
vt 0.500000 0.000000
vt 0.500000 1.000000
vt 0.458333 0.958333
vt 0.458333 0.916667
vt 0.458333 0.875000
vt 0.458333 0.833333
vt 0.458333 0.791667
vt 0.458333 0.750000
vt 0.458333 0.708333
vt 0.458333 0.666667
vt 0.458333 0.625000
vt 0.458333 0.583333
vt 0.458333 0.541667
vt 0.458333 0.500000
vt 0.458333 0.458333
vt 0.458333 0.416667
vt 0.458333 0.375000
vt 0.458333 0.333333
vt 0.458333 0.291667
vt 0.458333 0.250000
vt 0.458333 0.208333
vt 0.458333 0.166667
vt 0.458333 0.125000
vt 0.458333 0.083333
vt 0.458333 0.041667
vt 0.458333 0.000000
vt 0.458333 1.000000
vt 0.416667 0.958333
vt 0.416667 0.916667
vt 0.416667 0.875000
vt 0.416667 0.833333
vt 0.416667 0.791667
vt 0.416667 0.750000
vt 0.416667 0.708333
vt 0.416667 0.666667
vt 0.416667 0.625000
vt 0.416667 0.583333
vt 0.416667 0.541667
vt 0.416667 0.500000
vt 0.416667 0.458333
vt 0.416667 0.416667
vt 0.416667 0.375000
vt 0.416667 0.333333
vt 0.416667 0.291667
vt 0.416667 0.250000
vt 0.416667 0.208333
vt 0.416667 0.166667
vt 0.416667 0.125000
vt 0.416667 0.083333
vt 0.416667 0.041667
vt 0.416667 0.000000
vt 0.416667 1.000000
vt 0.375000 0.958333
vt 0.375000 0.916667
vt 0.375000 0.875000
vt 0.375000 0.833333
vt 0.375000 0.791667
vt 0.375000 0.750000
vt 0.375000 0.708333
vt 0.375000 0.666667
vt 0.375000 0.625000
vt 0.375000 0.583333
vt 0.375000 0.541667
vt 0.375000 0.500000
vt 0.375000 0.458333
vt 0.375000 0.416667
vt 0.375000 0.375000
vt 0.375000 0.333333
vt 0.375000 0.291667
vt 0.375000 0.250000
vt 0.375000 0.208333
vt 0.375000 0.166667
vt 0.375000 0.125000
vt 0.375000 0.083333
vt 0.375000 0.041667
vt 0.375000 0.000000
vt 0.375000 1.000000
vt 0.333333 0.958333
vt 0.333333 0.916667
vt 0.333333 0.875000
vt 0.333333 0.833333
vt 0.333333 0.791667
vt 0.333333 0.750000
vt 0.333333 0.708333
vt 0.333333 0.666667
vt 0.333333 0.625000
vt 0.333333 0.583333
vt 0.333333 0.541667
vt 0.333333 0.500000
vt 0.333333 0.458333
vt 0.333333 0.416667
vt 0.333333 0.375000
vt 0.333333 0.333333
vt 0.333333 0.291667
vt 0.333333 0.250000
vt 0.333333 0.208333
vt 0.333333 0.166667
vt 0.333333 0.125000
vt 0.333333 0.083333
vt 0.333333 0.041667
vt 0.333333 0.000000
vt 0.333333 1.000000
vt 0.291667 0.958333
vt 0.291667 0.916667
vt 0.291667 0.875000
vt 0.291667 0.833333
vt 0.291667 0.791667
vt 0.291667 0.750000
vt 0.291667 0.708333
vt 0.291667 0.666667
vt 0.291667 0.625000
vt 0.291667 0.583333
vt 0.291667 0.541667
vt 0.291667 0.500000
vt 0.291667 0.458333
vt 0.291667 0.416667
vt 0.291667 0.375000
vt 0.291667 0.333333
vt 0.291667 0.291667
vt 0.291667 0.250000
vt 0.291667 0.208333
vt 0.291667 0.166667
vt 0.291667 0.125000
vt 0.291667 0.083333
vt 0.291667 0.041667
vt 0.291667 0.000000
vt 0.291667 1.000000
vt 0.250000 0.958333
vt 0.250000 0.916667
vt 0.250000 0.875000
vt 0.250000 0.833333
vt 0.250000 0.791667
vt 0.250000 0.750000
vt 0.250000 0.708333
vt 0.250000 0.666667
vt 0.250000 0.625000
vt 0.250000 0.583333
vt 0.250000 0.541667
vt 0.250000 0.500000
vt 0.250000 0.458333
vt 0.250000 0.416667
vt 0.250000 0.375000
vt 0.250000 0.333333
vt 0.250000 0.291667
vt 0.250000 0.250000
vt 0.250000 0.208333
vt 0.250000 0.166667
vt 0.250000 0.125000
vt 0.250000 0.083333
vt 0.250000 0.041667
vt 0.250000 0.000000
vt 0.250000 1.000000
vt 0.208333 0.958333
vt 0.208333 0.916667
vt 0.208333 0.875000
vt 0.208333 0.833333
vt 0.208333 0.791667
vt 0.208333 0.750000
vt 0.208333 0.708333
vt 0.208333 0.666667
vt 0.208333 0.625000
vt 0.208333 0.583333
vt 0.208333 0.541667
vt 0.208333 0.500000
vt 0.208333 0.458333
vt 0.208333 0.416667
vt 0.208333 0.375000
vt 0.208333 0.333333
vt 0.208333 0.291667
vt 0.208333 0.250000
vt 0.208333 0.208333
vt 0.208333 0.166667
vt 0.208333 0.125000
vt 0.208333 0.083333
vt 0.208333 0.041667
vt 0.208333 0.000000
vt 0.208333 1.000000
vt 0.166667 0.958333
vt 0.166667 0.916667
vt 0.166667 0.875000
vt 0.166667 0.833333
vt 0.166667 0.791667
vt 0.166667 0.750000
vt 0.166667 0.708333
vt 0.166667 0.666667
vt 0.166667 0.625000
vt 0.166667 0.583333
vt 0.166667 0.541667
vt 0.166667 0.500000
vt 0.166667 0.458333
vt 0.166667 0.416667
vt 0.166667 0.375000
vt 0.166667 0.333333
vt 0.166667 0.291667
vt 0.166667 0.250000
vt 0.166667 0.208333
vt 0.166667 0.166667
vt 0.166667 0.125000
vt 0.166667 0.083333
vt 0.166667 0.041667
vt 0.166667 0.000000
vt 0.166667 1.000000
vt 0.125000 0.958333
vt 0.125000 0.916667
vt 0.125000 0.875000
vt 0.125000 0.833333
vt 0.125000 0.791667
vt 0.125000 0.750000
vt 0.125000 0.708333
vt 0.125000 0.666667
vt 0.125000 0.625000
vt 0.125000 0.583333
vt 0.125000 0.541667
vt 0.125000 0.500000
vt 0.125000 0.458333
vt 0.125000 0.416667
vt 0.125000 0.375000
vt 0.125000 0.333333
vt 0.125000 0.291667
vt 0.125000 0.250000
vt 0.125000 0.208333
vt 0.125000 0.166667
vt 0.125000 0.125000
vt 0.125000 0.083333
vt 0.125000 0.041667
vt 0.125000 0.000000
vt 0.125000 1.000000
vt 0.083333 0.958333
vt 0.083333 0.916667
vt 0.083333 0.875000
vt 0.083333 0.833333
vt 0.083333 0.791667
vt 0.083333 0.750000
vt 0.083333 0.708333
vt 0.083333 0.666667
vt 0.083333 0.625000
vt 0.083333 0.583333
vt 0.083333 0.541667
vt 0.083333 0.500000
vt 0.083333 0.458333
vt 0.083333 0.416667
vt 0.083333 0.375000
vt 0.083333 0.333333
vt 0.083333 0.291667
vt 0.083333 0.250000
vt 0.083333 0.208333
vt 0.083333 0.166667
vt 0.083333 0.125000
vt 0.083333 0.083333
vt 0.083333 0.041667
vt 0.083333 0.000000
vt 0.083333 1.000000
vt 0.041667 0.958333
vt 0.041667 0.916667
vt 0.041667 0.875000
vt 0.041667 0.833333
vt 0.041667 0.791667
vt 0.041667 0.750000
vt 0.041667 0.708333
vt 0.041667 0.666667
vt 0.041667 0.625000
vt 0.041667 0.583333
vt 0.041667 0.541667
vt 0.041667 0.500000
vt 0.041667 0.458333
vt 0.041667 0.416667
vt 0.041667 0.375000
vt 0.041667 0.333333
vt 0.041667 0.291667
vt 0.041667 0.250000
vt 0.041667 0.208333
vt 0.041667 0.166667
vt 0.041667 0.125000
vt 0.041667 0.083333
vt 0.041667 0.041667
vt 0.041667 0.000000
vt 0.041667 1.000000
vt 0.000000 0.958333
vt 0.000000 0.916667
vt 0.000000 0.875000
vt 0.000000 0.833333
vt 0.000000 0.791667
vt 0.000000 0.750000
vt 0.000000 0.708333
vt 0.000000 0.666667
vt 0.000000 0.625000
vt 0.000000 0.583333
vt 0.000000 0.541667
vt 0.000000 0.500000
vt 0.000000 0.458333
vt 0.000000 0.416667
vt 0.000000 0.375000
vt 0.000000 0.333333
vt 0.000000 0.291667
vt 0.000000 0.250000
vt 0.000000 0.208333
vt 0.000000 0.166667
vt 0.000000 0.125000
vt 0.000000 0.083333
vt 0.000000 0.041667
vt 0.000000 0.000000
vn -0.000000 1.000000 0.000000
vn 0.125800 0.991500 0.033800
vn 0.130200 0.991500 -0.000000
vn 0.250200 0.965900 0.067000
vn 0.259000 0.965900 -0.000000
vn 0.370000 0.923800 0.099000
vn 0.382900 0.923800 0.000000
vn 0.482500 0.866300 0.129300
vn 0.499500 0.866300 0.000000
vn 0.587700 0.793600 0.157500
vn 0.608400 0.793700 -0.000000
vn 0.682900 0.707200 0.183100
vn 0.706900 0.707300 -0.000000
vn 0.766400 0.608700 0.205500
vn 0.793500 0.608600 -0.000000
vn 0.836600 0.499800 0.224100
vn 0.866300 0.499500 0.000000
vn 0.892500 0.382600 0.238900
vn 0.923900 0.382700 0.000000
vn 0.933100 0.258800 0.249900
vn 0.965900 0.258900 0.000000
vn 0.957700 0.130600 0.256500
vn 0.991400 0.130600 0.000000
vn 0.965900 0.000000 0.258800
vn 1.000000 0.000000 -0.000000
vn 0.957700 -0.130600 0.256500
vn 0.991400 -0.130600 -0.000000
vn 0.933000 -0.258800 0.249900
vn 0.965900 -0.258900 -0.000000
vn 0.892500 -0.382600 0.238900
vn 0.923900 -0.382600 -0.000000
vn 0.836600 -0.499800 0.224100
vn 0.866300 -0.499500 -0.000000
vn 0.766400 -0.608700 0.205500
vn 0.793500 -0.608600 -0.000000
vn 0.682900 -0.707200 0.183100
vn 0.706900 -0.707300 -0.000000
vn 0.587700 -0.793600 0.157500
vn 0.608400 -0.793700 -0.000000
vn 0.482500 -0.866300 0.129300
vn 0.499500 -0.866300 -0.000000
vn 0.370000 -0.923800 0.099000
vn 0.382900 -0.923800 0.000000
vn 0.250200 -0.965900 0.067000
vn 0.259000 -0.965900 -0.000000
vn 0.125800 -0.991500 0.033800
vn 0.130200 -0.991500 0.000000
vn -0.000000 -1.000000 0.000000
vn 0.112700 0.991500 0.065200
vn 0.224200 0.965900 0.129400
vn 0.331700 0.923800 0.191400
vn 0.432700 0.866200 0.249800
vn 0.526900 0.793600 0.304300
vn 0.612300 0.707100 0.353600
vn 0.687100 0.608600 0.396800
vn 0.749900 0.500000 0.433200
vn 0.800000 0.382700 0.462100
vn 0.836500 0.258800 0.483000
vn 0.858600 0.130700 0.495700
vn 0.866100 0.000000 0.499900
vn 0.858600 -0.130700 0.495700
vn 0.836500 -0.258800 0.483000
vn 0.800000 -0.382600 0.462100
vn 0.749900 -0.500000 0.433100
vn 0.687100 -0.608600 0.396800
vn 0.612300 -0.707100 0.353600
vn 0.526900 -0.793600 0.304300
vn 0.432700 -0.866200 0.249800
vn 0.331700 -0.923700 0.191500
vn 0.224200 -0.965900 0.129400
vn 0.112700 -0.991500 0.065100
vn 0.092000 0.991500 0.092000
vn 0.183100 0.965900 0.183100
vn 0.270800 0.923800 0.270800
vn 0.353400 0.866200 0.353400
vn 0.430200 0.793600 0.430200
vn 0.500000 0.707100 0.500000
vn 0.561100 0.608600 0.561100
vn 0.612400 0.499900 0.612400
vn 0.653300 0.382700 0.653300
vn 0.683000 0.258800 0.683000
vn 0.701100 0.130600 0.701100
vn 0.707100 0.000000 0.707100
vn 0.701100 -0.130600 0.701100
vn 0.683000 -0.258800 0.683000
vn 0.653300 -0.382700 0.653300
vn 0.612400 -0.500000 0.612400
vn 0.561100 -0.608600 0.561100
vn 0.500000 -0.707100 0.500000
vn 0.430200 -0.793600 0.430200
vn 0.353400 -0.866200 0.353400
vn 0.270800 -0.923800 0.270800
vn 0.183100 -0.965900 0.183100
vn 0.092100 -0.991500 0.092100
vn 0.065100 0.991500 0.112700
vn 0.129400 0.965900 0.224200
vn 0.191400 0.923800 0.331700
vn 0.249800 0.866200 0.432700
vn 0.304300 0.793600 0.526900
vn 0.353600 0.707100 0.612400
vn 0.396800 0.608600 0.687100
vn 0.433200 0.500000 0.749900
vn 0.462100 0.382700 0.800000
vn 0.483100 0.258700 0.836500
vn 0.495700 0.130800 0.858600
vn 0.499900 0.000000 0.866100
vn 0.495700 -0.130700 0.858600
vn 0.483100 -0.258700 0.836500
vn 0.462100 -0.382700 0.800000
vn 0.433200 -0.500000 0.749900
vn 0.396800 -0.608700 0.687100
vn 0.353600 -0.707100 0.612300
vn 0.304300 -0.793600 0.526900
vn 0.249800 -0.866200 0.432700
vn 0.191400 -0.923800 0.331700
vn 0.129400 -0.965900 0.224200
vn 0.065100 -0.991500 0.112700
vn 0.033800 0.991500 0.125800
vn 0.067000 0.965900 0.250200
vn 0.099000 0.923800 0.370000
vn 0.129300 0.866300 0.482500
vn 0.157500 0.793600 0.587700
vn 0.183100 0.707200 0.682900
vn 0.205500 0.608700 0.766400
vn 0.224100 0.499800 0.836600
vn 0.238900 0.382600 0.892500
vn 0.249900 0.258900 0.933000
vn 0.256500 0.130600 0.957700
vn 0.258800 0.000000 0.965900
vn 0.256500 -0.130600 0.957700
vn 0.249900 -0.258700 0.933100
vn 0.238900 -0.382600 0.892500
vn 0.224100 -0.499800 0.836600
vn 0.205500 -0.608700 0.766400
vn 0.183100 -0.707200 0.682900
vn 0.157500 -0.793600 0.587700
vn 0.129300 -0.866300 0.482500
vn 0.099000 -0.923800 0.370000
vn 0.067000 -0.965900 0.250200
vn 0.033800 -0.991500 0.125800
vn -0.000000 0.991500 0.130200
vn -0.000000 0.965900 0.259000
vn -0.000000 0.923800 0.382900
vn 0.000000 0.866300 0.499500
vn 0.000000 0.793700 0.608400
vn 0.000000 0.707300 0.706900
vn 0.000000 0.608600 0.793500
vn 0.000000 0.499400 0.866300
vn 0.000000 0.382600 0.923900
vn -0.000000 0.258900 0.965900
vn -0.000000 0.130600 0.991400
vn 0.000000 0.000000 1.000000
vn -0.000000 -0.130600 0.991400
vn -0.000000 -0.258900 0.965900
vn 0.000000 -0.382700 0.923900
vn 0.000000 -0.499500 0.866300
vn 0.000000 -0.608600 0.793500
vn 0.000000 -0.707300 0.706900
vn 0.000000 -0.793700 0.608400
vn 0.000000 -0.866300 0.499500
vn -0.000000 -0.923800 0.382900
vn -0.000000 -0.965900 0.259000
vn -0.000000 -0.991500 0.130200
vn -0.033800 0.991500 0.125800
vn -0.067000 0.965900 0.250200
vn -0.099000 0.923800 0.370000
vn -0.129300 0.866300 0.482500
vn -0.157500 0.793600 0.587700
vn -0.183100 0.707200 0.682900
vn -0.205500 0.608700 0.766400
vn -0.224100 0.499800 0.836600
vn -0.238900 0.382600 0.892500
vn -0.249900 0.258700 0.933100
vn -0.256500 0.130600 0.957700
vn -0.258800 0.000000 0.965900
vn -0.256500 -0.130600 0.957700
vn -0.249900 -0.258800 0.933000
vn -0.238900 -0.382600 0.892500
vn -0.224100 -0.499800 0.836600
vn -0.205500 -0.608700 0.766400
vn -0.183100 -0.707200 0.682900
vn -0.157500 -0.793600 0.587700
vn -0.129300 -0.866300 0.482500
vn -0.099000 -0.923800 0.370000
vn -0.067000 -0.965900 0.250200
vn -0.033800 -0.991500 0.125800
vn -0.065100 0.991500 0.112700
vn -0.129400 0.965900 0.224200
vn -0.191400 0.923800 0.331700
vn -0.249800 0.866200 0.432700
vn -0.304300 0.793600 0.526900
vn -0.353600 0.707100 0.612300
vn -0.396800 0.608700 0.687100
vn -0.433200 0.500000 0.749900
vn -0.462100 0.382600 0.800000
vn -0.483100 0.258700 0.836500
vn -0.495700 0.130700 0.858600
vn -0.499900 0.000000 0.866100
vn -0.495700 -0.130700 0.858600
vn -0.483100 -0.258700 0.836500
vn -0.462100 -0.382700 0.800000
vn -0.433100 -0.500000 0.749900
vn -0.396800 -0.608700 0.687100
vn -0.353600 -0.707100 0.612300
vn -0.304300 -0.793600 0.526900
vn -0.249800 -0.866200 0.432700
vn -0.191500 -0.923700 0.331700
vn -0.129400 -0.965900 0.224200
vn -0.065200 -0.991500 0.112700
vn -0.092000 0.991500 0.092000
vn -0.183100 0.965900 0.183100
vn -0.270800 0.923800 0.270800
vn -0.353400 0.866200 0.353400
vn -0.430200 0.793600 0.430200
vn -0.500000 0.707100 0.500000
vn -0.561100 0.608600 0.561100
vn -0.612400 0.499900 0.612400
vn -0.653300 0.382700 0.653300
vn -0.683000 0.258800 0.683000
vn -0.701100 0.130600 0.701100
vn -0.707100 0.000000 0.707100
vn -0.701100 -0.130600 0.701100
vn -0.683000 -0.258800 0.683000
vn -0.653300 -0.382700 0.653300
vn -0.612400 -0.499900 0.612400
vn -0.561100 -0.608600 0.561100
vn -0.500000 -0.707100 0.500000
vn -0.430200 -0.793600 0.430200
vn -0.353400 -0.866200 0.353400
vn -0.270800 -0.923800 0.270800
vn -0.183100 -0.965900 0.183100
vn -0.092000 -0.991500 0.092000
vn -0.112700 0.991500 0.065200
vn -0.224200 0.965900 0.129400
vn -0.331700 0.923800 0.191400
vn -0.432700 0.866200 0.249800
vn -0.526900 0.793600 0.304300
vn -0.612300 0.707100 0.353600
vn -0.687100 0.608600 0.396800
vn -0.749900 0.500000 0.433100
vn -0.800000 0.382700 0.462100
vn -0.836500 0.258700 0.483100
vn -0.858600 0.130700 0.495700
vn -0.866100 0.000000 0.499900
vn -0.858600 -0.130600 0.495700
vn -0.836500 -0.258700 0.483100
vn -0.800000 -0.382700 0.462100
vn -0.749900 -0.500000 0.433200
vn -0.687100 -0.608600 0.396800
vn -0.612300 -0.707100 0.353600
vn -0.526900 -0.793600 0.304300
vn -0.432700 -0.866200 0.249800
vn -0.331700 -0.923700 0.191500
vn -0.224200 -0.965900 0.129400
vn -0.112700 -0.991500 0.065100
vn -0.125800 0.991500 0.033800
vn -0.250200 0.965900 0.067000
vn -0.370000 0.923800 0.099000
vn -0.482500 0.866300 0.129300
vn -0.587700 0.793600 0.157500
vn -0.682900 0.707200 0.183100
vn -0.766400 0.608700 0.205500
vn -0.836600 0.499800 0.224100
vn -0.892500 0.382600 0.238900
vn -0.933100 0.258700 0.249900
vn -0.957700 0.130600 0.256500
vn -0.965900 0.000000 0.258800
vn -0.957700 -0.130600 0.256500
vn -0.933000 -0.258800 0.249900
vn -0.892500 -0.382600 0.238900
vn -0.836600 -0.499800 0.224100
vn -0.766400 -0.608700 0.205500
vn -0.682900 -0.707200 0.183100
vn -0.587700 -0.793600 0.157500
vn -0.482500 -0.866300 0.129300
vn -0.370000 -0.923800 0.099000
vn -0.250200 -0.965900 0.067000
vn -0.125800 -0.991500 0.033800
vn -0.130200 0.991500 -0.000000
vn -0.259000 0.965900 -0.000000
vn -0.382900 0.923800 -0.000000
vn -0.499500 0.866300 0.000000
vn -0.608400 0.793700 0.000000
vn -0.706900 0.707300 0.000000
vn -0.793500 0.608600 0.000000
vn -0.866300 0.499500 0.000000
vn -0.923900 0.382600 0.000000
vn -0.965900 0.258900 -0.000000
vn -0.991400 0.130600 -0.000000
vn -1.000000 0.000000 0.000000
vn -0.991400 -0.130600 -0.000000
vn -0.965900 -0.258900 -0.000000
vn -0.923900 -0.382700 0.000000
vn -0.866300 -0.499500 0.000000
vn -0.793500 -0.608600 0.000000
vn -0.706900 -0.707300 0.000000
vn -0.608400 -0.793700 0.000000
vn -0.499500 -0.866300 0.000000
vn -0.382900 -0.923800 -0.000000
vn -0.259000 -0.965900 -0.000000
vn -0.130200 -0.991500 -0.000000
vn -0.125800 0.991500 -0.033800
vn -0.250200 0.965900 -0.067000
vn -0.370000 0.923800 -0.099000
vn -0.482500 0.866300 -0.129300
vn -0.587700 0.793600 -0.157500
vn -0.682900 0.707200 -0.183100
vn -0.766400 0.608700 -0.205500
vn -0.836600 0.499800 -0.224100
vn -0.892500 0.382600 -0.238900
vn -0.933100 0.258800 -0.249900
vn -0.957700 0.130600 -0.256500
vn -0.965900 0.000000 -0.258800
vn -0.957700 -0.130600 -0.256500
vn -0.933000 -0.258800 -0.249900
vn -0.892500 -0.382600 -0.238900
vn -0.836600 -0.499800 -0.224100
vn -0.766400 -0.608700 -0.205500
vn -0.682900 -0.707200 -0.183100
vn -0.587700 -0.793600 -0.157500
vn -0.482500 -0.866300 -0.129300
vn -0.370000 -0.923800 -0.099000
vn -0.250200 -0.965900 -0.067000
vn -0.125800 -0.991500 -0.033800
vn -0.112700 0.991500 -0.065200
vn -0.224200 0.965900 -0.129400
vn -0.331700 0.923800 -0.191400
vn -0.432700 0.866200 -0.249800
vn -0.526900 0.793600 -0.304300
vn -0.612300 0.707100 -0.353600
vn -0.687100 0.608600 -0.396800
vn -0.749900 0.500000 -0.433200
vn -0.800000 0.382700 -0.462100
vn -0.836500 0.258800 -0.483000
vn -0.858600 0.130700 -0.495700
vn -0.866100 0.000000 -0.499900
vn -0.858600 -0.130700 -0.495700
vn -0.836500 -0.258800 -0.483000
vn -0.800000 -0.382600 -0.462100
vn -0.749900 -0.500000 -0.433100
vn -0.687100 -0.608600 -0.396800
vn -0.612300 -0.707100 -0.353600
vn -0.526900 -0.793600 -0.304300
vn -0.432700 -0.866200 -0.249800
vn -0.331700 -0.923700 -0.191500
vn -0.224200 -0.965900 -0.129400
vn -0.112700 -0.991500 -0.065100
vn -0.092000 0.991500 -0.092000
vn -0.183100 0.965900 -0.183100
vn -0.270800 0.923800 -0.270800
vn -0.353400 0.866200 -0.353400
vn -0.430200 0.793600 -0.430200
vn -0.500000 0.707100 -0.500000
vn -0.561100 0.608600 -0.561100
vn -0.612400 0.499900 -0.612400
vn -0.653300 0.382700 -0.653300
vn -0.683000 0.258800 -0.683000
vn -0.701100 0.130600 -0.701100
vn -0.707100 0.000000 -0.707100
vn -0.701100 -0.130600 -0.701100
vn -0.683000 -0.258800 -0.683000
vn -0.653300 -0.382700 -0.653300
vn -0.612400 -0.500000 -0.612400
vn -0.561100 -0.608600 -0.561100
vn -0.500000 -0.707100 -0.500000
vn -0.430200 -0.793600 -0.430200
vn -0.353400 -0.866200 -0.353400
vn -0.270800 -0.923800 -0.270800
vn -0.183100 -0.965900 -0.183100
vn -0.092100 -0.991500 -0.092100
vn -0.065100 0.991500 -0.112700
vn -0.129400 0.965900 -0.224200
vn -0.191400 0.923800 -0.331700
vn -0.249800 0.866200 -0.432700
vn -0.304300 0.793600 -0.526900
vn -0.353600 0.707100 -0.612400
vn -0.396800 0.608600 -0.687100
vn -0.433200 0.500000 -0.749900
vn -0.462100 0.382700 -0.800000
vn -0.483100 0.258700 -0.836500
vn -0.495700 0.130800 -0.858600
vn -0.499900 0.000000 -0.866100
vn -0.495700 -0.130700 -0.858600
vn -0.483100 -0.258700 -0.836500
vn -0.462100 -0.382700 -0.800000
vn -0.433200 -0.500000 -0.749900
vn -0.396800 -0.608700 -0.687100
vn -0.353600 -0.707100 -0.612300
vn -0.304300 -0.793600 -0.526900
vn -0.249800 -0.866200 -0.432700
vn -0.191400 -0.923800 -0.331700
vn -0.129400 -0.965900 -0.224200
vn -0.065100 -0.991500 -0.112700
vn -0.033800 0.991500 -0.125800
vn -0.067000 0.965900 -0.250200
vn -0.099000 0.923800 -0.370000
vn -0.129300 0.866300 -0.482500
vn -0.157500 0.793600 -0.587700
vn -0.183100 0.707200 -0.682900
vn -0.205500 0.608700 -0.766400
vn -0.224100 0.499800 -0.836600
vn -0.238900 0.382600 -0.892500
vn -0.249900 0.258900 -0.933000
vn -0.256500 0.130600 -0.957700
vn -0.258800 0.000000 -0.965900
vn -0.256500 -0.130600 -0.957700
vn -0.249900 -0.258700 -0.933100
vn -0.238900 -0.382600 -0.892500
vn -0.224100 -0.499800 -0.836600
vn -0.205500 -0.608700 -0.766400
vn -0.183100 -0.707200 -0.682900
vn -0.157500 -0.793600 -0.587700
vn -0.129300 -0.866300 -0.482500
vn -0.099000 -0.923800 -0.370000
vn -0.067000 -0.965900 -0.250200
vn -0.033800 -0.991500 -0.125800
vn 0.000000 0.991500 -0.130200
vn 0.000000 0.965900 -0.259000
vn 0.000000 0.923800 -0.382900
vn -0.000000 0.866300 -0.499500
vn -0.000000 0.793700 -0.608400
vn -0.000000 0.707300 -0.706900
vn -0.000000 0.608600 -0.793500
vn -0.000000 0.499400 -0.866300
vn -0.000000 0.382600 -0.923900
vn 0.000000 0.258900 -0.965900
vn 0.000000 0.130600 -0.991400
vn 0.000000 -0.000000 -1.000000
vn 0.000000 -0.130600 -0.991400
vn 0.000000 -0.258900 -0.965900
vn -0.000000 -0.382700 -0.923900
vn -0.000000 -0.499500 -0.866300
vn -0.000000 -0.608600 -0.793500
vn -0.000000 -0.707300 -0.706900
vn -0.000000 -0.793700 -0.608400
vn -0.000000 -0.866300 -0.499500
vn 0.000000 -0.923800 -0.382900
vn 0.000000 -0.965900 -0.259000
vn 0.000000 -0.991500 -0.130200
vn 0.033800 0.991500 -0.125800
vn 0.067000 0.965900 -0.250200
vn 0.099000 0.923800 -0.370000
vn 0.129300 0.866300 -0.482500
vn 0.157500 0.793600 -0.587700
vn 0.183100 0.707200 -0.682900
vn 0.205500 0.608700 -0.766400
vn 0.224100 0.499800 -0.836600
vn 0.238900 0.382600 -0.892500
vn 0.249900 0.258700 -0.933100
vn 0.256500 0.130600 -0.957700
vn 0.258800 -0.000000 -0.965900
vn 0.256500 -0.130600 -0.957700
vn 0.249900 -0.258800 -0.933000
vn 0.238900 -0.382600 -0.892500
vn 0.224100 -0.499800 -0.836600
vn 0.205500 -0.608700 -0.766400
vn 0.183100 -0.707200 -0.682900
vn 0.157500 -0.793600 -0.587700
vn 0.129300 -0.866300 -0.482500
vn 0.099000 -0.923800 -0.370000
vn 0.067000 -0.965900 -0.250200
vn 0.033800 -0.991500 -0.125800
vn 0.065100 0.991500 -0.112700
vn 0.129400 0.965900 -0.224200
vn 0.191400 0.923800 -0.331700
vn 0.249800 0.866200 -0.432700
vn 0.304300 0.793600 -0.526900
vn 0.353600 0.707100 -0.612300
vn 0.396800 0.608700 -0.687100
vn 0.433200 0.500000 -0.749900
vn 0.462100 0.382600 -0.800000
vn 0.483100 0.258700 -0.836500
vn 0.495700 0.130700 -0.858600
vn 0.499900 0.000000 -0.866100
vn 0.495700 -0.130700 -0.858600
vn 0.483100 -0.258700 -0.836500
vn 0.462100 -0.382700 -0.800000
vn 0.433100 -0.500000 -0.749900
vn 0.396800 -0.608700 -0.687100
vn 0.353600 -0.707100 -0.612300
vn 0.304300 -0.793600 -0.526900
vn 0.249800 -0.866200 -0.432700
vn 0.191500 -0.923700 -0.331700
vn 0.129400 -0.965900 -0.224200
vn 0.065200 -0.991500 -0.112700
vn 0.092000 0.991500 -0.092000
vn 0.183100 0.965900 -0.183100
vn 0.270800 0.923800 -0.270800
vn 0.353400 0.866200 -0.353400
vn 0.430200 0.793600 -0.430200
vn 0.500000 0.707100 -0.500000
vn 0.561100 0.608600 -0.561100
vn 0.612400 0.499900 -0.612400
vn 0.653300 0.382700 -0.653300
vn 0.683000 0.258800 -0.683000
vn 0.701100 0.130600 -0.701100
vn 0.707100 0.000000 -0.707100
vn 0.701100 -0.130600 -0.701100
vn 0.683000 -0.258800 -0.683000
vn 0.653300 -0.382700 -0.653300
vn 0.612400 -0.499900 -0.612400
vn 0.561100 -0.608600 -0.561100
vn 0.500000 -0.707100 -0.500000
vn 0.430200 -0.793600 -0.430200
vn 0.353400 -0.866200 -0.353400
vn 0.270800 -0.923800 -0.270800
vn 0.183100 -0.965900 -0.183100
vn 0.092000 -0.991500 -0.092000
vn 0.112700 0.991500 -0.065200
vn 0.224200 0.965900 -0.129400
vn 0.331700 0.923800 -0.191400
vn 0.432700 0.866200 -0.249800
vn 0.526900 0.793600 -0.304300
vn 0.612300 0.707100 -0.353600
vn 0.687100 0.608600 -0.396800
vn 0.749900 0.500000 -0.433100
vn 0.800000 0.382700 -0.462100
vn 0.836500 0.258700 -0.483100
vn 0.858600 0.130700 -0.495700
vn 0.866100 0.000000 -0.499900
vn 0.858600 -0.130600 -0.495700
vn 0.836500 -0.258700 -0.483100
vn 0.800000 -0.382700 -0.462100
vn 0.749900 -0.500000 -0.433200
vn 0.687100 -0.608600 -0.396800
vn 0.612300 -0.707100 -0.353600
vn 0.526900 -0.793600 -0.304300
vn 0.432700 -0.866200 -0.249800
vn 0.331700 -0.923700 -0.191500
vn 0.224200 -0.965900 -0.129400
vn 0.112700 -0.991500 -0.065100
vn 0.125800 0.991500 -0.033800
vn 0.250200 0.965900 -0.067000
vn 0.370000 0.923800 -0.099000
vn 0.482500 0.866300 -0.129300
vn 0.587700 0.793600 -0.157500
vn 0.682900 0.707200 -0.183100
vn 0.766400 0.608700 -0.205500
vn 0.836600 0.499800 -0.224100
vn 0.892500 0.382600 -0.238900
vn 0.933100 0.258700 -0.249900
vn 0.957700 0.130600 -0.256500
vn 0.965900 0.000000 -0.258800
vn 0.957700 -0.130600 -0.256500
vn 0.933000 -0.258800 -0.249900
vn 0.892500 -0.382600 -0.238900
vn 0.836600 -0.499800 -0.224100
vn 0.766400 -0.608700 -0.205500
vn 0.682900 -0.707200 -0.183100
vn 0.587700 -0.793600 -0.157500
vn 0.482500 -0.866300 -0.129300
vn 0.370000 -0.923800 -0.099000
vn 0.250200 -0.965900 -0.067000
vn 0.125800 -0.991500 -0.033800
usemtl Physical10
s 1
f 6161/6860/6137 6186/6861/6138 6162/6862/6139
f 6162/6862/6139 6186/6861/6138 6187/6863/6140 6163/6864/6141
f 6163/6864/6141 6187/6863/6140 6188/6865/6142 6164/6866/6143
f 6164/6866/6143 6188/6865/6142 6189/6867/6144 6165/6868/6145
f 6165/6868/6145 6189/6867/6144 6190/6869/6146 6166/6870/6147
f 6166/6870/6147 6190/6869/6146 6191/6871/6148 6167/6872/6149
f 6167/6872/6149 6191/6871/6148 6192/6873/6150 6168/6874/6151
f 6168/6874/6151 6192/6873/6150 6193/6875/6152 6169/6876/6153
f 6169/6876/6153 6193/6875/6152 6194/6877/6154 6170/6878/6155
f 6170/6878/6155 6194/6877/6154 6195/6879/6156 6171/6880/6157
f 6171/6880/6157 6195/6879/6156 6196/6881/6158 6172/6882/6159
f 6172/6882/6159 6196/6881/6158 6197/6883/6160 6173/6884/6161
f 6173/6884/6161 6197/6883/6160 6198/6885/6162 6174/6886/6163
f 6174/6886/6163 6198/6885/6162 6199/6887/6164 6175/6888/6165
f 6175/6888/6165 6199/6887/6164 6200/6889/6166 6176/6890/6167
f 6176/6890/6167 6200/6889/6166 6201/6891/6168 6177/6892/6169
f 6177/6892/6169 6201/6891/6168 6202/6893/6170 6178/6894/6171
f 6178/6894/6171 6202/6893/6170 6203/6895/6172 6179/6896/6173
f 6179/6896/6173 6203/6895/6172 6204/6897/6174 6180/6898/6175
f 6180/6898/6175 6204/6897/6174 6205/6899/6176 6181/6900/6177
f 6181/6900/6177 6205/6899/6176 6206/6901/6178 6182/6902/6179
f 6182/6902/6179 6206/6901/6178 6207/6903/6180 6183/6904/6181
f 6183/6904/6181 6207/6903/6180 6208/6905/6182 6184/6906/6183
f 6184/6906/6183 6208/6905/6182 6185/6907/6184
f 6161/6908/6137 6209/6909/6185 6186/6861/6138
f 6186/6861/6138 6209/6909/6185 6210/6910/6186 6187/6863/6140
f 6187/6863/6140 6210/6910/6186 6211/6911/6187 6188/6865/6142
f 6188/6865/6142 6211/6911/6187 6212/6912/6188 6189/6867/6144
f 6189/6867/6144 6212/6912/6188 6213/6913/6189 6190/6869/6146
f 6190/6869/6146 6213/6913/6189 6214/6914/6190 6191/6871/6148
f 6191/6871/6148 6214/6914/6190 6215/6915/6191 6192/6873/6150
f 6192/6873/6150 6215/6915/6191 6216/6916/6192 6193/6875/6152
f 6193/6875/6152 6216/6916/6192 6217/6917/6193 6194/6877/6154
f 6194/6877/6154 6217/6917/6193 6218/6918/6194 6195/6879/6156
f 6195/6879/6156 6218/6918/6194 6219/6919/6195 6196/6881/6158
f 6196/6881/6158 6219/6919/6195 6220/6920/6196 6197/6883/6160
f 6197/6883/6160 6220/6920/6196 6221/6921/6197 6198/6885/6162
f 6198/6885/6162 6221/6921/6197 6222/6922/6198 6199/6887/6164
f 6199/6887/6164 6222/6922/6198 6223/6923/6199 6200/6889/6166
f 6200/6889/6166 6223/6923/6199 6224/6924/6200 6201/6891/6168
f 6201/6891/6168 6224/6924/6200 6225/6925/6201 6202/6893/6170
f 6202/6893/6170 6225/6925/6201 6226/6926/6202 6203/6895/6172
f 6203/6895/6172 6226/6926/6202 6227/6927/6203 6204/6897/6174
f 6204/6897/6174 6227/6927/6203 6228/6928/6204 6205/6899/6176
f 6205/6899/6176 6228/6928/6204 6229/6929/6205 6206/6901/6178
f 6206/6901/6178 6229/6929/6205 6230/6930/6206 6207/6903/6180
f 6207/6903/6180 6230/6930/6206 6231/6931/6207 6208/6905/6182
f 6208/6905/6182 6231/6931/6207 6185/6932/6184
f 6161/6933/6137 6232/6934/6208 6209/6909/6185
f 6209/6909/6185 6232/6934/6208 6233/6935/6209 6210/6910/6186
f 6210/6910/6186 6233/6935/6209 6234/6936/6210 6211/6911/6187
f 6211/6911/6187 6234/6936/6210 6235/6937/6211 6212/6912/6188
f 6212/6912/6188 6235/6937/6211 6236/6938/6212 6213/6913/6189
f 6213/6913/6189 6236/6938/6212 6237/6939/6213 6214/6914/6190
f 6214/6914/6190 6237/6939/6213 6238/6940/6214 6215/6915/6191
f 6215/6915/6191 6238/6940/6214 6239/6941/6215 6216/6916/6192
f 6216/6916/6192 6239/6941/6215 6240/6942/6216 6217/6917/6193
f 6217/6917/6193 6240/6942/6216 6241/6943/6217 6218/6918/6194
f 6218/6918/6194 6241/6943/6217 6242/6944/6218 6219/6919/6195
f 6219/6919/6195 6242/6944/6218 6243/6945/6219 6220/6920/6196
f 6220/6920/6196 6243/6945/6219 6244/6946/6220 6221/6921/6197
f 6221/6921/6197 6244/6946/6220 6245/6947/6221 6222/6922/6198
f 6222/6922/6198 6245/6947/6221 6246/6948/6222 6223/6923/6199
f 6223/6923/6199 6246/6948/6222 6247/6949/6223 6224/6924/6200
f 6224/6924/6200 6247/6949/6223 6248/6950/6224 6225/6925/6201
f 6225/6925/6201 6248/6950/6224 6249/6951/6225 6226/6926/6202
f 6226/6926/6202 6249/6951/6225 6250/6952/6226 6227/6927/6203
f 6227/6927/6203 6250/6952/6226 6251/6953/6227 6228/6928/6204
f 6228/6928/6204 6251/6953/6227 6252/6954/6228 6229/6929/6205
f 6229/6929/6205 6252/6954/6228 6253/6955/6229 6230/6930/6206
f 6230/6930/6206 6253/6955/6229 6254/6956/6230 6231/6931/6207
f 6231/6931/6207 6254/6956/6230 6185/6957/6184
f 6161/6958/6137 6255/6959/6231 6232/6934/6208
f 6232/6934/6208 6255/6959/6231 6256/6960/6232 6233/6935/6209
f 6233/6935/6209 6256/6960/6232 6257/6961/6233 6234/6936/6210
f 6234/6936/6210 6257/6961/6233 6258/6962/6234 6235/6937/6211
f 6235/6937/6211 6258/6962/6234 6259/6963/6235 6236/6938/6212
f 6236/6938/6212 6259/6963/6235 6260/6964/6236 6237/6939/6213
f 6237/6939/6213 6260/6964/6236 6261/6965/6237 6238/6940/6214
f 6238/6940/6214 6261/6965/6237 6262/6966/6238 6239/6941/6215
f 6239/6941/6215 6262/6966/6238 6263/6967/6239 6240/6942/6216
f 6240/6942/6216 6263/6967/6239 6264/6968/6240 6241/6943/6217
f 6241/6943/6217 6264/6968/6240 6265/6969/6241 6242/6944/6218
f 6242/6944/6218 6265/6969/6241 6266/6970/6242 6243/6945/6219
f 6243/6945/6219 6266/6970/6242 6267/6971/6243 6244/6946/6220
f 6244/6946/6220 6267/6971/6243 6268/6972/6244 6245/6947/6221
f 6245/6947/6221 6268/6972/6244 6269/6973/6245 6246/6948/6222
f 6246/6948/6222 6269/6973/6245 6270/6974/6246 6247/6949/6223
f 6247/6949/6223 6270/6974/6246 6271/6975/6247 6248/6950/6224
f 6248/6950/6224 6271/6975/6247 6272/6976/6248 6249/6951/6225
f 6249/6951/6225 6272/6976/6248 6273/6977/6249 6250/6952/6226
f 6250/6952/6226 6273/6977/6249 6274/6978/6250 6251/6953/6227
f 6251/6953/6227 6274/6978/6250 6275/6979/6251 6252/6954/6228
f 6252/6954/6228 6275/6979/6251 6276/6980/6252 6253/6955/6229
f 6253/6955/6229 6276/6980/6252 6277/6981/6253 6254/6956/6230
f 6254/6956/6230 6277/6981/6253 6185/6982/6184
f 6161/6983/6137 6278/6984/6254 6255/6959/6231
f 6255/6959/6231 6278/6984/6254 6279/6985/6255 6256/6960/6232
f 6256/6960/6232 6279/6985/6255 6280/6986/6256 6257/6961/6233
f 6257/6961/6233 6280/6986/6256 6281/6987/6257 6258/6962/6234
f 6258/6962/6234 6281/6987/6257 6282/6988/6258 6259/6963/6235
f 6259/6963/6235 6282/6988/6258 6283/6989/6259 6260/6964/6236
f 6260/6964/6236 6283/6989/6259 6284/6990/6260 6261/6965/6237
f 6261/6965/6237 6284/6990/6260 6285/6991/6261 6262/6966/6238
f 6262/6966/6238 6285/6991/6261 6286/6992/6262 6263/6967/6239
f 6263/6967/6239 6286/6992/6262 6287/6993/6263 6264/6968/6240
f 6264/6968/6240 6287/6993/6263 6288/6994/6264 6265/6969/6241
f 6265/6969/6241 6288/6994/6264 6289/6995/6265 6266/6970/6242
f 6266/6970/6242 6289/6995/6265 6290/6996/6266 6267/6971/6243
f 6267/6971/6243 6290/6996/6266 6291/6997/6267 6268/6972/6244
f 6268/6972/6244 6291/6997/6267 6292/6998/6268 6269/6973/6245
f 6269/6973/6245 6292/6998/6268 6293/6999/6269 6270/6974/6246
f 6270/6974/6246 6293/6999/6269 6294/7000/6270 6271/6975/6247
f 6271/6975/6247 6294/7000/6270 6295/7001/6271 6272/6976/6248
f 6272/6976/6248 6295/7001/6271 6296/7002/6272 6273/6977/6249
f 6273/6977/6249 6296/7002/6272 6297/7003/6273 6274/6978/6250
f 6274/6978/6250 6297/7003/6273 6298/7004/6274 6275/6979/6251
f 6275/6979/6251 6298/7004/6274 6299/7005/6275 6276/6980/6252
f 6276/6980/6252 6299/7005/6275 6300/7006/6276 6277/6981/6253
f 6277/6981/6253 6300/7006/6276 6185/7007/6184
f 6161/7008/6137 6301/7009/6277 6278/6984/6254
f 6278/6984/6254 6301/7009/6277 6302/7010/6278 6279/6985/6255
f 6279/6985/6255 6302/7010/6278 6303/7011/6279 6280/6986/6256
f 6280/6986/6256 6303/7011/6279 6304/7012/6280 6281/6987/6257
f 6281/6987/6257 6304/7012/6280 6305/7013/6281 6282/6988/6258
f 6282/6988/6258 6305/7013/6281 6306/7014/6282 6283/6989/6259
f 6283/6989/6259 6306/7014/6282 6307/7015/6283 6284/6990/6260
f 6284/6990/6260 6307/7015/6283 6308/7016/6284 6285/6991/6261
f 6285/6991/6261 6308/7016/6284 6309/7017/6285 6286/6992/6262
f 6286/6992/6262 6309/7017/6285 6310/7018/6286 6287/6993/6263
f 6287/6993/6263 6310/7018/6286 6311/7019/6287 6288/6994/6264
f 6288/6994/6264 6311/7019/6287 6312/7020/6288 6289/6995/6265
f 6289/6995/6265 6312/7020/6288 6313/7021/6289 6290/6996/6266
f 6290/6996/6266 6313/7021/6289 6314/7022/6290 6291/6997/6267
f 6291/6997/6267 6314/7022/6290 6315/7023/6291 6292/6998/6268
f 6292/6998/6268 6315/7023/6291 6316/7024/6292 6293/6999/6269
f 6293/6999/6269 6316/7024/6292 6317/7025/6293 6294/7000/6270
f 6294/7000/6270 6317/7025/6293 6318/7026/6294 6295/7001/6271
f 6295/7001/6271 6318/7026/6294 6319/7027/6295 6296/7002/6272
f 6296/7002/6272 6319/7027/6295 6320/7028/6296 6297/7003/6273
f 6297/7003/6273 6320/7028/6296 6321/7029/6297 6298/7004/6274
f 6298/7004/6274 6321/7029/6297 6322/7030/6298 6299/7005/6275
f 6299/7005/6275 6322/7030/6298 6323/7031/6299 6300/7006/6276
f 6300/7006/6276 6323/7031/6299 6185/7032/6184
f 6161/7033/6137 6324/7034/6300 6301/7009/6277
f 6301/7009/6277 6324/7034/6300 6325/7035/6301 6302/7010/6278
f 6302/7010/6278 6325/7035/6301 6326/7036/6302 6303/7011/6279
f 6303/7011/6279 6326/7036/6302 6327/7037/6303 6304/7012/6280
f 6304/7012/6280 6327/7037/6303 6328/7038/6304 6305/7013/6281
f 6305/7013/6281 6328/7038/6304 6329/7039/6305 6306/7014/6282
f 6306/7014/6282 6329/7039/6305 6330/7040/6306 6307/7015/6283
f 6307/7015/6283 6330/7040/6306 6331/7041/6307 6308/7016/6284
f 6308/7016/6284 6331/7041/6307 6332/7042/6308 6309/7017/6285
f 6309/7017/6285 6332/7042/6308 6333/7043/6309 6310/7018/6286
f 6310/7018/6286 6333/7043/6309 6334/7044/6310 6311/7019/6287
f 6311/7019/6287 6334/7044/6310 6335/7045/6311 6312/7020/6288
f 6312/7020/6288 6335/7045/6311 6336/7046/6312 6313/7021/6289
f 6313/7021/6289 6336/7046/6312 6337/7047/6313 6314/7022/6290
f 6314/7022/6290 6337/7047/6313 6338/7048/6314 6315/7023/6291
f 6315/7023/6291 6338/7048/6314 6339/7049/6315 6316/7024/6292
f 6316/7024/6292 6339/7049/6315 6340/7050/6316 6317/7025/6293
f 6317/7025/6293 6340/7050/6316 6341/7051/6317 6318/7026/6294
f 6318/7026/6294 6341/7051/6317 6342/7052/6318 6319/7027/6295
f 6319/7027/6295 6342/7052/6318 6343/7053/6319 6320/7028/6296
f 6320/7028/6296 6343/7053/6319 6344/7054/6320 6321/7029/6297
f 6321/7029/6297 6344/7054/6320 6345/7055/6321 6322/7030/6298
f 6322/7030/6298 6345/7055/6321 6346/7056/6322 6323/7031/6299
f 6323/7031/6299 6346/7056/6322 6185/7057/6184
f 6161/7058/6137 6347/7059/6323 6324/7034/6300
f 6324/7034/6300 6347/7059/6323 6348/7060/6324 6325/7035/6301
f 6325/7035/6301 6348/7060/6324 6349/7061/6325 6326/7036/6302
f 6326/7036/6302 6349/7061/6325 6350/7062/6326 6327/7037/6303
f 6327/7037/6303 6350/7062/6326 6351/7063/6327 6328/7038/6304
f 6328/7038/6304 6351/7063/6327 6352/7064/6328 6329/7039/6305
f 6329/7039/6305 6352/7064/6328 6353/7065/6329 6330/7040/6306
f 6330/7040/6306 6353/7065/6329 6354/7066/6330 6331/7041/6307
f 6331/7041/6307 6354/7066/6330 6355/7067/6331 6332/7042/6308
f 6332/7042/6308 6355/7067/6331 6356/7068/6332 6333/7043/6309
f 6333/7043/6309 6356/7068/6332 6357/7069/6333 6334/7044/6310
f 6334/7044/6310 6357/7069/6333 6358/7070/6334 6335/7045/6311
f 6335/7045/6311 6358/7070/6334 6359/7071/6335 6336/7046/6312
f 6336/7046/6312 6359/7071/6335 6360/7072/6336 6337/7047/6313
f 6337/7047/6313 6360/7072/6336 6361/7073/6337 6338/7048/6314
f 6338/7048/6314 6361/7073/6337 6362/7074/6338 6339/7049/6315
f 6339/7049/6315 6362/7074/6338 6363/7075/6339 6340/7050/6316
f 6340/7050/6316 6363/7075/6339 6364/7076/6340 6341/7051/6317
f 6341/7051/6317 6364/7076/6340 6365/7077/6341 6342/7052/6318
f 6342/7052/6318 6365/7077/6341 6366/7078/6342 6343/7053/6319
f 6343/7053/6319 6366/7078/6342 6367/7079/6343 6344/7054/6320
f 6344/7054/6320 6367/7079/6343 6368/7080/6344 6345/7055/6321
f 6345/7055/6321 6368/7080/6344 6369/7081/6345 6346/7056/6322
f 6346/7056/6322 6369/7081/6345 6185/7082/6184
f 6161/7083/6137 6370/7084/6346 6347/7059/6323
f 6347/7059/6323 6370/7084/6346 6371/7085/6347 6348/7060/6324
f 6348/7060/6324 6371/7085/6347 6372/7086/6348 6349/7061/6325
f 6349/7061/6325 6372/7086/6348 6373/7087/6349 6350/7062/6326
f 6350/7062/6326 6373/7087/6349 6374/7088/6350 6351/7063/6327
f 6351/7063/6327 6374/7088/6350 6375/7089/6351 6352/7064/6328
f 6352/7064/6328 6375/7089/6351 6376/7090/6352 6353/7065/6329
f 6353/7065/6329 6376/7090/6352 6377/7091/6353 6354/7066/6330
f 6354/7066/6330 6377/7091/6353 6378/7092/6354 6355/7067/6331
f 6355/7067/6331 6378/7092/6354 6379/7093/6355 6356/7068/6332
f 6356/7068/6332 6379/7093/6355 6380/7094/6356 6357/7069/6333
f 6357/7069/6333 6380/7094/6356 6381/7095/6357 6358/7070/6334
f 6358/7070/6334 6381/7095/6357 6382/7096/6358 6359/7071/6335
f 6359/7071/6335 6382/7096/6358 6383/7097/6359 6360/7072/6336
f 6360/7072/6336 6383/7097/6359 6384/7098/6360 6361/7073/6337
f 6361/7073/6337 6384/7098/6360 6385/7099/6361 6362/7074/6338
f 6362/7074/6338 6385/7099/6361 6386/7100/6362 6363/7075/6339
f 6363/7075/6339 6386/7100/6362 6387/7101/6363 6364/7076/6340
f 6364/7076/6340 6387/7101/6363 6388/7102/6364 6365/7077/6341
f 6365/7077/6341 6388/7102/6364 6389/7103/6365 6366/7078/6342
f 6366/7078/6342 6389/7103/6365 6390/7104/6366 6367/7079/6343
f 6367/7079/6343 6390/7104/6366 6391/7105/6367 6368/7080/6344
f 6368/7080/6344 6391/7105/6367 6392/7106/6368 6369/7081/6345
f 6369/7081/6345 6392/7106/6368 6185/7107/6184
f 6161/7108/6137 6393/7109/6369 6370/7084/6346
f 6370/7084/6346 6393/7109/6369 6394/7110/6370 6371/7085/6347
f 6371/7085/6347 6394/7110/6370 6395/7111/6371 6372/7086/6348
f 6372/7086/6348 6395/7111/6371 6396/7112/6372 6373/7087/6349
f 6373/7087/6349 6396/7112/6372 6397/7113/6373 6374/7088/6350
f 6374/7088/6350 6397/7113/6373 6398/7114/6374 6375/7089/6351
f 6375/7089/6351 6398/7114/6374 6399/7115/6375 6376/7090/6352
f 6376/7090/6352 6399/7115/6375 6400/7116/6376 6377/7091/6353
f 6377/7091/6353 6400/7116/6376 6401/7117/6377 6378/7092/6354
f 6378/7092/6354 6401/7117/6377 6402/7118/6378 6379/7093/6355
f 6379/7093/6355 6402/7118/6378 6403/7119/6379 6380/7094/6356
f 6380/7094/6356 6403/7119/6379 6404/7120/6380 6381/7095/6357
f 6381/7095/6357 6404/7120/6380 6405/7121/6381 6382/7096/6358
f 6382/7096/6358 6405/7121/6381 6406/7122/6382 6383/7097/6359
f 6383/7097/6359 6406/7122/6382 6407/7123/6383 6384/7098/6360
f 6384/7098/6360 6407/7123/6383 6408/7124/6384 6385/7099/6361
f 6385/7099/6361 6408/7124/6384 6409/7125/6385 6386/7100/6362
f 6386/7100/6362 6409/7125/6385 6410/7126/6386 6387/7101/6363
f 6387/7101/6363 6410/7126/6386 6411/7127/6387 6388/7102/6364
f 6388/7102/6364 6411/7127/6387 6412/7128/6388 6389/7103/6365
f 6389/7103/6365 6412/7128/6388 6413/7129/6389 6390/7104/6366
f 6390/7104/6366 6413/7129/6389 6414/7130/6390 6391/7105/6367
f 6391/7105/6367 6414/7130/6390 6415/7131/6391 6392/7106/6368
f 6392/7106/6368 6415/7131/6391 6185/7132/6184
f 6161/7133/6137 6416/7134/6392 6393/7109/6369
f 6393/7109/6369 6416/7134/6392 6417/7135/6393 6394/7110/6370
f 6394/7110/6370 6417/7135/6393 6418/7136/6394 6395/7111/6371
f 6395/7111/6371 6418/7136/6394 6419/7137/6395 6396/7112/6372
f 6396/7112/6372 6419/7137/6395 6420/7138/6396 6397/7113/6373
f 6397/7113/6373 6420/7138/6396 6421/7139/6397 6398/7114/6374
f 6398/7114/6374 6421/7139/6397 6422/7140/6398 6399/7115/6375
f 6399/7115/6375 6422/7140/6398 6423/7141/6399 6400/7116/6376
f 6400/7116/6376 6423/7141/6399 6424/7142/6400 6401/7117/6377
f 6401/7117/6377 6424/7142/6400 6425/7143/6401 6402/7118/6378
f 6402/7118/6378 6425/7143/6401 6426/7144/6402 6403/7119/6379
f 6403/7119/6379 6426/7144/6402 6427/7145/6403 6404/7120/6380
f 6404/7120/6380 6427/7145/6403 6428/7146/6404 6405/7121/6381
f 6405/7121/6381 6428/7146/6404 6429/7147/6405 6406/7122/6382
f 6406/7122/6382 6429/7147/6405 6430/7148/6406 6407/7123/6383
f 6407/7123/6383 6430/7148/6406 6431/7149/6407 6408/7124/6384
f 6408/7124/6384 6431/7149/6407 6432/7150/6408 6409/7125/6385
f 6409/7125/6385 6432/7150/6408 6433/7151/6409 6410/7126/6386
f 6410/7126/6386 6433/7151/6409 6434/7152/6410 6411/7127/6387
f 6411/7127/6387 6434/7152/6410 6435/7153/6411 6412/7128/6388
f 6412/7128/6388 6435/7153/6411 6436/7154/6412 6413/7129/6389
f 6413/7129/6389 6436/7154/6412 6437/7155/6413 6414/7130/6390
f 6414/7130/6390 6437/7155/6413 6438/7156/6414 6415/7131/6391
f 6415/7131/6391 6438/7156/6414 6185/7157/6184
f 6161/7158/6137 6439/7159/6415 6416/7134/6392
f 6416/7134/6392 6439/7159/6415 6440/7160/6416 6417/7135/6393
f 6417/7135/6393 6440/7160/6416 6441/7161/6417 6418/7136/6394
f 6418/7136/6394 6441/7161/6417 6442/7162/6418 6419/7137/6395
f 6419/7137/6395 6442/7162/6418 6443/7163/6419 6420/7138/6396
f 6420/7138/6396 6443/7163/6419 6444/7164/6420 6421/7139/6397
f 6421/7139/6397 6444/7164/6420 6445/7165/6421 6422/7140/6398
f 6422/7140/6398 6445/7165/6421 6446/7166/6422 6423/7141/6399
f 6423/7141/6399 6446/7166/6422 6447/7167/6423 6424/7142/6400
f 6424/7142/6400 6447/7167/6423 6448/7168/6424 6425/7143/6401
f 6425/7143/6401 6448/7168/6424 6449/7169/6425 6426/7144/6402
f 6426/7144/6402 6449/7169/6425 6450/7170/6426 6427/7145/6403
f 6427/7145/6403 6450/7170/6426 6451/7171/6427 6428/7146/6404
f 6428/7146/6404 6451/7171/6427 6452/7172/6428 6429/7147/6405
f 6429/7147/6405 6452/7172/6428 6453/7173/6429 6430/7148/6406
f 6430/7148/6406 6453/7173/6429 6454/7174/6430 6431/7149/6407
f 6431/7149/6407 6454/7174/6430 6455/7175/6431 6432/7150/6408
f 6432/7150/6408 6455/7175/6431 6456/7176/6432 6433/7151/6409
f 6433/7151/6409 6456/7176/6432 6457/7177/6433 6434/7152/6410
f 6434/7152/6410 6457/7177/6433 6458/7178/6434 6435/7153/6411
f 6435/7153/6411 6458/7178/6434 6459/7179/6435 6436/7154/6412
f 6436/7154/6412 6459/7179/6435 6460/7180/6436 6437/7155/6413
f 6437/7155/6413 6460/7180/6436 6461/7181/6437 6438/7156/6414
f 6438/7156/6414 6461/7181/6437 6185/7182/6184
f 6161/7183/6137 6462/7184/6438 6439/7159/6415
f 6439/7159/6415 6462/7184/6438 6463/7185/6439 6440/7160/6416
f 6440/7160/6416 6463/7185/6439 6464/7186/6440 6441/7161/6417
f 6441/7161/6417 6464/7186/6440 6465/7187/6441 6442/7162/6418
f 6442/7162/6418 6465/7187/6441 6466/7188/6442 6443/7163/6419
f 6443/7163/6419 6466/7188/6442 6467/7189/6443 6444/7164/6420
f 6444/7164/6420 6467/7189/6443 6468/7190/6444 6445/7165/6421
f 6445/7165/6421 6468/7190/6444 6469/7191/6445 6446/7166/6422
f 6446/7166/6422 6469/7191/6445 6470/7192/6446 6447/7167/6423
f 6447/7167/6423 6470/7192/6446 6471/7193/6447 6448/7168/6424
f 6448/7168/6424 6471/7193/6447 6472/7194/6448 6449/7169/6425
f 6449/7169/6425 6472/7194/6448 6473/7195/6449 6450/7170/6426
f 6450/7170/6426 6473/7195/6449 6474/7196/6450 6451/7171/6427
f 6451/7171/6427 6474/7196/6450 6475/7197/6451 6452/7172/6428
f 6452/7172/6428 6475/7197/6451 6476/7198/6452 6453/7173/6429
f 6453/7173/6429 6476/7198/6452 6477/7199/6453 6454/7174/6430
f 6454/7174/6430 6477/7199/6453 6478/7200/6454 6455/7175/6431
f 6455/7175/6431 6478/7200/6454 6479/7201/6455 6456/7176/6432
f 6456/7176/6432 6479/7201/6455 6480/7202/6456 6457/7177/6433
f 6457/7177/6433 6480/7202/6456 6481/7203/6457 6458/7178/6434
f 6458/7178/6434 6481/7203/6457 6482/7204/6458 6459/7179/6435
f 6459/7179/6435 6482/7204/6458 6483/7205/6459 6460/7180/6436
f 6460/7180/6436 6483/7205/6459 6484/7206/6460 6461/7181/6437
f 6461/7181/6437 6484/7206/6460 6185/7207/6184
f 6161/7208/6137 6485/7209/6461 6462/7184/6438
f 6462/7184/6438 6485/7209/6461 6486/7210/6462 6463/7185/6439
f 6463/7185/6439 6486/7210/6462 6487/7211/6463 6464/7186/6440
f 6464/7186/6440 6487/7211/6463 6488/7212/6464 6465/7187/6441
f 6465/7187/6441 6488/7212/6464 6489/7213/6465 6466/7188/6442
f 6466/7188/6442 6489/7213/6465 6490/7214/6466 6467/7189/6443
f 6467/7189/6443 6490/7214/6466 6491/7215/6467 6468/7190/6444
f 6468/7190/6444 6491/7215/6467 6492/7216/6468 6469/7191/6445
f 6469/7191/6445 6492/7216/6468 6493/7217/6469 6470/7192/6446
f 6470/7192/6446 6493/7217/6469 6494/7218/6470 6471/7193/6447
f 6471/7193/6447 6494/7218/6470 6495/7219/6471 6472/7194/6448
f 6472/7194/6448 6495/7219/6471 6496/7220/6472 6473/7195/6449
f 6473/7195/6449 6496/7220/6472 6497/7221/6473 6474/7196/6450
f 6474/7196/6450 6497/7221/6473 6498/7222/6474 6475/7197/6451
f 6475/7197/6451 6498/7222/6474 6499/7223/6475 6476/7198/6452
f 6476/7198/6452 6499/7223/6475 6500/7224/6476 6477/7199/6453
f 6477/7199/6453 6500/7224/6476 6501/7225/6477 6478/7200/6454
f 6478/7200/6454 6501/7225/6477 6502/7226/6478 6479/7201/6455
f 6479/7201/6455 6502/7226/6478 6503/7227/6479 6480/7202/6456
f 6480/7202/6456 6503/7227/6479 6504/7228/6480 6481/7203/6457
f 6481/7203/6457 6504/7228/6480 6505/7229/6481 6482/7204/6458
f 6482/7204/6458 6505/7229/6481 6506/7230/6482 6483/7205/6459
f 6483/7205/6459 6506/7230/6482 6507/7231/6483 6484/7206/6460
f 6484/7206/6460 6507/7231/6483 6185/7232/6184
f 6161/7233/6137 6508/7234/6484 6485/7209/6461
f 6485/7209/6461 6508/7234/6484 6509/7235/6485 6486/7210/6462
f 6486/7210/6462 6509/7235/6485 6510/7236/6486 6487/7211/6463
f 6487/7211/6463 6510/7236/6486 6511/7237/6487 6488/7212/6464
f 6488/7212/6464 6511/7237/6487 6512/7238/6488 6489/7213/6465
f 6489/7213/6465 6512/7238/6488 6513/7239/6489 6490/7214/6466
f 6490/7214/6466 6513/7239/6489 6514/7240/6490 6491/7215/6467
f 6491/7215/6467 6514/7240/6490 6515/7241/6491 6492/7216/6468
f 6492/7216/6468 6515/7241/6491 6516/7242/6492 6493/7217/6469
f 6493/7217/6469 6516/7242/6492 6517/7243/6493 6494/7218/6470
f 6494/7218/6470 6517/7243/6493 6518/7244/6494 6495/7219/6471
f 6495/7219/6471 6518/7244/6494 6519/7245/6495 6496/7220/6472
f 6496/7220/6472 6519/7245/6495 6520/7246/6496 6497/7221/6473
f 6497/7221/6473 6520/7246/6496 6521/7247/6497 6498/7222/6474
f 6498/7222/6474 6521/7247/6497 6522/7248/6498 6499/7223/6475
f 6499/7223/6475 6522/7248/6498 6523/7249/6499 6500/7224/6476
f 6500/7224/6476 6523/7249/6499 6524/7250/6500 6501/7225/6477
f 6501/7225/6477 6524/7250/6500 6525/7251/6501 6502/7226/6478
f 6502/7226/6478 6525/7251/6501 6526/7252/6502 6503/7227/6479
f 6503/7227/6479 6526/7252/6502 6527/7253/6503 6504/7228/6480
f 6504/7228/6480 6527/7253/6503 6528/7254/6504 6505/7229/6481
f 6505/7229/6481 6528/7254/6504 6529/7255/6505 6506/7230/6482
f 6506/7230/6482 6529/7255/6505 6530/7256/6506 6507/7231/6483
f 6507/7231/6483 6530/7256/6506 6185/7257/6184
f 6161/7258/6137 6531/7259/6507 6508/7234/6484
f 6508/7234/6484 6531/7259/6507 6532/7260/6508 6509/7235/6485
f 6509/7235/6485 6532/7260/6508 6533/7261/6509 6510/7236/6486
f 6510/7236/6486 6533/7261/6509 6534/7262/6510 6511/7237/6487
f 6511/7237/6487 6534/7262/6510 6535/7263/6511 6512/7238/6488
f 6512/7238/6488 6535/7263/6511 6536/7264/6512 6513/7239/6489
f 6513/7239/6489 6536/7264/6512 6537/7265/6513 6514/7240/6490
f 6514/7240/6490 6537/7265/6513 6538/7266/6514 6515/7241/6491
f 6515/7241/6491 6538/7266/6514 6539/7267/6515 6516/7242/6492
f 6516/7242/6492 6539/7267/6515 6540/7268/6516 6517/7243/6493
f 6517/7243/6493 6540/7268/6516 6541/7269/6517 6518/7244/6494
f 6518/7244/6494 6541/7269/6517 6542/7270/6518 6519/7245/6495
f 6519/7245/6495 6542/7270/6518 6543/7271/6519 6520/7246/6496
f 6520/7246/6496 6543/7271/6519 6544/7272/6520 6521/7247/6497
f 6521/7247/6497 6544/7272/6520 6545/7273/6521 6522/7248/6498
f 6522/7248/6498 6545/7273/6521 6546/7274/6522 6523/7249/6499
f 6523/7249/6499 6546/7274/6522 6547/7275/6523 6524/7250/6500
f 6524/7250/6500 6547/7275/6523 6548/7276/6524 6525/7251/6501
f 6525/7251/6501 6548/7276/6524 6549/7277/6525 6526/7252/6502
f 6526/7252/6502 6549/7277/6525 6550/7278/6526 6527/7253/6503
f 6527/7253/6503 6550/7278/6526 6551/7279/6527 6528/7254/6504
f 6528/7254/6504 6551/7279/6527 6552/7280/6528 6529/7255/6505
f 6529/7255/6505 6552/7280/6528 6553/7281/6529 6530/7256/6506
f 6530/7256/6506 6553/7281/6529 6185/7282/6184
f 6161/7283/6137 6554/7284/6530 6531/7259/6507
f 6531/7259/6507 6554/7284/6530 6555/7285/6531 6532/7260/6508
f 6532/7260/6508 6555/7285/6531 6556/7286/6532 6533/7261/6509
f 6533/7261/6509 6556/7286/6532 6557/7287/6533 6534/7262/6510
f 6534/7262/6510 6557/7287/6533 6558/7288/6534 6535/7263/6511
f 6535/7263/6511 6558/7288/6534 6559/7289/6535 6536/7264/6512
f 6536/7264/6512 6559/7289/6535 6560/7290/6536 6537/7265/6513
f 6537/7265/6513 6560/7290/6536 6561/7291/6537 6538/7266/6514
f 6538/7266/6514 6561/7291/6537 6562/7292/6538 6539/7267/6515
f 6539/7267/6515 6562/7292/6538 6563/7293/6539 6540/7268/6516
f 6540/7268/6516 6563/7293/6539 6564/7294/6540 6541/7269/6517
f 6541/7269/6517 6564/7294/6540 6565/7295/6541 6542/7270/6518
f 6542/7270/6518 6565/7295/6541 6566/7296/6542 6543/7271/6519
f 6543/7271/6519 6566/7296/6542 6567/7297/6543 6544/7272/6520
f 6544/7272/6520 6567/7297/6543 6568/7298/6544 6545/7273/6521
f 6545/7273/6521 6568/7298/6544 6569/7299/6545 6546/7274/6522
f 6546/7274/6522 6569/7299/6545 6570/7300/6546 6547/7275/6523
f 6547/7275/6523 6570/7300/6546 6571/7301/6547 6548/7276/6524
f 6548/7276/6524 6571/7301/6547 6572/7302/6548 6549/7277/6525
f 6549/7277/6525 6572/7302/6548 6573/7303/6549 6550/7278/6526
f 6550/7278/6526 6573/7303/6549 6574/7304/6550 6551/7279/6527
f 6551/7279/6527 6574/7304/6550 6575/7305/6551 6552/7280/6528
f 6552/7280/6528 6575/7305/6551 6576/7306/6552 6553/7281/6529
f 6553/7281/6529 6576/7306/6552 6185/7307/6184
f 6161/7308/6137 6577/7309/6553 6554/7284/6530
f 6554/7284/6530 6577/7309/6553 6578/7310/6554 6555/7285/6531
f 6555/7285/6531 6578/7310/6554 6579/7311/6555 6556/7286/6532
f 6556/7286/6532 6579/7311/6555 6580/7312/6556 6557/7287/6533
f 6557/7287/6533 6580/7312/6556 6581/7313/6557 6558/7288/6534
f 6558/7288/6534 6581/7313/6557 6582/7314/6558 6559/7289/6535
f 6559/7289/6535 6582/7314/6558 6583/7315/6559 6560/7290/6536
f 6560/7290/6536 6583/7315/6559 6584/7316/6560 6561/7291/6537
f 6561/7291/6537 6584/7316/6560 6585/7317/6561 6562/7292/6538
f 6562/7292/6538 6585/7317/6561 6586/7318/6562 6563/7293/6539
f 6563/7293/6539 6586/7318/6562 6587/7319/6563 6564/7294/6540
f 6564/7294/6540 6587/7319/6563 6588/7320/6564 6565/7295/6541
f 6565/7295/6541 6588/7320/6564 6589/7321/6565 6566/7296/6542
f 6566/7296/6542 6589/7321/6565 6590/7322/6566 6567/7297/6543
f 6567/7297/6543 6590/7322/6566 6591/7323/6567 6568/7298/6544
f 6568/7298/6544 6591/7323/6567 6592/7324/6568 6569/7299/6545
f 6569/7299/6545 6592/7324/6568 6593/7325/6569 6570/7300/6546
f 6570/7300/6546 6593/7325/6569 6594/7326/6570 6571/7301/6547
f 6571/7301/6547 6594/7326/6570 6595/7327/6571 6572/7302/6548
f 6572/7302/6548 6595/7327/6571 6596/7328/6572 6573/7303/6549
f 6573/7303/6549 6596/7328/6572 6597/7329/6573 6574/7304/6550
f 6574/7304/6550 6597/7329/6573 6598/7330/6574 6575/7305/6551
f 6575/7305/6551 6598/7330/6574 6599/7331/6575 6576/7306/6552
f 6576/7306/6552 6599/7331/6575 6185/7332/6184
f 6161/7333/6137 6600/7334/6576 6577/7309/6553
f 6577/7309/6553 6600/7334/6576 6601/7335/6577 6578/7310/6554
f 6578/7310/6554 6601/7335/6577 6602/7336/6578 6579/7311/6555
f 6579/7311/6555 6602/7336/6578 6603/7337/6579 6580/7312/6556
f 6580/7312/6556 6603/7337/6579 6604/7338/6580 6581/7313/6557
f 6581/7313/6557 6604/7338/6580 6605/7339/6581 6582/7314/6558
f 6582/7314/6558 6605/7339/6581 6606/7340/6582 6583/7315/6559
f 6583/7315/6559 6606/7340/6582 6607/7341/6583 6584/7316/6560
f 6584/7316/6560 6607/7341/6583 6608/7342/6584 6585/7317/6561
f 6585/7317/6561 6608/7342/6584 6609/7343/6585 6586/7318/6562
f 6586/7318/6562 6609/7343/6585 6610/7344/6586 6587/7319/6563
f 6587/7319/6563 6610/7344/6586 6611/7345/6587 6588/7320/6564
f 6588/7320/6564 6611/7345/6587 6612/7346/6588 6589/7321/6565
f 6589/7321/6565 6612/7346/6588 6613/7347/6589 6590/7322/6566
f 6590/7322/6566 6613/7347/6589 6614/7348/6590 6591/7323/6567
f 6591/7323/6567 6614/7348/6590 6615/7349/6591 6592/7324/6568
f 6592/7324/6568 6615/7349/6591 6616/7350/6592 6593/7325/6569
f 6593/7325/6569 6616/7350/6592 6617/7351/6593 6594/7326/6570
f 6594/7326/6570 6617/7351/6593 6618/7352/6594 6595/7327/6571
f 6595/7327/6571 6618/7352/6594 6619/7353/6595 6596/7328/6572
f 6596/7328/6572 6619/7353/6595 6620/7354/6596 6597/7329/6573
f 6597/7329/6573 6620/7354/6596 6621/7355/6597 6598/7330/6574
f 6598/7330/6574 6621/7355/6597 6622/7356/6598 6599/7331/6575
f 6599/7331/6575 6622/7356/6598 6185/7357/6184
f 6161/7358/6137 6623/7359/6599 6600/7334/6576
f 6600/7334/6576 6623/7359/6599 6624/7360/6600 6601/7335/6577
f 6601/7335/6577 6624/7360/6600 6625/7361/6601 6602/7336/6578
f 6602/7336/6578 6625/7361/6601 6626/7362/6602 6603/7337/6579
f 6603/7337/6579 6626/7362/6602 6627/7363/6603 6604/7338/6580
f 6604/7338/6580 6627/7363/6603 6628/7364/6604 6605/7339/6581
f 6605/7339/6581 6628/7364/6604 6629/7365/6605 6606/7340/6582
f 6606/7340/6582 6629/7365/6605 6630/7366/6606 6607/7341/6583
f 6607/7341/6583 6630/7366/6606 6631/7367/6607 6608/7342/6584
f 6608/7342/6584 6631/7367/6607 6632/7368/6608 6609/7343/6585
f 6609/7343/6585 6632/7368/6608 6633/7369/6609 6610/7344/6586
f 6610/7344/6586 6633/7369/6609 6634/7370/6610 6611/7345/6587
f 6611/7345/6587 6634/7370/6610 6635/7371/6611 6612/7346/6588
f 6612/7346/6588 6635/7371/6611 6636/7372/6612 6613/7347/6589
f 6613/7347/6589 6636/7372/6612 6637/7373/6613 6614/7348/6590
f 6614/7348/6590 6637/7373/6613 6638/7374/6614 6615/7349/6591
f 6615/7349/6591 6638/7374/6614 6639/7375/6615 6616/7350/6592
f 6616/7350/6592 6639/7375/6615 6640/7376/6616 6617/7351/6593
f 6617/7351/6593 6640/7376/6616 6641/7377/6617 6618/7352/6594
f 6618/7352/6594 6641/7377/6617 6642/7378/6618 6619/7353/6595
f 6619/7353/6595 6642/7378/6618 6643/7379/6619 6620/7354/6596
f 6620/7354/6596 6643/7379/6619 6644/7380/6620 6621/7355/6597
f 6621/7355/6597 6644/7380/6620 6645/7381/6621 6622/7356/6598
f 6622/7356/6598 6645/7381/6621 6185/7382/6184
f 6161/7383/6137 6646/7384/6622 6623/7359/6599
f 6623/7359/6599 6646/7384/6622 6647/7385/6623 6624/7360/6600
f 6624/7360/6600 6647/7385/6623 6648/7386/6624 6625/7361/6601
f 6625/7361/6601 6648/7386/6624 6649/7387/6625 6626/7362/6602
f 6626/7362/6602 6649/7387/6625 6650/7388/6626 6627/7363/6603
f 6627/7363/6603 6650/7388/6626 6651/7389/6627 6628/7364/6604
f 6628/7364/6604 6651/7389/6627 6652/7390/6628 6629/7365/6605
f 6629/7365/6605 6652/7390/6628 6653/7391/6629 6630/7366/6606
f 6630/7366/6606 6653/7391/6629 6654/7392/6630 6631/7367/6607
f 6631/7367/6607 6654/7392/6630 6655/7393/6631 6632/7368/6608
f 6632/7368/6608 6655/7393/6631 6656/7394/6632 6633/7369/6609
f 6633/7369/6609 6656/7394/6632 6657/7395/6633 6634/7370/6610
f 6634/7370/6610 6657/7395/6633 6658/7396/6634 6635/7371/6611
f 6635/7371/6611 6658/7396/6634 6659/7397/6635 6636/7372/6612
f 6636/7372/6612 6659/7397/6635 6660/7398/6636 6637/7373/6613
f 6637/7373/6613 6660/7398/6636 6661/7399/6637 6638/7374/6614
f 6638/7374/6614 6661/7399/6637 6662/7400/6638 6639/7375/6615
f 6639/7375/6615 6662/7400/6638 6663/7401/6639 6640/7376/6616
f 6640/7376/6616 6663/7401/6639 6664/7402/6640 6641/7377/6617
f 6641/7377/6617 6664/7402/6640 6665/7403/6641 6642/7378/6618
f 6642/7378/6618 6665/7403/6641 6666/7404/6642 6643/7379/6619
f 6643/7379/6619 6666/7404/6642 6667/7405/6643 6644/7380/6620
f 6644/7380/6620 6667/7405/6643 6668/7406/6644 6645/7381/6621
f 6645/7381/6621 6668/7406/6644 6185/7407/6184
f 6161/7408/6137 6669/7409/6645 6646/7384/6622
f 6646/7384/6622 6669/7409/6645 6670/7410/6646 6647/7385/6623
f 6647/7385/6623 6670/7410/6646 6671/7411/6647 6648/7386/6624
f 6648/7386/6624 6671/7411/6647 6672/7412/6648 6649/7387/6625
f 6649/7387/6625 6672/7412/6648 6673/7413/6649 6650/7388/6626
f 6650/7388/6626 6673/7413/6649 6674/7414/6650 6651/7389/6627
f 6651/7389/6627 6674/7414/6650 6675/7415/6651 6652/7390/6628
f 6652/7390/6628 6675/7415/6651 6676/7416/6652 6653/7391/6629
f 6653/7391/6629 6676/7416/6652 6677/7417/6653 6654/7392/6630
f 6654/7392/6630 6677/7417/6653 6678/7418/6654 6655/7393/6631
f 6655/7393/6631 6678/7418/6654 6679/7419/6655 6656/7394/6632
f 6656/7394/6632 6679/7419/6655 6680/7420/6656 6657/7395/6633
f 6657/7395/6633 6680/7420/6656 6681/7421/6657 6658/7396/6634
f 6658/7396/6634 6681/7421/6657 6682/7422/6658 6659/7397/6635
f 6659/7397/6635 6682/7422/6658 6683/7423/6659 6660/7398/6636
f 6660/7398/6636 6683/7423/6659 6684/7424/6660 6661/7399/6637
f 6661/7399/6637 6684/7424/6660 6685/7425/6661 6662/7400/6638
f 6662/7400/6638 6685/7425/6661 6686/7426/6662 6663/7401/6639
f 6663/7401/6639 6686/7426/6662 6687/7427/6663 6664/7402/6640
f 6664/7402/6640 6687/7427/6663 6688/7428/6664 6665/7403/6641
f 6665/7403/6641 6688/7428/6664 6689/7429/6665 6666/7404/6642
f 6666/7404/6642 6689/7429/6665 6690/7430/6666 6667/7405/6643
f 6667/7405/6643 6690/7430/6666 6691/7431/6667 6668/7406/6644
f 6668/7406/6644 6691/7431/6667 6185/7432/6184
f 6161/7433/6137 6692/7434/6668 6669/7409/6645
f 6669/7409/6645 6692/7434/6668 6693/7435/6669 6670/7410/6646
f 6670/7410/6646 6693/7435/6669 6694/7436/6670 6671/7411/6647
f 6671/7411/6647 6694/7436/6670 6695/7437/6671 6672/7412/6648
f 6672/7412/6648 6695/7437/6671 6696/7438/6672 6673/7413/6649
f 6673/7413/6649 6696/7438/6672 6697/7439/6673 6674/7414/6650
f 6674/7414/6650 6697/7439/6673 6698/7440/6674 6675/7415/6651
f 6675/7415/6651 6698/7440/6674 6699/7441/6675 6676/7416/6652
f 6676/7416/6652 6699/7441/6675 6700/7442/6676 6677/7417/6653
f 6677/7417/6653 6700/7442/6676 6701/7443/6677 6678/7418/6654
f 6678/7418/6654 6701/7443/6677 6702/7444/6678 6679/7419/6655
f 6679/7419/6655 6702/7444/6678 6703/7445/6679 6680/7420/6656
f 6680/7420/6656 6703/7445/6679 6704/7446/6680 6681/7421/6657
f 6681/7421/6657 6704/7446/6680 6705/7447/6681 6682/7422/6658
f 6682/7422/6658 6705/7447/6681 6706/7448/6682 6683/7423/6659
f 6683/7423/6659 6706/7448/6682 6707/7449/6683 6684/7424/6660
f 6684/7424/6660 6707/7449/6683 6708/7450/6684 6685/7425/6661
f 6685/7425/6661 6708/7450/6684 6709/7451/6685 6686/7426/6662
f 6686/7426/6662 6709/7451/6685 6710/7452/6686 6687/7427/6663
f 6687/7427/6663 6710/7452/6686 6711/7453/6687 6688/7428/6664
f 6688/7428/6664 6711/7453/6687 6712/7454/6688 6689/7429/6665
f 6689/7429/6665 6712/7454/6688 6713/7455/6689 6690/7430/6666
f 6690/7430/6666 6713/7455/6689 6714/7456/6690 6691/7431/6667
f 6691/7431/6667 6714/7456/6690 6185/7457/6184
f 6161/7458/6137 6162/7459/6139 6692/7434/6668
f 6692/7434/6668 6162/7459/6139 6163/7460/6141 6693/7435/6669
f 6693/7435/6669 6163/7460/6141 6164/7461/6143 6694/7436/6670
f 6694/7436/6670 6164/7461/6143 6165/7462/6145 6695/7437/6671
f 6695/7437/6671 6165/7462/6145 6166/7463/6147 6696/7438/6672
f 6696/7438/6672 6166/7463/6147 6167/7464/6149 6697/7439/6673
f 6697/7439/6673 6167/7464/6149 6168/7465/6151 6698/7440/6674
f 6698/7440/6674 6168/7465/6151 6169/7466/6153 6699/7441/6675
f 6699/7441/6675 6169/7466/6153 6170/7467/6155 6700/7442/6676
f 6700/7442/6676 6170/7467/6155 6171/7468/6157 6701/7443/6677
f 6701/7443/6677 6171/7468/6157 6172/7469/6159 6702/7444/6678
f 6702/7444/6678 6172/7469/6159 6173/7470/6161 6703/7445/6679
f 6703/7445/6679 6173/7470/6161 6174/7471/6163 6704/7446/6680
f 6704/7446/6680 6174/7471/6163 6175/7472/6165 6705/7447/6681
f 6705/7447/6681 6175/7472/6165 6176/7473/6167 6706/7448/6682
f 6706/7448/6682 6176/7473/6167 6177/7474/6169 6707/7449/6683
f 6707/7449/6683 6177/7474/6169 6178/7475/6171 6708/7450/6684
f 6708/7450/6684 6178/7475/6171 6179/7476/6173 6709/7451/6685
f 6709/7451/6685 6179/7476/6173 6180/7477/6175 6710/7452/6686
f 6710/7452/6686 6180/7477/6175 6181/7478/6177 6711/7453/6687
f 6711/7453/6687 6181/7478/6177 6182/7479/6179 6712/7454/6688
f 6712/7454/6688 6182/7479/6179 6183/7480/6181 6713/7455/6689
f 6713/7455/6689 6183/7480/6181 6184/7481/6183 6714/7456/6690
f 6714/7456/6690 6184/7481/6183 6185/7482/6184
