# File produced by Open Asset Import Library (http://www.assimp.sf.net)
# (assimp v3.1.187496374)

mtllib BFR.obj.mtl

# 2664 vertex positions
v  1.27314 0.0513212 -70.5954
v  1.24953 0.0976572 -70.5954
v  1.38386 0.195247 -70.5907
v  1.43103 0.102595 -70.5907
v  1.28127 -1.24633e-05 -70.5954
v  1.11498 2.24339e-05 -70.5969
v  1.21276 0.134429 -70.5954
v  1.31036 0.268726 -70.5907
v  1.45072 0.243811 -70.587
v  1.35895 0.335591 -70.587
v  1.21778 0.315889 -70.5907
v  1.24332 0.394505 -70.587
v  1.16648 0.157999 -70.5954
v  1.11498 0.166135 -70.5954
v  1.11498 0.332136 -70.5907
v  1.11498 0.41481 -70.587
v  1.50964 0.12819 -70.587
v  1.44728 4.98531e-06 -70.5907
v  1.52994 4.98531e-06 -70.587
v  1.11498 -0.166145 -70.5954
v  1.16648 -0.157999 -70.5954
v  1.21777 -0.315879 -70.5907
v  1.11498 -0.332149 -70.5907
v  1.21279 -0.134399 -70.5954
v  1.31037 -0.268718 -70.5907
v  1.24954 -0.0976422 -70.5954
v  1.27313 -0.0513487 -70.5954
v  1.38385 -0.195227 -70.5907
v  1.43102 -0.102635 -70.5907
v  1.24331 -0.394512 -70.587
v  1.11498 -0.41481 -70.587
v  1.35895 -0.335586 -70.587
v  1.45073 -0.243806 -70.587
v  1.50964 -0.128192 -70.587
v  13.1895 3.92319 -39.3914
v  11.3862 7.46236 -39.3914
v  11.3862 7.46236 25.2966
v  13.1895 3.92319 25.2966
v  13.8108 7.25458e-17 -39.3914
v  11.9293 3.51394 -47.8413
v  12.4859 0.000134603 -47.8413
v  13.8108 7.25458e-17 25.2966
v  11.3862 7.46236 29.3618
v  13.1895 3.92319 29.3618
v  13.8108 7.25458e-17 29.3618
v  11.3862 7.46236 29.8049
v  13.1895 3.92319 29.8049
v  8.57749 10.2711 29.3617
v  8.57749 10.2711 29.8049
v  8.57749 10.2711 52.3609
v  11.3862 7.46236 52.3609
v  13.8108 7.25458e-17 29.8049
v  13.1895 3.92319 52.3609
v  8.57749 10.2711 52.9676
v  11.3862 7.46236 52.9676
v  5.03832 12.0743 52.3609
v  5.03832 12.0743 52.9676
v  5.03832 12.0743 29.8049
v  5.03832 12.0743 29.3618
v  8.57749 10.2711 25.2966
v  5.03832 12.0743 25.2966
v  1.11498 12.6957 22.7515
v  8.57749 10.2711 -39.3914
v  5.03832 12.0743 -39.3914
v  1.11498 12.6957 -39.3914
v  7.79856 9.19921 -47.8413
v  4.62908 10.8142 -47.8413
v  10.3144 6.68335 -47.8413
v  1.11498 11.3707 -47.8413
v  13.1895 3.92319 52.9676
v  13.8108 7.25458e-17 52.3609
v  13.8108 7.25458e-17 52.9676
v  1.11498 -12.6957 -39.3914
v  5.03832 -12.0743 -39.3914
v  5.03832 -12.0743 25.2966
v  1.11498 -12.6957 25.2966
v  1.11498 -11.3707 -47.8413
v  8.57748 -10.2711 -39.3914
v  8.57748 -10.271 25.2966
v  4.62866 -10.8143 -47.8413
v  5.03832 -12.0743 29.3618
v  8.57748 -10.271 29.3618
v  1.11498 -12.6957 29.3618
v  8.57748 -10.271 29.8049
v  5.03832 -12.0743 29.8049
v  11.3862 -7.46235 29.3618
v  11.3862 -7.46235 29.8049
v  11.3862 -7.46235 52.3609
v  8.57748 -10.271 52.3609
v  1.11498 -12.6957 29.8049
v  5.03832 -12.0743 52.3609
v  1.11498 -12.6957 52.3609
v  11.9865 -6.50745 23.8989
v  11.3862 -7.46235 -39.3914
v  12.8167 -4.8781 23.8989
v  7.7988 -9.19903 -47.8413
v  13.1895 -3.92319 -39.3914
v  10.3145 -6.68314 -47.8413
v  13.1895 -3.92319 29.3618
v  11.9293 -3.51395 -47.8413
v  13.1895 -3.9232 29.8049
v  13.1895 -3.92319 52.3609
v  1.60807 31.0046 56.7745
v  1.11498 31.8331 52.7093
v  1.11498 31.8331 56.7745
v  1.11498 31.8331 57.2177
v  1.60807 31.0046 57.2177
v  1.11498 31.8331 69.3591
v  1.60807 31.0046 68.486
v  1.11498 31.8331 69.9415
v  1.60807 31.0046 69.0927
v  13.9653 -7.77775 29.3755
v  12.6987 -6.81027 25.8702
v  13.4803 -5.27631 25.8702
v  14.9681 -5.82657 29.3929
v  13.9821 -7.76183 29.3929
v  14.4199 -6.89766 29.7484
v  14.9681 -5.82657 29.7738
v  14.5152 -6.71066 29.7485
v  14.4668 -6.80498 29.7458
v  13.982 -7.76179 29.7739
v  14.449 -6.84054 52.3486
v  14.5075 -6.72519 52.3389
v  13.9009 -7.92094 52.361
v  13.901 -7.92097 52.9557
v  14.5596 -6.62324 52.3605
v  15.0444 -5.6769 52.9564
v  15.0444 -5.67689 52.3719
v  11.3862 7.46236 53.9559
v  13.1895 3.92319 53.9559
v  8.57749 10.2711 53.9559
v  13.8108 7.25458e-17 53.9559
v  13.1895 -3.92319 53.9559
v  13.1915 -3.91041 52.9676
v  13.1895 -3.92319 52.9805
v  11.3862 -7.46235 53.9559
v  13.1839 -3.93421 52.9676
v  8.57748 -10.271 53.7891
v  11.3862 -7.46235 52.9805
v  8.57748 -10.271 53.9559
v  11.3918 -7.45133 52.9676
v  8.57748 -10.271 52.9676
v  11.377 -7.4715 52.9676
v  5.03832 12.0743 53.9559
v  1.11498 12.6957 52.9676
v  1.11498 12.6957 53.9559
v  1.11498 -12.6957 52.9676
v  5.03832 -12.0743 52.9676
v  5.03832 -12.0743 53.7891
v  1.11498 -12.6957 53.7891
v  5.03832 -12.0743 53.9559
v  1.11498 -12.6957 53.9559
v  11.3164 7.41167 53.9519
v  13.1075 3.89654 53.9519
v  8.5268 10.2013 53.9519
v  8.28755 9.87193 53.9326
v  10.9871 7.17237 53.9326
v  13.7246 -1.1425e-07 53.9519
v  12.7203 3.77074 53.9326
v  13.1075 -3.89654 53.9519
v  13.3175 -6.53593e-07 53.9326
v  10.897 7.1069 53.9274
v  12.6144 3.73632 53.9274
v  8.22209 9.78181 53.9274
v  4.85151 11.4992 53.9274
v  4.88592 11.6051 53.9326
v  1.11498 12.091 53.9274
v  5.01168 11.9923 53.9519
v  1.11498 12.2024 53.9326
v  1.11498 12.6095 53.9519
v  13.2062 -8.01169e-07 53.9274
v  12.7203 -3.77074 53.9326
v  12.6144 -3.73632 53.9274
v  11.3164 -7.41166 53.9519
v  10.9871 -7.17237 53.9326
v  8.5268 -10.2013 53.9519
v  8.28755 -9.87192 53.9326
v  10.897 -7.1069 53.9274
v  5.01168 -11.9923 53.9519
v  4.88592 -11.6051 53.9326
v  8.22209 -9.7818 53.9274
v  1.11498 -12.6095 53.9519
v  1.11498 -12.2024 53.9326
v  4.85151 -11.4992 53.9274
v  1.11498 -12.091 53.9274
v  8.92769 2.80797 49.3192
v  9.0983 2.86341 49.5377
v  9.02004 3.01701 49.5377
v  8.85125 2.958 49.3192
v  12.1711 3.86184 53.473
v  12.0601 4.07978 53.473
v  8.00564 5.00793 49.5377
v  7.86042 4.90261 49.3192
v  6.44289 6.57007 49.5377
v  6.33423 6.42815 49.3192
v  10.6212 6.90472 53.473
v  12.3214 3.91067 53.6655
v  12.2088 4.13176 53.6655
v  8.39987 9.12602 53.473
v  10.7491 6.99749 53.6655
v  8.49558 9.25102 53.6655
v  8.20448 9.32141 53.473
v  6.30543 6.70748 49.5377
v  8.29736 9.44925 53.6655
v  6.19998 6.56234 49.3192
v  5.78518 6.86372 49.3192
v  5.89062 7.00886 49.5377
v  5.71724 7.0972 49.5377
v  5.61582 6.95001 49.3192
v  7.78967 9.62278 53.473
v  7.54369 9.74816 53.473
v  3.74612 8.10156 49.5377
v  3.69054 7.93099 49.3192
v  1.5578 8.44767 49.5377
v  1.55344 8.26897 49.3192
v  4.74722 11.1735 53.473
v  7.88255 9.75062 53.6655
v  7.63302 9.87781 53.6655
v  4.79618 11.3238 53.6655
v  1.6364 11.6662 53.473
v  1.64025 11.8236 53.6655
v  1.37135 11.8662 53.6655
v  1.37135 11.7082 53.473
v  1.37135 8.47717 49.5377
v  1.37135 8.29777 49.3192
v  1.37135 -8.29777 49.3192
v  1.37135 -8.47716 49.5377
v  1.51941 -8.45372 49.5377
v  1.51597 -8.27487 49.3192
v  1.37135 -11.7081 53.473
v  1.58141 -11.6749 53.473
v  3.74884 -8.10067 49.5377
v  3.69356 -7.93001 49.3192
v  5.73364 -7.08887 49.5377
v  5.63187 -6.94187 49.3192
v  4.74445 -11.1744 53.473
v  1.37135 -11.8662 53.6655
v  1.58444 -11.8325 53.6655
v  7.56648 -9.7365 53.473
v  4.79314 -11.3247 53.6655
v  7.65612 -9.86599 53.6655
v  7.78966 -9.62278 53.473
v  5.89061 -7.00885 49.5377
v  7.88254 -9.75062 53.6655
v  5.78517 -6.86372 49.3192
v  6.19998 -6.56234 49.3192
v  6.30542 -6.70747 49.5377
v  6.43016 -6.58274 49.5377
v  6.32181 -6.44051 49.3192
v  8.20448 -9.3214 53.473
v  8.38147 -9.14445 53.473
v  8.00733 -5.0056 49.5377
v  7.86229 -4.90003 49.3192
v  10.6195 -6.90707 53.473
v  8.97643 -3.10271 49.5377
v  8.80868 -3.04167 49.3192
v  8.29735 -9.44924 53.6655
v  8.47691 -9.26974 53.6655
v  10.7472 -7.00006 53.6655
v  11.9978 -4.20201 53.473
v  9.0983 -2.86341 49.5377
v  8.92769 -2.80797 49.3192
v  12.1455 -4.25578 53.6655
v  12.1711 -3.86184 53.473
v  12.3214 -3.91067 53.6655
v  9.08613 -2.32033 49.3192
v  9.25675 -2.37577 49.5377
v  9.29881 -2.11022 49.5377
v  9.12721 -2.06095 49.3192
v  12.3295 -3.3742 53.473
v  12.3893 -2.99744 53.473
v  9.63328 0.00143338 49.5377
v  9.45389 0.00159369 49.3192
v  9.28372 2.20571 49.5377
v  9.11248 2.15425 49.3192
v  12.8642 -0.00145382 53.473
v  12.4798 -3.42303 53.6655
v  12.5404 -3.04083 53.6655
v  12.3678 3.13242 53.473
v  13.0222 -0.00159503 53.6655
v  12.5187 3.17774 53.6655
v  12.3295 3.3742 53.473
v  9.25675 2.37577 49.5377
v  12.4798 3.42303 53.6655
v  9.08614 2.32033 49.3192
v  6.41785 6.52905 48.4335
v  6.28149 6.66541 48.4335
v  5.94027 6.64105 48.4333
v  5.55014 6.10411 48.4329
v  7.96806 4.97884 48.4335
v  5.85801 6.97308 48.4335
v  5.68618 7.06063 48.4335
v  3.73281 8.05593 48.4335
v  1.11498 1.08292e-16 48.4276
v  8.3631 2.35497 48.4329
v  8.97334 3.00585 48.4335
v  9.23938 2.18707 48.4335
v  8.92229 2.53665 48.4333
v  9.58578 -6.24149e-07 48.4335
v  9.0509 2.85363 48.4335
v  9.21266 2.3558 48.4335
v  1.11498 7.56426 48.4329
v  5.58662 -6.15432 48.4329
v  7.96805 -4.97884 48.4335
v  3.7328 -8.05593 48.4335
v  1.11498 -7.69758 48.433
v  8.05015 -2.25329 48.4327
v  9.25433 -2.09264 48.4335
v  8.92994 -3.09104 48.4335
v  8.92228 -2.53665 48.4333
v  6.4051 -6.54179 48.4335
v  5.94027 -6.64104 48.4333
v  6.28149 -6.6654 48.4335
v  5.70225 -7.05244 48.4335
v  5.85801 -6.97308 48.4335
v  1.52343 -8.40582 48.4335
v  1.11498 -8.20878 48.4333
v  1.37671 -8.42905 48.4335
v  0.853255 -8.42905 48.4335
v  9.0509 -2.85364 48.4335
v  9.21265 -2.3558 48.4335
v  1.5617 8.39976 48.4335
v  1.37671 8.42906 48.4335
v  1.11498 8.20878 48.4333
v  0.853255 8.42906 48.4335
v  0.668265 8.39976 48.4335
v  -1.50284 8.05593 48.4335
v  -3.49598 7.04038 48.4335
v  -3.41045 6.22835 48.433
v  -5.7381 4.97884 48.4335
v  -4.15634 6.5606 48.4335
v  -3.71031 6.64105 48.4333
v  -6.7599 2.97344 48.4335
v  -6.25221 2.39366 48.433
v  -7.35581 -6.24149e-07 48.4335
v  -7.00373 2.223 48.4335
v  -6.69232 2.53665 48.4333
v  -7.01711 -2.13847 48.4335
v  -5.97207 -2.30264 48.4328
v  -6.98269 -2.3558 48.4335
v  -5.73809 -4.97884 48.4335
v  -6.72104 -3.04969 48.4335
v  -6.69232 -2.53665 48.4333
v  -6.82094 -2.85364 48.4335
v  -4.20881 -6.50812 48.4335
v  -4.05152 -6.6654 48.4335
v  -3.26031 -6.02171 48.4328
v  -3.7103 -6.64104 48.4333
v  -3.62804 -6.97308 48.4335
v  -3.42985 -7.07407 48.4335
v  -1.50284 -8.05593 48.4335
v  0.706529 -8.40582 48.4335
v  -6.82094 2.85363 48.4335
v  -6.98269 2.3558 48.4335
v  -3.62805 6.97308 48.4335
v  -4.05153 6.66541 48.4335
v  10.0688 2.90941 -55.4143
v  8.73177 5.53355 -55.4143
v  6.64875 7.61658 -55.4143
v  4.02454 8.95369 -55.4143
v  1.11498 9.41452 -55.4143
v  1.11498 -9.41452 -55.4143
v  4.0242 -8.9538 -55.4143
v  6.64895 -7.61644 -55.4143
v  8.73188 -5.53338 -55.4143
v  10.0688 -2.90941 -55.4143
v  10.5297 0.000112169 -55.4143
v  7.42315 2.04972 -62.3572
v  6.48116 3.89847 -62.3572
v  5.01364 5.36599 -62.3572
v  3.16485 6.308 -62.3572
v  1.11498 6.63266 -62.3572
v  1.11498 -6.63266 -62.3572
v  3.16461 -6.30808 -62.3572
v  5.01378 -5.36589 -62.3572
v  6.48123 -3.89834 -62.3572
v  7.42313 -2.04972 -62.3572
v  7.74779 7.97649e-05 -62.3572
v  3.57635 0.799743 -68.4656
v  3.20881 1.52107 -68.4656
v  2.63622 2.09366 -68.4656
v  1.91487 2.46121 -68.4656
v  1.11498 2.58788 -68.4656
v  1.11498 -2.58789 -68.4656
v  1.91478 -2.46124 -68.4656
v  2.63628 -2.09362 -68.4656
v  3.20884 -1.52103 -68.4656
v  3.57634 -0.799746 -68.4656
v  3.70301 2.99118e-05 -68.4656
v  12.8875 -4.92057 24.1092
v  12.0625 -6.53975 24.1092
v  13.3792 -4.12622 29.3651
v  13.378 -4.12498 29.5237
v  13.3879 -4.10922 52.3337
v  13.3762 -4.12267 31.2964
v  13.5655 -4.32556 29.7943
v  11.662 -7.4965 29.3651
v  13.9485 -7.77967 29.3926
v  11.662 -7.4965 29.8016
v  11.6533 -7.51354 52.3609
v  13.9484 -7.77967 29.7738
v  13.8668 -7.93769 52.3608
v  11.6533 -7.51354 52.9557
v  13.8668 -7.93769 52.9557
v  11.3862 -7.46235 52.9557
v  13.1895 -3.92319 52.9557
v  12.6233 -5.28992 29.7839
v  12.4091 -5.11359 31.2865
v  12.407 -5.08806 52.3067
v  12.4286 -5.10485 52.334
v  14.5008 -6.7199 52.3473
v  12.5019 -4.99331 52.3093
v  13.4034 -4.12374 52.3549
v  13.3994 -4.13611 52.3606
v  12.5207 -5.01289 52.3365
v  13.3879 -4.1092 52.388
v  13.368 -4.0906 52.3609
v  13.3879 -4.1092 52.9557
v  15.0413 -5.65928 52.9564
v  13.3991 -4.11974 52.3726
v  15.0413 -5.6593 52.372
v  14.9987 -5.61932 52.372
v  13.3797 -4.11786 52.9676
v  15.0348 -5.66949 52.9676
v  13.8836 -7.92882 52.9676
v  11.6555 -7.50187 52.9676
v  15.0349 -5.66947 52.3607
v  14.5492 -6.61774 52.3486
v  14.3319 -7.07127 52.3512
v  12.4999 -5.02292 31.289
v  12.6988 -5.21452 29.786
v  0.956819 0.0513212 -70.5954
v  0.798936 0.102595 -70.5907
v  0.846104 0.195247 -70.5907
v  0.980434 0.0976572 -70.5954
v  0.948697 -1.24633e-05 -70.5954
v  0.9196 0.268726 -70.5907
v  0.779238 0.243811 -70.587
v  0.871017 0.335591 -70.587
v  1.01721 0.134429 -70.5954
v  1.06348 0.157999 -70.5954
v  1.01219 0.315889 -70.5907
v  0.986642 0.394505 -70.587
v  0.720325 0.12819 -70.587
v  0.782685 4.98531e-06 -70.5907
v  0.700022 4.98531e-06 -70.587
v  1.01219 -0.315879 -70.5907
v  1.06348 -0.157999 -70.5954
v  0.919591 -0.268718 -70.5907
v  1.01717 -0.134399 -70.5954
v  0.980423 -0.0976422 -70.5954
v  0.956832 -0.0513487 -70.5954
v  0.846116 -0.195227 -70.5907
v  0.79894 -0.102635 -70.5907
v  0.986657 -0.394512 -70.587
v  0.871008 -0.335586 -70.587
v  0.779234 -0.243806 -70.587
v  0.720326 -0.128192 -70.587
v  -10.9595 3.92319 -39.3914
v  -10.9595 3.92319 25.2966
v  -9.15622 7.46236 25.2966
v  -9.15622 7.46236 -39.3914
v  -11.5809 -1.06862e-15 -39.3914
v  -9.69935 3.51394 -47.8413
v  -10.2559 0.000134603 -47.8413
v  -6.34752 10.2711 25.2966
v  -6.34752 10.2711 -39.3914
v  -8.08444 6.68335 -47.8413
v  -2.80836 12.0743 25.2966
v  -6.34752 10.2711 29.3617
v  -2.80836 12.0743 29.3618
v  -2.80836 12.0743 -39.3914
v  -5.5686 9.19921 -47.8413
v  -2.80836 12.0743 29.8049
v  -9.15622 7.46236 29.3618
v  -6.34752 10.2711 29.8049
v  -2.80836 12.0743 52.3609
v  -9.15622 7.46236 29.8049
v  -6.34752 10.2711 52.3609
v  -10.9595 3.92319 29.3618
v  -10.9595 3.92319 29.8049
v  -9.15622 7.46236 52.3609
v  -6.34752 10.2711 52.9676
v  -2.80836 12.0743 52.9676
v  -9.15622 7.46236 52.9676
v  -10.9595 3.92319 52.3609
v  -11.5809 -3.75925e-17 29.3618
v  -11.5809 6.7953e-17 29.8049
v  -10.9595 3.92319 52.9676
v  -11.5809 3.83921e-16 52.3609
v  -11.5809 3.38028e-16 52.9676
v  -11.5809 -1.28609e-16 25.2966
v  -2.39911 10.8142 -47.8413
v  -2.80836 -12.0743 25.2966
v  -2.80836 -12.0743 -39.3914
v  -2.80836 -12.0743 29.3618
v  -6.34752 -10.271 25.2966
v  -6.34752 -10.271 29.3618
v  -6.34752 -10.2711 -39.3914
v  -2.3987 -10.8143 -47.8413
v  -9.75652 -6.50745 23.8989
v  -9.15621 -7.46235 29.3618
v  -6.34752 -10.271 29.8049
v  -9.15621 -7.46235 29.8049
v  -2.80836 -12.0743 29.8049
v  -6.34752 -10.271 52.3609
v  -9.15621 -7.46235 52.3609
v  -2.80836 -12.0743 52.3609
v  -9.15621 -7.46235 -39.3914
v  -10.5867 -4.8781 23.8989
v  -5.56884 -9.19903 -47.8413
v  -10.9595 -3.92319 -39.3914
v  -8.08457 -6.68314 -47.8413
v  -10.9595 -3.92319 29.3618
v  -9.69931 -3.51395 -47.8413
v  -10.9595 -3.9232 29.8049
v  -10.9595 -3.92319 52.3609
v  -11.2503 -5.27631 25.8702
v  -10.4688 -6.81027 25.8702
v  -11.7353 -7.77775 29.3755
v  -11.7521 -7.76183 29.3929
v  -12.7382 -5.82657 29.3929
v  -11.7521 -7.76179 29.7739
v  -12.1899 -6.89766 29.7484
v  -12.2369 -6.80498 29.7458
v  -12.2852 -6.71066 29.7485
v  -12.7382 -5.82657 29.7738
v  -11.671 -7.92094 52.361
v  -12.219 -6.84054 52.3486
v  -12.102 -7.07127 52.3512
v  -12.2775 -6.72519 52.3389
v  -11.671 -7.92097 52.9557
v  -12.8144 -5.6769 52.9564
v  -12.3297 -6.62324 52.3605
v  -12.8144 -5.67689 52.3719
v  -10.9595 3.92319 53.9559
v  -9.15622 7.46236 53.9559
v  -11.5809 4.28677e-18 53.9559
v  -10.9615 -3.91041 52.9676
v  -10.9595 -3.92319 53.9559
v  -10.9595 -3.92319 52.9805
v  -9.16183 -7.45133 52.9676
v  -9.15621 -7.46235 53.9559
v  -10.9539 -3.93421 52.9676
v  -9.15621 -7.46235 52.9805
v  -9.14706 -7.4715 52.9676
v  -6.34752 -10.271 53.9559
v  -6.34752 -10.271 52.9676
v  -6.34752 -10.271 53.7891
v  -6.34752 10.2711 53.9559
v  -2.80836 12.0743 53.9559
v  -2.80836 -12.0743 53.7891
v  -2.80836 -12.0743 52.9676
v  -2.80836 -12.0743 53.9559
v  -10.8775 3.89654 53.9519
v  -9.08646 7.41167 53.9519
v  -10.4904 3.77074 53.9326
v  -6.29684 10.2013 53.9519
v  -8.75714 7.17237 53.9326
v  -2.78172 11.9923 53.9519
v  -6.05759 9.87193 53.9326
v  -10.3844 3.73632 53.9274
v  -8.66703 7.1069 53.9274
v  -2.65596 11.6051 53.9326
v  -5.99213 9.78181 53.9274
v  -2.62155 11.4992 53.9274
v  -10.9762 -8.01169e-07 53.9274
v  -11.0876 -6.53593e-07 53.9326
v  -10.3844 -3.73632 53.9274
v  -11.4946 -1.1425e-07 53.9519
v  -10.4904 -3.77074 53.9326
v  -10.8775 -3.89654 53.9519
v  -2.78172 -11.9923 53.9519
v  -6.29684 -10.2013 53.9519
v  -2.65596 -11.6051 53.9326
v  -9.08645 -7.41166 53.9519
v  -6.05759 -9.87192 53.9326
v  -2.62154 -11.4992 53.9274
v  -8.75714 -7.17237 53.9326
v  -5.99212 -9.7818 53.9274
v  -8.66703 -7.1069 53.9274
v  -6.80684 2.98417 49.5377
v  -6.63767 2.9259 49.3192
v  -5.63234 4.90003 49.3192
v  -5.77737 5.00561 49.5377
v  -8.38952 6.90707 53.473
v  -9.85365 4.0335 53.473
v  -9.94112 3.86184 53.473
v  -6.86834 2.86341 49.5377
v  -6.69773 2.80797 49.3192
v  -10.0914 3.91067 53.6655
v  -10.0027 4.08482 53.6655
v  -8.51727 7.00007 53.6655
v  -6.12459 9.17137 53.473
v  -6.21964 9.29705 53.6655
v  -4.18123 6.60172 49.5377
v  -5.97452 9.32141 53.473
v  -6.0674 9.44925 53.6655
v  -4.07546 6.70748 49.5377
v  -4.07332 6.45904 49.3192
v  -3.97002 6.56234 49.3192
v  -3.52756 7.07671 49.5377
v  -3.42524 6.92999 49.3192
v  -1.4636 7.93001 49.3192
v  -1.51888 8.10067 49.5377
v  -2.5145 11.1744 53.473
v  -5.37047 9.71921 53.473
v  -5.55971 9.62278 53.473
v  -3.66066 7.00886 49.5377
v  -3.55521 6.86372 49.3192
v  -5.65259 9.75062 53.6655
v  -5.4606 9.84844 53.6655
v  -2.56319 11.3247 53.6655
v  0.593775 11.6662 53.473
v  0.589952 11.8237 53.6655
v  0.671946 8.44761 49.5377
v  0.858617 11.7082 53.473
v  0.858617 11.8662 53.6655
v  0.858617 8.47717 49.5377
v  0.676287 8.2689 49.3192
v  0.858617 8.29777 49.3192
v  0.858612 -8.47716 49.5377
v  0.858612 -8.29777 49.3192
v  0.714186 -8.27493 49.3192
v  0.710724 -8.45377 49.5377
v  0.64838 -11.6749 53.473
v  0.858612 -11.7081 53.473
v  -1.46057 -7.93099 49.3192
v  -1.51615 -8.10156 49.5377
v  -2.51725 -11.1735 53.473
v  0.858612 -11.8662 53.6655
v  0.645331 -11.8324 53.6655
v  -2.56622 -11.3238 53.6655
v  -5.27597 -9.7674 53.473
v  -3.35986 -6.96325 49.3192
v  -3.46066 -7.11076 49.5377
v  -5.36475 -9.89733 53.6655
v  -5.5597 -9.62278 53.473
v  -3.55521 -6.86372 49.3192
v  -3.66065 -7.00885 49.5377
v  -5.65258 -9.75062 53.6655
v  -4.07546 -6.70747 49.5377
v  -3.97002 -6.56234 49.3192
v  -4.12487 -6.40756 49.3192
v  -4.23402 -6.54898 49.5377
v  -6.19989 -9.09602 53.473
v  -5.97451 -9.3214 53.473
v  -5.63046 -4.90261 49.3192
v  -5.77568 -5.00792 49.5377
v  -8.39123 -6.90472 53.473
v  -6.29604 -9.22059 53.6655
v  -6.06739 -9.44924 53.6655
v  -8.51915 -6.99748 53.6655
v  -9.79814 -4.14255 53.473
v  -6.59927 -3.00121 49.3192
v  -6.76754 -3.06125 49.5377
v  -9.94635 -4.19544 53.6655
v  -9.94112 -3.86184 53.473
v  -6.86834 -2.86341 49.5377
v  -6.69773 -2.80797 49.3192
v  -10.0914 -3.91067 53.6655
v  -7.06153 -2.15673 49.5377
v  -6.8901 -2.10642 49.3192
v  -7.22393 -0.00159486 49.3192
v  -7.40332 -0.00143456 49.5377
v  -7.02679 -2.37577 49.5377
v  -10.1489 -3.06278 53.473
v  -10.6342 0.00145233 53.473
v  -6.85618 -2.32033 49.3192
v  -10.0996 -3.3742 53.473
v  -10.2999 -3.10709 53.6655
v  -10.2498 -3.42303 53.6655
v  -10.7923 0.00159352 53.6655
v  -10.1297 3.18407 53.473
v  -7.04801 2.24176 49.5377
v  -10.2804 3.23015 53.6655
v  -7.02679 2.37577 49.5377
v  -10.0996 3.3742 53.473
v  -6.87691 2.18944 49.3192
v  -6.85618 2.32033 49.3192
v  -10.2499 3.42303 53.6655
v  -6.50181 5.53355 -55.4143
v  -7.83888 2.90941 -55.4143
v  -4.41879 7.61658 -55.4143
v  -1.79458 8.95369 -55.4143
v  -1.79424 -8.9538 -55.4143
v  -4.41898 -7.61644 -55.4143
v  -6.50191 -5.53338 -55.4143
v  -7.83885 -2.90941 -55.4143
v  -8.29969 0.000112169 -55.4143
v  -4.2512 3.89847 -62.3572
v  -5.19319 2.04972 -62.3572
v  -2.78368 5.36599 -62.3572
v  -0.934887 6.308 -62.3572
v  -0.934647 -6.30808 -62.3572
v  -2.78382 -5.36589 -62.3572
v  -4.25127 -3.89834 -62.3572
v  -5.19316 -2.04972 -62.3572
v  -5.51783 7.97649e-05 -62.3572
v  -0.978846 1.52107 -68.4656
v  -1.34639 0.799743 -68.4656
v  -0.40626 2.09366 -68.4656
v  0.315088 2.46121 -68.4656
v  0.315181 -2.46124 -68.4656
v  -0.406315 -2.09362 -68.4656
v  -0.978876 -1.52103 -68.4656
v  -1.34638 -0.799746 -68.4656
v  -1.47305 2.99118e-05 -68.4656
v  -9.8325 -6.53975 24.1092
v  -10.6575 -4.92057 24.1092
v  -11.1492 -4.12622 29.3651
v  -11.3355 -4.32556 29.7943
v  -11.1481 -4.12498 29.5237
v  -11.1462 -4.12267 31.2964
v  -11.1579 -4.10922 52.3337
v  -11.1381 -4.0906 52.3609
v  -11.1579 -4.1092 52.388
v  -10.9595 -3.92319 52.9557
v  -11.1579 -4.1092 52.9557
v  -12.7687 -5.61932 52.372
v  -11.1692 -4.11974 52.3726
v  -12.8113 -5.65928 52.9564
v  -12.8114 -5.6593 52.372
v  -9.43199 -7.4965 29.3651
v  -9.43199 -7.4965 29.8016
v  -11.7185 -7.77967 29.3926
v  -11.7185 -7.77967 29.7738
v  -9.42331 -7.51354 52.3609
v  -11.6368 -7.93769 52.3608
v  -9.42331 -7.51354 52.9557
v  -9.15621 -7.46235 52.9557
v  -11.6368 -7.93769 52.9557
v  0.621896 31.0046 68.486
v  0.621896 31.0046 69.0927
v  0.621897 31.0046 57.2177
v  0.621896 31.0046 56.7745
v  -10.3933 -5.28992 29.7839
v  -12.2708 -6.7199 52.3473
v  -10.1986 -5.10485 52.334
v  -10.177 -5.08806 52.3067
v  -10.1791 -5.11359 31.2865
v  -11.1734 -4.12374 52.3549
v  -10.272 -4.99331 52.3093
v  -10.2908 -5.01289 52.3365
v  -11.1498 -4.11786 52.9676
v  -12.8049 -5.66949 52.9676
v  -11.6537 -7.92882 52.9676
v  -9.42555 -7.50187 52.9676
v  -11.1694 -4.13611 52.3606
v  -12.8049 -5.66947 52.3607
v  -12.3192 -6.61774 52.3486
v  -10.4689 -5.21452 29.786
v  -10.27 -5.02292 31.289
v  12.6144 3.73632 51.2646
v  10.897 7.1069 51.0029
v  12.3797 4.19693 51.0029
v  12.4941 3.97242 51.0029
v  12.6558 3.47459 51.0029
v  12.6953 3.22573 51.0029
v  13.2062 -8.01169e-07 51.0029
v  8.22209 9.78181 51.2646
v  8.40946 9.59443 51.0029
v  4.85151 11.4992 51.0029
v  7.73256 10.0312 51.0029
v  7.98598 9.90211 51.0029
v  1.11498 12.091 51.2646
v  1.64953 12.0063 51.0029
v  1.37671 12.0495 51.0029
v  0.853255 12.0495 51.0029
v  -2.62155 11.4992 51.0029
v  0.580429 12.0063 51.0029
v  1.11498 -12.091 51.2646
v  4.85151 -11.4992 51.0029
v  1.5931 -12.0152 51.0029
v  1.37671 -12.0495 51.0029
v  -2.62154 -11.4992 51.0029
v  0.853255 -12.0495 51.0029
v  8.22209 -9.7818 51.2646
v  7.98598 -9.9021 51.0029
v  10.897 -7.1069 51.0029
v  8.59177 -9.41211 51.0029
v  8.40946 -9.59443 51.0029
v  12.6144 -3.73632 51.2646
v  12.3157 -4.32257 51.0029
v  12.4941 -3.97242 51.0029
v  12.7173 -3.08645 51.0029
v  12.6558 -3.47459 51.0029
v  -8.66703 7.1069 51.0029
v  -10.3844 3.73632 51.2646
v  -10.2641 3.97242 51.0029
v  -10.9762 -8.01169e-07 51.0029
v  -10.4569 3.27872 51.0029
v  -10.4259 3.47459 51.0029
v  -5.99213 9.78181 51.2646
v  -6.33408 9.43985 51.0029
v  -6.1795 9.59443 51.0029
v  -5.75602 9.90211 51.0029
v  -5.99212 -9.7818 51.2646
v  -5.4637 -10.051 51.0029
v  -5.75602 -9.9021 51.0029
v  -8.66703 -7.1069 51.0029
v  -6.1795 -9.59443 51.0029
v  -10.3844 -3.73632 51.2646
v  -10.1168 -4.26159 51.0029
v  -10.2641 -3.97242 51.0029
v  -10.4259 -3.47459 51.0029
v  9.38576 2.41205 48.5627
v  9.224 2.90988 48.5627
v  6.38847 6.81266 48.5627
v  5.96499 7.12034 48.5627
v  1.37671 8.61107 48.5627
v  0.853255 8.61107 48.5627
v  0.853255 -8.61107 48.5627
v  1.37671 -8.61107 48.5627
v  0.853255 -11.8892 50.8891
v  1.37671 -11.8892 50.8891
v  5.96499 -7.12033 48.5627
v  6.38847 -6.81266 48.5627
v  7.89175 -9.7724 50.8891
v  8.31523 -9.46472 50.8891
v  9.224 -2.90988 48.5627
v  9.38576 -2.41205 48.5627
v  12.3416 -3.92288 50.8891
v  12.5034 -3.42505 50.8891
v  -6.99404 2.90988 48.5627
v  -7.1558 2.41205 48.5627
v  -10.1117 3.92288 50.8891
v  -10.2734 3.42505 50.8891
v  -3.73503 7.12034 48.5627
v  -4.15851 6.81266 48.5627
v  -5.66179 9.7724 50.8891
v  -6.08527 9.46472 50.8891
v  -4.1585 -6.81266 48.5627
v  -3.73502 -7.12033 48.5627
v  -7.15579 -2.41205 48.5627
v  -6.99404 -2.90988 48.5627
v  9.21117 2.90514 48.6622
v  9.03833 2.84897 48.5239
v  12.3416 3.92288 50.8891
v  12.3242 3.91665 51.1529
v  9.11862 2.87092 49.3801
v  8.94761 2.81535 49.1761
v  12.1986 3.8717 53.0554
v  12.4765 3.96612 51.2747
v  12.3493 3.92065 53.2352
v  12.3623 4.19027 51.2747
v  12.2364 4.14229 53.2352
v  10.8819 7.09573 51.2747
v  10.773 7.01517 53.2352
v  8.51417 9.27402 53.2352
v  8.31547 9.47271 53.2352
v  8.59884 9.37879 51.2747
v  8.39802 9.57961 51.2747
v  8.61058 9.39331 51.0029
v  8.96088 3.00097 48.5239
v  8.87098 2.96573 49.1761
v  7.95707 4.97106 48.5239
v  6.40931 6.51875 48.5239
v  6.34775 6.44446 49.1761
v  7.87782 4.91493 49.1761
v  6.21316 6.579 49.1761
v  6.27317 6.65489 48.5239
v  6.37999 6.80192 48.6622
v  8.30393 9.45009 51.1529
v  8.31523 9.46472 50.8891
v  6.31885 6.72448 49.3801
v  8.22238 9.34457 53.0554
v  5.95509 7.1055 48.6925
v  5.84832 6.95853 48.5514
v  7.89175 9.7724 50.8891
v  7.87816 9.75249 51.233
v  5.89925 7.0218 49.4245
v  5.79363 6.87642 49.2164
v  7.80152 9.64015 53.173
v  7.97222 9.88195 51.3572
v  7.89456 9.76821 53.3563
v  7.71931 10.0108 51.3572
v  4.84414 11.4759 51.3572
v  7.64457 9.89563 53.3563
v  4.8026 11.3441 53.3563
v  1.6483 11.982 51.3572
v  1.64133 11.8448 53.3563
v  1.37197 11.8875 53.3563
v  1.37599 12.0251 51.3572
v  5.67682 7.04591 48.5514
v  5.62399 6.96285 49.2164
v  3.72718 8.0393 48.5514
v  1.5606 8.38235 48.5514
v  3.69545 7.9455 49.2164
v  1.5544 8.28416 49.2164
v  1.37599 8.41158 48.5514
v  1.37197 8.31301 49.2164
v  1.37599 8.59325 48.6925
v  1.37599 11.8651 51.233
v  1.37671 11.8892 50.8891
v  1.37197 8.49271 49.4245
v  1.37197 11.7292 53.173
v  1.37631 -8.60103 48.6358
v  1.37631 -8.41921 48.4999
v  1.37631 -11.8756 51.0828
v  1.3718 -8.48845 49.4556
v  1.3718 -11.7234 53.2553
v  1.3718 -8.30883 49.2446
v  1.3718 -11.8816 53.4411
v  1.37631 -12.0358 51.2024
v  1.59245 -12.0015 51.2024
v  1.58517 -11.8479 53.4411
v  4.84713 -11.4861 51.2024
v  4.79806 -11.3394 53.4411
v  7.66455 -9.87889 53.4411
v  7.89126 -9.76338 53.4411
v  7.74875 -10.0077 51.2024
v  7.97823 -9.89075 51.2024
v  7.75625 -10.0192 51.0029
v  1.52287 -8.396 48.4999
v  1.5166 -8.2859 49.2446
v  3.72986 -8.04649 48.4999
v  5.69697 -7.04416 48.4999
v  5.6378 -6.95119 49.2446
v  3.69687 -7.94062 49.2446
v  5.79131 -6.87294 49.2446
v  5.85255 -6.96488 48.4999
v  5.95941 -7.11198 48.6358
v  7.8841 -9.76118 51.0828
v  5.89688 -7.01825 49.4555
v  7.79826 -9.63538 53.2553
v  6.37895 -6.80061 48.6744
v  6.27215 -6.6536 48.535
v  8.30254 -9.4483 51.1851
v  6.31451 -6.71899 49.431
v  6.2089 -6.57362 49.2223
v  8.2166 -9.33708 53.1902
v  8.39662 -9.57779 51.3079
v  8.30962 -9.46513 53.374
v  8.57861 -9.3958 51.3079
v  8.48948 -9.28532 53.374
v  10.8798 -7.09466 51.3079
v  10.7636 -7.01176 53.374
v  12.2962 -4.31492 51.3079
v  12.1641 -4.26309 53.374
v  12.3403 -3.91743 53.374
v  12.4743 -3.96535 51.3079
v  6.39555 -6.53019 48.535
v  6.33093 -6.45159 49.2223
v  7.95594 -4.96981 48.535
v  8.91604 -3.08538 48.535
v  7.87387 -4.90865 49.2223
v  8.82195 -3.04707 49.2223
v  8.94117 -2.81297 49.2223
v  9.03678 -2.8484 48.535
v  9.2096 -2.90456 48.6744
v  12.3221 -3.91589 51.1851
v  9.11206 -2.86849 49.431
v  12.1897 -3.86852 53.1902
v  9.3736 -2.40863 48.6546
v  9.20073 -2.35246 48.517
v  12.487 -3.42026 51.1326
v  9.27334 -2.38043 49.4123
v  12.6393 -3.46973 51.2538
v  12.3519 -3.38074 53.1406
v  9.10241 -2.32489 49.2053
v  12.5024 -3.42966 53.323
v  12.7006 -3.08215 51.2538
v  13.1888 -0.000151019 51.2538
v  12.6786 3.2212 51.2538
v  12.5414 3.18391 53.323
v  13.0459 -0.00138996 53.323
v  12.5632 -3.0467 53.323
v  12.5025 3.42966 53.323
v  12.6393 3.46973 51.2538
v  9.24236 -2.08966 48.517
v  9.14357 -2.06503 49.2053
v  9.57335 0.000149602 48.517
v  9.22742 2.18398 48.517
v  9.1288 2.15847 49.2053
v  9.47085 0.00138862 49.2053
v  9.10241 2.32489 49.2053
v  9.20074 2.35246 48.517
v  9.3736 2.40863 48.6546
v  12.487 3.42025 51.1326
v  12.5034 3.42505 50.8891
v  9.27334 2.38043 49.4123
v  12.3519 3.38074 53.1406
v  -6.78902 2.84181 48.663
v  -6.96148 2.89784 48.8153
v  -10.0675 3.90707 51.5584
v  -6.73013 2.81998 49.0863
v  -6.9014 2.87563 49.2813
v  -9.98597 3.87789 52.7934
v  -10.1368 3.92691 52.9652
v  -10.2194 3.95643 51.6926
v  -5.7107 4.95842 48.663
v  -6.72824 2.96112 48.663
v  -4.13483 6.53429 48.663
v  -5.66015 4.92076 49.0863
v  -4.09516 6.48575 49.0863
v  -6.66982 2.93841 49.0863
v  -4.03041 6.63871 48.663
v  -3.99146 6.58945 49.0863
v  -10.1741 4.14912 51.0029
v  -10.1297 4.13247 51.6926
v  -8.62824 7.07922 51.6926
v  -10.0478 4.10173 52.9652
v  -8.55666 7.02816 52.9652
v  -6.30444 9.40286 51.6926
v  -6.24974 9.33461 52.9652
v  -6.09688 9.48743 52.9652
v  -6.15046 9.55682 51.6926
v  -4.137 6.78541 48.8153
v  -6.05658 9.4276 51.5584
v  -4.0973 6.73514 49.2813
v  -6.00365 9.3591 52.7934
v  -3.62 6.961 48.5314
v  -3.72681 7.10802 48.6705
v  -5.65051 9.75586 51.1747
v  -3.57295 6.89036 49.1035
v  -3.67877 7.03601 49.3002
v  -5.58457 9.65922 52.8437
v  -5.74459 9.88536 51.2972
v  -5.67778 9.78752 53.017
v  -1.49851 8.04201 48.5314
v  -3.48816 7.02817 48.5314
v  0.669152 8.38529 48.5314
v  -1.47316 7.96068 49.1035
v  0.674333 8.30077 49.1035
v  -3.44247 6.95687 49.1035
v  0.853848 8.41454 48.5314
v  0.857311 8.32974 49.1035
v  -5.56124 10.0014 51.0029
v  -5.55011 9.98446 51.2972
v  -2.6151 11.4799 51.2972
v  -5.48511 9.88568 53.017
v  -2.5774 11.3672 53.017
v  0.587632 11.8681 53.017
v  0.581482 11.9861 51.2972
v  0.857311 11.9108 53.017
v  0.853848 12.0293 51.2972
v  0.853848 8.59627 48.6705
v  0.853255 11.8892 50.8891
v  0.853848 11.8692 51.1747
v  0.857311 8.50978 49.3002
v  0.857311 11.7522 52.8437
v  0.854497 -8.39861 48.6389
v  0.854497 -8.58002 48.7888
v  0.854497 -11.8472 51.4882
v  0.857414 -8.32714 49.121
v  0.857414 -8.50712 49.3196
v  0.857414 -11.7487 52.8949
v  0.857414 -11.9072 53.0697
v  0.854497 -12.007 51.6202
v  0.708305 -8.37547 48.6389
v  -1.49304 -8.02696 48.6389
v  -3.41362 -7.04837 48.6389
v  -3.37552 -6.98805 49.121
v  -1.47003 -7.95894 49.121
v  0.712472 -8.30421 49.121
v  -3.5715 -6.88819 49.121
v  -3.61115 -6.94772 48.6389
v  0.636862 -12.0152 51.0029
v  0.638826 -11.9729 51.6202
v  0.643436 -11.8733 53.0697
v  -2.60872 -11.4585 51.6202
v  -5.44076 -10.0154 51.6202
v  -5.38689 -9.93172 53.0697
v  -2.5786 -11.363 53.0697
v  -5.73203 -9.86698 51.6202
v  -5.67572 -9.78451 53.0697
v  -3.71778 -7.09449 48.7888
v  -5.66178 -9.7724 50.8891
v  -3.67729 -7.0338 49.3196
v  -5.63811 -9.73771 51.4882
v  -5.58254 -9.65625 52.8949
v  -4.0321 -6.64085 48.6446
v  -4.13872 -6.7876 48.795
v  -6.05888 -9.43057 51.5047
v  -6.08527 -9.46472 50.8891
v  -3.99009 -6.58772 49.1011
v  -4.09591 -6.73338 49.2976
v  -6.00179 -9.35669 52.8367
v  -6.095 -9.48499 53.0098
v  -6.15279 -9.55983 51.6373
v  -4.18881 -6.48416 48.6446
v  -4.14554 -6.43232 49.1011
v  -5.71245 -4.96067 48.6446
v  -5.65696 -4.92138 49.1011
v  -6.69203 -3.03814 48.6446
v  -6.62926 -3.01315 49.1011
v  -6.79158 -2.84276 48.6446
v  -6.72807 -2.81922 49.1011
v  -6.41148 -9.36244 51.0029
v  -6.38398 -9.32864 51.6373
v  -6.32447 -9.25552 53.0098
v  -8.63179 -7.08083 51.6373
v  -10.0762 -4.24583 51.6373
v  -8.55556 -7.02443 53.0098
v  -9.98832 -4.21173 53.0098
v  -10.223 -3.95771 51.6373
v  -10.1339 -3.92588 53.0098
v  -6.96409 -2.89881 48.795
v  -10.1116 -3.92288 50.8891
v  -6.89929 -2.87485 49.2976
v  -10.071 -3.90834 51.5047
v  -9.98311 -3.87687 52.8367
v  -6.94985 -2.3466 48.6634
v  -7.12231 -2.40263 48.8158
v  -10.2283 -3.41185 51.5598
v  -10.2734 -3.42505 50.8891
v  -6.88677 -2.32891 49.105
v  -7.05798 -2.38454 49.3019
v  -10.1416 -3.38649 52.8482
v  -10.3802 -3.46121 51.694
v  -10.2924 -3.4355 53.0216
v  -7.32158 -0.000414449 48.6634
v  -6.98415 -2.13015 48.6634
v  -6.97081 2.21429 48.6634
v  -7.25582 -0.00120936 49.105
v  -6.90757 2.19755 49.105
v  -6.92082 -2.11417 49.105
v  -6.94985 2.34659 48.6634
v  -6.88677 2.32891 49.105
v  -10.4766 -3.15405 51.0029
v  -10.4308 -3.14186 51.694
v  -10.9285 0.000413047 51.694
v  -10.3426 -3.11845 53.0216
v  -10.8367 0.001208 53.0216
v  -10.3231 3.2419 53.0216
v  -10.4111 3.26611 51.694
v  -10.2924 3.4355 53.0216
v  -10.3802 3.46121 51.694
v  -7.12231 2.40263 48.8158
v  -10.2283 3.41185 51.5598
v  -7.05798 2.38454 49.3019
v  -10.1416 3.38649 52.8482
v  1.11498 13.7699 26.6098
v  2.42803 13.1353 28.1505
v  3.52675 13.1353 52.9676
v  1.11498 13.7699 52.9676
v  2.50831 14.4812 52.9676
v  -1.29678 13.1353 52.9676
v  1.11498 15.1326 53.6114
v  -0.278347 14.4812 52.9676
v  3.52675 13.1353 52.3609
v  3.17745 13.1353 29.8049
v  -1.29678 13.1353 52.3609
v  -0.947485 13.1353 29.8049
v  -0.198068 13.1353 28.1505
v  -0.278347 14.4812 52.3609
v  -0.278348 14.4812 29.8049
v  0.127266 14.4812 29.3618
v  1.11498 15.1326 28.5584
v  2.1027 14.4812 29.3617
v  2.50831 14.4812 29.8049
v  2.50831 14.4812 52.3609
v  13.4253 -4.81887 29.6903
v  14.3938 -4.81886 29.6985
v  14.3938 -6.73652 29.6985
v  13.4253 -6.73652 29.6903
v  14.4972 -4.82022 29.7487
v  14.4972 -6.73517 29.7487
v  32.524 -5.42399 51.9778
v  32.524 -6.1314 51.9778
v  32.7203 -5.43056 52.2198
v  32.7203 -6.12482 52.2198
v  13.5609 -6.601 52.3596
v  13.4651 -6.69676 52.3199
v  14.4155 -6.70346 52.2756
v  14.338 -6.61766 52.3515
v  14.5064 -6.73562 52.2108
v  14.4494 -6.61785 52.3711
v  14.4678 -6.68712 52.3163
v  14.5348 -6.70039 52.3201
v  13.4253 -6.73652 52.2223
v  32.5245 -6.22904 67.9928
v  14.5473 -6.61583 52.4296
v  32.4768 -6.18438 68.0805
v  32.7203 -6.22353 68.1642
v  32.3815 -6.09545 68.0627
v  32.6718 -6.17878 68.2517
v  32.5753 -6.08979 68.2325
v  13.4651 -4.85862 52.3199
v  13.4253 -4.81887 52.2223
v  13.4253 -4.81887 30.2767
v  13.4253 -6.73652 30.2767
v  13.5609 -4.95438 52.3596
v  14.338 -4.93772 52.3515
v  14.4494 -4.93754 52.3711
v  14.5473 -4.93955 52.4296
v  32.3815 -5.45994 68.0627
v  32.5753 -5.46559 68.2325
v  32.6718 -5.37661 68.2517
v  14.4155 -4.85192 52.2756
v  14.5064 -4.81976 52.2108
v  14.5348 -4.855 52.3201
v  14.4678 -4.86826 52.3163
v  32.4768 -5.371 68.0805
v  32.5245 -5.32635 67.9928
v  32.7203 -5.33185 68.1642
v  32.7203 -6.12739 52.6348
v  32.7203 -5.42799 52.6348
v  14.4581 -4.81889 30.2849
v  14.457 -4.81887 29.7576
v  32.524 -5.42145 52.3946
v  14.457 -6.73652 29.7576
v  14.4581 -6.7365 30.2849
v  32.524 -6.13394 52.3946
v  -11.3809 -4.81887 29.6903
v  -11.3809 -6.73652 29.6903
v  -12.3493 -6.73652 29.6985
v  -12.3493 -4.81886 29.6985
v  -12.4527 -6.73517 29.7487
v  -12.4527 -4.82022 29.7487
v  -30.4796 -6.1314 51.9778
v  -30.4796 -5.42399 51.9778
v  -30.6758 -6.12482 52.2198
v  -30.6758 -5.43056 52.2198
v  -11.5164 -6.601 52.3596
v  -12.2936 -6.61766 52.3515
v  -12.371 -6.70346 52.2756
v  -11.4207 -6.69676 52.3199
v  -12.405 -6.61785 52.3711
v  -12.462 -6.73562 52.2108
v  -12.4233 -6.68712 52.3163
v  -12.4904 -6.70039 52.3201
v  -12.5028 -6.61583 52.4296
v  -30.4324 -6.18438 68.0805
v  -30.4801 -6.22904 67.9928
v  -11.3809 -6.73652 52.2223
v  -30.6758 -6.22353 68.1642
v  -30.3371 -6.09545 68.0627
v  -30.6273 -6.17878 68.2517
v  -30.5309 -6.08979 68.2325
v  -11.3809 -4.81887 52.2223
v  -11.4207 -4.85862 52.3199
v  -11.3809 -4.81887 30.2767
v  -11.3809 -6.73652 30.2767
v  -11.5164 -4.95438 52.3596
v  -12.2936 -4.93772 52.3515
v  -12.405 -4.93754 52.3711
v  -12.5028 -4.93955 52.4296
v  -30.3371 -5.45994 68.0627
v  -30.5309 -5.46559 68.2325
v  -30.6273 -5.37661 68.2517
v  -12.462 -4.81976 52.2108
v  -12.371 -4.85192 52.2756
v  -30.4801 -5.32635 67.9928
v  -30.4324 -5.371 68.0805
v  -12.4904 -4.855 52.3201
v  -30.6758 -5.33185 68.1642
v  -12.4233 -4.86826 52.3163
v  -30.6758 -5.42799 52.6348
v  -30.6758 -6.12739 52.6348
v  -12.4137 -4.81889 30.2849
v  -12.4126 -4.81887 29.7576
v  -30.4796 -5.42145 52.3946
v  -12.4137 -6.7365 30.2849
v  -12.4126 -6.73652 29.7576
v  -30.4796 -6.13394 52.3946
v  -1.34369 4.61123 48.3622
v  -1.40246 4.52073 48.3622
v  -1.70411 4.65503 48.5942
v  -1.58908 4.83217 48.5942
v  -1.08739 4.38045 48.2837
v  -1.43039 4.4165 48.3622
v  -1.75878 4.45102 48.5942
v  -1.98126 4.77843 48.9695
v  -2.06049 4.48273 48.9695
v  -1.81453 5.03517 48.9695
v  -2.22447 4.88671 49.4721
v  -2.32526 4.51056 49.4721
v  -2.04447 4.17702 48.9695
v  -2.30488 4.12167 49.4721
v  -2.54605 4.53376 50.0811
v  -2.52203 4.07551 50.0811
v  -2.01237 5.21331 49.4721
v  -2.42728 4.97701 50.0811
v  -2.72014 4.55206 50.7721
v  -2.69326 4.03911 50.7721
v  -2.35758 3.64711 50.0811
v  -2.50918 3.55958 50.7721
v  -2.82003 4.01217 51.5191
v  -2.62142 3.49478 51.5191
v  -2.5872 5.04821 50.7721
v  -2.84904 4.56561 51.5191
v  -2.90645 3.9938 52.2957
v  -2.69794 3.4506 52.2957
v  -2.27265 3.06408 51.5191
v  -2.33177 2.99842 52.2957
v  -2.74255 3.42484 53.077
v  -2.36625 2.96014 53.077
v  -2.9369 4.57484 52.2957
v  -2.95684 3.98309 53.077
v  -2.75738 3.41628 53.8403
v  -2.3777 2.94742 53.8403
v  -1.86475 2.63447 53.077
v  -1.87172 2.61883 53.8403
v  -1.8438 2.68153 52.2957
v  -1.28717 2.47971 53.077
v  -1.28896 2.46268 53.8403
v  -1.80786 2.76225 51.5191
v  -1.28178 2.53094 52.2957
v  -0.690028 2.511 53.077
v  -0.686468 2.49425 53.8403
v  -1.27255 2.61881 51.5191
v  -0.700739 2.56139 52.2957
v  -0.131785 2.72529 53.077
v  -0.123223 2.71046 53.8403
v  -0.719108 2.64781 51.5191
v  -0.157542 2.7699 52.2957
v  -1.75515 2.88065 50.7721
v  -1.259 2.7477 50.7721
v  -0.746055 2.77459 50.7721
v  -0.201718 2.84642 51.5191
v  0.294634 3.13607 52.2957
v  0.332919 3.1016 53.077
v  -0.266522 2.95866 50.7721
v  0.228975 3.19519 51.5191
v  -1.2407 2.9218 50.0811
v  -0.78245 2.94581 50.0811
v  -0.354048 3.11026 50.0811
v  0.132659 3.28191 50.7721
v  0.530816 3.65998 51.5191
v  0.611529 3.62404 52.2957
v  0.00256993 3.39905 50.0811
v  0.412412 3.7127 50.7721
v  -0.828607 3.16297 49.4721
v  -0.465049 3.30252 49.4721
v  -0.162411 3.54759 49.4721
v  0.252495 3.78389 50.0811
v  0.545355 4.20884 50.7721
v  0.674252 4.19529 51.5191
v  0.0496836 3.87419 49.4721
v  0.371261 4.22714 50.0811
v  -0.598161 3.53308 48.9695
v  -0.360253 3.72573 48.9695
v  -0.193523 3.98248 48.9695
v  0.150474 4.25035 49.4721
v  0.347245 4.68539 50.0811
v  0.518473 4.72179 50.7721
v  -0.11429 4.27818 48.9695
v  0.130093 4.63924 49.4721
v  -0.585706 3.92873 48.5942
v  -0.470671 4.10587 48.5942
v  -0.416005 4.30989 48.5942
v  -0.130312 4.58389 48.9695
v  -0.00946384 5.00279 49.4721
v  0.182797 5.11379 50.0811
v  -0.427059 4.52081 48.5942
v  -0.240019 4.86968 48.9695
v  -0.772323 4.24017 48.3622
v  -0.744395 4.3444 48.3622
v  -0.750042 4.45216 48.3622
v  -0.502751 4.71799 48.5942
v  -0.432673 5.10759 48.9695
v  -0.254535 5.30543 49.4721
v  -0.788712 4.5529 48.3622
v  -0.635672 4.88214 48.5942
v  -0.831091 4.14968 48.3622
v  -0.914948 4.08177 48.3622
v  -1.01569 4.0431 48.3622
v  -0.749849 3.79581 48.5942
v  -0.947034 3.72012 48.5942
v  -1.12344 4.03745 48.3622
v  -1.15796 3.70906 48.5942
v  -0.883958 3.42337 48.9695
v  -1.18967 3.40735 48.9695
v  -1.22767 4.06538 48.3622
v  -1.36197 3.76373 48.5942
v  -1.31817 4.12415 48.3622
v  -1.53911 3.87877 48.5942
v  -1.48537 3.48658 48.9695
v  -1.38607 4.20801 48.3622
v  -1.67203 4.04291 48.5942
v  -1.74211 3.65331 48.9695
v  -1.59365 3.24338 49.4721
v  -1.2175 3.14259 49.4721
v  -1.93476 3.89122 48.9695
v  -1.92025 3.45547 49.4721
v  -1.68395 3.04057 50.0811
v  -2.0688 3.29049 50.0811
v  -2.16532 3.75811 49.4721
v  -2.18593 3.1604 50.7721
v  -1.74772 4.2401 48.5942
v  -1.42474 4.30875 48.3622
v  -0.856618 4.63675 48.3622
v  -0.947114 4.69552 48.3622
v  -0.81281 4.99717 48.5942
v  -0.689416 5.27432 48.9695
v  -1.01683 5.05184 48.5942
v  -0.985115 5.35355 48.9695
v  -1.05134 4.72345 48.3622
v  -1.22775 5.04079 48.5942
v  -1.29083 5.33753 48.9695
v  -0.957287 5.61832 49.4721
v  -1.34618 5.59794 49.4721
v  -1.57662 5.22782 48.9695
v  -1.70973 5.45838 49.4721
v  -1.1591 4.7178 48.3622
v  -1.42493 4.96509 48.5942
v  -1.25983 4.67913 48.3622
v  -2.17735 5.36186 50.0811
v  -1.82074 5.65064 50.0811
v  -2.30744 5.47899 50.7721
v  -1.39233 5.81509 50.0811
v  -1.90826 5.80224 50.7721
v  -2.40376 5.56571 51.5191
v  -1.42873 5.98631 50.7721
v  -1.97307 5.91448 51.5191
v  -0.934081 5.8391 50.0811
v  -0.915784 6.0132 50.7721
v  -1.45567 6.11309 51.5191
v  -2.01724 5.991 52.2957
v  -2.46942 5.62483 52.2957
v  -0.902236 6.14209 51.5191
v  -1.47404 6.19951 52.2957
v  -0.490836 5.72034 50.0811
v  -0.419636 5.88025 50.7721
v  -0.36692 5.99866 51.5191
v  -0.892999 6.22996 52.2957
v  -1.48476 6.2499 53.077
v  -2.043 6.03561 53.077
v  -0.330983 6.07937 52.2957
v  -0.887615 6.2812 53.077
v  0.0111468 5.6005 50.7721
v  0.0978709 5.69682 51.5191
v  0.15699 5.76248 52.2957
v  -0.31003 6.12644 53.077
v  -0.885826 6.29822 53.8403
v  -1.48831 6.26665 53.8403
v  0.191461 5.80076 53.077
v  -0.303067 6.14207 53.8403
v  0.44664 5.26612 51.5191
v  0.523156 5.3103 52.2957
v  0.56777 5.33606 53.077
v  0.202917 5.81348 53.8403
v  0.645247 4.74873 51.5191
v  0.731669 4.7671 52.2957
v  0.334397 5.20132 50.7721
v  0.76212 4.18606 52.2957
v  0.782059 4.77781 53.077
v  0.813354 4.18067 53.077
v  0.798806 4.78137 53.8403
v  0.582596 5.34462 53.8403
v  0.65859 3.60309 53.077
v  0.83038 4.17888 53.8403
v  0.674232 3.59613 53.8403
v  0.345641 3.09014 53.8403
v  -0.105986 5.47041 50.0811
v  -0.581133 5.51753 49.4721
v  -2.05156 6.05044 53.8403
v  -2.52043 5.67076 53.8403
v  -2.5077 5.65931 53.077
v  -2.97359 3.97953 53.8403
v  -2.98814 4.58023 53.077
v  -3.00516 4.58202 53.8403
v  -2.78631 5.13686 52.2957
v  -2.83338 5.15781 53.077
v  -2.7056 5.10092 51.5191
v  -2.84901 5.16478 53.8403
v  1.48337 0.0705147 48.3622
v  1.43438 0.166656 48.3622
v  1.70152 0.360744 48.5942
v  1.7974 0.172551 48.5942
v  1.15536 -0.0360612 48.2837
v  1.35808 0.242956 48.3622
v  1.55217 0.510094 48.5942
v  1.94695 0.539064 48.9695
v  1.73049 0.755531 48.9695
v  2.08593 0.2663 48.9695
v  2.16233 0.695545 49.4721
v  1.88697 0.970909 49.4721
v  1.45772 0.894511 48.9695
v  1.53999 1.1477 49.4721
v  2.01746 1.15051 50.0811
v  1.60859 1.35884 50.0811
v  2.33913 0.348566 49.4721
v  2.34194 0.826037 50.0811
v  2.12035 1.29213 50.7721
v  1.66269 1.52533 50.7721
v  1.15536 1.43063 50.0811
v  1.15536 1.60568 50.7721
v  1.70274 1.64859 51.5191
v  1.15536 1.73529 51.5191
v  2.48356 0.92893 50.7721
v  2.19653 1.39699 51.5191
v  1.73004 1.73262 52.2957
v  1.15536 1.82364 52.2957
v  0.607984 1.64859 51.5191
v  0.580681 1.73262 52.2957
v  1.15536 1.87516 53.077
v  0.564762 1.78162 53.077
v  2.24846 1.46847 52.2957
v  1.74596 1.78162 53.077
v  1.15536 1.89228 53.8403
v  0.559471 1.7979 53.8403
v  0.0319745 1.51015 53.077
v  0.0219117 1.524 53.8403
v  0.0622553 1.46847 52.2957
v  -0.390847 1.08732 53.077
v  -0.404697 1.09739 53.8403
v  0.114188 1.39699 51.5191
v  -0.349168 1.05704 52.2957
v  -0.662314 0.554537 53.077
v  -0.678596 0.559828 53.8403
v  -0.277689 1.00511 51.5191
v  -0.61332 0.538617 52.2957
v  -0.755856 -0.0360603 53.077
v  -0.772976 -0.0360612 53.8403
v  -0.529291 0.511314 51.5191
v  -0.704339 -0.0360618 52.2957
v  0.19037 1.29213 50.7721
v  -0.172836 0.928929 50.7721
v  -0.406027 0.471264 50.7721
v  -0.615987 -0.0360612 51.5191
v  -0.61332 -0.610741 52.2957
v  -0.662314 -0.62666 53.077
v  -0.48638 -0.0360612 50.7721
v  -0.529291 -0.583438 51.5191
v  -0.0312155 0.826036 50.0811
v  -0.239543 0.417169 50.0811
v  -0.311327 -0.0360625 50.0811
v  -0.406027 -0.543387 50.7721
v  -0.277689 -1.07723 51.5191
v  -0.349168 -1.12917 52.2957
v  -0.239543 -0.489293 50.0811
v  -0.172836 -1.00105 50.7721
v  -0.028405 0.348566 49.4721
v  -0.0893242 -0.0360612 49.4721
v  -0.028405 -0.42069 49.4721
v  -0.0312155 -0.898159 50.0811
v  0.19037 -1.36426 50.7721
v  0.114188 -1.46911 51.5191
v  0.14839 -0.767669 49.4721
v  0.293263 -1.22264 50.0811
v  0.176899 -0.0360612 48.9695
v  0.224788 -0.338423 48.9695
v  0.363769 -0.611186 48.9695
v  0.423753 -1.04303 49.4721
v  0.702129 -1.43096 50.0811
v  0.648035 -1.59745 50.7721
v  0.580235 -0.827653 48.9695
v  0.770732 -1.21983 49.4721
v  0.513315 -0.244675 48.5942
v  0.609205 -0.432867 48.5942
v  0.758555 -0.582217 48.5942
v  0.852999 -0.966634 48.9695
v  1.15536 -1.28075 49.4721
v  1.15536 -1.50275 50.0811
v  0.946747 -0.678105 48.5942
v  1.15536 -1.01452 48.9695
v  0.876342 -0.238781 48.3622
v  0.952641 -0.315081 48.3622
v  1.04878 -0.364067 48.3622
v  1.15536 -0.711147 48.5942
v  1.45772 -0.966634 48.9695
v  1.53999 -1.21983 49.4721
v  1.15536 -0.380947 48.3622
v  1.36397 -0.678105 48.5942
v  0.827354 -0.142637 48.3622
v  0.810475 -0.0360612 48.3622
v  0.827354 0.0705147 48.3622
v  0.480275 -0.0360612 48.5942
v  0.513315 0.172551 48.5942
v  0.876342 0.166656 48.3622
v  0.609205 0.360744 48.5942
v  0.224788 0.266299 48.9695
v  0.363769 0.539064 48.9695
v  0.952642 0.242956 48.3622
v  0.758555 0.510094 48.5942
v  1.04878 0.291946 48.3622
v  0.946747 0.605982 48.5942
v  0.580235 0.755531 48.9695
v  1.15536 0.308826 48.3622
v  1.15536 0.639024 48.5942
v  0.852999 0.89451 48.9695
v  0.423752 0.970909 49.4721
v  0.14839 0.695545 49.4721
v  1.15536 0.9424 48.9695
v  0.770732 1.1477 49.4721
v  0.293263 1.15051 50.0811
v  0.702129 1.35884 50.0811
v  1.15536 1.20862 49.4721
v  0.648035 1.52533 50.7721
v  1.36397 0.605982 48.5942
v  1.26194 0.291946 48.3622
v  1.26194 -0.364067 48.3622
v  1.35808 -0.315079 48.3622
v  1.55217 -0.582217 48.5942
v  1.73049 -0.827653 48.9695
v  1.70152 -0.432867 48.5942
v  1.94695 -0.611186 48.9695
v  1.43438 -0.238781 48.3622
v  1.7974 -0.244674 48.5942
v  2.08593 -0.338423 48.9695
v  2.16233 -0.767669 49.4721
v  2.33912 -0.42069 49.4721
v  2.13382 -0.0360612 48.9695
v  2.40004 -0.0360612 49.4721
v  1.48337 -0.142637 48.3622
v  1.83045 -0.0360612 48.5942
v  1.50025 -0.0360612 48.3622
v  2.55026 0.417169 50.0811
v  2.62205 -0.0360625 50.0811
v  2.71675 0.471264 50.7721
v  2.55026 -0.489293 50.0811
v  2.7971 -0.0360612 50.7721
v  2.84001 0.511314 51.5191
v  2.71675 -0.543387 50.7721
v  2.92671 -0.0360612 51.5191
v  2.34193 -0.898159 50.0811
v  2.48356 -1.00105 50.7721
v  2.84001 -0.583438 51.5191
v  3.01506 -0.0360618 52.2957
v  2.92404 0.538617 52.2957
v  2.58841 -1.07723 51.5191
v  2.92404 -0.610741 52.2957
v  2.01746 -1.22264 50.0811
v  2.12035 -1.36426 50.7721
v  2.19653 -1.46911 51.5191
v  2.65989 -1.12917 52.2957
v  2.97303 -0.62666 53.077
v  3.06658 -0.0360603 53.077
v  2.24846 -1.54059 52.2957
v  2.70157 -1.15944 53.077
v  1.66269 -1.59745 50.7721
v  1.70274 -1.72071 51.5191
v  1.73004 -1.80474 52.2957
v  2.27874 -1.58227 53.077
v  2.71542 -1.16951 53.8403
v  2.98932 -0.63195 53.8403
v  1.74596 -1.85374 53.077
v  2.28881 -1.59612 53.8403
v  1.15536 -1.80741 51.5191
v  1.15536 -1.89576 52.2957
v  1.15536 -1.94728 53.077
v  1.75125 -1.87002 53.8403
v  0.607984 -1.72071 51.5191
v  0.580682 -1.80474 52.2957
v  1.15536 -1.6778 50.7721
v  0.0622565 -1.54059 52.2957
v  0.564762 -1.85374 53.077
v  0.0319745 -1.58227 53.077
v  0.559471 -1.87002 53.8403
v  1.15536 -1.9644 53.8403
v  -0.390847 -1.15944 53.077
v  0.0219129 -1.59612 53.8403
v  -0.404696 -1.16951 53.8403
v  -0.678596 -0.63195 53.8403
v  1.60859 -1.43096 50.0811
v  1.88697 -1.04303 49.4721
v  3.0837 -0.0360612 53.8403
v  2.98932 0.559828 53.8403
v  2.97303 0.554537 53.077
v  1.75125 1.7979 53.8403
v  2.27875 1.51015 53.077
v  2.28881 1.524 53.8403
v  2.65989 1.05704 52.2957
v  2.70157 1.08732 53.077
v  2.58841 1.00511 51.5191
v  2.71542 1.09739 53.8403
v  -1.6491 -4.43485 48.3622
v  -1.54134 -4.4405 48.3622
v  -1.50683 -4.76889 48.5942
v  -1.71775 -4.75784 48.5942
v  -1.57739 -4.0975 48.2837
v  -1.43712 -4.41257 48.3622
v  -1.30281 -4.71422 48.5942
v  -1.47512 -5.0706 48.9695
v  -1.17942 -4.99137 48.9695
v  -1.78083 -5.05458 48.9695
v  -1.44729 -5.33537 49.4721
v  -1.07114 -5.23458 49.4721
v  -0.922676 -4.82464 48.9695
v  -0.744539 -5.02248 49.4721
v  -0.980839 -5.43739 50.0811
v  -0.595989 -5.18746 50.0811
v  -1.83618 -5.31499 49.4721
v  -1.42408 -5.55616 50.0811
v  -0.909639 -5.59731 50.7721
v  -0.478856 -5.31755 50.7721
v  -0.307206 -4.83085 50.0811
v  -0.155606 -4.91837 50.7721
v  -0.392132 -5.41387 51.5191
v  -0.0433631 -4.98318 51.5191
v  -1.40579 -5.73025 50.7721
v  -0.856922 -5.71571 51.5191
v  -0.333012 -5.47953 52.2957
v  0.0331528 -5.02735 52.2957
v  0.155244 -4.46579 51.5191
v  0.241667 -4.48416 52.2957
v  0.0777675 -5.05311 53.077
v  0.292057 -4.49487 53.077
v  -0.820987 -5.79642 52.2957
v  -0.298541 -5.51781 53.077
v  0.0925937 -5.06167 53.8403
v  0.308803 -4.49843 53.8403
v  0.323352 -3.89772 53.077
v  0.340378 -3.89594 53.8403
v  0.272117 -3.90311 52.2957
v  0.168588 -3.32014 53.077
v  0.184228 -3.31318 53.8403
v  0.184248 -3.91235 51.5191
v  0.121526 -3.3411 52.2957
v  -0.157085 -2.81865 53.077
v  -0.144362 -2.80719 53.8403
v  0.0408122 -3.37703 51.5191
v  -0.195368 -2.85312 52.2957
v  -0.621786 -2.44234 53.077
v  -0.613226 -2.42752 53.8403
v  -0.261028 -2.91224 51.5191
v  -0.647545 -2.48696 52.2957
v  0.0553512 -3.92589 50.7721
v  -0.0775901 -3.42975 50.7721
v  -0.357344 -2.99896 50.7721
v  -0.691721 -2.56347 51.5191
v  -1.19074 -2.27844 52.2957
v  -1.18003 -2.22805 53.077
v  -0.756525 -2.67571 50.7721
v  -1.20911 -2.36486 51.5191
v  -0.237509 -3.50095 50.0811
v  -0.487433 -3.1161 50.0811
v  -0.844051 -2.82731 50.0811
v  -1.23606 -2.49164 50.7721
v  -1.76255 -2.33586 51.5191
v  -1.77179 -2.24799 52.2957
v  -1.27245 -2.66287 50.0811
v  -1.749 -2.46476 50.7721
v  -0.652415 -3.26465 49.4721
v  -0.955053 -3.01957 49.4721
v  -1.31861 -2.88002 49.4721
v  -1.73071 -2.63885 50.0811
v  -2.24515 -2.5977 50.7721
v  -2.29787 -2.4793 51.5191
v  -1.7075 -2.85964 49.4721
v  -2.17395 -2.75762 50.0811
v  -1.08816 -3.25013 48.9695
v  -1.37396 -3.14042 48.9695
v  -1.67967 -3.1244 48.9695
v  -2.08365 -2.96043 49.4721
v  -2.5588 -3.00754 50.0811
v  -2.67593 -2.87745 50.7721
v  -1.97537 -3.20363 48.9695
v  -2.41025 -3.17252 49.4721
v  -1.43704 -3.43717 48.5942
v  -1.64796 -3.42612 48.5942
v  -1.85198 -3.48078 48.5942
v  -2.23211 -3.37036 48.9695
v  -2.65532 -3.47516 49.4721
v  -2.84758 -3.36416 50.0811
v  -2.02911 -3.59582 48.5942
v  -2.42477 -3.60827 48.9695
v  -1.61345 -3.75451 48.3622
v  -1.71767 -3.78243 48.3622
v  -1.80817 -3.8412 48.3622
v  -2.16204 -3.75996 48.5942
v  -2.53447 -3.89407 48.9695
v  -2.79488 -3.83872 49.4721
v  -1.87607 -3.92506 48.3622
v  -2.23773 -3.95715 48.5942
v  -1.50569 -3.76015 48.3622
v  -1.40495 -3.79882 48.3622
v  -1.32109 -3.86673 48.3622
v  -1.23985 -3.51286 48.5942
v  -1.07571 -3.64578 48.5942
v  -1.26233 -3.95722 48.3622
v  -0.960674 -3.82292 48.5942
v  -0.850256 -3.44278 48.9695
v  -0.683526 -3.69953 48.9695
v  -1.2344 -4.06145 48.3622
v  -0.906008 -4.02694 48.5942
v  -1.24005 -4.16921 48.3622
v  -0.917062 -4.23786 48.5942
v  -0.604293 -3.99523 48.9695
v  -1.27872 -4.26995 48.3622
v  -0.992754 -4.43505 48.5942
v  -0.620315 -4.30094 48.9695
v  -0.339529 -3.9674 49.4721
v  -0.44032 -3.59124 49.4721
v  -0.730022 -4.58673 48.9695
v  -0.35991 -4.35629 49.4721
v  -0.118742 -3.94419 50.0811
v  -0.142757 -4.40244 50.0811
v  -0.499467 -4.71984 49.4721
v  0.0284698 -4.43884 50.7721
v  -1.12567 -4.59919 48.5942
v  -1.34662 -4.3538 48.3622
v  -1.91474 -4.0258 48.3622
v  -1.92039 -4.13355 48.3622
v  -2.24878 -4.16807 48.5942
v  -2.5505 -4.19978 48.9695
v  -2.19412 -4.37208 48.5942
v  -2.47126 -4.49548 48.9695
v  -1.89246 -4.23778 48.3622
v  -2.07908 -4.54922 48.5942
v  -2.30453 -4.75222 48.9695
v  -2.71447 -4.60376 49.4721
v  -2.50238 -4.93036 49.4721
v  -2.06663 -4.94488 48.9695
v  -2.19974 -5.17543 49.4721
v  -1.83369 -4.32828 48.3622
v  -1.91494 -4.68214 48.5942
v  -1.74984 -4.39618 48.3622
v  -1.88234 -5.53214 50.0811
v  -2.31074 -5.36769 50.0811
v  -1.91873 -5.70337 50.7721
v  -2.66736 -5.07891 50.0811
v  -2.39826 -5.51929 50.7721
v  -1.94568 -5.83014 51.5191
v  -2.79745 -5.19604 50.7721
v  -2.46307 -5.63153 51.5191
v  -2.91728 -4.69406 50.0811
v  -3.0772 -4.76526 50.7721
v  -2.89376 -5.28276 51.5191
v  -2.50724 -5.70805 52.2957
v  -1.96405 -5.91657 52.2957
v  -3.1956 -4.81797 51.5191
v  -2.95942 -5.34188 52.2957
v  -3.03605 -4.25081 50.0811
v  -3.21014 -4.26911 50.7721
v  -3.33904 -4.28266 51.5191
v  -3.27632 -4.85391 52.2957
v  -2.99771 -5.37635 53.077
v  -2.533 -5.75266 53.077
v  -3.42691 -4.29189 52.2957
v  -3.32338 -4.87486 53.077
v  -3.18326 -3.75617 50.7721
v  -3.31003 -3.72922 51.5191
v  -3.39646 -3.71085 52.2957
v  -3.47814 -4.29728 53.077
v  -3.33902 -4.88183 53.8403
v  -3.01043 -5.38781 53.8403
v  -3.44685 -3.70014 53.077
v  -3.49517 -4.29907 53.8403
v  -3.11143 -3.21183 51.5191
v  -3.18794 -3.16765 52.2957
v  -3.23256 -3.14189 53.077
v  -3.46359 -3.69658 53.8403
v  -2.76266 -2.78114 51.5191
v  -2.82178 -2.71548 52.2957
v  -2.99918 -3.27663 50.7721
v  -2.3338 -2.39858 52.2957
v  -2.85625 -2.67719 53.077
v  -2.35476 -2.35152 53.077
v  -2.8677 -2.66447 53.8403
v  -3.24738 -3.13334 53.8403
v  -1.77717 -2.19675 53.077
v  -2.36172 -2.33588 53.8403
v  -1.77896 -2.17973 53.8403
v  -1.17647 -2.21131 53.8403
v  -3.01203 -3.79256 50.0811
v  -2.81526 -4.22761 49.4721
v  -2.54156 -5.76749 53.8403
v  -1.97832 -5.9837 53.8403
v  -1.97476 -5.96695 53.077
v  -0.287086 -5.53054 53.8403
v  -0.800032 -5.84348 53.077
v  -0.793069 -5.85913 53.8403
v  -1.383 -5.94702 52.2957
v  -1.37762 -5.99825 53.077
v  -1.39224 -5.85915 51.5191
v  -1.37583 -6.01528 53.8403
v  -4.10777 0.176371 48.3621
v  -4.05878 0.0802276 48.3621
v  -4.32592 -0.113859 48.594
v  -4.42181 0.0743336 48.594
v  -3.77977 0.282946 48.2836
v  -3.98249 0.00392792 48.3621
v  -4.17657 -0.263209 48.594
v  -4.57136 -0.292179 48.9694
v  -4.35489 -0.508646 48.9694
v  -4.71034 -0.019415 48.9694
v  -4.78674 -0.448661 49.472
v  -4.51137 -0.724024 49.472
v  -4.08213 -0.647626 48.9694
v  -4.16439 -0.900819 49.472
v  -4.64186 -0.903629 50.0809
v  -4.233 -1.11196 50.0809
v  -4.96353 -0.101682 49.472
v  -4.96634 -0.579151 50.0809
v  -4.74476 -1.04525 50.772
v  -4.28709 -1.27844 50.772
v  -3.77977 -1.18374 50.0809
v  -3.77977 -1.35879 50.772
v  -4.32714 -1.40171 51.519
v  -3.77977 -1.4884 51.519
v  -5.10796 -0.682045 50.772
v  -4.82094 -1.1501 51.519
v  -4.35445 -1.48573 52.2956
v  -3.77977 -1.57675 52.2956
v  -3.23239 -1.4017 51.519
v  -3.20509 -1.48573 52.2956
v  -3.77977 -1.62827 53.0769
v  -3.18917 -1.53473 53.0769
v  -4.87287 -1.22158 52.2956
v  -4.37036 -1.53473 53.0769
v  -3.77977 -1.64539 53.8402
v  -3.18388 -1.55101 53.8402
v  -2.65638 -1.26326 53.0769
v  -2.64632 -1.27711 53.8402
v  -2.68666 -1.22158 52.2956
v  -2.23356 -0.840438 53.0769
v  -2.21971 -0.850501 53.8402
v  -2.73859 -1.1501 51.519
v  -2.27524 -0.810157 52.2956
v  -1.96209 -0.307652 53.0769
v  -1.94581 -0.312942 53.8402
v  -2.34672 -0.758225 51.519
v  -2.01109 -0.291732 52.2956
v  -1.86855 0.282947 53.0769
v  -1.85143 0.282947 53.8402
v  -2.09512 -0.26443 51.519
v  -1.92007 0.282947 52.2956
v  -2.81478 -1.04525 50.772
v  -2.45157 -0.682044 50.772
v  -2.21838 -0.224379 50.772
v  -2.00842 0.282947 51.519
v  -2.01109 0.857626 52.2956
v  -1.96209 0.873545 53.0769
v  -2.13803 0.282947 50.772
v  -2.09512 0.830323 51.519
v  -2.59319 -0.579151 50.0809
v  -2.38486 -0.170285 50.0809
v  -2.31308 0.282947 50.0809
v  -2.21838 0.790272 50.772
v  -2.34672 1.32412 51.519
v  -2.27524 1.37605 52.2956
v  -2.38486 0.736178 50.0809
v  -2.45157 1.24794 50.772
v  -2.596 -0.101682 49.472
v  -2.53508 0.282947 49.472
v  -2.596 0.667575 49.472
v  -2.59319 1.14504 50.0809
v  -2.81478 1.61114 50.772
v  -2.7386 1.716 51.519
v  -2.7728 1.01455 49.472
v  -2.91767 1.46952 50.0809
v  -2.80131 0.282946 48.9694
v  -2.84919 0.585308 48.9694
v  -2.98817 0.858072 48.9694
v  -3.04816 1.28992 49.472
v  -3.32654 1.67785 50.0809
v  -3.27244 1.84433 50.772
v  -3.20464 1.07454 48.9694
v  -3.39514 1.46671 49.472
v  -3.13772 0.491559 48.594
v  -3.23361 0.679752 48.594
v  -3.38296 0.829102 48.594
v  -3.47741 1.21352 48.9694
v  -3.77977 1.52763 49.472
v  -3.77977 1.74963 50.0809
v  -3.57115 0.924991 48.594
v  -3.77977 1.26141 48.9694
v  -3.50075 0.485665 48.3621
v  -3.57705 0.561965 48.3621
v  -3.67319 0.610952 48.3621
v  -3.77977 0.958032 48.594
v  -4.08213 1.21352 48.9694
v  -4.16439 1.46671 49.472
v  -3.77977 0.627832 48.3621
v  -3.98838 0.92499 48.594
v  -3.45176 0.389522 48.3621
v  -3.43488 0.282947 48.3621
v  -3.45176 0.176371 48.3621
v  -3.10468 0.282947 48.594
v  -3.13772 0.0743338 48.594
v  -3.50075 0.0802277 48.3621
v  -3.23361 -0.113859 48.594
v  -2.84919 -0.0194147 48.9694
v  -2.98817 -0.292179 48.9694
v  -3.57705 0.00392801 48.3621
v  -3.38296 -0.263209 48.594
v  -3.67319 -0.0450594 48.3621
v  -3.57115 -0.359098 48.594
v  -3.20464 -0.508646 48.9694
v  -3.77977 -0.0619394 48.3621
v  -3.77977 -0.392139 48.594
v  -3.47741 -0.647626 48.9694
v  -3.04816 -0.724024 49.472
v  -2.7728 -0.44866 49.472
v  -3.77977 -0.695515 48.9694
v  -3.39514 -0.900818 49.472
v  -2.91767 -0.903629 50.0809
v  -3.32653 -1.11196 50.0809
v  -3.77977 -0.961738 49.472
v  -3.27244 -1.27844 50.772
v  -3.98838 -0.359098 48.594
v  -3.88634 -0.0450595 48.3621
v  -3.88634 0.610952 48.3621
v  -3.98249 0.561965 48.3621
v  -4.17657 0.829102 48.594
v  -4.35489 1.07454 48.9694
v  -4.32592 0.679752 48.594
v  -4.57136 0.858071 48.9694
v  -4.05878 0.485665 48.3621
v  -4.42181 0.491559 48.594
v  -4.71034 0.585307 48.9694
v  -4.78674 1.01455 49.472
v  -4.96353 0.667575 49.472
v  -4.75823 0.282946 48.9694
v  -5.02445 0.282946 49.472
v  -4.10777 0.389522 48.3621
v  -4.45485 0.282946 48.594
v  -4.12465 0.282946 48.3621
v  -5.17467 -0.170285 50.0809
v  -5.24645 0.282946 50.0809
v  -5.34116 -0.224379 50.772
v  -5.17467 0.736178 50.0809
v  -5.42151 0.282946 50.772
v  -5.46442 -0.26443 51.519
v  -5.34115 0.790272 50.772
v  -5.55111 0.282946 51.519
v  -4.96634 1.14504 50.0809
v  -5.10796 1.24794 50.772
v  -5.46442 0.830323 51.519
v  -5.63947 0.282946 52.2956
v  -5.54845 -0.291733 52.2956
v  -5.21282 1.32412 51.519
v  -5.54845 0.857625 52.2956
v  -4.64186 1.46952 50.0809
v  -4.74476 1.61114 50.772
v  -4.82094 1.716 51.519
v  -5.2843 1.37605 52.2956
v  -5.59744 0.873545 53.0769
v  -5.69098 0.282946 53.0769
v  -4.87287 1.78748 52.2956
v  -5.32597 1.40633 53.0769
v  -4.28709 1.84433 50.772
v  -4.32714 1.9676 51.519
v  -4.35445 2.05163 52.2956
v  -4.90315 1.82915 53.0769
v  -5.33982 1.41639 53.8402
v  -5.61372 0.878835 53.8402
v  -4.37036 2.10062 53.0769
v  -4.91321 1.843 53.8402
v  -3.77977 2.05429 51.519
v  -3.77977 2.14265 52.2956
v  -3.77977 2.19416 53.0769
v  -4.37566 2.1169 53.8402
v  -3.23239 1.9676 51.519
v  -3.20509 2.05163 52.2956
v  -3.77977 1.92469 50.772
v  -2.68666 1.78748 52.2956
v  -3.18917 2.10062 53.0769
v  -2.65638 1.82915 53.0769
v  -3.18388 2.1169 53.8402
v  -3.77977 2.21128 53.8402
v  -2.23356 1.40633 53.0769
v  -2.64632 1.843 53.8402
v  -2.21971 1.41639 53.8402
v  -1.94581 0.878835 53.8402
v  -4.233 1.67785 50.0809
v  -4.51137 1.28992 49.472
v  -5.7081 0.282946 53.8402
v  -5.61372 -0.312942 53.8402
v  -5.59744 -0.307652 53.0769
v  -4.37566 -1.55101 53.8402
v  -4.90315 -1.26326 53.0769
v  -4.91321 -1.27711 53.8402
v  -5.2843 -0.810158 52.2956
v  -5.32597 -0.840439 53.0769
v  -5.21282 -0.758226 51.519
v  -5.33982 -0.850502 53.8402
v  3.57365 -4.61118 48.3622
v  3.63242 -4.52068 48.3622
v  3.93408 -4.65499 48.5942
v  3.81904 -4.83213 48.5942
v  3.31735 -4.38041 48.2837
v  3.66035 -4.41646 48.3622
v  3.98874 -4.45097 48.5942
v  4.21122 -4.77838 48.9695
v  4.29046 -4.48268 48.9695
v  4.04449 -5.03513 48.9695
v  4.45443 -4.88666 49.4721
v  4.55522 -4.51051 49.4721
v  4.27443 -4.17697 48.9695
v  4.53484 -4.12162 49.4721
v  4.77601 -4.53372 50.0811
v  4.75199 -4.07547 50.0811
v  4.24233 -5.21326 49.4721
v  4.65724 -4.97696 50.0811
v  4.9501 -4.55201 50.7721
v  4.92322 -4.03907 50.7721
v  4.58754 -3.64706 50.0811
v  4.73914 -3.55954 50.7721
v  5.04999 -4.01212 51.5191
v  4.85139 -3.49473 51.5191
v  4.81716 -5.04816 50.7721
v  5.079 -4.56556 51.5191
v  5.13642 -3.99375 52.2957
v  4.9279 -3.45056 52.2957
v  4.50262 -3.06404 51.5191
v  4.56174 -2.99838 52.2957
v  4.97252 -3.4248 53.077
v  4.59621 -2.9601 53.077
v  5.16687 -4.5748 52.2957
v  5.18681 -3.98304 53.077
v  4.98734 -3.41624 53.8403
v  4.60766 -2.94737 53.8403
v  4.09472 -2.63442 53.077
v  4.10168 -2.61878 53.8403
v  4.07376 -2.68149 52.2957
v  3.51713 -2.47966 53.077
v  3.51892 -2.46263 53.8403
v  4.03782 -2.7622 51.5191
v  3.51175 -2.53089 52.2957
v  2.91999 -2.51095 53.077
v  2.91643 -2.49421 53.8403
v  3.50251 -2.61876 51.5191
v  2.9307 -2.56135 52.2957
v  2.36175 -2.72524 53.077
v  2.35318 -2.71042 53.8403
v  2.94907 -2.64777 51.5191
v  2.3875 -2.76986 52.2957
v  3.98511 -2.8806 50.7721
v  3.48896 -2.74766 50.7721
v  2.97602 -2.77454 50.7721
v  2.43168 -2.84637 51.5191
v  1.93533 -3.13603 52.2957
v  1.89704 -3.10155 53.077
v  2.49648 -2.95862 50.7721
v  2.00099 -3.19514 51.5191
v  3.47067 -2.92175 50.0811
v  3.01241 -2.94577 50.0811
v  2.58401 -3.11022 50.0811
v  2.0973 -3.28187 50.7721
v  1.69915 -3.65993 51.5191
v  1.61843 -3.624 52.2957
v  2.22739 -3.399 50.0811
v  1.81755 -3.71265 50.7721
v  3.05857 -3.16292 49.4721
v  2.69501 -3.30248 49.4721
v  2.39237 -3.54755 49.4721
v  1.97747 -3.78385 50.0811
v  1.68461 -4.2088 50.7721
v  1.55571 -4.19525 51.5191
v  2.18028 -3.87415 49.4721
v  1.8587 -4.2271 50.0811
v  2.82812 -3.53303 48.9695
v  2.59022 -3.72569 48.9695
v  2.42349 -3.98243 48.9695
v  2.07949 -4.2503 49.4721
v  1.88272 -4.68535 50.0811
v  1.71149 -4.72174 50.7721
v  2.34425 -4.27813 48.9695
v  2.09987 -4.63919 49.4721
v  2.81567 -3.92869 48.5942
v  2.70063 -4.10582 48.5942
v  2.64597 -4.30984 48.5942
v  2.36027 -4.58384 48.9695
v  2.23943 -5.00275 49.4721
v  2.04717 -5.11375 50.0811
v  2.65702 -4.52076 48.5942
v  2.46998 -4.86964 48.9695
v  3.00229 -4.24013 48.3622
v  2.97436 -4.34436 48.3622
v  2.98001 -4.45211 48.3622
v  2.73271 -4.71795 48.5942
v  2.66264 -5.10754 48.9695
v  2.4845 -5.30539 49.4721
v  3.01867 -4.55285 48.3622
v  2.86563 -4.88209 48.5942
v  3.06105 -4.14963 48.3622
v  3.14491 -4.08173 48.3622
v  3.24565 -4.04306 48.3622
v  2.97981 -3.79577 48.5942
v  3.177 -3.72007 48.5942
v  3.3534 -4.03741 48.3622
v  3.38792 -3.70902 48.5942
v  3.11392 -3.42333 48.9695
v  3.41963 -3.4073 48.9695
v  3.45763 -4.06534 48.3622
v  3.59194 -3.76369 48.5942
v  3.54813 -4.12411 48.3622
v  3.76907 -3.87872 48.5942
v  3.71533 -3.48654 48.9695
v  3.61603 -4.20796 48.3622
v  3.902 -4.04286 48.5942
v  3.97207 -3.65327 48.9695
v  3.82361 -3.24333 49.4721
v  3.44746 -3.14254 49.4721
v  4.16473 -3.89118 48.9695
v  4.15021 -3.45543 49.4721
v  3.91391 -3.04052 50.0811
v  4.29876 -3.29045 50.0811
v  4.39528 -3.75806 49.4721
v  4.41589 -3.16036 50.7721
v  3.97769 -4.24005 48.5942
v  3.6547 -4.3087 48.3622
v  3.08658 -4.63671 48.3622
v  3.17708 -4.69548 48.3622
v  3.04277 -4.99713 48.5942
v  2.91938 -5.27427 48.9695
v  3.24679 -5.05179 48.5942
v  3.21508 -5.35351 48.9695
v  3.2813 -4.7234 48.3622
v  3.45771 -5.04074 48.5942
v  3.52079 -5.33749 48.9695
v  3.18725 -5.61827 49.4721
v  3.57614 -5.59789 49.4721
v  3.80658 -5.22778 48.9695
v  3.9397 -5.45833 49.4721
v  3.38906 -4.71776 48.3622
v  3.6549 -4.96505 48.5942
v  3.4898 -4.67909 48.3622
v  4.40732 -5.36181 50.0811
v  4.0507 -5.65059 50.0811
v  4.53741 -5.47895 50.7721
v  3.6223 -5.81504 50.0811
v  4.13822 -5.8022 50.7721
v  4.63372 -5.56567 51.5191
v  3.65869 -5.98627 50.7721
v  4.20303 -5.91444 51.5191
v  3.16404 -5.83906 50.0811
v  3.14575 -6.01315 50.7721
v  3.68564 -6.11305 51.5191
v  4.2472 -5.99095 52.2957
v  4.69938 -5.62479 52.2957
v  3.1322 -6.14205 51.5191
v  3.70401 -6.19947 52.2957
v  2.7208 -5.72029 50.0811
v  2.6496 -5.88021 50.7721
v  2.59688 -5.99861 51.5191
v  3.12296 -6.22992 52.2957
v  3.71472 -6.24986 53.077
v  4.27296 -6.03557 53.077
v  2.56095 -6.07933 52.2957
v  3.11758 -6.28115 53.077
v  2.21882 -5.60046 50.7721
v  2.13209 -5.69677 51.5191
v  2.07297 -5.76243 52.2957
v  2.53999 -6.12639 53.077
v  3.11579 -6.29818 53.8403
v  3.71828 -6.2666 53.8403
v  2.0385 -5.80072 53.077
v  2.53303 -6.14203 53.8403
v  1.78332 -5.26608 51.5191
v  1.70681 -5.31026 52.2957
v  1.66219 -5.33601 53.077
v  2.02705 -5.81344 53.8403
v  1.58472 -4.74869 51.5191
v  1.49829 -4.76706 52.2957
v  1.89557 -5.20128 50.7721
v  1.46784 -4.18602 52.2957
v  1.4479 -4.77777 53.077
v  1.41661 -4.18063 53.077
v  1.43116 -4.78133 53.8403
v  1.64737 -5.34457 53.8403
v  1.57137 -3.60304 53.077
v  1.39958 -4.17884 53.8403
v  1.55573 -3.59608 53.8403
v  1.88432 -3.0901 53.8403
v  2.33595 -5.47037 50.0811
v  2.8111 -5.51748 49.4721
v  4.28152 -6.05039 53.8403
v  4.75039 -5.67072 53.8403
v  4.73766 -5.65926 53.077
v  5.20355 -3.97948 53.8403
v  5.2181 -4.58018 53.077
v  5.23513 -4.58197 53.8403
v  5.01627 -5.13681 52.2957
v  5.06334 -5.15777 53.077
v  4.93556 -5.10088 51.5191
v  5.07898 -5.16473 53.8403
v  6.33774 -0.176305 48.3622
v  6.28875 -0.0801613 48.3622
v  6.55589 0.113924 48.5942
v  6.65177 -0.0742686 48.5942
v  6.00973 -0.282881 48.2837
v  6.21245 -0.00386361 48.3622
v  6.40654 0.263274 48.5942
v  6.80132 0.292245 48.9695
v  6.58486 0.508711 48.9695
v  6.9403 0.0194801 48.9695
v  7.0167 0.448726 49.4721
v  6.74134 0.72409 49.4721
v  6.31209 0.647691 48.9695
v  6.39436 0.900884 49.4721
v  6.87183 0.903695 50.0811
v  6.46296 1.11202 50.0811
v  7.1935 0.101748 49.4721
v  7.19631 0.579217 50.0811
v  6.97472 1.04532 50.7721
v  6.51706 1.27851 50.7721
v  6.00973 1.18381 50.0811
v  6.00973 1.35886 50.7721
v  6.55711 1.40177 51.5191
v  6.00973 1.48847 51.5191
v  7.33793 0.68211 50.7721
v  7.0509 1.15017 51.5191
v  6.58441 1.4858 52.2957
v  6.00973 1.57682 52.2957
v  5.46235 1.40177 51.5191
v  5.43505 1.4858 52.2957
v  6.00973 1.62834 53.077
v  5.41913 1.5348 53.077
v  7.10283 1.22165 52.2957
v  6.60033 1.5348 53.077
v  6.00973 1.64546 53.8403
v  5.41384 1.55108 53.8403
v  4.88635 1.26333 53.077
v  4.87628 1.27718 53.8403
v  4.91663 1.22165 52.2957
v  4.46352 0.840504 53.077
v  4.44967 0.850566 53.8403
v  4.96856 1.15017 51.5191
v  4.5052 0.810223 52.2957
v  4.19205 0.307719 53.077
v  4.17577 0.313008 53.8403
v  4.57668 0.75829 51.5191
v  4.24105 0.291797 52.2957
v  4.09851 -0.28288 53.077
v  4.08139 -0.282881 53.8403
v  4.32508 0.264495 51.5191
v  4.15003 -0.282882 52.2957
v  5.04474 1.04531 50.7721
v  4.68153 0.68211 50.7721
v  4.44834 0.224445 50.7721
v  4.23839 -0.282881 51.5191
v  4.24105 -0.857561 52.2957
v  4.19205 -0.873477 53.077
v  4.36799 -0.282881 50.7721
v  4.32508 -0.830257 51.5191
v  4.82316 0.579217 50.0811
v  4.61483 0.17035 50.0811
v  4.54304 -0.282881 50.0811
v  4.44834 -0.790206 50.7721
v  4.57668 -1.32405 51.5191
v  4.5052 -1.37599 52.2957
v  4.61483 -0.736112 50.0811
v  4.68153 -1.24787 50.7721
v  4.82597 0.101748 49.4721
v  4.76505 -0.282881 49.4721
v  4.82597 -0.667509 49.4721
v  4.82316 -1.14498 50.0811
v  5.04474 -1.61108 50.7721
v  4.96856 -1.71593 51.5191
v  5.00276 -1.01449 49.4721
v  5.14763 -1.46946 50.0811
v  5.03127 -0.282881 48.9695
v  5.07916 -0.585243 48.9695
v  5.21814 -0.858006 48.9695
v  5.27812 -1.28985 49.4721
v  5.5565 -1.67778 50.0811
v  5.5024 -1.84427 50.7721
v  5.4346 -1.07447 48.9695
v  5.6251 -1.46665 49.4721
v  5.36768 -0.491494 48.5942
v  5.46358 -0.679686 48.5942
v  5.61293 -0.829037 48.5942
v  5.70737 -1.21345 48.9695
v  6.00973 -1.52756 49.4721
v  6.00973 -1.74957 50.0811
v  5.80112 -0.924925 48.5942
v  6.00973 -1.26134 48.9695
v  5.73071 -0.485599 48.3622
v  5.80701 -0.561899 48.3622
v  5.90315 -0.610887 48.3622
v  6.00973 -0.957967 48.5942
v  6.31209 -1.21345 48.9695
v  6.39436 -1.46665 49.4721
v  6.00973 -0.627767 48.3622
v  6.21834 -0.924925 48.5942
v  5.68173 -0.389457 48.3622
v  5.66484 -0.282881 48.3622
v  5.68173 -0.176305 48.3622
v  5.33464 -0.282881 48.5942
v  5.36768 -0.0742686 48.5942
v  5.73071 -0.0801613 48.3622
v  5.46357 0.113924 48.5942
v  5.07916 0.0194801 48.9695
v  5.21814 0.292244 48.9695
v  5.80701 -0.00386361 48.3622
v  5.61292 0.263274 48.5942
v  5.90315 0.0451245 48.3622
v  5.80112 0.359164 48.5942
v  5.4346 0.508711 48.9695
v  6.00973 0.0620048 48.3622
v  6.00973 0.392204 48.5942
v  5.70737 0.647691 48.9695
v  5.27812 0.72409 49.4721
v  5.00276 0.448726 49.4721
v  6.00973 0.69558 48.9695
v  5.6251 0.900884 49.4721
v  5.14763 0.903694 50.0811
v  5.5565 1.11202 50.0811
v  6.00973 0.961803 49.4721
v  5.5024 1.27851 50.7721
v  6.21834 0.359164 48.5942
v  6.11631 0.0451245 48.3622
v  6.11631 -0.610887 48.3622
v  6.21245 -0.561899 48.3622
v  6.40654 -0.829037 48.5942
v  6.58486 -1.07447 48.9695
v  6.55589 -0.679686 48.5942
v  6.80132 -0.858006 48.9695
v  6.28875 -0.485599 48.3622
v  6.65177 -0.491494 48.5942
v  6.9403 -0.585243 48.9695
v  7.0167 -1.01449 49.4721
v  7.19349 -0.667509 49.4721
v  6.98819 -0.282881 48.9695
v  7.25441 -0.282881 49.4721
v  6.33774 -0.389457 48.3622
v  6.68481 -0.282881 48.5942
v  6.35462 -0.282881 48.3622
v  7.40463 0.17035 50.0811
v  7.47642 -0.282881 50.0811
v  7.57112 0.224445 50.7721
v  7.40463 -0.736112 50.0811
v  7.65147 -0.282881 50.7721
v  7.69438 0.264495 51.5191
v  7.57112 -0.790206 50.7721
v  7.78108 -0.282881 51.5191
v  7.1963 -1.14498 50.0811
v  7.33792 -1.24787 50.7721
v  7.69438 -0.830257 51.5191
v  7.86943 -0.282882 52.2957
v  7.77841 0.291797 52.2957
v  7.44278 -1.32405 51.5191
v  7.77841 -0.857561 52.2957
v  6.87183 -1.46946 50.0811
v  6.97472 -1.61108 50.7721
v  7.0509 -1.71593 51.5191
v  7.51426 -1.37599 52.2957
v  7.8274 -0.873477 53.077
v  7.92095 -0.28288 53.077
v  7.10283 -1.78741 52.2957
v  7.55594 -1.40626 53.077
v  6.51706 -1.84427 50.7721
v  6.55711 -1.96753 51.5191
v  6.58441 -2.05156 52.2957
v  7.13311 -1.82909 53.077
v  7.56979 -1.41633 53.8403
v  7.84369 -0.87877 53.8403
v  6.60033 -2.10055 53.077
v  7.14318 -1.84294 53.8403
v  6.00973 -2.05423 51.5191
v  6.00973 -2.14258 52.2957
v  6.00973 -2.1941 53.077
v  6.60562 -2.11684 53.8403
v  5.46235 -1.96753 51.5191
v  5.43505 -2.05156 52.2957
v  6.00973 -1.92462 50.7721
v  4.91663 -1.78741 52.2957
v  5.41913 -2.10055 53.077
v  4.88635 -1.82909 53.077
v  5.41384 -2.11684 53.8403
v  6.00973 -2.21122 53.8403
v  4.46352 -1.40626 53.077
v  4.87628 -1.84294 53.8403
v  4.44967 -1.41633 53.8403
v  4.17577 -0.87877 53.8403
v  6.46296 -1.67778 50.0811
v  6.74134 -1.28985 49.4721
v  7.93807 -0.282881 53.8403
v  7.84369 0.313008 53.8403
v  7.8274 0.307719 53.077
v  6.60562 1.55108 53.8403
v  7.13311 1.26333 53.077
v  7.14318 1.27718 53.8403
v  7.51426 0.810223 52.2957
v  7.55594 0.840506 53.077
v  7.44278 0.758291 51.5191
v  7.56979 0.850566 53.8403
v  3.87906 4.4349 48.3622
v  3.77131 4.44054 48.3622
v  3.73679 4.76894 48.5942
v  3.94772 4.75788 48.5942
v  3.80736 4.09755 48.2837
v  3.66708 4.41262 48.3622
v  3.53278 4.71427 48.5942
v  3.70508 5.07065 48.9695
v  3.40938 4.99142 48.9695
v  4.01079 5.05463 48.9695
v  3.67725 5.33541 49.4721
v  3.3011 5.23462 49.4721
v  3.15264 4.82469 48.9695
v  2.9745 5.02253 49.4721
v  3.2108 5.43743 50.0811
v  2.82595 5.18751 50.0811
v  4.06614 5.31503 49.4721
v  3.65405 5.5562 50.0811
v  3.1396 5.59735 50.7721
v  2.70882 5.3176 50.7721
v  2.53717 4.83089 50.0811
v  2.38557 4.91842 50.7721
v  2.62209 5.41392 51.5191
v  2.27333 4.98322 51.5191
v  3.63575 5.73029 50.7721
v  3.08689 5.71575 51.5191
v  2.56298 5.47957 52.2957
v  2.19681 5.0274 52.2957
v  2.07472 4.46583 51.5191
v  1.9883 4.4842 52.2957
v  2.15219 5.05316 53.077
v  1.9379 4.49491 53.077
v  3.05095 5.79647 52.2957
v  2.5285 5.51786 53.077
v  2.13737 5.06171 53.8403
v  1.92116 4.49847 53.8403
v  1.90661 3.89777 53.077
v  1.88958 3.89598 53.8403
v  1.95784 3.90315 52.2957
v  2.06137 3.32019 53.077
v  2.04573 3.31322 53.8403
v  2.04571 3.91239 51.5191
v  2.10844 3.34114 52.2957
v  2.38705 2.8187 53.077
v  2.37432 2.80724 53.8403
v  2.18915 3.37708 51.5191
v  2.42533 2.85316 52.2957
v  2.85175 2.44239 53.077
v  2.84319 2.42756 53.8403
v  2.49099 2.91229 51.5191
v  2.87751 2.487 52.2957
v  2.17461 3.92594 50.7721
v  2.30755 3.42979 50.7721
v  2.58731 2.99901 50.7721
v  2.92169 2.56352 51.5191
v  3.4207 2.27849 52.2957
v  3.40999 2.2281 53.077
v  2.98649 2.67576 50.7721
v  3.43907 2.36491 51.5191
v  2.46747 3.50099 50.0811
v  2.7174 3.11614 50.0811
v  3.07401 2.82736 50.0811
v  3.46602 2.49168 50.7721
v  3.99251 2.3359 51.5191
v  4.00175 2.24804 52.2957
v  3.50242 2.66291 50.0811
v  3.97897 2.4648 50.7721
v  2.88238 3.26469 49.4721
v  3.18502 3.01962 49.4721
v  3.54857 2.88006 49.4721
v  3.96067 2.63889 50.0811
v  4.47511 2.59774 50.7721
v  4.52783 2.47934 51.5191
v  3.93746 2.85968 49.4721
v  4.40391 2.75766 50.0811
v  3.31813 3.25017 48.9695
v  3.60392 3.14047 48.9695
v  3.90963 3.12445 48.9695
v  4.31362 2.96047 49.4721
v  4.78876 3.00759 50.0811
v  4.9059 2.8775 50.7721
v  4.20533 3.20368 48.9695
v  4.64021 3.17257 49.4721
v  3.667 3.43722 48.5942
v  3.87792 3.42616 48.5942
v  4.08194 3.48083 48.5942
v  4.46208 3.37041 48.9695
v  4.88528 3.47521 49.4721
v  5.07755 3.3642 50.0811
v  4.25908 3.59586 48.5942
v  4.65473 3.60832 48.9695
v  3.84341 3.75455 48.3622
v  3.94763 3.78248 48.3622
v  4.03813 3.84125 48.3622
v  4.392 3.76001 48.5942
v  4.76444 3.89411 48.9695
v  5.02484 3.83876 49.4721
v  4.10604 3.92511 48.3622
v  4.46769 3.95719 48.5942
v  3.73565 3.7602 48.3622
v  3.63491 3.79887 48.3622
v  3.55106 3.86678 48.3622
v  3.46982 3.51291 48.5942
v  3.30567 3.64583 48.5942
v  3.49229 3.95727 48.3622
v  3.19064 3.82297 48.5942
v  3.08022 3.44283 48.9695
v  2.91349 3.69957 48.9695
v  3.46436 4.0615 48.3622
v  3.13597 4.02698 48.5942
v  3.47001 4.16925 48.3622
v  3.14702 4.23791 48.5942
v  2.83426 3.99527 48.9695
v  3.50868 4.26999 48.3622
v  3.22272 4.43509 48.5942
v  2.85028 4.30098 48.9695
v  2.56949 3.96744 49.4721
v  2.67028 3.59129 49.4721
v  2.95998 4.58678 48.9695
v  2.58987 4.35633 49.4721
v  2.3487 3.94424 50.0811
v  2.37272 4.40249 50.0811
v  2.72943 4.71989 49.4721
v  2.20149 4.43888 50.7721
v  3.35564 4.59923 48.5942
v  3.57658 4.35385 48.3622
v  4.14471 4.02584 48.3622
v  4.15035 4.1336 48.3622
v  4.47874 4.16811 48.5942
v  4.78046 4.19983 48.9695
v  4.42408 4.37213 48.5942
v  4.70123 4.49552 48.9695
v  4.12243 4.23783 48.3622
v  4.30904 4.54927 48.5942
v  4.5345 4.75227 48.9695
v  4.94443 4.60381 49.4721
v  4.73234 4.9304 49.4721
v  4.29659 4.94492 48.9695
v  4.4297 5.17548 49.4721
v  4.06366 4.32832 48.3622
v  4.1449 4.68219 48.5942
v  3.9798 4.39623 48.3622
v  4.1123 5.53218 50.0811
v  4.5407 5.36774 50.0811
v  4.14869 5.70341 50.7721
v  4.89732 5.07895 50.0811
v  4.62823 5.51934 50.7721
v  4.17564 5.83019 51.5191
v  5.02741 5.19609 50.7721
v  4.69303 5.63158 51.5191
v  5.14724 4.6941 50.0811
v  5.30716 4.7653 50.7721
v  5.12372 5.28281 51.5191
v  4.73721 5.70809 52.2957
v  4.19401 5.91661 52.2957
v  5.42556 4.81802 51.5191
v  5.18938 5.34193 52.2957
v  5.26601 4.25086 50.0811
v  5.4401 4.26916 50.7721
v  5.569 4.2827 51.5191
v  5.50628 4.85396 52.2957
v  5.22767 5.3764 53.077
v  4.76297 5.75271 53.077
v  5.65687 4.29194 52.2957
v  5.55334 4.87491 53.077
v  5.41322 3.75621 50.7721
v  5.54 3.72926 51.5191
v  5.62642 3.71089 52.2957
v  5.7081 4.29733 53.077
v  5.56898 4.88187 53.8403
v  5.24039 5.38786 53.8403
v  5.67681 3.70018 53.077
v  5.72513 4.29911 53.8403
v  5.34139 3.21187 51.5191
v  5.4179 3.1677 52.2957
v  5.46252 3.14194 53.077
v  5.69355 3.69662 53.8403
v  4.99262 2.78118 51.5191
v  5.05174 2.71552 52.2957
v  5.22915 3.27668 50.7721
v  4.56376 2.39863 52.2957
v  5.08621 2.67724 53.077
v  4.58472 2.35157 53.077
v  5.09767 2.66451 53.8403
v  5.47734 3.13338 53.8403
v  4.00713 2.1968 53.077
v  4.59168 2.33593 53.8403
v  4.00892 2.17978 53.8403
v  3.40643 2.21135 53.8403
v  5.24199 3.79261 50.0811
v  5.04522 4.22765 49.4721
v  4.77152 5.76753 53.8403
v  4.20828 5.98375 53.8403
v  4.20472 5.967 53.077
v  2.51705 5.53058 53.8403
v  3.02999 5.84353 53.077
v  3.02303 5.85917 53.8403
v  3.61297 5.94706 52.2957
v  3.60758 5.9983 53.077
v  3.6222 5.85919 51.5191
v  3.60579 6.01532 53.8403

# 1901 UV coordinates
vt 0.350635 0.00386344 0
vt 0.350849 0.00411065 0
vt 0.349967 0.00480741 0
vt 0.349507 0.00436203 0
vt 0.350526 0.00357629 0
vt 0.351868 0.00347658 0
vt 0.351143 0.00429983 0
vt 0.350537 0.0051404 0
vt 0.349579 0.0051751 0
vt 0.350272 0.00556315 0
vt 0.351179 0.00534654 0
vt 0.351044 0.00580346 0
vt 0.351489 0.00441763 0
vt 0.351864 0.00445692 0
vt 0.35186 0.00541714 0
vt 0.351858 0.00588459 0
vt 0.348998 0.00465806 0
vt 0.349204 0.00382588 0
vt 0.348555 0.0040366 0
vt 0.10143 0.00865363 0
vt 0.101647 0.00859066 0
vt 0.101857 0.00966016 0
vt 0.101464 0.00982761 0
vt 0.1014 0.00755663 0
vt 0.101843 0.00843488 0
vt 0.102218 0.00932176 0
vt 0.10201 0.00819879 0
vt 0.10213 0.00791033 0
vt 0.102193 0.0075902 0
vt 0.102528 0.00886715 0
vt 0.102761 0.00833219 0
vt 0.102888 0.00775949 0
vt 0.10178 0.00553815 0
vt 0.101346 0.0058515 0
vt 0.102185 0.00511028 0
vt 0.102542 0.00457996 0
vt 0.102816 0.00396148 0
vt 0.102978 0.00327622 0
vt 0.258402 0.194279 0
vt 0.281637 0.195455 0
vt 0.2786 0.577219 0
vt 0.255098 0.576948 0
vt 0.235041 0.19322 0
vt 0.267901 0.141437 0
vt 0.247665 0.136274 0
vt 0.231635 0.576688 0
vt 0.278049 0.601185 0
vt 0.254649 0.600895 0
vt 0.231231 0.60059 0
vt 0.277992 0.603803 0
vt 0.254601 0.603509 0
vt 0.301407 0.601474 0
vt 0.301341 0.604099 0
vt 0.299695 0.737178 0
vt 0.276266 0.736887 0
vt 0.231182 0.603202 0
vt 0.252836 0.736584 0
vt 0.299652 0.740757 0
vt 0.276222 0.740466 0
vt 0.323123 0.73745 0
vt 0.323082 0.741029 0
vt 0.324629 0.604418 0
vt 0.324609 0.601779 0
vt 0.302145 0.577479 0
vt 0.32574 0.577711 0
vt 0.349522 0.562946 0
vt 0.304804 0.196494 0
vt 0.327936 0.197228 0
vt 0.351054 0.197563 0
vt 0.309297 0.14818 0
vt 0.330237 0.149892 0
vt 0.288487 0.145373 0
vt 0.351251 0.150515 0
vt 0.25279 0.740163 0
vt 0.229404 0.736272 0
vt 0.229357 0.739851 0
vt 0.106135 0.197856 0
vt 0.126896 0.196912 0
vt 0.137567 0.599425 0
vt 0.116446 0.600203 0
vt 0.104857 0.148094 0
vt 0.147654 0.195557 0
vt 0.158677 0.598611 0
vt 0.123692 0.146866 0
vt 0.138184 0.624772 0
vt 0.15927 0.624014 0
vt 0.11709 0.625524 0
vt 0.159332 0.626782 0
vt 0.138251 0.627536 0
vt 0.180338 0.623268 0
vt 0.180399 0.626042 0
vt 0.183871 0.76686 0
vt 0.162814 0.767581 0
vt 0.11716 0.628286 0
vt 0.141755 0.768308 0
vt 0.120693 0.769037 0
vt 0.185405 0.588802 0
vt 0.168427 0.193892 0
vt 0.195108 0.588399 0
vt 0.142461 0.144539 0
vt 0.189231 0.192076 0
vt 0.161111 0.141089 0
vt 0.221749 0.596096 0
vt 0.22238 0.621569 0
vt 0.201331 0.622193 0
vt 0.210135 0.190412 0
vt 0.179578 0.136456 0
vt 0.197795 0.13049 0
vt 0.222441 0.624351 0
vt 0.201384 0.624943 0
vt 0.225107 0.765174 0
vt 0.204048 0.765712 0
vt 0.484476 0.71194 0
vt 0.477399 0.745109 0
vt 0.476729 0.712 0
vt 0.476699 0.708414 0
vt 0.484466 0.708361 0
vt 0.475906 0.610697 0
vt 0.483729 0.617676 0
vt 0.475876 0.606006 0
vt 0.483691 0.612792 0
vt 0.896985 0.607024 0
vt 0.896401 0.65276 0
vt 0.873941 0.654254 0
vt 0.871348 0.611638 0
vt 0.896736 0.606809 0
vt 0.885383 0.604139 0
vt 0.871421 0.608249 0
vt 0.882861 0.60483 0
vt 0.884125 0.604228 0
vt 0.897129 0.603484 0
vt 0.881575 0.332198 0
vt 0.880101 0.332293 0
vt 0.895611 0.331554 0
vt 0.895071 0.328342 0
vt 0.878622 0.331508 0
vt 0.866088 0.324035 0
vt 0.866566 0.328182 0
vt 0.971549 0.19285 0
vt 0.971369 0.240393 0
vt 0.959539 0.240348 0
vt 0.959719 0.192805 0
vt 0.971729 0.145307 0
vt 0.971189 0.287936 0
vt 0.959359 0.287891 0
vt 0.959899 0.145262 0
vt 0.960079 0.0977193 0
vt 0.971908 0.097919 0
vt 0.971754 0.0977634 0
vt 0.960259 0.0501763 0
vt 0.971909 0.097616 0
vt 0.962435 0.0026409 0
vt 0.971934 0.0502205 0
vt 0.960439 0.0026334 0
vt 0.972088 0.0503691 0
vt 0.972268 0.00267799 0
vt 0.972089 0.0500661 0
vt 0.981272 0.368628 0
vt 0.981258 0.41107 0
vt 0.970697 0.411066 0
vt 0.970711 0.368624 0
vt 0.981245 0.453513 0
vt 0.970684 0.45351 0
vt 0.919285 0.221728 0
vt 0.919314 0.179285 0
vt 0.928092 0.179291 0
vt 0.928064 0.221734 0
vt 0.919342 0.136843 0
vt 0.928121 0.136849 0
vt 0.929903 0.13685 0
vt 0.929874 0.179292 0
vt 0.929846 0.221735 0
vt 0.464402 0.100263 0
vt 0.453616 0.0947734 0
vt 0.45377 0.0945605 0
vt 0.464483 0.100012 0
vt 0.476356 0.10215 0
vt 0.445054 0.08622 0
vt 0.445267 0.0860653 0
vt 0.446271 0.085335 0
vt 0.4545 0.0935557 0
vt 0.476355 0.101887 0
vt 0.464866 0.0988314 0
vt 0.488308 0.100251 0
vt 0.488226 0.100001 0
vt 0.476355 0.100645 0
vt 0.454699 0.0932808 0
vt 0.464971 0.0985081 0
vt 0.446546 0.0851353 0
vt 0.441309 0.0748689 0
vt 0.440986 0.074974 0
vt 0.4395 0.0634859 0
vt 0.439805 0.0753582 0
vt 0.439161 0.0634861 0
vt 0.439555 0.0754395 0
vt 0.437919 0.0634867 0
vt 0.437656 0.0634869 0
vt 0.476355 0.100306 0
vt 0.487842 0.0988204 0
vt 0.487737 0.0984972 0
vt 0.498934 0.094539 0
vt 0.498203 0.0935349 0
vt 0.499088 0.0947518 0
vt 0.507642 0.0861903 0
vt 0.507429 0.0860358 0
vt 0.506424 0.0853065 0
vt 0.498003 0.0932602 0
vt 0.513131 0.0754046 0
vt 0.512881 0.0753234 0
vt 0.5117 0.0749404 0
vt 0.506149 0.0851069 0
vt 0.515018 0.06345 0
vt 0.514755 0.0634501 0
vt 0.513514 0.0634506 0
vt 0.511376 0.0748355 0
vt 0.513174 0.0634509 0
vt 0.479394 0.573614 0
vt 0.480541 0.572851 0
vt 0.481385 0.573575 0
vt 0.480311 0.574298 0
vt 0.499344 0.553245 0
vt 0.499914 0.554324 0
vt 0.492477 0.584159 0
vt 0.491238 0.58523 0
vt 0.501094 0.59665 0
vt 0.500124 0.597699 0
vt 0.512958 0.566514 0
vt 0.499607 0.552652 0
vt 0.500134 0.553602 0
vt 0.522672 0.581337 0
vt 0.513888 0.565712 0
vt 0.523426 0.581191 0
vt 0.523741 0.582212 0
vt 0.501783 0.597683 0
vt 0.524362 0.582013 0
vt 0.500638 0.598858 0
vt 0.372717 0.76466 0
vt 0.374092 0.764559 0
vt 0.374521 0.765741 0
vt 0.373222 0.765864 0
vt 0.400091 0.756657 0
vt 0.400077 0.758035 0
vt 0.378984 0.780216 0
vt 0.377378 0.780546 0
vt 0.380455 0.795305 0
vt 0.379083 0.795745 0
vt 0.405458 0.774865 0
vt 0.400608 0.756269 0
vt 0.400647 0.757516 0
vt 0.406658 0.774621 0
vt 0.406765 0.792577 0
vt 0.407499 0.79282 0
vt 0.407895 0.793965 0
vt 0.407261 0.793825 0
vt 0.380554 0.796504 0
vt 0.378963 0.796968 0
vt 0.54196 0.491798 0
vt 0.540708 0.49122 0
vt 0.540848 0.490259 0
vt 0.542024 0.490794 0
vt 0.514184 0.485634 0
vt 0.514702 0.484691 0
vt 0.543932 0.474996 0
vt 0.545508 0.475488 0
vt 0.54989 0.460869 0
vt 0.551338 0.46116 0
vt 0.518062 0.46682 0
vt 0.513533 0.485705 0
vt 0.513959 0.484861 0
vt 0.525487 0.450383 0
vt 0.516883 0.466451 0
vt 0.524947 0.449809 0
vt 0.525654 0.449123 0
vt 0.550333 0.459834 0
vt 0.525151 0.448679 0
vt 0.551987 0.460211 0
vt 0.274303 0.832215 0
vt 0.275396 0.831376 0
vt 0.276322 0.832041 0
vt 0.275306 0.832843 0
vt 0.292621 0.810553 0
vt 0.29332 0.811588 0
vt 0.288277 0.841608 0
vt 0.287123 0.842768 0
vt 0.30739 0.822502 0
vt 0.297604 0.852906 0
vt 0.296669 0.854021 0
vt 0.292854 0.809957 0
vt 0.293516 0.810853 0
vt 0.308257 0.821627 0
vt 0.317986 0.835969 0
vt 0.298694 0.854246 0
vt 0.297644 0.855523 0
vt 0.318764 0.835718 0
vt 0.319534 0.837097 0
vt 0.320151 0.836867 0
vt 0.315554 0.753976 0
vt 0.316922 0.754099 0
vt 0.317279 0.755824 0
vt 0.315948 0.755786 0
vt 0.343852 0.750134 0
vt 0.34364 0.752024 0
vt 0.319672 0.770351 0
vt 0.318038 0.770452 0
vt 0.319003 0.785649 0
vt 0.317584 0.785897 0
vt 0.346672 0.768857 0
vt 0.344428 0.749842 0
vt 0.344332 0.751613 0
vt 0.345431 0.786713 0
vt 0.347905 0.768786 0
vt 0.346114 0.787059 0
vt 0.34572 0.787906 0
vt 0.31894 0.786744 0
vt 0.346335 0.788134 0
vt 0.317303 0.786975 0
vt 0.786413 0.345902 0
vt 0.783972 0.348275 0
vt 0.777955 0.347767 0
vt 0.771193 0.338194 0
vt 0.814153 0.318897 0
vt 0.776425 0.353613 0
vt 0.773369 0.355116 0
vt 0.738642 0.372227 0
vt 0.694328 0.22936 0
vt 0.82175 0.272661 0
vt 0.832372 0.284298 0
vt 0.837262 0.269904 0
vt 0.831581 0.276001 0
vt 0.843897 0.231368 0
vt 0.833779 0.281629 0
vt 0.836749 0.272876 0
vt 0.692535 0.362924 0
vt 0.774743 0.121752 0
vt 0.816514 0.143072 0
vt 0.742461 0.0877344 0
vt 0.696153 0.0934415 0
vt 0.817317 0.191218 0
vt 0.838541 0.19434 0
vt 0.83305 0.176634 0
vt 0.832784 0.186421 0
vt 0.789287 0.115105 0
vt 0.781103 0.113241 0
vt 0.74116 0.176379 0
vt 0.776998 0.10592 0
vt 0.73376 0.17084 0
vt 0.703533 0.0810326 0
vt 0.696274 0.0844153 0
vt 0.702589 0.160491 0
vt 0.693346 0.160367 0
vt 0.760702 0.203839 0
vt 0.763436 0.212669 0
vt 0.700225 0.377783 0
vt 0.696951 0.378256 0
vt 0.692382 0.374305 0
vt 0.687708 0.378132 0
vt 0.684449 0.377571 0
vt 0.646195 0.370985 0
vt 0.611241 0.352583 0
vt 0.612945 0.338262 0
vt 0.572142 0.315647 0
vt 0.599697 0.343952 0
vt 0.607552 0.345479 0
vt 0.554574 0.279996 0
vt 0.563677 0.269879 0
vt 0.544758 0.227352 0
vt 0.550449 0.266687 0
vt 0.555872 0.272299 0
vt 0.551247 0.189673 0
vt 0.569736 0.187022 0
vt 0.551908 0.185845 0
vt 0.574502 0.139823 0
vt 0.556689 0.173653 0
vt 0.557075 0.182719 0
vt 0.554877 0.177091 0
vt 0.601869 0.113185 0
vt 0.604686 0.110448 0
vt 0.6185 0.121996 0
vt 0.610702 0.110954 0
vt 0.612231 0.105107 0
vt 0.615755 0.103373 0
vt 0.650014 0.0864933 0
vt 0.689108 0.080839 0
vt 0.631698 0.253724 0
vt 0.628965 0.244894 0
vt 0.654908 0.283537 0
vt 0.64751 0.277997 0
vt 0.283587 0.0949039 0
vt 0.299962 0.100338 0
vt 0.316843 0.104175 0
vt 0.33405 0.106483 0
vt 0.351432 0.107299 0
vt 0.103679 0.102286 0
vt 0.119279 0.100965 0
vt 0.134719 0.0981058 0
vt 0.149864 0.0936713 0
vt 0.16457 0.0875939 0
vt 0.178694 0.079761 0
vt 0.267895 0.0877581 0
vt 0.305192 0.0532792 0
vt 0.315988 0.0586621 0
vt 0.327479 0.0624907 0
vt 0.339424 0.0647987 0
vt 0.351607 0.0656071 0
vt 0.102545 0.0581563 0
vt 0.113533 0.056985 0
vt 0.124283 0.054234 0
vt 0.134606 0.0498901 0
vt 0.144305 0.0439273 0
vt 0.15318 0.0362972 0
vt 0.295343 0.0462889 0
vt 0.333863 0.0172946 0
vt 0.33779 0.0200027 0
vt 0.342185 0.0219849 0
vt 0.3469 0.0231965 0
vt 0.351783 0.0236098 0
vt 0.101423 0.0140316 0
vt 0.105984 0.0135598 0
vt 0.110178 0.0120622 0
vt 0.113896 0.00968409 0
vt 0.117058 0.00652742 0
vt 0.119582 0.00266488 0
vt 0.330545 0.0139191 0
vt 0.898971 0.677945 0
vt 0.876863 0.681113 0
vt 0.876505 0.678196 0
vt 0.898871 0.675103 0
vt 0.838516 0.616047 0
vt 0.841686 0.614816 0
vt 0.834312 0.606139 0
vt 0.840389 0.612019 0
vt 0.836475 0.327479 0
vt 0.837354 0.587364 0
vt 0.833233 0.32696 0
vt 0.844456 0.608955 0
vt 0.927762 0.611471 0
vt 0.924492 0.610585 0
vt 0.928843 0.604146 0
vt 0.897234 0.606888 0
vt 0.925472 0.604227 0
vt 0.924786 0.326359 0
vt 0.921524 0.326571 0
vt 0.897591 0.603482 0
vt 0.89605 0.331515 0
vt 0.914071 0.315867 0
vt 0.895474 0.328192 0
vt 0.915987 0.313072 0
vt 0.00253696 0.163646 0
vt 0.00247398 0.163584 0
vt 0.00294638 0.16323 0
vt 0.00212825 0.164071 0
vt 0.00299882 0.1633 0
vt 0.00299835 0.163302 0
vt 0.00300132 0.163301 0
vt 0.00300079 0.163303 0
vt 0.00220694 0.164111 0
vt 0.0019467 0.16464 0
vt 0.00203366 0.164654 0
vt 0.00196616 0.130743 0
vt 0.00194562 0.130725 0
vt 0.00206884 0.130587 0
vt 0.00208968 0.130606 0
vt 0.00196705 0.130743 0
vt 0.00196729 0.130744 0
vt 0.00196634 0.130744 0
vt 0.85646 0.603045 0
vt 0.853156 0.585267 0
vt 0.850895 0.331784 0
vt 0.850937 0.331695 0
vt 0.88 0.332187 0
vt 0.849484 0.331455 0
vt 0.837243 0.326828 0
vt 0.837573 0.326693 0
vt 0.849781 0.331296 0
vt 0.843492 0.313224 0
vt 0.837471 0.326156 0
vt 0.83616 0.327108 0
vt 0.845467 0.316039 0
vt 0.865915 0.324003 0
vt 0.837547 0.326417 0
vt 0.866374 0.328043 0
vt 0.865622 0.328005 0
vt 0.843953 0.312906 0
vt 0.84571 0.315765 0
vt 0.866025 0.323913 0
vt 0.895248 0.328219 0
vt 0.915558 0.312748 0
vt 0.913854 0.315586 0
vt 0.866445 0.328144 0
vt 0.878575 0.331632 0
vt 0.884056 0.331566 0
vt 0.00194562 0.139349 0
vt 0.00204962 0.139336 0
vt 0.00217784 0.140379 0
vt 0.00207378 0.140391 0
vt 0.00197717 0.139294 0
vt 0.851698 0.585437 0
vt 0.855527 0.603255 0
vt 0.353098 0.00387374 0
vt 0.354222 0.00438186 0
vt 0.353758 0.0048233 0
vt 0.352882 0.00411911 0
vt 0.353209 0.00358754 0
vt 0.353185 0.00515147 0
vt 0.354143 0.00519421 0
vt 0.353447 0.00557637 0
vt 0.352586 0.00430584 0
vt 0.352239 0.00442084 0
vt 0.352541 0.00535231 0
vt 0.352673 0.00581025 0
vt 0.354729 0.00468205 0
vt 0.354529 0.0038482 0
vt 0.355177 0.00406434 0
vt 0.101057 0.00968433 0
vt 0.101209 0.00860286 0
vt 0.100675 0.00936551 0
vt 0.101002 0.00845589 0
vt 0.100824 0.00823159 0
vt 0.100689 0.00795027 0
vt 0.10061 0.00763419 0
vt 0.10034 0.00892716 0
vt 0.100079 0.00840356 0
vt 0.0999231 0.00783664 0
vt 0.100876 0.00556547 0
vt 0.100445 0.00515653 0
vt 0.10006 0.00464228 0
vt 0.0997537 0.00403506 0
vt 0.0995586 0.00335336 0
vt 0.443729 0.195057 0
vt 0.443825 0.577745 0
vt 0.420322 0.577825 0
vt 0.420486 0.196038 0
vt 0.467099 0.194194 0
vt 0.434674 0.142137 0
vt 0.454953 0.137143 0
vt 0.396774 0.577891 0
vt 0.397311 0.196882 0
vt 0.414056 0.1459 0
vt 0.373178 0.577925 0
vt 0.397321 0.601916 0
vt 0.37411 0.602061 0
vt 0.374174 0.197422 0
vt 0.393223 0.148532 0
vt 0.374074 0.6047 0
vt 0.420684 0.601801 0
vt 0.397368 0.604543 0
vt 0.374665 0.737753 0
vt 0.420721 0.60442 0
vt 0.39809 0.737641 0
vt 0.444087 0.601689 0
vt 0.444115 0.604302 0
vt 0.421517 0.737514 0
vt 0.398109 0.741221 0
vt 0.374682 0.741332 0
vt 0.421536 0.741094 0
vt 0.444946 0.737378 0
vt 0.467505 0.601559 0
vt 0.467536 0.604168 0
vt 0.444967 0.740958 0
vt 0.468379 0.737234 0
vt 0.468401 0.740814 0
vt 0.467289 0.577678 0
vt 0.372269 0.150068 0
vt 0.0953227 0.600919 0
vt 0.0853635 0.198386 0
vt 0.0959958 0.626257 0
vt 0.0742095 0.601599 0
vt 0.0749108 0.626982 0
vt 0.0645748 0.198507 0
vt 0.0859929 0.148205 0
vt 0.0470284 0.593704 0
vt 0.0538422 0.627715 0
vt 0.0749886 0.629748 0
vt 0.0539225 0.630483 0
vt 0.0960698 0.62902 0
vt 0.0785709 0.770509 0
vt 0.0575124 0.771246 0
vt 0.099631 0.769772 0
vt 0.0437553 0.198319 0
vt 0.0373218 0.593992 0
vt 0.0671408 0.147214 0
vt 0.0228959 0.197984 0
vt 0.0483512 0.145095 0
vt 0.0111241 0.603559 0
vt 0.0327859 0.628231 0
vt 0.0117336 0.628973 0
vt 0.00194562 0.197807 0
vt 0.029684 0.141783 0
vt 0.0111987 0.137124 0
vt 0.0118036 0.631746 0
vt 0.0328587 0.63099 0
vt 0.0155258 0.77252 0
vt 0.0365815 0.771744 0
vt 0.643894 0.710168 0
vt 0.622051 0.709188 0
vt 0.620513 0.665034 0
vt 0.620755 0.664841 0
vt 0.645348 0.668866 0
vt 0.620311 0.661216 0
vt 0.631659 0.66136 0
vt 0.632865 0.661404 0
vt 0.634204 0.66195 0
vt 0.645303 0.666427 0
vt 0.616997 0.397872 0
vt 0.63061 0.398225 0
vt 0.628222 0.397652 0
vt 0.632038 0.398291 0
vt 0.617439 0.394699 0
vt 0.645447 0.38987 0
vt 0.633512 0.397475 0
vt 0.645092 0.393949 0
vt 0.939843 0.19356 0
vt 0.951671 0.193347 0
vt 0.952525 0.240882 0
vt 0.940697 0.241095 0
vt 0.938989 0.146025 0
vt 0.950817 0.145812 0
vt 0.938138 0.0986445 0
vt 0.949963 0.0982772 0
vt 0.93829 0.0984868 0
vt 0.937284 0.0511026 0
vt 0.949109 0.0507422 0
vt 0.938132 0.0983416 0
vt 0.937436 0.0509519 0
vt 0.937278 0.0507997 0
vt 0.948255 0.00320721 0
vt 0.936427 0.00341961 0
vt 0.946259 0.00324305 0
vt 0.953379 0.288417 0
vt 0.941551 0.28863 0
vt 0.981217 0.538398 0
vt 0.970657 0.538395 0
vt 0.97067 0.495953 0
vt 0.981231 0.495956 0
vt 0.928035 0.264178 0
vt 0.919257 0.264172 0
vt 0.928007 0.30662 0
vt 0.929817 0.264179 0
vt 0.919228 0.306614 0
vt 0.929789 0.306621 0
vt 0.464847 0.00468699 0
vt 0.464938 0.0049673 0
vt 0.453741 0.0323977 0
vt 0.453586 0.0321851 0
vt 0.478243 0.00255881 0
vt 0.465369 0.00629032 0
vt 0.445246 0.040901 0
vt 0.454471 0.0334019 0
vt 0.445033 0.0407466 0
vt 0.439794 0.0516135 0
vt 0.44625 0.0416303 0
vt 0.465487 0.00665248 0
vt 0.454671 0.0336765 0
vt 0.440975 0.0519965 0
vt 0.446525 0.04183 0
vt 0.441298 0.0521012 0
vt 0.439544 0.0515323 0
vt 0.478244 0.00462573 0
vt 0.478243 0.00424512 0
vt 0.491002 0.00664034 0
vt 0.478243 0.00285358 0
vt 0.49112 0.00627818 0
vt 0.49164 0.00467425 0
vt 0.491549 0.00495462 0
vt 0.512869 0.0515786 0
vt 0.513119 0.0514973 0
vt 0.507407 0.0408715 0
vt 0.511689 0.0519629 0
vt 0.50762 0.0407167 0
vt 0.498904 0.0323763 0
vt 0.506403 0.0416017 0
vt 0.511366 0.0520679 0
vt 0.498175 0.0333811 0
vt 0.506128 0.0418016 0
vt 0.499058 0.0321635 0
vt 0.497975 0.033656 0
vt 0.142106 0.855389 0
vt 0.143216 0.854572 0
vt 0.149564 0.868857 0
vt 0.148135 0.869635 0
vt 0.124426 0.882418 0
vt 0.117611 0.865686 0
vt 0.116968 0.864974 0
vt 0.141799 0.854591 0
vt 0.143114 0.853712 0
vt 0.116329 0.864993 0
vt 0.116883 0.865611 0
vt 0.12336 0.882997 0
vt 0.134776 0.897045 0
vt 0.134436 0.897684 0
vt 0.156926 0.882327 0
vt 0.135053 0.898058 0
vt 0.134683 0.898564 0
vt 0.157514 0.883081 0
vt 0.158132 0.881883 0
vt 0.158798 0.8826 0
vt 0.260456 0.897095 0
vt 0.259063 0.896927 0
vt 0.264047 0.882209 0
vt 0.265635 0.882605 0
vt 0.29178 0.889261 0
vt 0.285432 0.906133 0
vt 0.285407 0.907194 0
vt 0.260116 0.897977 0
vt 0.258524 0.897715 0
vt 0.285911 0.907609 0
vt 0.285935 0.906682 0
vt 0.29296 0.889558 0
vt 0.294092 0.871731 0
vt 0.294807 0.871502 0
vt 0.267774 0.867568 0
vt 0.294686 0.870541 0
vt 0.295322 0.87043 0
vt 0.267883 0.866355 0
vt 0.26656 0.867101 0
vt 0.266606 0.865844 0
vt 0.0904733 0.827656 0
vt 0.0919552 0.827069 0
vt 0.0918845 0.828021 0
vt 0.0906208 0.828587 0
vt 0.0646376 0.833618 0
vt 0.0641257 0.832694 0
vt 0.0950037 0.843195 0
vt 0.0934424 0.843664 0
vt 0.067637 0.851289 0
vt 0.0634988 0.832594 0
vt 0.0639359 0.833407 0
vt 0.066476 0.851633 0
vt 0.0743166 0.867265 0
vt 0.100368 0.857191 0
vt 0.0990743 0.857432 0
vt 0.0738085 0.867834 0
vt 0.0744217 0.868832 0
vt 0.101042 0.858531 0
vt 0.0996835 0.858742 0
vt 0.0739444 0.869265 0
vt 0.231784 0.804632 0
vt 0.232636 0.803284 0
vt 0.233508 0.804468 0
vt 0.232782 0.805651 0
vt 0.214726 0.824918 0
vt 0.21333 0.824192 0
vt 0.244425 0.814731 0
vt 0.243429 0.816013 0
vt 0.226885 0.837203 0
vt 0.214016 0.825205 0
vt 0.212773 0.824502 0
vt 0.226138 0.83816 0
vt 0.241568 0.846309 0
vt 0.256907 0.823025 0
vt 0.255996 0.823967 0
vt 0.241485 0.847065 0
vt 0.242548 0.847508 0
vt 0.257236 0.824671 0
vt 0.25822 0.823714 0
vt 0.242405 0.848136 0
vt 0.242604 0.750413 0
vt 0.242758 0.749033 0
vt 0.257082 0.753649 0
vt 0.256722 0.755231 0
vt 0.241277 0.749923 0
vt 0.234423 0.775606 0
vt 0.250752 0.78148 0
vt 0.241474 0.748342 0
vt 0.232864 0.775556 0
vt 0.233898 0.776165 0
vt 0.232483 0.776072 0
vt 0.250484 0.782666 0
vt 0.268619 0.783453 0
vt 0.272118 0.757091 0
vt 0.268883 0.78412 0
vt 0.272978 0.757145 0
vt 0.26947 0.783879 0
vt 0.272579 0.755901 0
vt 0.273457 0.755866 0
vt 0.26962 0.784488 0
vt 0.402959 0.10077 0
vt 0.41938 0.0954737 0
vt 0.386047 0.104466 0
vt 0.368821 0.106629 0
vt 0.0880415 0.102076 0
vt 0.0724844 0.10032 0
vt 0.0571419 0.0969711 0
vt 0.0421555 0.0919529 0
vt 0.0276614 0.0851433 0
vt 0.435131 0.0884599 0
vt 0.387284 0.0589613 0
vt 0.398125 0.0536691 0
vt 0.375761 0.0626932 0
vt 0.363798 0.064901 0
vt 0.0915172 0.0577726 0
vt 0.0806458 0.0557934 0
vt 0.0701192 0.0521935 0
vt 0.0601324 0.0469335 0
vt 0.0508846 0.0399528 0
vt 0.408032 0.0467618 0
vt 0.365807 0.0201203 0
vt 0.369756 0.0174453 0
vt 0.361395 0.0220655 0
vt 0.356671 0.0232375 0
vt 0.0968397 0.0138994 0
vt 0.0925654 0.0127034 0
vt 0.0887211 0.0105839 0
vt 0.085395 0.00764121 0
vt 0.082672 0.00394577 0
vt 0.373103 0.0140978 0
vt 0.619838 0.733466 0
vt 0.620238 0.730837 0
vt 0.641871 0.733446 0
vt 0.641576 0.736286 0
vt 0.674429 0.671213 0
vt 0.677504 0.672373 0
vt 0.671437 0.665731 0
vt 0.675217 0.668922 0
vt 0.68115 0.66297 0
vt 0.677885 0.644839 0
vt 0.674146 0.392802 0
vt 0.673864 0.392101 0
vt 0.677283 0.392281 0
vt 0.673004 0.391401 0
vt 0.669299 0.380931 0
vt 0.665179 0.381451 0
vt 0.645998 0.393757 0
vt 0.672964 0.391674 0
vt 0.645615 0.389832 0
vt 0.645274 0.393808 0
vt 0.590822 0.669699 0
vt 0.593968 0.668771 0
vt 0.62024 0.73362 0
vt 0.589628 0.662564 0
vt 0.592894 0.662572 0
vt 0.620277 0.66489 0
vt 0.619864 0.661231 0
vt 0.588625 0.393552 0
vt 0.591799 0.393651 0
vt 0.616571 0.397843 0
vt 0.598654 0.382828 0
vt 0.594848 0.38244 0
vt 0.617043 0.39456 0
vt 0.00246737 0.166289 0
vt 0.00212587 0.165807 0
vt 0.00220474 0.165768 0
vt 0.00194562 0.165238 0
vt 0.0025391 0.166236 0
vt 0.00203265 0.165224 0
vt 0.00253874 0.166238 0
vt 0.00254136 0.166236 0
vt 0.00254089 0.16624 0
vt 0.819614 0.567407 0
vt 0.819606 0.562519 0
vt 0.827362 0.555659 0
vt 0.827372 0.560353 0
vt 0.819795 0.658224 0
vt 0.827563 0.658207 0
vt 0.819798 0.661793 0
vt 0.82755 0.661785 0
vt 0.827037 0.694795 0
vt 0.00194562 0.157048 0
vt 0.0024188 0.155732 0
vt 0.00261589 0.155802 0
vt 0.00261833 0.155808 0
vt 0.0021467 0.15712 0
vt 0.00262018 0.155798 0
vt 0.00262339 0.155805 0
vt 0.659599 0.659924 0
vt 0.632198 0.398175 0
vt 0.65996 0.396882 0
vt 0.660239 0.397137 0
vt 0.66259 0.643026 0
vt 0.673322 0.392116 0
vt 0.661592 0.396785 0
vt 0.661264 0.396617 0
vt 0.00255958 0.155726 0
vt 0.00256428 0.155722 0
vt 0.645505 0.389749 0
vt 0.664888 0.381155 0
vt 0.617263 0.394582 0
vt 0.00252767 0.166277 0
vt 0.00252541 0.166276 0
vt 0.598898 0.382512 0
vt 0.672977 0.391962 0
vt 0.645208 0.393908 0
vt 0.633558 0.397595 0
vt 0.597655 0.3795 0
vt 0.665991 0.378097 0
vt 0.00771486 0.124472 0
vt 0.00772141 0.124487 0
vt 0.00769539 0.124486 0
vt 0.00205033 0.148375 0
vt 0.0020598 0.149425 0
vt 0.00195491 0.149426 0
vt 0.00194562 0.148376 0
vt 0.00201194 0.148325 0
vt 0.660514 0.660143 0
vt 0.664001 0.643168 0
vt 0.962945 0.629488 0
vt 0.986755 0.625946 0
vt 0.991932 0.659763 0
vt 0.965757 0.663755 0
vt 0.961302 0.634478 0
vt 0.960952 0.632211 0
vt 0.960247 0.627452 0
vt 0.959907 0.625181 0
vt 0.955505 0.595587 0
vt 0.98168 0.592435 0
vt 0.997114 0.693626 0
vt 0.973277 0.697269 0
vt 0.970571 0.695255 0
vt 0.885643 0.00724875 0
vt 0.910516 0.00884488 0
vt 0.908203 0.0443847 0
vt 0.881766 0.0424441 0
vt 0.882894 0.0122628 0
vt 0.883059 0.0096114 0
vt 0.883185 0.00476305 0
vt 0.901281 0.0790638 0
vt 0.875731 0.0771911 0
vt 0.873943 0.0717838 0
vt 0.873277 0.0742838 0
vt 0.873198 0.0796451 0
vt 0.900295 0.111937 0
vt 0.871727 0.115081 0
vt 0.873112 0.0823422 0
vt 0.959423 0.392185 0
vt 0.936741 0.392261 0
vt 0.936634 0.360036 0
vt 0.961546 0.359953 0
vt 0.961641 0.388055 0
vt 0.961651 0.389925 0
vt 0.961763 0.424402 0
vt 0.961663 0.394432 0
vt 0.936851 0.424486 0
vt 0.93653 0.327809 0
vt 0.959212 0.32773 0
vt 0.961442 0.329987 0
vt 0.936427 0.295589 0
vt 0.961341 0.295506 0
vt 0.961435 0.323277 0
vt 0.961462 0.325494 0
vt 0.973192 0.542147 0
vt 0.990935 0.535833 0
vt 0.978513 0.562211 0
vt 0.952451 0.558224 0
vt 0.951905 0.553143 0
vt 0.949228 0.554526 0
vt 0.951072 0.565134 0
vt 0.950498 0.56124 0
vt 0.864833 0.133568 0
vt 0.839478 0.133173 0
vt 0.839986 0.100379 0
vt 0.86307 0.100741 0
vt 0.865311 0.103066 0
vt 0.840496 0.0675822 0
vt 0.86585 0.0679778 0
vt 0.8654 0.0967577 0
vt 0.865369 0.0984732 0
vt 0.862052 0.166329 0
vt 0.838966 0.165969 0
vt 0.864386 0.162172 0
vt 0.864357 0.164067 0
vt 0.909879 0.139934 0
vt 0.889133 0.134817 0
vt 0.88746 0.13185 0
vt 0.959646 0.456639 0
vt 0.936963 0.456713 0
vt 0.961853 0.451575 0
vt 0.961849 0.454358 0
vt 0.961991 0.488847 0
vt 0.961894 0.458877 0
vt 0.937076 0.488934 0
vt 0.864093 0.035144 0
vt 0.841008 0.0347851 0
vt 0.841523 0.00199203 0
vt 0.866878 0.00238746 0
vt 0.866447 0.0300731 0
vt 0.866415 0.0328993 0
vt 0.866324 0.037479 0
vt 0.758854 0.246545 0
vt 0.755894 0.255301 0
vt 0.740264 0.285951 0
vt 0.732728 0.291304 0
vt 0.702646 0.27758 0
vt 0.693403 0.277456 0
vt 0.693399 0.156426 0
vt 0.702642 0.15655 0
vt 0.694352 0.0854483 0
vt 0.703595 0.0855725 0
vt 0.694399 0.081977 0
vt 0.703641 0.0821011 0
vt 0.736134 0.167683 0
vt 0.743523 0.173236 0
vt 0.77879 0.110945 0
vt 0.786178 0.1165 0
vt 0.780876 0.10817 0
vt 0.788265 0.113725 0
vt 0.764474 0.202677 0
vt 0.767197 0.21151 0
vt 0.832309 0.181772 0
vt 0.835031 0.190606 0
vt 0.835626 0.18075 0
vt 0.838348 0.189583 0
vt 0.627927 0.254887 0
vt 0.625203 0.246054 0
vt 0.560091 0.275791 0
vt 0.557369 0.266957 0
vt 0.556774 0.276814 0
vt 0.554051 0.26798 0
vt 0.652535 0.286694 0
vt 0.645146 0.28114 0
vt 0.609879 0.343432 0
vt 0.602491 0.337877 0
vt 0.607793 0.346206 0
vt 0.600405 0.340652 0
vt 0.649824 0.171394 0
vt 0.65736 0.166041 0
vt 0.622905 0.211027 0
vt 0.625865 0.202269 0
vt 0.886246 0.13678 0
vt 0.475767 0.574125 0
vt 0.477203 0.570836 0
vt 0.477646 0.57106 0
vt 0.4762 0.573894 0
vt 0.495307 0.54724 0
vt 0.496376 0.547799 0
vt 0.48004 0.572507 0
vt 0.478792 0.573502 0
vt 0.498823 0.552392 0
vt 0.49784 0.545779 0
vt 0.498228 0.546596 0
vt 0.499509 0.551692 0
vt 0.502053 0.545557 0
vt 0.501127 0.546801 0
vt 0.500488 0.552491 0
vt 0.52298 0.558016 0
vt 0.515487 0.564358 0
vt 0.524621 0.580963 0
vt 0.525294 0.582253 0
vt 0.530689 0.580757 0
vt 0.530461 0.583889 0
vt 0.532083 0.580037 0
vt 0.531233 0.584381 0
vt 0.52428 0.55692 0
vt 0.476554 0.576451 0
vt 0.476947 0.576043 0
vt 0.487107 0.588687 0
vt 0.479692 0.574566 0
vt 0.487551 0.588316 0
vt 0.497762 0.60093 0
vt 0.497291 0.601246 0
vt 0.499714 0.5983 0
vt 0.490593 0.585771 0
vt 0.500591 0.599492 0
vt 0.500005 0.602369 0
vt 0.499799 0.602741 0
vt 0.502721 0.602041 0
vt 0.502569 0.60157 0
vt 0.529058 0.58544 0
vt 0.529442 0.586597 0
vt 0.502056 0.598235 0
vt 0.524514 0.582834 0
vt 0.369319 0.763322 0
vt 0.372156 0.76116 0
vt 0.372517 0.761693 0
vt 0.369947 0.763339 0
vt 0.399357 0.749427 0
vt 0.400145 0.750719 0
vt 0.373897 0.764164 0
vt 0.372388 0.764357 0
vt 0.400034 0.755939 0
vt 0.402326 0.749402 0
vt 0.402233 0.750557 0
vt 0.400905 0.755653 0
vt 0.406512 0.751487 0
vt 0.404752 0.752317 0
vt 0.41997 0.772006 0
vt 0.417812 0.772427 0
vt 0.401317 0.75696 0
vt 0.408135 0.77433 0
vt 0.413653 0.795881 0
vt 0.408348 0.793069 0
vt 0.408404 0.79442 0
vt 0.412131 0.798336 0
vt 0.415601 0.795987 0
vt 0.412679 0.799366 0
vt 0.36886 0.765974 0
vt 0.369561 0.765768 0
vt 0.372088 0.781568 0
vt 0.372732 0.765826 0
vt 0.372827 0.781427 0
vt 0.374878 0.797511 0
vt 0.375604 0.797435 0
vt 0.376784 0.780661 0
vt 0.378608 0.795983 0
vt 0.376762 0.799663 0
vt 0.378705 0.79736 0
vt 0.376304 0.799972 0
vt 0.37918 0.800799 0
vt 0.379319 0.800167 0
vt 0.41023 0.798948 0
vt 0.409974 0.800463 0
vt 0.380538 0.796942 0
vt 0.407498 0.7945 0
vt 0.544256 0.494517 0
vt 0.540682 0.495001 0
vt 0.540654 0.494635 0
vt 0.54394 0.494332 0
vt 0.510931 0.492055 0
vt 0.510844 0.49114 0
vt 0.540689 0.491537 0
vt 0.513966 0.486118 0
vt 0.542045 0.492113 0
vt 0.513103 0.485967 0
vt 0.508836 0.490212 0
vt 0.508475 0.490794 0
vt 0.50643 0.487846 0
vt 0.507616 0.487956 0
vt 0.513336 0.484971 0
vt 0.505264 0.462893 0
vt 0.515828 0.466128 0
vt 0.524463 0.449362 0
vt 0.524967 0.448225 0
vt 0.520784 0.443723 0
vt 0.523353 0.442343 0
vt 0.51973 0.443147 0
vt 0.504054 0.46252 0
vt 0.523371 0.441667 0
vt 0.545669 0.49284 0
vt 0.545254 0.492763 0
vt 0.55069 0.477067 0
vt 0.542315 0.49099 0
vt 0.55028 0.476942 0
vt 0.555528 0.461271 0
vt 0.555918 0.461439 0
vt 0.551735 0.461173 0
vt 0.545931 0.475617 0
vt 0.552304 0.460046 0
vt 0.555552 0.458827 0
vt 0.555872 0.458806 0
vt 0.553801 0.456785 0
vt 0.553555 0.457067 0
vt 0.525426 0.442734 0
vt 0.526073 0.442037 0
vt 0.55049 0.459557 0
vt 0.525763 0.448605 0
vt 0.270838 0.833014 0
vt 0.272016 0.829591 0
vt 0.27252 0.829808 0
vt 0.271289 0.832716 0
vt 0.288225 0.804793 0
vt 0.28942 0.805349 0
vt 0.275046 0.831165 0
vt 0.273893 0.832144 0
vt 0.292213 0.810011 0
vt 0.290608 0.803151 0
vt 0.291091 0.804049 0
vt 0.29278 0.809311 0
vt 0.294803 0.80257 0
vt 0.293924 0.804047 0
vt 0.293745 0.810066 0
vt 0.316365 0.813272 0
vt 0.309251 0.820604 0
vt 0.317692 0.811909 0
vt 0.325942 0.834224 0
vt 0.319596 0.835395 0
vt 0.320771 0.836954 0
vt 0.32612 0.838358 0
vt 0.327419 0.833261 0
vt 0.327017 0.838807 0
vt 0.271847 0.835319 0
vt 0.272237 0.834822 0
vt 0.283384 0.846634 0
vt 0.274912 0.833068 0
vt 0.283834 0.846168 0
vt 0.294475 0.857444 0
vt 0.293985 0.857852 0
vt 0.286726 0.843177 0
vt 0.2964 0.854455 0
vt 0.297645 0.855978 0
vt 0.297424 0.859126 0
vt 0.297219 0.859569 0
vt 0.29997 0.85865 0
vt 0.299765 0.858125 0
vt 0.324869 0.839934 0
vt 0.325393 0.841191 0
vt 0.298915 0.854602 0
vt 0.320057 0.837527 0
vt 0.312528 0.752123 0
vt 0.315594 0.750457 0
vt 0.315784 0.750872 0
vt 0.312976 0.752175 0
vt 0.344254 0.742859 0
vt 0.344714 0.743873 0
vt 0.31678 0.753632 0
vt 0.347101 0.743225 0
vt 0.346853 0.744029 0
vt 0.343899 0.749336 0
vt 0.315234 0.753603 0
vt 0.344836 0.74921 0
vt 0.351514 0.746574 0
vt 0.35008 0.746963 0
vt 0.361447 0.768064 0
vt 0.359876 0.768146 0
vt 0.352024 0.791204 0
vt 0.346986 0.787474 0
vt 0.349582 0.768695 0
vt 0.34523 0.751114 0
vt 0.346823 0.788714 0
vt 0.35017 0.793299 0
vt 0.35346 0.791447 0
vt 0.350452 0.794094 0
vt 0.31153 0.755471 0
vt 0.312048 0.755378 0
vt 0.312668 0.770744 0
vt 0.315403 0.755699 0
vt 0.313201 0.770718 0
vt 0.313758 0.787156 0
vt 0.313234 0.787127 0
vt 0.317031 0.78609 0
vt 0.317371 0.770489 0
vt 0.316958 0.787361 0
vt 0.314588 0.7894 0
vt 0.314229 0.789563 0
vt 0.316948 0.790766 0
vt 0.317104 0.790333 0
vt 0.348111 0.793673 0
vt 0.347719 0.794746 0
vt 0.318856 0.787221 0
vt 0.345891 0.788677 0
vt 0.141674 0.850193 0
vt 0.144867 0.850174 0
vt 0.14425 0.851045 0
vt 0.141706 0.851425 0
vt 0.113419 0.861568 0
vt 0.112629 0.859207 0
vt 0.143409 0.852754 0
vt 0.141639 0.853569 0
vt 0.115844 0.863838 0
vt 0.114891 0.86426 0
vt 0.111908 0.862601 0
vt 0.110216 0.861254 0
vt 0.146621 0.851625 0
vt 0.15426 0.866239 0
vt 0.152996 0.866943 0
vt 0.145453 0.852257 0
vt 0.162261 0.880407 0
vt 0.161121 0.881108 0
vt 0.150759 0.868191 0
vt 0.159188 0.881688 0
vt 0.143963 0.853719 0
vt 0.161447 0.882936 0
vt 0.159728 0.88286 0
vt 0.162536 0.882659 0
vt 0.111196 0.889719 0
vt 0.108606 0.864583 0
vt 0.111569 0.864368 0
vt 0.114803 0.887728 0
vt 0.130849 0.905288 0
vt 0.115117 0.865309 0
vt 0.120423 0.884621 0
vt 0.132669 0.902874 0
vt 0.133741 0.899352 0
vt 0.134567 0.900181 0
vt 0.134548 0.903593 0
vt 0.134801 0.90577 0
vt 0.16046 0.885781 0
vt 0.159549 0.885031 0
vt 0.137802 0.904865 0
vt 0.136286 0.902892 0
vt 0.158175 0.883787 0
vt 0.135457 0.899632 0
vt 0.257075 0.901251 0
vt 0.254791 0.899199 0
vt 0.255254 0.899134 0
vt 0.257412 0.900828 0
vt 0.285665 0.913295 0
vt 0.284877 0.914343 0
vt 0.257709 0.898186 0
vt 0.259603 0.89878 0
vt 0.285401 0.908682 0
vt 0.287853 0.914514 0
vt 0.287832 0.913542 0
vt 0.286413 0.909005 0
vt 0.254533 0.896831 0
vt 0.25881 0.880923 0
vt 0.259416 0.881074 0
vt 0.255108 0.897028 0
vt 0.262513 0.865385 0
vt 0.263117 0.865469 0
vt 0.262809 0.881905 0
vt 0.265684 0.866589 0
vt 0.257993 0.897016 0
vt 0.264531 0.863419 0
vt 0.266166 0.865056 0
vt 0.264059 0.863193 0
vt 0.306265 0.892861 0
vt 0.29144 0.91303 0
vt 0.289998 0.912266 0
vt 0.304487 0.892418 0
vt 0.287023 0.907986 0
vt 0.29599 0.89031 0
vt 0.29643 0.87088 0
vt 0.301097 0.868507 0
vt 0.296384 0.869393 0
vt 0.299409 0.865784 0
vt 0.299892 0.864928 0
vt 0.302755 0.868522 0
vt 0.26759 0.862418 0
vt 0.267664 0.862944 0
vt 0.297196 0.863666 0
vt 0.297342 0.86494 0
vt 0.267872 0.865446 0
vt 0.295336 0.869174 0
vt 0.0912756 0.823347 0
vt 0.0943673 0.823987 0
vt 0.0936665 0.824619 0
vt 0.0910935 0.82443 0
vt 0.0612303 0.82845 0
vt 0.0610662 0.826149 0
vt 0.0923649 0.826323 0
vt 0.0904962 0.826792 0
vt 0.0634279 0.831528 0
vt 0.0624439 0.831735 0
vt 0.0595135 0.82916 0
vt 0.0583186 0.827609 0
vt 0.0958603 0.825936 0
vt 0.094696 0.826232 0
vt 0.100174 0.841726 0
vt 0.0989279 0.842076 0
vt 0.104842 0.856519 0
vt 0.103685 0.85693 0
vt 0.101318 0.857174 0
vt 0.0961234 0.842875 0
vt 0.0926796 0.827466 0
vt 0.101763 0.858967 0
vt 0.103632 0.85958 0
vt 0.104655 0.859565 0
vt 0.0558813 0.830743 0
vt 0.0586778 0.831022 0
vt 0.0531863 0.855439 0
vt 0.0624696 0.832884 0
vt 0.0567529 0.854419 0
vt 0.0679879 0.874324 0
vt 0.0703861 0.872623 0
vt 0.0727565 0.869064 0
vt 0.0637289 0.852421 0
vt 0.073042 0.876281 0
vt 0.0730296 0.874328 0
vt 0.0736139 0.870562 0
vt 0.102065 0.862027 0
vt 0.101377 0.861189 0
vt 0.0760901 0.876015 0
vt 0.100128 0.85946 0
vt 0.0749269 0.873994 0
vt 0.0745789 0.870202 0
vt 0.229844 0.800719 0
vt 0.232657 0.799439 0
vt 0.232469 0.80037 0
vt 0.230348 0.801717 0
vt 0.208602 0.822276 0
vt 0.207083 0.820458 0
vt 0.2325 0.802367 0
vt 0.231245 0.803834 0
vt 0.211967 0.823577 0
vt 0.211286 0.824359 0
vt 0.207628 0.823846 0
vt 0.205732 0.823134 0
vt 0.235807 0.800522 0
vt 0.234977 0.80145 0
vt 0.247785 0.810561 0
vt 0.233931 0.803481 0
vt 0.246952 0.811592 0
vt 0.245225 0.813736 0
vt 0.259433 0.820911 0
vt 0.257746 0.822409 0
vt 0.260155 0.819885 0
vt 0.261755 0.822463 0
vt 0.260911 0.823077 0
vt 0.259135 0.823632 0
vt 0.205661 0.828416 0
vt 0.208221 0.826825 0
vt 0.217503 0.848998 0
vt 0.212304 0.825799 0
vt 0.219872 0.84603 0
vt 0.240504 0.855715 0
vt 0.241459 0.852891 0
vt 0.224177 0.840624 0
vt 0.241354 0.848827 0
vt 0.244546 0.852749 0
vt 0.245707 0.854376 0
vt 0.242946 0.849512 0
vt 0.261074 0.825966 0
vt 0.260007 0.825674 0
vt 0.248036 0.852393 0
vt 0.258087 0.82503 0
vt 0.245894 0.851382 0
vt 0.243543 0.848645 0
vt 0.237832 0.747192 0
vt 0.239824 0.744831 0
vt 0.240095 0.745838 0
vt 0.238791 0.747956 0
vt 0.227933 0.775834 0
vt 0.225611 0.774826 0
vt 0.240961 0.74758 0
vt 0.24046 0.749436 0
vt 0.231395 0.77558 0
vt 0.225535 0.777829 0
vt 0.227718 0.777634 0
vt 0.231104 0.776571 0
vt 0.243113 0.744453 0
vt 0.25827 0.748422 0
vt 0.25795 0.749832 0
vt 0.242754 0.745756 0
vt 0.274263 0.751882 0
vt 0.274019 0.753196 0
vt 0.257361 0.752427 0
vt 0.273101 0.755067 0
vt 0.242709 0.747974 0
vt 0.275453 0.754083 0
vt 0.27421 0.755388 0
vt 0.27597 0.753074 0
vt 0.247442 0.79622 0
vt 0.227733 0.782612 0
vt 0.22951 0.779956 0
vt 0.248348 0.792197 0
vt 0.232632 0.777408 0
vt 0.249806 0.785686 0
vt 0.269603 0.785592 0
vt 0.271648 0.788746 0
vt 0.27064 0.785556 0
vt 0.273258 0.787912 0
vt 0.275023 0.78919 0
vt 0.272273 0.791657 0
vt 0.276938 0.756699 0
vt 0.275771 0.756896 0
vt 0.276341 0.786316 0
vt 0.273867 0.786153 0
vt 0.273866 0.757114 0
vt 0.270794 0.784548 0
vt 0.616242 0.108178 0
vt 0.608708 0.113533 0
vt 0.606697 0.110703 0
vt 0.614231 0.105349 0
vt 0.829391 0.270372 0
vt 0.826433 0.27913 0
vt 0.823144 0.278019 0
vt 0.826102 0.269261 0
vt 0.783392 0.346642 0
vt 0.775857 0.351996 0
vt 0.773846 0.349166 0
vt 0.781381 0.343812 0
vt 0.701647 0.352029 0
vt 0.692404 0.351905 0
vt 0.692451 0.348434 0
vt 0.701693 0.348558 0
vt 0.558615 0.179551 0
vt 0.555657 0.188308 0
vt 0.552368 0.187197 0
vt 0.555326 0.17844 0
vt 0.349459 0.587017 0
vt 0.340931 0.59519 0
vt 0.877668 0.68722 0
vt 0.924306 0.678961 0
vt 0.905918 0.692038 0
vt 0.877145 0.700301 0
vt 0.831322 0.677926 0
vt 0.894243 0.709905 0
vt 0.848782 0.691374 0
vt 0.876887 0.719661 0
vt 0.871417 0.984288 0
vt 0.860535 0.708106 0
vt 0.864886 0.998008 0
vt 0.859565 0.98377 0
vt 0.334015 0.737574 0
vt 0.333975 0.741153 0
vt 0.337236 0.604629 0
vt 0.363787 0.741385 0
vt 0.36377 0.737805 0
vt 0.361458 0.604884 0
vt 0.357803 0.595563 0
vt 0.67272 0.697601 0
vt 0.672709 0.692711 0
vt 0.686315 0.692684 0
vt 0.686323 0.697572 0
vt 0.674255 0.879107 0
vt 0.68636 0.879205 0
vt 0.676374 0.893158 0
vt 0.68803 0.883754 0
vt 0.685069 0.907888 0
vt 0.696044 0.892065 0
vt 0.629984 0.941725 0
vt 0.621379 0.956511 0
vt 0.610081 0.940718 0
vt 0.618179 0.932528 0
vt 0.631919 0.927801 0
vt 0.619839 0.927973 0
vt 0.631872 0.746352 0
vt 0.618277 0.746492 0
vt 0.63184 0.741472 0
vt 0.618239 0.741609 0
vt 0.237122 0.118358 0
vt 0.248607 0.118358 0
vt 0.248257 0.377249 0
vt 0.236267 0.377237 0
vt 0.249833 0.118546 0
vt 0.249661 0.377067 0
vt 0.256242 0.00298325 0
vt 0.503874 0.00298325 0
vt 0.420779 0.298458 0
vt 0.338743 0.296813 0
vt 0.41997 0.301617 0
vt 0.339496 0.300176 0
vt 0.243295 0.761617 0
vt 0.241325 0.748938 0
vt 0.252613 0.748722 0
vt 0.25166 0.759613 0
vt 0.253647 0.744755 0
vt 0.252894 0.759615 0
vt 0.253269 0.750821 0
vt 0.254119 0.74919 0
vt 0.24091 0.743897 0
vt 0.489817 0.808501 0
vt 0.254133 0.759907 0
vt 0.489618 0.814424 0
vt 0.492128 0.808324 0
vt 0.489389 0.825292 0
vt 0.492733 0.815014 0
vt 0.492114 0.825945 0
vt 0.0019452 0.46407 0
vt 0.00708616 0.462919 0
vt 0.244785 0.462919 0
vt 0.249926 0.46407 0
vt 0.254276 0.718307 0
vt 0.0019452 0.722849 0
vt 0.0019452 0.729764 0
vt 0.254279 0.724982 0
vt 0.240502 0.969795 0
vt 0.239274 0.982001 0
vt 0.248583 0.971321 0
vt 0.24976 0.971265 0
vt 0.250929 0.970932 0
vt 0.492462 0.902858 0
vt 0.49518 0.902071 0
vt 0.496696 0.912901 0
vt 0.243115 0.98805 0
vt 0.249475 0.981723 0
vt 0.250353 0.985466 0
vt 0.250913 0.981178 0
vt 0.250112 0.979666 0
vt 0.493832 0.913528 0
vt 0.493931 0.918991 0
vt 0.496648 0.918271 0
vt 0.330774 0.462549 0
vt 0.325428 0.461456 0
vt 0.432974 0.46241 0
vt 0.427568 0.463409 0
vt 0.339191 0.304492 0
vt 0.420223 0.305719 0
vt 0.745714 0.729392 0
vt 0.745714 0.722477 0
vt 0.757962 0.72238 0
vt 0.745714 0.463699 0
vt 0.757949 0.728598 0
vt 0.757199 0.729295 0
vt 0.758535 0.463835 0
vt 0.97588 0.454061 0
vt 0.976048 0.458646 0
vt 0.758425 0.728703 0
vt 0.978204 0.451382 0
vt 0.978331 0.455907 0
vt 0.968874 0.277993 0
vt 0.971247 0.276026 0
vt 0.458291 0.162982 0
vt 0.458337 0.156218 0
vt 0.470476 0.156309 0
vt 0.47129 0.156983 0
vt 0.471066 0.16311 0
vt 0.471181 0.413155 0
vt 0.458771 0.413367 0
vt 0.471803 0.156886 0
vt 0.68924 0.422978 0
vt 0.689246 0.606909 0
vt 0.68924 0.418063 0
vt 0.691568 0.420917 0
vt 0.691568 0.425811 0
vt 0.691568 0.608931 0
vt 0.0155975 0.145568 0
vt 0.0149425 0.399969 0
vt 0.0031597 0.39995 0
vt 0.00360805 0.145536 0
vt 0.00178039 0.399768 0
vt 0.00220394 0.145717 0
vt 0.00935757 0.470216 0
vt 0.0846336 0.163119 0
vt 0.167822 0.162731 0
vt 0.242754 0.470284 0
vt 0.0855856 0.159796 0
vt 0.167038 0.159315 0
vt 0.482091 0.784849 0
vt 0.490612 0.787109 0
vt 0.490902 0.797503 0
vt 0.48069 0.796456 0
vt 0.491857 0.787163 0
vt 0.49145 0.801434 0
vt 0.49166 0.795542 0
vt 0.492336 0.797154 0
vt 0.493097 0.786949 0
vt 0.744563 0.738671 0
vt 0.744386 0.74404 0
vt 0.48002 0.801273 0
vt 0.747135 0.743419 0
vt 0.743729 0.728147 0
vt 0.747343 0.738032 0
vt 0.746432 0.727508 0
vt 0.508806 0.467553 0
vt 0.253116 0.461776 0
vt 0.258443 0.460686 0
vt 0.503554 0.466211 0
vt 0.245831 0.710372 0
vt 0.503725 0.718142 0
vt 0.503527 0.724846 0
vt 0.245599 0.717038 0
vt 0.484196 0.575946 0
vt 0.485142 0.587455 0
vt 0.493685 0.585632 0
vt 0.494924 0.585637 0
vt 0.496147 0.585906 0
vt 0.744764 0.653087 0
vt 0.74746 0.653796 0
vt 0.748669 0.643302 0
vt 0.48373 0.571099 0
vt 0.494894 0.571466 0
vt 0.494268 0.575343 0
vt 0.74597 0.63722 0
vt 0.745955 0.642594 0
vt 0.495672 0.575748 0
vt 0.748679 0.637937 0
vt 0.494964 0.57732 0
vt 0.0769605 0.000371176 0
vt 0.173419 -0.00283155 0
vt 0.179031 -0.00206434 0
vt 0.0715891 0.00157685 0
vt 0.167383 0.154891 0
vt 0.0855226 0.155531 0
vt 0.722678 0.44802 0
vt 0.735299 0.448484 0
vt 0.735022 0.455177 0
vt 0.741731 0.20185 0
vt 0.723065 0.454674 0
vt 0.722309 0.453976 0
vt 0.721781 0.454044 0
vt 0.504254 0.188643 0
vt 0.504499 0.184082 0
vt 0.501951 0.185888 0
vt 0.502161 0.181377 0
vt 0.511331 0.00975294 0
vt 0.729053 0.20164 0
vt 0.509001 0.00780625 0
vt 0.754137 0.454656 0
vt 0.742 0.455036 0
vt 0.741729 0.448305 0
vt 0.754496 0.447949 0
vt 0.754913 0.45396 0
vt 0.755447 0.454026 0
vt 0.736871 0.200083 0
vt 0.749473 0.199918 0
vt 0.9725 0.180129 0
vt 0.97272 0.184688 0
vt 0.967621 0.0047527 0
vt 0.974831 0.177439 0
vt 0.975023 0.181954 0
vt 0.970042 0.00281519 0
vt 0 0.05 0
vt 0.05 0.05 0
vt 0.05 0.1 0
vt 0 0.1 0
vt 0.025 0 0
vt 0.1 0.05 0
vt 0.1 0.1 0
vt 0.075 0 0
vt 0.05 0.15 0
vt 0.1 0.15 0
vt 0 0.15 0
vt 0.05 0.2 0
vt 0.1 0.2 0
vt 0.15 0.15 0
vt 0.15 0.2 0
vt 0.1 0.25 0
vt 0.15 0.25 0
vt 0 0.2 0
vt 0.05 0.25 0
vt 0.1 0.3 0
vt 0.15 0.3 0
vt 0.2 0.25 0
vt 0.2 0.3 0
vt 0.15 0.35 0
vt 0.2 0.35 0
vt 0.05 0.3 0
vt 0.1 0.35 0
vt 0.15 0.4 0
vt 0.2 0.4 0
vt 0.25 0.35 0
vt 0.25 0.4 0
vt 0.2 0.45 0
vt 0.25 0.45 0
vt 0.1 0.4 0
vt 0.15 0.45 0
vt 0.2 0.5 0
vt 0.25 0.5 0
vt 0.3 0.45 0
vt 0.3 0.5 0
vt 0.3 0.4 0
vt 0.35 0.45 0
vt 0.35 0.5 0
vt 0.3 0.35 0
vt 0.35 0.4 0
vt 0.4 0.45 0
vt 0.4 0.5 0
vt 0.35 0.35 0
vt 0.4 0.4 0
vt 0.45 0.45 0
vt 0.45 0.5 0
vt 0.4 0.35 0
vt 0.45 0.4 0
vt 0.3 0.3 0
vt 0.35 0.3 0
vt 0.4 0.3 0
vt 0.45 0.35 0
vt 0.5 0.4 0
vt 0.5 0.45 0
vt 0.45 0.3 0
vt 0.5 0.35 0
vt 0.35 0.25 0
vt 0.4 0.25 0
vt 0.45 0.25 0
vt 0.5 0.3 0
vt 0.55 0.35 0
vt 0.55 0.4 0
vt 0.5 0.25 0
vt 0.55 0.3 0
vt 0.4 0.2 0
vt 0.45 0.2 0
vt 0.5 0.2 0
vt 0.55 0.25 0
vt 0.6 0.3 0
vt 0.6 0.35 0
vt 0.55 0.2 0
vt 0.6 0.25 0
vt 0.45 0.15 0
vt 0.5 0.15 0
vt 0.55 0.15 0
vt 0.6 0.2 0
vt 0.65 0.25 0
vt 0.65 0.3 0
vt 0.6 0.15 0
vt 0.65 0.2 0
vt 0.5 0.1 0
vt 0.55 0.1 0
vt 0.6 0.1 0
vt 0.65 0.15 0
vt 0.7 0.2 0
vt 0.7 0.25 0
vt 0.65 0.1 0
vt 0.7 0.15 0
vt 0.55 0.05 0
vt 0.6 0.05 0
vt 0.65 0.05 0
vt 0.7 0.1 0
vt 0.75 0.15 0
vt 0.75 0.2 0
vt 0.7 0.05 0
vt 0.75 0.1 0
vt 0.625 0 0
vt 0.675 0 0
vt 0.575 0 0
vt 0.5 0.05 0
vt 0.525 0 0
vt 0.45 0.05 0
vt 0.475 0 0
vt 0.4 0.05 0
vt 0.45 0.1 0
vt 0.425 0 0
vt 0.4 0.1 0
vt 0.35 0.05 0
vt 0.375 0 0
vt 0.35 0.1 0
vt 0.4 0.15 0
vt 0.35 0.15 0
vt 0.3 0.05 0
vt 0.3 0.1 0
vt 0.325 0 0
vt 0.25 0.05 0
vt 0.275 0 0
vt 0.25 0.1 0
vt 0.3 0.15 0
vt 0.2 0.05 0
vt 0.225 0 0
vt 0.2 0.1 0
vt 0.25 0.15 0
vt 0.3 0.2 0
vt 0.35 0.2 0
vt 0.2 0.15 0
vt 0.25 0.2 0
vt 0.3 0.25 0
vt 0.25 0.25 0
vt 0.2 0.2 0
vt 0.25 0.3 0
vt 0.15 0.1 0
vt 0.15 0.05 0
vt 0.125 0 0
vt 0.175 0 0
vt 0.75 0.05 0
vt 0.725 0 0
vt 0.8 0.05 0
vt 0.8 0.1 0
vt 0.775 0 0
vt 0.8 0.15 0
vt 0.85 0.1 0
vt 0.85 0.15 0
vt 0.85 0.05 0
vt 0.825 0 0
vt 0.9 0.1 0
vt 0.9 0.15 0
vt 0.85 0.2 0
vt 0.9 0.2 0
vt 0.95 0.15 0
vt 0.95 0.2 0
vt 0.9 0.05 0
vt 0.95 0.1 0
vt 0.875 0 0
vt 0.95 0.05 0
vt 0.925 0 0
vt 1 0.1 0
vt 1 0.15 0
vt 1 0.05 0
vt 0.975 0 0
vt 1 0.2 0
vt 1 0.25 0
vt 0.95 0.25 0
vt 1 0.3 0
vt 0.9 0.25 0
vt 0.95 0.3 0
vt 1 0.35 0
vt 0.9 0.3 0
vt 0.95 0.35 0
vt 0.85 0.25 0
vt 0.85 0.3 0
vt 0.9 0.35 0
vt 0.95 0.4 0
vt 1 0.4 0
vt 0.85 0.35 0
vt 0.9 0.4 0
vt 0.8 0.25 0
vt 0.8 0.3 0
vt 0.8 0.35 0
vt 0.85 0.4 0
vt 0.9 0.45 0
vt 0.95 0.45 0
vt 0.8 0.4 0
vt 0.85 0.45 0
vt 0.75 0.3 0
vt 0.75 0.35 0
vt 0.75 0.4 0
vt 0.8 0.45 0
vt 0.85 0.5 0
vt 0.9 0.5 0
vt 0.75 0.45 0
vt 0.8 0.5 0
vt 0.7 0.35 0
vt 0.7 0.4 0
vt 0.7 0.45 0
vt 0.75 0.5 0
vt 0.65 0.35 0
vt 0.65 0.4 0
vt 0.7 0.3 0
vt 0.6 0.4 0
vt 0.65 0.45 0
vt 0.6 0.45 0
vt 0.65 0.5 0
vt 0.7 0.5 0
vt 0.55 0.45 0
vt 0.6 0.5 0
vt 0.55 0.5 0
vt 0.5 0.5 0
vt 0.75 0.25 0
vt 0.8 0.2 0
vt 0.95 0.5 0
vt 1 0.5 0
vt 1 0.45 0
vt 0.15 0.5 0
vt 0.1 0.45 0
vt 0.1 0.5 0
vt 0.05 0.4 0
vt 0.05 0.45 0
vt 0.05 0.35 0
vt 0 0.35 0
vt 0 0.4 0
vt 0 0.45 0
vt 0.05 0.5 0
vt 0 0.5 0
vt 0 0.3 0
vt 0 0.25 0

# 3659 vertex normals
vn 0.476535 0.155143 -20.9039
vn 0.405711 0.294627 -20.9039
vn 0.607093 0.441258 -20.8964
vn 0.714143 0.232104 -20.8964
vn 0.500673 0.000239924 -20.9039
vn 0.126131 7.63954e-05 -20.9095
vn 0.294765 0.405398 -20.9039
vn 0.440928 0.607326 -20.8964
vn 0.754068 0.548017 -20.8891
vn 0.54752 0.754516 -20.8891
vn 0.231963 0.714062 -20.8964
vn 0.28782 0.887499 -20.8891
vn 0.154573 0.476429 -20.9039
vn 0.0790559 0.500838 -20.9037
vn 0.118737 0.750804 -20.8961
vn 0.146906 0.933465 -20.8885
vn 0.887361 0.288161 -20.8891
vn 0.750631 0.000121009 -20.8964
vn 0.93333 -0.000109854 -20.8891
vn 0.0790562 -0.501337 -20.9037
vn 0.154967 -0.476866 -20.9039
vn 0.232148 -0.713764 -20.8964
vn 0.118747 -0.750381 -20.8961
vn 0.29526 -0.405583 -20.9039
vn 0.441659 -0.607448 -20.8964
vn 0.40574 -0.294839 -20.9039
vn 0.476257 -0.155067 -20.9039
vn 0.607506 -0.441717 -20.8964
vn 0.71406 -0.232272 -20.8964
vn 0.288224 -0.886162 -20.8891
vn 0.146915 -0.931619 -20.8886
vn 0.54831 -0.754406 -20.8891
vn 0.754322 -0.548671 -20.8891
vn 0.887798 -0.288515 -20.889
vn 19.8836 6.46054 -0.35618
vn 16.914 12.2888 -0.356196
vn 16.9165 12.2905 -1.44567e-07
vn 19.8865 6.46149 -2.5253e-07
vn 20.9034 -0.406611 -0.324176
vn 19.6465 6.38348 -3.23908
vn 20.6575 -2.41683e-05 -3.23918
vn 20.9092 -0.176022 -0.00601122
vn 16.9165 12.2905 -3.36784e-06
vn 19.8865 6.46149 -2.88645e-06
vn 20.8994 -0.621926 -0.226751
vn 16.9165 12.2905 -2.43812e-07
vn 19.8865 6.46149 2.59127e-07
vn 12.2905 16.9165 -1.99331e-06
vn 12.2905 16.9165 -2.30161e-07
vn 12.2905 16.9165 -2.79555e-08
vn 16.9165 12.2905 2.26025e-07
vn 20.9099 -1.40573e-05 -3.07427e-07
vn 19.8865 6.46149 8.19111e-07
vn 12.2905 16.9165 3.51012e-06
vn 16.9165 12.2905 1.03079e-05
vn 9.49289 18.6309 5.20889e-08
vn 7.19611 19.6326 6.71587e-06
vn 9.49289 18.6309 2.62296e-08
vn 8.70619 19.0112 -1.16487e-07
vn 12.2905 16.9165 -8.5876e-08
vn 7.17629 19.6399 -3.17085e-07
vn 3.27088 20.6525 -8.47266e-07
vn 12.2888 16.914 -0.3562
vn 6.48827 19.8745 -0.359344
vn 3.27041 20.6495 -0.358106
vn 12.1423 16.7122 -3.23917
vn 6.38337 19.6465 -3.23915
vn 16.7122 12.1423 -3.23914
vn 3.23242 20.4092 -3.20026
vn 19.8865 6.46149 7.13789e-06
vn 20.9099 -1.53896e-05 2.70372e-06
vn 20.9099 2.38208e-05 -3.11991e-06
vn 3.27043 -20.6496 -0.351801
vn 6.46047 -19.8836 -0.356203
vn 6.46139 -19.8865 -1.4582e-07
vn 3.2709 -20.6525 -2.49412e-07
vn 3.23228 -20.4092 -3.20018
vn 12.6561 -16.6416 -0.320359
vn 12.4798 -16.7773 -0.00671447
vn 6.38339 -19.6465 -3.23918
vn 6.4614 -19.8865 -2.22379e-06
vn 12.8241 -16.5136 -0.258585
vn 3.2709 -20.6525 -3.80359e-06
vn 12.2905 -16.9165 -7.73539e-07
vn 6.4614 -19.8865 -4.35912e-07
vn 15.1097 -14.4468 -0.45805
vn 14.7855 -14.7855 -1.41254e-06
vn 14.7855 -14.7855 -6.88262e-07
vn 12.2905 -16.9165 -4.64525e-07
vn 3.27091 -20.6525 -7.45589e-07
vn 6.4614 -19.8865 -4.90886e-07
vn 3.27091 -20.6525 -7.40324e-07
vn 16.534 -12.8005 -0.00271678
vn 16.6954 -12.5836 -0.373003
vn 20.0844 -5.81712 -0.00393116
vn 12.1423 -16.7121 -3.23924
vn 19.9996 -6.09064 -0.37798
vn 16.7123 -12.1421 -3.23913
vn 20.5801 -3.6772 -0.403066
vn 19.6465 -6.38332 -3.23913
vn 20.6525 -3.27099 -1.11982e-06
vn 20.6525 -3.27099 4.27661e-06
vn 17.9689 10.6931 -9.5062e-07
vn 17.9689 10.6931 -1.73778e-05
vn 17.9689 10.6931 -2.94983e-06
vn 17.9689 10.6931 2.90762e-06
vn 17.9689 10.6931 2.90765e-06
vn 17.9689 10.6931 -9.64475e-07
vn 17.9689 10.6931 3.90916e-07
vn 17.9689 10.6931 -1.22841e-05
vn 17.9689 10.6931 -1.22841e-05
vn 17.0074 -8.66572 -8.53675
vn 17.0074 -8.66572 -8.53674
vn 17.0074 -8.66572 -8.53675
vn 17.3027 -8.81622 -7.75328
vn 17.2025 -8.76516 -8.0292
vn 18.6486 -9.45794 0.00400514
vn 18.6306 -9.4931 0.0704038
vn 18.6306 -9.4931 0.0704038
vn 18.6425 -9.47 0.0264072
vn 18.6491 -9.45697 0.00222353
vn 18.6497 -9.45586 7.69882e-05
vn 18.6496 -9.45603 -0.000141387
vn 18.6486 -9.45799 -0.00241338
vn 18.6309 -9.49264 -0.0429386
vn 18.6309 -9.49264 -0.0429386
vn 18.6309 -9.49264 -0.0429386
vn 18.6309 -9.49264 -0.0429386
vn 16.9165 12.2905 1.66352e-05
vn 19.8865 6.46147 1.15194e-05
vn 12.2905 16.9165 5.66475e-06
vn 20.9099 2.02699e-05 -7.95995e-06
vn 19.8865 -6.46146 -4.11733e-06
vn 20.6524 -3.27111 -6.72345e-06
vn 19.8816 -6.47657 -4.05531e-06
vn 16.9164 -12.2905 1.22485e-05
vn 18.6309 -9.49273 8.67513e-06
vn 13.1651 -16.2451 2.21565e-05
vn 16.9258 -12.2777 1.22315e-05
vn 14.1069 -15.4343 1.33599e-05
vn 18.6308 -9.49304 8.67513e-06
vn 12.4378 -16.8085 2.14749e-05
vn 14.7856 -14.7855 2.04215e-05
vn 6.46139 19.8865 8.78311e-06
vn 3.27089 20.6525 1.73497e-05
vn 3.27089 20.6525 1.73497e-05
vn 3.27092 -20.6525 3.23732e-05
vn 6.4614 -19.8865 2.76031e-05
vn 6.46142 -19.8865 3.51329e-05
vn 3.27093 -20.6525 3.46997e-05
vn 6.46144 -19.8865 -3.62492e-05
vn 3.27096 -20.6525 -7.16045e-05
vn -0.938768 -0.304866 20.8866
vn -0.797975 -0.579889 20.8866
vn -0.797815 -0.579702 20.8866
vn -0.937946 -0.30475 20.8866
vn -0.987108 7.66635e-07 20.8866
vn -0.579551 -0.798124 20.8866
vn -0.579674 -0.797904 20.8866
vn -0.579714 -0.797847 20.8866
vn -0.797855 -0.579656 20.8866
vn -0.986288 8.57681e-07 20.8866
vn -0.937782 -0.304725 20.8866
vn -0.938035 0.304733 20.8866
vn -0.937978 0.304733 20.8866
vn -0.986092 1.11423e-06 20.8866
vn -0.798211 -0.579695 20.8866
vn -0.938021 -0.304766 20.8866
vn -0.579716 -0.797876 20.8866
vn -0.304585 -0.937935 20.8866
vn -0.304763 -0.937839 20.8866
vn -0.156086 -0.986151 20.886
vn -0.304737 -0.937901 20.8866
vn -0.156172 -0.986 20.8861
vn -0.304528 -0.938203 20.8866
vn -0.156156 -0.986064 20.886
vn -0.156023 -0.986431 20.886
vn -0.986186 9.14141e-07 20.8866
vn -0.937962 0.304739 20.8866
vn -0.937955 0.304781 20.8866
vn -0.797748 0.579554 20.8866
vn -0.797823 0.57963 20.8866
vn -0.797624 0.579317 20.8866
vn -0.579231 0.797149 20.8867
vn -0.579523 0.797615 20.8866
vn -0.579656 0.797757 20.8866
vn -0.798 0.57971 20.8866
vn -0.304385 0.93708 20.8867
vn -0.304665 0.937622 20.8866
vn -0.304747 0.93779 20.8866
vn -0.579878 0.797868 20.8866
vn -0.156079 0.985258 20.8861
vn -0.156134 0.985824 20.8861
vn -0.156162 0.986004 20.8861
vn -0.304745 0.937923 20.8866
vn -0.156226 0.986144 20.886
vn -14.4709 -7.37321 13.1701
vn -14.4715 -7.37205 13.1701
vn -14.4711 -7.37191 13.1706
vn -14.4706 -7.37302 13.1706
vn -14.4715 -7.37196 13.1701
vn -14.4712 -7.37182 13.1706
vn -13.0814 -9.48943 13.2684
vn -13.0813 -9.48947 13.2685
vn -11.4835 -11.4855 13.1695
vn -11.4822 -11.4868 13.1695
vn -13.0824 -9.4881 13.2684
vn -14.472 -7.37119 13.1701
vn -14.4717 -7.37108 13.1705
vn -11.4836 -11.4854 13.1695
vn -13.0824 -9.48808 13.2684
vn -11.4844 -11.4846 13.1695
vn -11.4832 -11.4851 13.1701
vn -11.4831 -11.4852 13.1701
vn -11.4841 -11.4843 13.17
vn -11.4819 -11.4863 13.1702
vn -7.37339 -14.4708 13.1701
vn -7.37453 -14.4702 13.1702
vn -7.37426 -14.4699 13.1707
vn -7.37306 -14.4705 13.1707
vn -7.37462 -14.4701 13.1702
vn -7.37438 -14.4698 13.1706
vn -4.98981 -15.3711 13.2685
vn -4.98959 -15.3712 13.2686
vn -2.53907 -16.0418 13.1696
vn -2.53715 -16.0421 13.1696
vn -4.99139 -15.3706 13.2685
vn -7.37527 -14.4698 13.1702
vn -7.37541 -14.4695 13.1705
vn -4.99175 -15.3706 13.2684
vn -2.53923 -16.0417 13.1696
vn -2.54058 -16.0415 13.1696
vn -2.54032 -16.0411 13.1702
vn -2.53918 -16.0412 13.1702
vn -2.53902 -16.0412 13.1703
vn -2.53689 -16.0414 13.1704
vn -2.5402 16.0412 13.1701
vn -2.53921 16.0412 13.1703
vn -2.53905 16.0409 13.1707
vn -2.54021 16.0407 13.1706
vn -2.53911 16.0412 13.1703
vn -2.53896 16.0409 13.1707
vn -4.98021 15.3742 13.2685
vn -4.98023 15.3743 13.2685
vn -7.37482 14.4706 13.1695
vn -7.37654 14.4698 13.1695
vn -4.97859 15.3748 13.2685
vn -2.53826 16.0413 13.1703
vn -2.53818 16.041 13.1707
vn -7.37468 14.4707 13.1695
vn -4.9786 15.3748 13.2685
vn -7.37365 14.4713 13.1695
vn -7.37448 14.4703 13.1701
vn -7.3746 14.4702 13.1701
vn -7.37348 14.4709 13.1699
vn -7.37608 14.4692 13.1704
vn -11.4843 11.4843 13.1699
vn -11.4832 11.4851 13.1702
vn -11.4829 11.4848 13.1706
vn -11.4839 11.484 13.1705
vn -11.4831 11.4852 13.1702
vn -11.4828 11.4849 13.1706
vn -13.043 9.54221 13.2684
vn -13.0431 9.54218 13.2683
vn -13.042 9.54359 13.2684
vn -14.472 7.37225 13.1695
vn -14.4729 7.37057 13.1694
vn -11.4822 11.4859 13.1703
vn -11.4823 11.4855 13.1705
vn -13.0422 9.54365 13.2681
vn -14.472 7.37238 13.1694
vn -14.4716 7.37199 13.17
vn -14.4724 7.37023 13.1701
vn -14.4717 7.37348 13.1691
vn -14.4716 7.37214 13.17
vn -14.4713 7.37338 13.1696
vn -16.041 2.54079 13.1702
vn -16.0408 2.54212 13.1701
vn -16.0405 2.54193 13.1706
vn -16.0407 2.54065 13.1706
vn -16.0408 2.54222 13.1702
vn -16.0405 2.54204 13.1706
vn -16.1608 -0.0573694 13.2684
vn -16.1608 -0.0574834 13.2684
vn -16.0414 -2.54214 13.1694
vn -16.0411 -2.544 13.1695
vn -16.1608 -0.0556944 13.2684
vn -16.0407 2.543 13.1702
vn -16.0405 2.54289 13.1704
vn -16.0414 -2.54199 13.1694
vn -16.1609 -0.0555727 13.2682
vn -16.0417 -2.54077 13.1694
vn -16.041 -2.54188 13.17
vn -16.0409 -2.54204 13.1701
vn -16.0413 -2.54062 13.1699
vn -16.0405 -2.54386 13.1702
vn -0.0105207 -0.0105749 20.9099
vn -2.18557 -3.00561 20.577
vn -0.0087298 -0.0121908 20.9099
vn -0.00866686 -0.0119473 20.9099
vn -0.0119216 -0.00869085 20.9099
vn -2.18304 -3.00753 20.577
vn -0.00681149 -0.0133197 20.9099
vn -0.0045825 -0.0140445 20.9099
vn -0.00953918 8.24011e-08 20.9099
vn -0.0140524 -0.00456302 20.9099
vn -0.0133198 -0.00681099 20.9099
vn -0.0147863 -0.00231543 20.9099
vn -0.0145362 -0.00470059 20.9099
vn -0.0147751 -1.64386e-06 20.9099
vn -3.91968 -1.27506 20.4996
vn -3.92057 -1.27233 20.4996
vn -0.00235434 -0.0147685 20.9099
vn -0.00862501 0.0119588 20.9099
vn -0.0119164 0.0086761 20.9099
vn -0.00454362 0.0140602 20.9099
vn -0.00234368 0.0147808 20.9099
vn -0.0140565 0.00454453 20.9099
vn -0.0147662 0.0023386 20.9099
vn -0.013345 0.006751 20.9099
vn -0.0142233 0.00462794 20.9099
vn -0.0105013 0.0105812 20.9099
vn -0.00889118 0.0123041 20.9099
vn -2.37835 3.27099 20.5151
vn -0.0067492 0.0133375 20.9099
vn -2.37587 3.27277 20.5151
vn -0.00234433 0.0147799 20.9099
vn -2.19118e-05 0.0150248 20.9099
vn -0.00144629 4.59597 20.3986
vn 0.00141616 4.59597 20.3986
vn -2.56942 0.83677 20.7346
vn -2.57071 0.833395 20.7345
vn -0.00235776 -0.0147681 20.9099
vn -0.00186542 -3.8134 20.5592
vn -3.35597e-05 -0.015045 20.9099
vn 0.00181545 -3.81341 20.5592
vn 0.00233842 -0.0147681 20.9099
vn 0.00233541 -0.0147685 20.9099
vn 0.00456851 -0.01404 20.9099
vn 0.00954922 -2.40521e-05 20.9099
vn 0.00679237 -0.0133142 20.9099
vn 0.00868186 -0.0119476 20.9099
vn 0.0119651 -0.00868996 20.9099
vn 0.0105697 -0.0105806 20.9099
vn 0.00875796 -0.0122498 20.9099
vn 0.0133545 -0.00680124 20.9099
vn 0.0140539 -0.00456317 20.9099
vn 0.014764 -1.61702e-05 20.9099
vn 0.0147507 -0.0023253 20.9099
vn 0.0143404 -0.00472691 20.9099
vn 0.0147762 0.00231515 20.9099
vn 0.0140539 0.00454421 20.9099
vn 3.12715 1.01438 20.6498
vn 0.0119071 0.00868657 20.9099
vn 0.0133321 0.00677411 20.9099
vn 0.0143709 0.00466682 20.9099
vn 3.12621 1.01747 20.6498
vn 0.0104832 0.0106011 20.9099
vn 1.91344 2.63095 20.6553
vn 0.00862876 0.0119508 20.9099
vn 0.00889382 0.0121607 20.9099
vn 1.91088 2.63278 20.6553
vn 0.0067759 0.0133005 20.9099
vn 0.00454671 0.0140447 20.9099
vn 0.00233778 0.0147799 20.9099
vn 0.00233735 0.0147808 20.9099
vn 4.69164 -1.5258 20.3196
vn 4.69254 -1.5234 20.3195
vn 2.70467 -3.72506 20.3969
vn 2.70684 -3.72337 20.3969
vn 18.0525 9.19827 -5.16928
vn 18.0525 9.19827 -5.16928
vn 14.3266 14.3266 -5.16924
vn 14.3266 14.3266 -5.16924
vn 14.3266 14.3266 -5.16924
vn 14.3266 14.3266 -5.16923
vn 9.19829 18.0525 -5.16926
vn 9.19829 18.0525 -5.16926
vn 3.16953 20.0114 -5.16924
vn 3.16953 20.0114 -5.16924
vn 3.16953 20.0114 -5.16924
vn 3.16953 20.0114 -5.16924
vn 3.16915 -20.0115 -5.16925
vn 3.16915 -20.0115 -5.16925
vn 3.16915 -20.0115 -5.16925
vn 9.19816 -18.0526 -5.16923
vn 9.19816 -18.0526 -5.16923
vn 9.19816 -18.0526 -5.16923
vn 9.19816 -18.0526 -5.16923
vn 14.327 -14.3262 -5.16923
vn 14.327 -14.3262 -5.16923
vn 14.327 -14.3262 -5.16923
vn 18.0527 -9.19801 -5.16927
vn 18.0527 -9.19801 -5.16927
vn 18.0527 -9.19801 -5.16927
vn 20.0114 -3.16959 -5.16923
vn 20.0114 -3.16959 -5.16923
vn 20.0114 -3.16959 -5.16923
vn 20.0114 -3.16959 -5.16923
vn 20.0114 3.16963 -5.16926
vn 20.0114 3.16963 -5.16926
vn 20.0114 3.16963 -5.16926
vn 17.3236 8.82684 -7.69438
vn 17.3236 8.82684 -7.69438
vn 17.3236 8.82684 -7.69438
vn 13.7481 13.7481 -7.69433
vn 13.7481 13.7481 -7.69433
vn 13.7481 13.7481 -7.69433
vn 13.7481 13.7481 -7.69433
vn 8.82688 17.3236 -7.69436
vn 8.82688 17.3236 -7.69436
vn 8.82688 17.3236 -7.69436
vn 8.82688 17.3236 -7.69436
vn 3.04149 19.2034 -7.69434
vn 3.04149 19.2034 -7.69434
vn 3.04149 19.2034 -7.69434
vn 3.04115 -19.2034 -7.69435
vn 3.04115 -19.2034 -7.69435
vn 3.04115 -19.2034 -7.69435
vn 3.04115 -19.2034 -7.69435
vn 8.82674 -17.3237 -7.69433
vn 8.82674 -17.3237 -7.69433
vn 8.82674 -17.3237 -7.69433
vn 13.7485 -13.7477 -7.69433
vn 13.7485 -13.7477 -7.69433
vn 13.7485 -13.7477 -7.69433
vn 17.3237 -8.82662 -7.69438
vn 17.3237 -8.82662 -7.69438
vn 17.3237 -8.82662 -7.69438
vn 19.2034 -3.04162 -7.69433
vn 19.2034 -3.04162 -7.69433
vn 19.2034 -3.04162 -7.69433
vn 19.2034 -3.04162 -7.69433
vn 19.2034 3.04168 -7.69435
vn 19.2034 3.04168 -7.69435
vn 19.2034 3.04168 -7.69435
vn 19.2034 3.04168 -7.69435
vn 15.5922 7.94465 -11.4451
vn 15.5922 7.94465 -11.4451
vn 15.5922 7.94465 -11.4451
vn 12.3741 12.374 -11.445
vn 12.3741 12.374 -11.445
vn 12.3741 12.374 -11.445
vn 7.94469 15.5922 -11.4451
vn 7.94469 15.5922 -11.4451
vn 7.94469 15.5922 -11.4451
vn 2.73733 17.2842 -11.445
vn 2.73733 17.2842 -11.445
vn 2.73733 17.2842 -11.445
vn 2.73708 -17.2842 -11.445
vn 2.73708 -17.2842 -11.445
vn 2.73708 -17.2842 -11.445
vn 2.73708 -17.2842 -11.445
vn 7.9446 -15.5923 -11.445
vn 12.3745 -12.3737 -11.445
vn 12.3745 -12.3737 -11.445
vn 15.5923 -7.94448 -11.4451
vn 15.5923 -7.94449 -11.4451
vn 15.5923 -7.94448 -11.4451
vn 15.5923 -7.94449 -11.4451
vn 17.2841 -2.73761 -11.445
vn 17.2841 -2.73761 -11.445
vn 17.2841 -2.73761 -11.445
vn 17.2841 2.73764 -11.445
vn 17.2841 2.73764 -11.445
vn 17.2841 2.73764 -11.445
vn 13.0969 6.67331 -14.8715
vn 13.0969 6.67331 -14.8715
vn 13.0969 6.67331 -14.8715
vn 13.0969 6.67331 -14.8715
vn 10.3938 10.3938 -14.8715
vn 10.3938 10.3938 -14.8715
vn 10.3938 10.3938 -14.8715
vn 6.67315 13.0969 -14.8716
vn 6.67315 13.0969 -14.8716
vn 6.67314 13.0969 -14.8716
vn 2.29873 14.5182 -14.8715
vn 2.29873 14.5182 -14.8715
vn 2.29873 14.5182 -14.8715
vn 2.29873 14.5182 -14.8715
vn 2.29842 -14.5182 -14.8715
vn 2.29842 -14.5182 -14.8715
vn 6.67352 -13.0969 -14.8715
vn 6.67351 -13.0969 -14.8715
vn 6.67351 -13.0968 -14.8715
vn 6.67352 -13.0968 -14.8715
vn 10.394 -10.3936 -14.8715
vn 10.394 -10.3936 -14.8715
vn 10.394 -10.3936 -14.8715
vn 13.0969 -6.67315 -14.8715
vn 13.0969 -6.67315 -14.8715
vn 13.0969 -6.67315 -14.8715
vn 13.0969 -6.67315 -14.8715
vn 14.5181 -2.29947 -14.8715
vn 14.5181 -2.29947 -14.8715
vn 14.5181 -2.29947 -14.8715
vn 14.5181 2.29942 -14.8715
vn 14.5181 2.29942 -14.8715
vn 14.5181 2.29942 -14.8715
vn 17.3477 -8.83912 -7.62563
vn 17.3477 -8.83912 -7.62563
vn 17.3477 -8.83911 -7.62562
vn 17.3477 -8.83911 -7.62562
vn 17.3477 -8.8391 -7.62562
vn 15.5749 13.5152 -3.46179
vn 15.5679 13.5895 -3.19218
vn 15.6586 13.4401 -3.37558
vn 15.633 13.3913 -3.67497
vn 15.0509 14.5153 -0.00544374
vn 15.2776 14.2765 -0.000789983
vn 14.8089 14.7621 -0.0085293
vn 14.8137 14.7573 -0.00847061
vn 14.7958 14.7753 -0.0083039
vn 15.2776 14.2765 -0.00100141
vn 15.2776 14.2765 -0.000185795
vn 15.6659 13.4573 -3.27167
vn 15.6938 13.2537 -3.90739
vn -1.67933 -20.5656 -3.38498
vn -1.56441 -20.5016 -3.80247
vn -1.3905 -20.4615 -4.07627
vn -1.432 -20.5232 -3.73796
vn -3.23411 -20.6583 -0.00826243
vn -1.3363 -20.4871 -3.96422
vn -1.20551 -20.4135 -4.36586
vn -3.23516 -20.658 -0.0768939
vn -3.26452 -20.6535 -0.00820869
vn -3.2648 -20.6533 -0.0761913
vn -3.23494 -20.658 -0.0850057
vn -1.20551 -20.4135 -4.36586
vn -3.2648 -20.6533 -0.0843931
vn -3.93518 -20.5363 0
vn -3.93518 -20.5363 0
vn -3.93518 -20.5363 0
vn 14.7857 -14.7853 2.82638e-05
vn 20.6524 -3.2713 9.41205e-06
vn 13.062 16.3281 -0.04955
vn 13.062 16.3281 -0.04955
vn 13.062 16.3281 -0.04955
vn 13.062 16.3281 -0.04955
vn 13.062 16.3281 -0.04955
vn 10.6552 -10.2697 -14.7724
vn 10.6546 -10.2687 -14.7735
vn 10.6546 -10.2687 -14.7735
vn 10.6546 -10.2687 -14.7735
vn 10.6552 -10.2697 -14.7724
vn 10.6612 -10.2785 -14.7619
vn 10.6612 -10.2785 -14.7619
vn 14.3011 15.2546 0
vn 14.3012 15.2545 -6.52127e-06
vn 14.7957 14.7754 -0.00830392
vn 14.3012 15.2545 -1.20435e-06
vn 14.3012 15.2545 -1.35127e-06
vn 14.3012 15.2545 -1.14942e-05
vn 14.3012 15.2545 -1.35127e-06
vn 10.1124 10.7873 14.7851
vn 10.1124 10.7873 14.7851
vn 9.97671 10.6467 14.9779
vn 9.97671 10.6467 14.9779
vn 12.7209 1.69781 16.5082
vn 9.97546 10.6173 14.9995
vn 12.987 -6.60001 15
vn 12.9779 -6.61498 15.0014
vn -2.78218 -14.5221 14.7848
vn -2.78218 -14.5221 14.7848
vn -2.78269 -14.5217 14.7851
vn -2.78275 -14.5217 14.7851
vn -2.78275 -14.5217 14.7851
vn 20.6003 3.58488 6.92282e-05
vn 20.6003 3.58488 6.92282e-05
vn 20.6003 3.58488 6.92282e-05
vn 10.0611 10.7061 -14.8787
vn 11.9975 5.60779 -16.1814
vn 10.0457 10.7185 -14.8802
vn 13.1263 -6.48984 -14.9267
vn 13.4095 -6.6365 -14.607
vn 13.4066 -6.63543 -14.6102
vn 10.0457 10.7185 -14.8802
vn 14.5452 -7.04173 -13.2693
vn 14.5452 -7.04173 -13.2693
vn 1.63412e-05 2.84085e-05 20.9099
vn 0 2.39837e-05 20.9099
vn 0 2.39837e-05 20.9099
vn 1.63412e-05 2.84085e-05 20.9099
vn 1.97411e-05 2.93291e-05 20.9099
vn 0.262981 0.219102 -20.9071
vn 0.26262 0.219368 -20.9071
vn 0.259325 0.22179 -20.9071
vn 0.259325 0.22179 -20.9071
vn 0.287541 0.201042 -20.907
vn 0.287541 0.201042 -20.907
vn 13.4097 -6.27614 14.7653
vn 13.4097 -6.27614 14.7653
vn 13.4097 -6.27614 14.7653
vn 19.7812 -3.80167 5.61034
vn 19.7812 -3.80167 5.61034
vn 9.81634 -18.4622 0.094089
vn 9.81654 -18.4622 0.0743331
vn 9.52436 -18.6145 -0.0947899
vn 9.52436 -18.6145 -0.0947898
vn 9.18144 -17.3988 7.08555
vn 9.51123 -18.6213 -0.0939691
vn 9.51123 -18.6213 -0.0939691
vn 9.19967 -18.7774 0.002579
vn 9.19967 -18.7774 0.0025778
vn 9.17593 -18.7629 0.99053
vn 14.7139 -14.3661 3.78672
vn 14.7139 -14.3661 3.78672
vn 14.6936 -14.387 3.78601
vn 14.6931 -14.3875 3.786
vn 14.4739 -14.6101 3.77798
vn 0.0041585 -0.399777 20.9061
vn 0.0041585 -0.399777 20.9061
vn 0.00017075 -0.417058 20.9057
vn -0.000446718 -0.419734 20.9057
vn -0.0343795 -0.566772 20.9022
vn -0.0343795 -0.566772 20.9022
vn 14.8672 -14.7034 0.0110952
vn 14.8775 -14.693 0.010206
vn 14.8775 -14.693 0.010206
vn 14.8676 -14.703 0.0110607
vn 14.7698 -14.8012 0.0194457
vn 14.7698 -14.8012 0.0194457
vn -0.47626 0.155143 -20.9039
vn -0.713642 0.232104 -20.8964
vn -0.606939 0.441258 -20.8964
vn -0.405212 0.294627 -20.9039
vn -0.500956 0.00023959 -20.9039
vn -0.126138 7.65043e-05 -20.9095
vn -0.441078 0.607326 -20.8964
vn -0.754291 0.548016 -20.8891
vn -0.547743 0.754517 -20.8891
vn -0.294776 0.405398 -20.9039
vn -0.154591 0.476429 -20.9039
vn -0.079115 0.500838 -20.9037
vn -0.232082 0.714062 -20.8964
vn -0.287932 0.8875 -20.8891
vn -0.119698 0.750804 -20.8961
vn -0.148464 0.933465 -20.8885
vn -0.886693 0.288161 -20.8891
vn -0.750902 0.000120667 -20.8964
vn -0.933552 -0.000110167 -20.889
vn -0.0789852 -0.501338 -20.9037
vn -0.118274 -0.750381 -20.8961
vn -0.231718 -0.713764 -20.8964
vn -0.154908 -0.476867 -20.9039
vn -0.441466 -0.607448 -20.8964
vn -0.295236 -0.405583 -20.9039
vn -0.405502 -0.294839 -20.9039
vn -0.476054 -0.155067 -20.9039
vn -0.607207 -0.441717 -20.8964
vn -0.713867 -0.232272 -20.8964
vn -0.14647 -0.931618 -20.8886
vn -0.287778 -0.886162 -20.8891
vn -0.548087 -0.754407 -20.8891
vn -0.753877 -0.548672 -20.8891
vn -0.887576 -0.288515 -20.8891
vn -19.8836 6.46054 -0.35618
vn -19.8865 6.46149 -2.5253e-07
vn -16.9165 12.2905 -1.26265e-07
vn -16.914 12.2888 -0.356196
vn -20.9034 -0.406609 -0.324176
vn -19.6465 6.38348 -3.23908
vn -20.6575 -2.13151e-05 -3.23918
vn -12.2905 16.9165 -6.31324e-08
vn -12.2888 16.914 -0.3562
vn -16.7122 12.1423 -3.23913
vn -7.17629 19.6399 -5.92665e-07
vn -12.2905 16.9165 -1.92557e-06
vn -8.70619 19.0112 0
vn -6.48827 19.8745 -0.359344
vn -12.1423 16.7122 -3.23917
vn -3.27088 20.6525 -1.61134e-06
vn -9.4929 18.6308 0
vn -16.9165 12.2905 -3.36975e-06
vn -12.2905 16.9165 -1.88728e-07
vn -9.49289 18.6309 0
vn -16.9165 12.2905 -1.88727e-07
vn -12.2905 16.9165 0
vn -19.8865 6.46149 -2.88836e-06
vn -19.8865 6.46149 2.59501e-07
vn -16.9165 12.2905 2.81092e-07
vn -12.2905 16.9165 2.72125e-06
vn -7.19611 19.6326 1.34317e-05
vn -16.9164 12.2905 9.52438e-06
vn -19.8865 6.46149 8.19853e-07
vn -20.8994 -0.621931 -0.226751
vn -20.9099 -1.67005e-05 -3.06686e-07
vn -19.8865 6.46149 7.14329e-06
vn -20.9099 -1.80142e-05 2.70551e-06
vn -20.9099 2.13305e-05 -3.00299e-06
vn -20.9092 -0.17602 -0.00601123
vn -3.27041 20.6495 -0.358106
vn -6.38337 19.6465 -3.23915
vn -3.23242 20.4092 -3.20026
vn -3.27043 -20.6496 -0.351801
vn -3.2709 -20.6525 -4.98824e-07
vn -6.4614 -19.8865 -2.52526e-07
vn -6.46047 -19.8836 -0.356203
vn -3.23227 -20.4092 -3.20018
vn -3.2709 -20.6525 -7.60719e-06
vn -6.4614 -19.8865 -3.85108e-06
vn -12.4798 -16.7773 -0.00671453
vn -12.8241 -16.5136 -0.258586
vn -12.6561 -16.6416 -0.320359
vn -6.38339 -19.6465 -3.23918
vn -16.534 -12.8005 -0.00271682
vn -15.1097 -14.4468 -0.458052
vn -12.2905 -16.9165 -7.5491e-07
vn -14.7855 -14.7855 -1.49123e-06
vn -6.4614 -19.8865 0
vn -12.2905 -16.9165 -3.7479e-07
vn -14.7855 -14.7855 -7.40352e-07
vn -3.27091 -20.6525 0
vn -6.4614 -19.8865 -3.74783e-07
vn -3.27091 -20.6525 -7.40324e-07
vn -16.6954 -12.5836 -0.373003
vn -20.0844 -5.81711 -0.00393116
vn -12.1423 -16.7121 -3.23923
vn -19.9996 -6.09064 -0.37798
vn -16.7123 -12.1421 -3.23913
vn -20.5801 -3.67721 -0.403066
vn -19.6465 -6.38331 -3.23913
vn -20.6525 -3.271 -1.11835e-06
vn -20.6525 -3.271 4.28016e-06
vn -17.0074 -8.66572 -8.53675
vn -17.0074 -8.66571 -8.53675
vn -17.0074 -8.66572 -8.53675
vn -17.2026 -8.76515 -8.0292
vn -17.3027 -8.81621 -7.75328
vn -18.6491 -9.45696 0.00222303
vn -18.6486 -9.45793 0.00400431
vn -18.6425 -9.46996 0.0264022
vn -18.6306 -9.49313 0.0703902
vn -18.6306 -9.49313 0.0703902
vn -18.6486 -9.45798 -0.00241343
vn -18.6497 -9.45584 7.69296e-05
vn -18.6416 -9.47168 -0.0184742
vn -18.6496 -9.45595 -0.000141186
vn -18.6309 -9.49265 -0.042938
vn -18.6309 -9.49264 -0.042938
vn -18.6309 -9.49265 -0.042938
vn -19.8865 6.46148 1.15281e-05
vn -16.9165 12.2905 1.53708e-05
vn -20.9099 1.66003e-05 -7.86561e-06
vn -20.6524 -3.27112 -6.49199e-06
vn -19.8865 -6.46147 -1.73272e-06
vn -19.8816 -6.47658 -1.66022e-06
vn -18.6308 -9.49306 1.31991e-05
vn -16.9164 -12.2906 1.54658e-05
vn -18.6309 -9.49274 1.31991e-05
vn -16.9258 -12.2777 1.54553e-05
vn -14.7856 -14.7855 2.15483e-05
vn -14.1069 -15.4343 1.49363e-05
vn -12.4378 -16.8085 2.29705e-05
vn -13.1651 -16.2451 2.33908e-05
vn -12.2905 16.9165 4.39164e-06
vn -6.46139 19.8865 1.75662e-05
vn -3.2709 20.6525 3.46993e-05
vn -3.27089 20.6525 3.46993e-05
vn -3.27091 -20.6525 -2.73344e-12
vn -3.27092 -20.6525 3.46997e-05
vn -6.46141 -19.8865 3.51329e-05
vn -6.4614 -19.8865 1.21559e-05
vn -3.27096 -20.6525 0.000102818
vn -6.46144 -19.8865 5.20509e-05
vn 0.938405 -0.304864 20.8866
vn 0.937877 -0.30475 20.8866
vn 0.797778 -0.579702 20.8866
vn 0.797934 -0.579889 20.8866
vn 0.986851 7.14365e-07 20.8866
vn 0.93777 -0.304725 20.8866
vn 0.579709 -0.797904 20.8866
vn 0.797795 -0.579656 20.8866
vn 0.579766 -0.798124 20.8866
vn 0.304768 -0.937901 20.8866
vn 0.579684 -0.797846 20.8866
vn 0.937918 -0.304768 20.8866
vn 0.798041 -0.579697 20.8866
vn 0.304771 -0.937838 20.8866
vn 0.579604 -0.797875 20.8866
vn 0.156146 -0.986066 20.886
vn 0.15618 -0.986 20.8861
vn 0.304533 -0.937932 20.8866
vn 0.304592 -0.938207 20.8866
vn 0.155974 -0.986441 20.886
vn 0.156126 -0.986148 20.886
vn 0.986252 1.05787e-06 20.8866
vn 0.986099 9.79058e-07 20.8866
vn 0.937768 0.304782 20.8866
vn 0.98623 7.32604e-07 20.8866
vn 0.937947 0.304739 20.8866
vn 0.938013 0.304735 20.8866
vn 0.937992 0.304733 20.8866
vn 0.155978 0.985258 20.8861
vn 0.15613 0.985824 20.8861
vn 0.304633 0.937621 20.8866
vn 0.304396 0.937076 20.8867
vn 0.156169 0.986003 20.8861
vn 0.579531 0.797615 20.8866
vn 0.304728 0.93779 20.8866
vn 0.579165 0.797143 20.8867
vn 0.797826 0.579555 20.8866
vn 0.579656 0.797757 20.8866
vn 0.156165 0.98614 20.886
vn 0.304835 0.937919 20.8866
vn 0.797838 0.579629 20.8866
vn 0.579753 0.797865 20.8866
vn 0.797538 0.579318 20.8866
vn 0.797527 0.579709 20.8866
vn 14.472 -7.37222 13.1695
vn 14.4728 -7.37055 13.1695
vn 13.0796 -9.49191 13.2685
vn 13.0795 -9.49201 13.2684
vn 13.0785 -9.49339 13.2684
vn 14.472 -7.37236 13.1694
vn 14.4715 -7.37213 13.1701
vn 14.4716 -7.37199 13.1701
vn 14.4723 -7.37023 13.1702
vn 14.4711 -7.37329 13.1699
vn 14.4715 -7.37349 13.1694
vn 13.0785 -9.49348 13.2684
vn 11.4829 -11.4849 13.1706
vn 11.4823 -11.4855 13.1706
vn 11.4829 -11.4848 13.1706
vn 11.4831 -11.4851 13.1702
vn 11.4826 -11.4857 13.1701
vn 11.4831 -11.485 13.1702
vn 11.4839 -11.4839 13.1706
vn 11.484 -11.4842 13.1702
vn 7.37475 -14.4707 13.1695
vn 7.37647 -14.4698 13.1695
vn 5.01606 -15.3625 13.2686
vn 5.01602 -15.3626 13.2685
vn 5.01442 -15.3631 13.2685
vn 7.37462 -14.4707 13.1695
vn 7.37438 -14.4703 13.1702
vn 7.37449 -14.4702 13.1702
vn 7.3761 -14.4692 13.1703
vn 7.37363 -14.4709 13.1699
vn 7.37376 -14.4713 13.1694
vn 5.01452 -15.3632 13.2684
vn 2.53897 -16.0409 13.1707
vn 2.53823 -16.041 13.1707
vn 2.53907 -16.0408 13.1707
vn 2.53881 -16.0412 13.1704
vn 2.53824 -16.0412 13.1704
vn 2.53889 -16.0412 13.1704
vn 2.54023 -16.0406 13.1708
vn 2.53993 -16.0411 13.1703
vn 2.53908 16.0412 13.1702
vn 2.53708 16.0414 13.1704
vn 2.53716 16.0421 13.1696
vn 2.53909 16.0418 13.1696
vn 2.53925 16.0417 13.1696
vn 2.53923 16.0412 13.1702
vn 4.95185 15.3834 13.2686
vn 4.952 15.3834 13.2685
vn 4.95357 15.3829 13.2685
vn 2.5404 16.0412 13.1701
vn 2.5405 16.0417 13.1694
vn 4.95372 15.3829 13.2684
vn 7.37441 14.4698 13.1706
vn 7.37322 14.4704 13.1706
vn 7.37431 14.4699 13.1707
vn 7.37512 14.4695 13.1706
vn 7.3748 14.47 13.1702
vn 7.37332 14.4709 13.1701
vn 7.37472 14.4701 13.1702
vn 7.37507 14.4698 13.1703
vn 11.483 11.4853 13.1701
vn 11.4817 11.4866 13.1701
vn 11.4823 11.4869 13.1693
vn 11.4835 11.4856 13.1695
vn 11.4836 11.4855 13.1695
vn 11.4831 11.4852 13.1701
vn 13.0748 9.49873 13.2683
vn 13.0747 9.49865 13.2684
vn 13.0757 9.49731 13.2684
vn 11.4845 11.4846 13.1694
vn 11.4845 11.4843 13.1697
vn 13.076 9.49719 13.2682
vn 14.4712 7.37183 13.1706
vn 14.4707 7.373 13.1704
vn 14.4711 7.37193 13.1706
vn 14.472 7.37095 13.1702
vn 14.4715 7.37199 13.1702
vn 14.4714 7.37209 13.1702
vn 14.4709 7.37321 13.1701
vn 14.4719 7.37121 13.1701
vn 16.0414 2.54218 13.1694
vn 16.0412 2.54399 13.1694
vn 16.1607 -0.04869 13.2685
vn 16.1608 -0.0487561 13.2684
vn 16.0409 2.54208 13.1701
vn 16.0414 2.54202 13.1694
vn 16.1608 -0.0504314 13.2684
vn 16.0406 2.54389 13.1702
vn 16.041 2.54193 13.17
vn 16.0416 2.54082 13.1694
vn 16.0413 2.54072 13.1699
vn 16.1608 -0.050528 13.2684
vn 16.0405 -2.54202 13.1706
vn 16.0405 -2.54191 13.1706
vn 16.0403 -2.54289 13.1706
vn 16.0408 -2.542 13.1702
vn 16.0408 -2.5421 13.1702
vn 16.0405 -2.54071 13.1708
vn 16.0411 -2.5407 13.17
vn 16.0407 -2.54284 13.1702
vn -18.0525 9.19826 -5.16928
vn -18.0525 9.19826 -5.16928
vn -18.0525 9.19826 -5.16928
vn -14.3266 14.3266 -5.16923
vn -14.3266 14.3266 -5.16923
vn -14.3266 14.3266 -5.16923
vn -9.19829 18.0525 -5.16926
vn -9.19829 18.0525 -5.16926
vn -9.19829 18.0525 -5.16926
vn -3.16953 20.0114 -5.16924
vn -3.16953 20.0114 -5.16924
vn -3.16952 20.0114 -5.16924
vn -3.16953 20.0114 -5.16924
vn -3.16915 -20.0115 -5.16926
vn -3.16915 -20.0115 -5.16925
vn -3.16915 -20.0115 -5.16926
vn -9.19816 -18.0526 -5.16923
vn -9.19816 -18.0526 -5.16923
vn -9.19816 -18.0526 -5.16923
vn -9.19816 -18.0526 -5.16923
vn -14.327 -14.3262 -5.16923
vn -14.327 -14.3262 -5.16923
vn -14.327 -14.3262 -5.16923
vn -14.327 -14.3262 -5.16924
vn -18.0527 -9.19802 -5.16927
vn -18.0527 -9.19802 -5.16927
vn -18.0527 -9.19802 -5.16927
vn -18.0527 -9.19802 -5.16927
vn -20.0114 -3.16959 -5.16923
vn -20.0114 -3.16959 -5.16923
vn -20.0114 -3.16959 -5.16923
vn -20.0114 3.16964 -5.16926
vn -20.0114 3.16964 -5.16926
vn -20.0114 3.16963 -5.16926
vn -17.3236 8.82683 -7.69438
vn -17.3236 8.82683 -7.69438
vn -17.3236 8.82683 -7.69438
vn -17.3236 8.82683 -7.69438
vn -13.7481 13.7481 -7.69433
vn -13.7481 13.7481 -7.69433
vn -13.7481 13.7481 -7.69433
vn -13.7481 13.7481 -7.69433
vn -8.82688 17.3236 -7.69436
vn -8.82688 17.3236 -7.69436
vn -8.82688 17.3236 -7.69436
vn -3.04149 19.2034 -7.69434
vn -3.04149 19.2034 -7.69434
vn -3.04149 19.2034 -7.69434
vn -3.04149 19.2034 -7.69434
vn -3.04115 -19.2034 -7.69436
vn -3.04115 -19.2034 -7.69436
vn -3.04115 -19.2034 -7.69435
vn -3.04115 -19.2034 -7.69435
vn -8.82674 -17.3237 -7.69433
vn -8.82674 -17.3237 -7.69433
vn -8.82674 -17.3237 -7.69433
vn -8.82674 -17.3237 -7.69433
vn -13.7485 -13.7477 -7.69433
vn -13.7485 -13.7477 -7.69433
vn -13.7485 -13.7477 -7.69433
vn -13.7485 -13.7477 -7.69433
vn -17.3237 -8.82662 -7.69438
vn -17.3237 -8.82663 -7.69438
vn -17.3237 -8.82662 -7.69438
vn -19.2034 -3.04161 -7.69433
vn -19.2034 -3.04161 -7.69433
vn -19.2034 -3.04161 -7.69433
vn -19.2034 -3.04161 -7.69433
vn -19.2034 3.04167 -7.69435
vn -19.2034 3.04167 -7.69434
vn -19.2034 3.04167 -7.69435
vn -19.2034 3.04167 -7.69434
vn -15.5922 7.94465 -11.4451
vn -15.5922 7.94465 -11.4451
vn -15.5922 7.94465 -11.4451
vn -15.5922 7.94465 -11.4451
vn -12.3741 12.3741 -11.445
vn -12.3741 12.3741 -11.445
vn -7.9447 15.5922 -11.4451
vn -7.9447 15.5922 -11.4451
vn -7.9447 15.5922 -11.4451
vn -2.73733 17.2842 -11.445
vn -2.73733 17.2842 -11.445
vn -2.73733 17.2842 -11.445
vn -2.73708 -17.2842 -11.445
vn -2.73708 -17.2842 -11.445
vn -7.94459 -15.5923 -11.445
vn -7.94459 -15.5923 -11.445
vn -7.94459 -15.5923 -11.445
vn -7.94459 -15.5923 -11.445
vn -12.3745 -12.3737 -11.445
vn -12.3745 -12.3737 -11.445
vn -12.3745 -12.3737 -11.445
vn -15.5923 -7.94448 -11.4451
vn -15.5923 -7.94448 -11.4451
vn -15.5923 -7.94448 -11.4451
vn -15.5923 -7.94448 -11.4451
vn -17.2841 -2.73761 -11.445
vn -17.2841 -2.73761 -11.445
vn -17.2841 -2.73761 -11.445
vn -17.2841 -2.73761 -11.445
vn -17.2841 2.73764 -11.445
vn -17.2841 2.73764 -11.445
vn -13.0969 6.67332 -14.8715
vn -13.0969 6.67332 -14.8715
vn -13.0969 6.67332 -14.8715
vn -13.0969 6.67332 -14.8715
vn -10.3938 10.3938 -14.8715
vn -10.3938 10.3938 -14.8715
vn -10.3938 10.3938 -14.8715
vn -10.3938 10.3938 -14.8715
vn -6.67323 13.0969 -14.8715
vn -6.67323 13.0969 -14.8715
vn -6.67323 13.0969 -14.8715
vn -6.67323 13.0969 -14.8715
vn -2.2988 14.5182 -14.8715
vn -2.2988 14.5182 -14.8715
vn -2.2988 14.5182 -14.8715
vn -2.2985 -14.5182 -14.8715
vn -2.2985 -14.5182 -14.8715
vn -6.67347 -13.0969 -14.8715
vn -6.67347 -13.0969 -14.8715
vn -6.67347 -13.0969 -14.8715
vn -6.67347 -13.0969 -14.8715
vn -10.394 -10.3936 -14.8715
vn -10.394 -10.3936 -14.8715
vn -10.394 -10.3936 -14.8715
vn -13.0969 -6.67315 -14.8715
vn -13.0969 -6.67315 -14.8715
vn -13.0969 -6.67315 -14.8715
vn -13.0969 -6.67315 -14.8715
vn -14.5181 -2.29948 -14.8715
vn -14.5181 -2.29948 -14.8715
vn -14.5181 -2.29948 -14.8715
vn -14.5181 2.29943 -14.8715
vn -14.5181 2.29943 -14.8715
vn -14.5181 2.29943 -14.8715
vn -14.5181 2.29943 -14.8715
vn -17.3477 -8.83912 -7.62567
vn -17.3477 -8.83911 -7.62562
vn -17.3477 -8.83911 -7.62562
vn -17.3477 -8.83912 -7.62567
vn -17.3477 -8.83911 -7.62561
vn -17.3477 -8.83911 -7.62561
vn -15.5749 13.5152 -3.46178
vn -15.633 13.3913 -3.67497
vn -15.6586 13.4401 -3.37558
vn -15.5678 13.5895 -3.19218
vn -15.6938 13.2537 -3.90739
vn -15.6659 13.4573 -3.27167
vn -15.2776 14.2765 -0.000187353
vn -15.2776 14.2765 -0.00100173
vn -15.2776 14.2765 -0.00079068
vn -15.0509 14.5153 -0.00544277
vn -14.8137 14.7573 -0.00847059
vn -14.8088 14.7622 -0.00852929
vn -14.7956 14.7754 -0.00830392
vn -14.7957 14.7754 -0.0083039
vn -14.3012 15.2545 -7.10953e-06
vn -14.3011 15.2546 0
vn -14.3012 15.2545 -1.79279e-06
vn -14.3012 15.2545 -2.01149e-06
vn -14.3012 15.2545 -1.2154e-05
vn -14.3012 15.2545 -2.01149e-06
vn 1.67928 -20.5656 -3.38498
vn 1.432 -20.5232 -3.73795
vn 1.39048 -20.4615 -4.07626
vn 1.56436 -20.5017 -3.80247
vn 3.23411 -20.6583 -0.00826243
vn 3.23516 -20.658 -0.0768939
vn 1.3363 -20.4871 -3.96422
vn 1.20551 -20.4135 -4.36585
vn 3.23494 -20.658 -0.0850057
vn 3.26452 -20.6535 -0.00820869
vn 3.2648 -20.6533 -0.0761913
vn 3.2648 -20.6533 -0.0843931
vn 3.93518 -20.5363 0
vn 3.93517 -20.5363 0
vn 3.93518 -20.5363 0
vn -14.7857 -14.7853 2.82638e-05
vn -17.9689 10.6931 0
vn -17.9689 10.6932 0
vn -17.9689 10.6932 0
vn -17.9689 10.6931 0
vn -17.9689 10.6931 0
vn -17.9689 10.6931 0
vn -17.9689 10.6931 -5.36872e-06
vn -17.9689 10.6931 -5.53599e-06
vn -17.9689 10.6931 -6.74293e-06
vn -20.6524 -3.27131 9.71567e-06
vn -13.062 16.3281 -0.0495501
vn -13.062 16.3281 -0.0495501
vn -13.062 16.3281 -0.04955
vn -13.062 16.3281 -0.0495501
vn -10.6541 -10.269 -14.7737
vn -10.6541 -10.269 -14.7737
vn -10.6548 -10.2699 -14.7726
vn -10.6548 -10.2699 -14.7726
vn -10.6613 -10.2784 -14.762
vn -10.6613 -10.2784 -14.762
vn -10.1113 10.7876 14.7855
vn -9.97559 10.647 14.9784
vn -9.97559 10.647 14.9784
vn -10.1113 10.7876 14.7855
vn -9.97435 10.6176 15.0001
vn -12.7206 1.69782 16.5084
vn -12.9874 -6.59988 14.9998
vn -12.9782 -6.61485 15.0011
vn -12.9782 -6.61484 15.0011
vn 2.78266 -14.5221 14.7847
vn 2.78287 -14.5218 14.785
vn 2.78287 -14.5218 14.785
vn 2.78266 -14.5221 14.7847
vn 2.7829 -14.5218 14.785
vn 2.7829 -14.5218 14.785
vn -20.6003 3.58489 7.00493e-05
vn -20.6003 3.58489 7.00493e-05
vn -20.6003 3.58489 7.00493e-05
vn -10.0453 10.7186 -14.8805
vn -11.9968 5.60791 -16.1818
vn -10.0607 10.7062 -14.879
vn -13.1253 -6.49009 -14.9274
vn -10.0453 10.7186 -14.8805
vn -13.4052 -6.63592 -14.6113
vn -13.4081 -6.637 -14.6081
vn -14.542 -7.04325 -13.2721
vn -14.542 -7.04325 -13.2721
vn -4.44273e-05 2.84085e-05 20.9099
vn -4.44273e-05 2.84085e-05 20.9099
vn -6.81949e-05 2.39837e-05 20.9099
vn -6.81949e-05 2.39837e-05 20.9099
vn -3.94823e-05 2.93291e-05 20.9099
vn -3.94822e-05 2.93291e-05 20.9099
vn -0.262891 0.219103 -20.9071
vn -0.259251 0.221791 -20.9071
vn -0.262532 0.219368 -20.9071
vn -0.287351 0.201042 -20.907
vn -0.287351 0.201042 -20.907
vn -13.4095 -6.27638 14.7654
vn -13.4095 -6.27638 14.7654
vn -13.4095 -6.27638 14.7654
vn -19.7808 -3.80368 5.61023
vn -19.7808 -3.80368 5.61023
vn -19.7808 -3.80368 5.61023
vn -9.81637 -18.4622 0.0940933
vn -9.52458 -18.6144 -0.0947919
vn -9.52458 -18.6144 -0.094792
vn -9.81656 -18.4622 0.074338
vn -9.18099 -17.3992 7.08519
vn -9.51145 -18.6211 -0.0939714
vn -9.51145 -18.6212 -0.0939715
vn -9.1996 -18.7774 0.00257513
vn -9.1996 -18.7774 0.00257633
vn -9.17418 -18.7637 0.991771
vn -14.7139 -14.3661 3.78672
vn -14.6932 -14.3875 3.78599
vn -14.6937 -14.387 3.78601
vn -14.7139 -14.3661 3.78672
vn -14.474 -14.6101 3.77797
vn -14.474 -14.6101 3.77797
vn -0.0041444 -0.399777 20.9061
vn 0.000475496 -0.419735 20.9057
vn -0.00014395 -0.417059 20.9057
vn -0.0041444 -0.399777 20.9061
vn 0.0345166 -0.566778 20.9022
vn -14.8672 -14.7034 0.011095
vn -14.8676 -14.703 0.0110605
vn -14.8775 -14.693 0.0102058
vn -14.8775 -14.693 0.0102058
vn -14.7698 -14.8012 0.0194458
vn -14.7698 -14.8012 0.0194458
vn -19.8865 -6.4615 0.00689179
vn -18.6308 -9.49291 -1.25458e-06
vn -18.6339 -9.48685 0.00687751
vn -20.6514 -3.27769 0.00688047
vn -20.6525 -3.27098 1.73711e-06
vn -14.7855 -14.7855 3.08819e-06
vn -12.2905 -16.9165 0.0068957
vn -14.7807 -14.7903 0.00688188
vn -9.49289 -18.6309 5.01831e-06
vn -9.49289 -18.6309 5.01831e-06
vn -9.49289 -18.6309 5.01831e-06
vn -9.49894 -18.6278 0.00688383
vn -3.27086 -20.6525 6.17604e-06
vn -3.27086 -20.6525 6.17604e-06
vn -3.27086 -20.6525 6.17604e-06
vn 1.65958e-07 -20.9099 0.00689404
vn -3.26415 -20.6535 0.0068841
vn 3.26415 -20.6535 0.00687833
vn 3.27086 -20.6525 3.86003e-07
vn 3.27086 -20.6525 3.86003e-07
vn 3.27086 -20.6525 3.86003e-07
vn 3.27086 -20.6525 3.86003e-07
vn 1.65958e-07 20.9099 0.00688664
vn -3.27084 20.6525 -1.93001e-06
vn -3.26413 20.6535 0.00687602
vn 3.27084 20.6525 -6.17605e-06
vn 3.26413 20.6535 0.00687178
vn -9.49288 18.6309 0
vn -12.2905 16.9165 0.00688945
vn -9.49894 18.6278 0.00687863
vn -14.7855 14.7855 -3.86025e-06
vn -14.7807 14.7903 0.00687475
vn -18.6308 9.49291 -3.08819e-06
vn -18.6308 9.49291 -3.08819e-06
vn -18.6308 9.49291 -3.08819e-06
vn -19.8865 6.46151 0.00689001
vn -18.6308 9.49291 -3.08819e-06
vn -18.6339 9.48685 0.00687556
vn -20.6525 3.27101 3.13644e-07
vn -20.6525 3.27101 3.13644e-07
vn -20.6514 3.27772 0.00687893
vn 18.6308 -9.49291 0
vn 19.8865 -6.4615 0.00689082
vn 18.6339 -9.48685 0.00687873
vn 20.6525 -3.27098 -1.37521e-06
vn 20.6514 -3.27769 0.00687734
vn 12.2905 -16.9165 0.00689763
vn 14.7855 -14.7855 5.79036e-06
vn 14.7807 -14.7903 0.00688455
vn 9.49289 -18.6309 6.17638e-06
vn 9.49289 -18.6309 6.17638e-06
vn 9.49894 -18.6278 0.00688497
vn 12.2905 16.9165 0.00688944
vn 9.4929 18.6308 -7.72048e-07
vn 9.4929 18.6308 -7.72048e-07
vn 9.49895 18.6278 0.00687786
vn 14.7855 14.7855 -3.08819e-06
vn 14.7807 14.7903 0.00687551
vn 19.8865 6.46151 0.00689287
vn 18.6309 9.49289 9.6506e-07
vn 18.6309 9.49289 9.6506e-07
vn 18.6339 9.48683 0.00687969
vn 20.6525 3.27102 1.73711e-06
vn 20.6514 3.27773 0.00688045
vn -11.5094 -3.73956 17.0521
vn -11.5093 -3.73956 17.0521
vn -7.11312 -9.79039 17.0521
vn -7.11312 -9.79039 17.0521
vn 0 -12.1015 17.0522
vn 0 12.1015 17.0522
vn 0 12.1015 17.0522
vn 0 12.1016 17.0522
vn -7.11314 9.79041 17.0521
vn -7.11314 9.79041 17.0521
vn -7.11315 9.79041 17.0521
vn -7.11315 9.79041 17.0521
vn -7.11332 9.79041 17.0521
vn -7.11332 9.79041 17.052
vn -11.5094 3.73962 17.0521
vn -11.5094 3.73962 17.0521
vn -11.5094 3.73962 17.0521
vn -11.5094 3.73962 17.0521
vn -11.5092 3.73967 17.0522
vn -11.5092 3.73967 17.0522
vn 11.5093 -3.73959 17.0521
vn 11.5093 -3.73959 17.0521
vn 11.5093 -3.7396 17.0521
vn 11.5093 -3.7396 17.0521
vn 11.5092 -3.73969 17.0522
vn 11.5092 -3.73969 17.0522
vn 7.11313 -9.79037 17.0521
vn 7.11313 -9.79037 17.0521
vn 7.11313 -9.79038 17.0521
vn 7.11313 -9.79038 17.0521
vn 7.11326 -9.79043 17.0521
vn 7.11323 9.79037 17.0521
vn 7.11324 9.79038 17.0521
vn 11.5093 3.73962 17.0521
vn 11.5093 3.73962 17.0521
vn 6.53771 -19.8613 -0.108875
vn 6.50489 -19.8723 -0.0617596
vn 6.51369 -19.8694 -0.0605889
vn 6.55292 -19.8563 -0.10665
vn 6.5026 -19.873 -0.058475
vn 6.51258 -19.8697 -0.0574404
vn 6.51559 -19.8688 -0.0587611
vn 6.55851 -19.8544 -0.105824
vn 6.52589 -19.8654 -0.0574655
vn 6.51602 -19.8686 -0.0555192
vn 6.49011 -19.8771 -0.0405992
vn 6.49727 -19.8748 -0.0400877
vn 6.52178 -19.8667 -0.0537811
vn 6.50093 -19.8736 -0.0398144
vn 6.5058 -19.872 -0.039448
vn 6.57689 -19.8484 -0.103034
vn 18.5876 9.47062 1.42533
vn 18.5877 9.47076 1.42351
vn 18.5882 9.46978 1.4235
vn 18.5881 9.46975 1.42532
vn 18.5884 9.46943 1.4235
vn 16.8853 12.2487 1.44207
vn 18.5882 9.46939 1.42532
vn 18.5889 9.46846 1.42353
vn 16.8863 12.2473 1.44207
vn 18.5888 9.46831 1.42534
vn 14.7511 14.7511 1.42542
vn 14.7511 14.7511 1.42541
vn 16.8866 12.2469 1.44208
vn 14.7512 14.7511 1.42542
vn 14.7511 14.7512 1.4254
vn 14.7511 14.7511 1.42543
vn 14.7512 14.7511 1.42543
vn 14.7511 14.7511 1.42547
vn 14.7512 14.751 1.42546
vn 16.8851 12.2489 1.44208
vn -18.4319 -9.39137 -3.04831
vn -18.4318 -9.39155 -3.04829
vn -18.4318 -9.39148 -3.04832
vn -18.4318 -9.39148 -3.04833
vn -16.7435 -12.14 -3.08241
vn -18.4318 -9.39148 -3.04833
vn -18.4318 -9.39147 -3.04833
vn -16.7429 -12.1407 -3.08239
vn -14.6269 -14.6295 -3.04257
vn -14.6279 -14.6284 -3.04266
vn -14.6264 -14.6299 -3.04257
vn -16.7399 -12.1449 -3.0824
vn -18.4318 -9.39155 -3.04833
vn -18.4319 -9.39139 -3.04831
vn -14.6251 -14.6312 -3.04268
vn -16.7391 -12.146 -3.08247
vn -14.6259 -14.6293 -3.04784
vn -14.6263 -14.6289 -3.04783
vn -14.6249 -14.6303 -3.04801
vn -14.6278 -14.6275 -3.04796
vn -16.8899 12.3269 -0.0618996
vn -16.8694 12.3545 -0.109109
vn -16.8596 12.3679 -0.106825
vn -16.8843 12.3345 -0.0606845
vn -16.885 12.3336 -0.0575242
vn -16.8913 12.325 -0.0586087
vn -16.8561 12.3727 -0.105986
vn -16.8831 12.3361 -0.0588497
vn -16.8829 12.3365 -0.0556283
vn -16.8449 12.388 -0.103227
vn -16.8767 12.345 -0.0576311
vn -16.8793 12.3414 -0.0539296
vn -16.8924 12.3236 -0.0398863
vn -16.8893 12.3277 -0.0395209
vn -16.8947 12.3204 -0.0401613
vn -16.8992 12.3142 -0.0407107
vn 16.964 -12.2244 -0.108947
vn 16.9436 -12.2529 -0.0617974
vn 16.949 -12.2455 -0.0605273
vn 16.9732 -12.2116 -0.106622
vn 16.9422 -12.2549 -0.0585079
vn 16.9486 -12.2461 -0.0573775
vn 16.9503 -12.2436 -0.0586505
vn 16.977 -12.2063 -0.105668
vn 16.9565 -12.2351 -0.0574215
vn 16.9501 -12.244 -0.0553178
vn 16.9345 -12.2656 -0.0405767
vn 16.939 -12.2594 -0.0400617
vn 16.954 -12.2385 -0.0537357
vn 16.941 -12.2567 -0.0398202
vn 16.988 -12.191 -0.102974
vn 16.9443 -12.2521 -0.0393945
vn 9.47094 18.5875 1.42522
vn 9.47114 18.5875 1.42346
vn 9.47204 18.587 1.42348
vn 9.47195 18.5869 1.42527
vn 6.44086 19.8409 1.44205
vn 6.44114 19.8408 1.44206
vn 9.47236 18.5869 1.42349
vn 9.47229 18.5868 1.42529
vn 9.47338 18.5863 1.42355
vn 6.44282 19.8402 1.44206
vn 3.26325 20.6044 1.42544
vn 3.26324 20.6044 1.42542
vn 3.26324 20.6045 1.42534
vn 6.44314 19.8401 1.44205
vn 9.47334 18.5862 1.42532
vn 3.26324 20.6044 1.42542
vn 3.2632 20.6044 1.42547
vn 3.26325 20.6044 1.42542
vn 3.26328 20.6044 1.42545
vn 3.26327 20.6044 1.42546
vn -9.3914 -18.4319 -3.04815
vn -9.39146 -18.4319 -3.04808
vn -9.39147 -18.4318 -3.04819
vn -9.39147 -18.4318 -3.0482
vn -6.39011 -19.6695 -3.08222
vn -9.39147 -18.4318 -3.04821
vn -9.3915 -18.4318 -3.04822
vn -6.38907 -19.6698 -3.0823
vn -3.23559 -20.4328 -3.04245
vn -3.23398 -20.433 -3.04253
vn -6.38409 -19.6715 -3.08231
vn -9.39143 -18.4319 -3.0482
vn -9.39165 -18.4317 -3.04826
vn -3.23346 -20.4331 -3.04253
vn -6.3833 -19.6717 -3.08233
vn -3.23389 -20.4322 -3.04779
vn -3.23191 -20.4333 -3.04248
vn -3.23333 -20.4323 -3.04784
vn -3.23168 -20.4326 -3.04796
vn -3.23559 -20.432 -3.04764
vn -20.9098 0.0459072 -0.0617843
vn -20.9095 0.0809536 -0.108953
vn -20.9094 0.0968974 -0.106688
vn -20.9097 0.0551545 -0.0605501
vn -20.9097 0.0544385 -0.0574064
vn -20.9098 0.0434646 -0.0584963
vn -20.9094 0.103472 -0.105754
vn -20.9097 0.0574929 -0.0586864
vn -20.9097 0.0570751 -0.0553657
vn -20.9093 0.12243 -0.10306
vn -20.9097 0.0683311 -0.0575112
vn -20.9097 0.0639528 -0.0538253
vn -20.9098 0.0413334 -0.0398675
vn -20.9098 0.0380764 -0.0400921
vn -20.9098 0.0469159 -0.0394829
vn -20.9098 0.030206 -0.0406368
vn -20.9095 -0.0794325 -0.109054
vn -20.9098 -0.04502 -0.0618058
vn -20.9097 -0.0561875 -0.0605878
vn -20.9094 -0.0984674 -0.106366
vn -20.9098 -0.0426221 -0.0585142
vn -20.9097 -0.0545229 -0.0574141
vn -20.9097 -0.056807 -0.0586246
vn -20.9097 -0.0557135 -0.0551764
vn -20.9097 -0.0686923 -0.0574235
vn -20.9094 -0.102439 -0.105804
vn -20.9097 -0.0642929 -0.0537449
vn -20.9098 -0.0404816 -0.0398912
vn -20.9098 -0.0380638 -0.0400582
vn -20.9093 -0.123078 -0.102864
vn -20.9098 -0.0471737 -0.0394288
vn -20.9098 -0.0295904 -0.0406406
vn 3.26309 -20.6045 1.42527
vn 3.26315 -20.6046 1.42356
vn 3.26192 -20.6048 1.42348
vn 3.26192 -20.6047 1.42533
vn 3.26168 -20.6048 1.42349
vn 3.26169 -20.6047 1.42532
vn 3.26043 -20.605 1.42361
vn 6.42837 -19.8449 1.44208
vn 6.42641 -19.8455 1.44209
vn 3.26041 -20.6049 1.4252
vn 6.4262 -19.8456 1.44219
vn 9.47081 -18.5875 1.42546
vn 9.47082 -18.5875 1.42552
vn 9.4708 -18.5875 1.42546
vn 9.47075 -18.5875 1.42545
vn 9.47081 -18.5875 1.42545
vn 9.47081 -18.5875 1.42545
vn 9.47076 -18.5875 1.42544
vn 6.42854 -19.8448 1.44211
vn 9.47089 -18.5875 1.42537
vn -3.23589 20.4319 -3.04821
vn -3.23551 20.4319 -3.04818
vn -3.23566 20.4319 -3.04825
vn -3.23574 20.4319 -3.04824
vn -6.36862 19.6765 -3.08237
vn -3.23569 20.4319 -3.04824
vn -3.23573 20.4319 -3.04822
vn -6.36921 19.6763 -3.08238
vn -9.39363 18.4317 -3.04257
vn -9.39179 18.4326 -3.0426
vn -9.39394 18.4315 -3.04254
vn -6.37498 19.6744 -3.08235
vn -3.23591 20.4319 -3.04813
vn -3.2357 20.4319 -3.04798
vn -9.39538 18.4308 -3.04238
vn -6.37545 19.6743 -3.08216
vn -9.39359 18.4308 -3.04791
vn -9.39332 18.4309 -3.04787
vn -9.39507 18.43 -3.04794
vn -9.39197 18.4317 -3.04746
vn 16.9432 12.2535 -0.0617679
vn 16.9637 12.2247 -0.109093
vn 16.9741 12.2103 -0.10626
vn 16.9496 12.2447 -0.0605255
vn 16.9486 12.246 -0.0573536
vn 16.9417 12.2555 -0.0584708
vn 16.9763 12.2072 -0.105678
vn 16.9499 12.2442 -0.058564
vn 16.9493 12.2451 -0.055129
vn 16.9339 12.2664 -0.0405595
vn 16.939 12.2594 -0.0400208
vn 16.9405 12.2574 -0.0398547
vn 16.9544 12.2381 -0.0537304
vn 16.9444 12.2519 -0.0393892
vn 16.9569 12.2345 -0.0574146
vn 16.9884 12.1904 -0.102856
vn -16.8691 -12.355 -0.109115
vn -16.8897 -12.3272 -0.0618074
vn -16.884 -12.335 -0.060584
vn -16.8591 -12.3686 -0.106655
vn -16.8911 -12.3252 -0.0585111
vn -16.8846 -12.3341 -0.0574295
vn -16.8829 -12.3364 -0.0586906
vn -16.8557 -12.3733 -0.105813
vn -16.8762 -12.3456 -0.0574959
vn -16.8832 -12.336 -0.0553366
vn -16.899 -12.3145 -0.0406261
vn -16.8943 -12.3209 -0.040093
vn -16.8788 -12.342 -0.0538134
vn -16.8925 -12.3234 -0.0398859
vn -16.8891 -12.328 -0.0394881
vn -16.8439 -12.3894 -0.103079
vn 14.751 -14.7512 1.42539
vn 14.7511 -14.7514 1.42357
vn 14.7503 -14.7522 1.42352
vn 14.7502 -14.7521 1.42533
vn 14.75 -14.7524 1.4235
vn 16.8355 -12.317 1.44207
vn 14.75 -14.7523 1.42531
vn 14.7491 -14.7534 1.42347
vn 16.8344 -12.3185 1.44206
vn 16.8357 -12.3168 1.44208
vn 18.5875 -9.4708 1.42546
vn 18.5875 -9.47081 1.42546
vn 16.8342 -12.3189 1.44203
vn 18.5875 -9.4709 1.42543
vn 14.7491 -14.7532 1.42529
vn 18.5875 -9.47076 1.4254
vn 18.5875 -9.47079 1.42546
vn 18.5875 -9.47079 1.42546
vn 18.5875 -9.47081 1.42545
vn 18.5875 -9.47078 1.42545
vn -14.6275 14.6276 -3.04839
vn -14.6278 14.6274 -3.04833
vn -14.6275 14.6276 -3.04829
vn -14.6276 14.6276 -3.04832
vn -16.6886 12.2153 -3.08243
vn -14.6275 14.6276 -3.0483
vn -14.6276 14.6276 -3.04832
vn -16.6892 12.2145 -3.08238
vn -18.4334 9.39015 -3.04264
vn -18.4327 9.39158 -3.04271
vn -16.6924 12.2101 -3.08236
vn -18.4337 9.38969 -3.0426
vn -14.6276 14.6275 -3.04839
vn -14.6276 14.6275 -3.04837
vn -16.6931 12.2092 -3.08234
vn -18.4346 9.38791 -3.04247
vn -18.433 9.38934 -3.04773
vn -18.4328 9.3898 -3.04774
vn -18.4339 9.38753 -3.04761
vn -18.4321 9.39121 -3.04768
vn 6.50497 19.8722 -0.061727
vn 6.53789 19.8612 -0.108882
vn 6.55396 19.8559 -0.10651
vn 6.51428 19.8692 -0.060527
vn 6.51333 19.8695 -0.0573805
vn 6.50268 19.873 -0.0584411
vn 6.55949 19.8541 -0.105692
vn 6.51603 19.8686 -0.0586413
vn 6.51556 19.8688 -0.0552896
vn 6.57791 19.848 -0.102954
vn 6.52678 19.8651 -0.0574458
vn 6.5226 19.8665 -0.0537634
vn 6.50072 19.8737 -0.0398443
vn 6.49782 19.8746 -0.0400574
vn 6.49025 19.8771 -0.0406052
vn 6.5063 19.8718 -0.0394346
vn -6.38523 -19.9108 -0.109085
vn -6.41848 -19.9003 -0.0618362
vn -6.40893 -19.9034 -0.0606381
vn -6.36904 -19.916 -0.106639
vn -6.4208 -19.8996 -0.0585439
vn -6.41019 -19.903 -0.0574756
vn -6.4075 -19.9039 -0.0587507
vn -6.43341 -19.8956 -0.0406608
vn -6.42573 -19.898 -0.0401045
vn -6.40762 -19.9038 -0.0554323
vn -6.39676 -19.9073 -0.0575089
vn -6.36413 -19.9176 -0.105899
vn -6.40093 -19.906 -0.0538237
vn -6.42258 -19.8991 -0.0398776
vn -6.34538 -19.9236 -0.103105
vn -6.41718 -19.9008 -0.0394873
vn 20.6044 -3.26356 1.42528
vn 20.6045 -3.26359 1.42353
vn 20.6043 -3.26471 1.42351
vn 20.6042 -3.26465 1.42525
vn 20.86 0.0741771 1.44205
vn 20.86 0.0738642 1.44205
vn 20.6044 3.26337 1.42544
vn 20.6044 3.26337 1.42544
vn 20.86 0.0719948 1.44206
vn 20.6043 -3.26503 1.4235
vn 20.6042 -3.26498 1.42525
vn 20.6041 -3.26619 1.42348
vn 20.6044 3.26337 1.42546
vn 20.86 0.0716572 1.44206
vn 20.604 -3.26616 1.42527
vn 20.6044 3.26324 1.42548
vn 20.6044 3.26329 1.42543
vn 20.6044 3.2633 1.42543
vn 20.6044 3.26334 1.42542
vn 20.6044 3.26332 1.42543
vn -20.4318 3.23604 -3.04826
vn -20.4319 3.23592 -3.04816
vn -20.4318 3.23603 -3.04829
vn -20.4318 3.23607 -3.04829
vn -20.6814 -0.0685394 -3.08229
vn -20.4318 3.23605 -3.04833
vn -20.4318 3.23607 -3.04831
vn -20.6814 -0.0693745 -3.08231
vn -20.4324 -3.23804 -3.04258
vn -20.4326 -3.23627 -3.04262
vn -20.4323 -3.23854 -3.04258
vn -20.6813 -0.0749092 -3.08232
vn -20.4318 3.23606 -3.04848
vn -20.4318 3.23605 -3.04842
vn -20.432 -3.24027 -3.04272
vn -20.6813 -0.0759493 -3.08246
vn -20.4315 -3.23836 -3.04791
vn -20.4316 -3.23788 -3.04791
vn -20.4312 -3.24008 -3.04806
vn -20.4318 -3.23622 -3.04807
vn -6.41851 19.9003 -0.061841
vn -6.38546 19.9107 -0.109172
vn -6.36907 19.916 -0.106644
vn -6.40895 19.9034 -0.0606272
vn -6.4102 19.903 -0.0574629
vn -6.42081 19.8996 -0.0585439
vn -6.36412 19.9176 -0.105885
vn -6.40751 19.9039 -0.0587377
vn -6.40762 19.9038 -0.0554237
vn -6.34546 19.9236 -0.103087
vn -6.39673 19.9073 -0.0575085
vn -6.40092 19.906 -0.0538221
vn -6.42258 19.8991 -0.0398728
vn -6.4257 19.8981 -0.0401007
vn -6.41721 19.9008 -0.03948
vn -6.43338 19.8956 -0.0406544
vn -6.50701 -19.8716 -0.0615557
vn -6.54125 -19.8601 -0.10837
vn -6.54935 -19.8574 -0.107169
vn -6.51118 -19.8702 -0.0602122
vn -6.51184 -19.87 -0.0572165
vn -6.50462 -19.8723 -0.0582875
vn -6.56129 -19.8535 -0.105395
vn -6.51749 -19.8681 -0.0589131
vn -6.51863 -19.8678 -0.0559543
vn -6.57468 -19.8491 -0.1034
vn -6.52466 -19.8658 -0.0576088
vn -6.52063 -19.8671 -0.0539096
vn -6.50234 -19.8731 -0.0397178
vn -6.50492 -19.8723 -0.039525
vn -6.497 -19.8749 -0.0401163
vn -6.49153 -19.8767 -0.0405213
vn 18.4328 -9.39138 -3.04256
vn 16.7354 -12.1511 -3.08235
vn 16.7369 -12.149 -3.08239
vn 18.4333 -9.39042 -3.04258
vn 18.4321 -9.39096 -3.04799
vn 14.6276 -14.6276 -3.04819
vn 14.6276 -14.6276 -3.04822
vn 16.7382 -12.1472 -3.08241
vn 14.6276 -14.6276 -3.04824
vn 18.4338 -9.38939 -3.04257
vn 18.4326 -9.3901 -3.04803
vn 16.7397 -12.1452 -3.08241
vn 14.6275 -14.6276 -3.04825
vn 14.6275 -14.6277 -3.04826
vn 14.6276 -14.6276 -3.04824
vn 14.6277 -14.6275 -3.04823
vn 14.6274 -14.6277 -3.0483
vn 18.4343 -9.38847 -3.04254
vn 18.4331 -9.38907 -3.04805
vn 18.4336 -9.38804 -3.04804
vn -16.8829 12.252 1.44208
vn -18.5875 9.47081 1.42545
vn -18.5875 9.47082 1.42546
vn -16.8824 12.2528 1.44209
vn -14.751 14.7515 1.42348
vn -18.5876 9.47072 1.42546
vn -18.5875 9.4708 1.42544
vn -18.5875 9.47082 1.42545
vn -16.8819 12.2533 1.44209
vn -14.7505 14.752 1.42349
vn -18.5875 9.47081 1.42544
vn -18.5875 9.47088 1.42544
vn -16.8814 12.254 1.44208
vn -14.7499 14.7525 1.42348
vn -18.5874 9.47094 1.42545
vn -14.7494 14.753 1.42347
vn -14.7498 14.7524 1.42531
vn -14.7504 14.7519 1.4253
vn -14.7493 14.753 1.42532
vn -14.7509 14.7514 1.42529
vn 16.8669 12.358 -0.108594
vn 16.8886 12.3286 -0.0616269
vn 16.8859 12.3323 -0.0602918
vn 16.8619 12.3648 -0.107369
vn 16.8901 12.3266 -0.0583495
vn 16.8855 12.333 -0.0573002
vn 16.8819 12.3378 -0.0590109
vn 16.8546 12.3748 -0.105565
vn 16.8776 12.3437 -0.0577309
vn 16.8813 12.3386 -0.0560598
vn 16.8982 12.3155 -0.0405696
vn 16.8948 12.3202 -0.0401739
vn 16.8801 12.3403 -0.0540215
vn 16.8915 12.3247 -0.0397823
vn 16.8899 12.3269 -0.0395924
vn 16.8463 12.3861 -0.103555
vn -16.9434 -12.2531 -0.0617827
vn -16.9636 -12.2249 -0.109013
vn -16.9717 -12.2137 -0.106992
vn -16.948 -12.2468 -0.0606439
vn -16.9475 -12.2476 -0.0575186
vn -16.942 -12.2551 -0.0584901
vn -16.9759 -12.2078 -0.105943
vn -16.9498 -12.2443 -0.0589688
vn -16.9507 -12.2431 -0.0558751
vn -16.9342 -12.266 -0.0405816
vn -16.9382 -12.2605 -0.0401549
vn -16.9532 -12.2397 -0.0539183
vn -16.9411 -12.2565 -0.0398186
vn -16.9866 -12.193 -0.103396
vn -16.9557 -12.2362 -0.0576154
vn -16.9435 -12.2532 -0.0395417
vn 9.39203 -18.4325 -3.04265
vn 6.41446 -19.6616 -3.08244
vn 6.41551 -19.6612 -3.08234
vn 9.39331 -18.4318 -3.04252
vn 9.39149 -18.4318 -3.04811
vn 3.23574 -20.4319 -3.04835
vn 3.23572 -20.4319 -3.04825
vn 6.41955 -19.6599 -3.0823
vn 3.23571 -20.4319 -3.04819
vn 9.39398 -18.4315 -3.04248
vn 9.39285 -18.4312 -3.04789
vn 6.42139 -19.6593 -3.08223
vn 3.23571 -20.4319 -3.04807
vn 3.23571 -20.4319 -3.04822
vn 3.23572 -20.4319 -3.0482
vn 3.23573 -20.4319 -3.04816
vn 3.23568 -20.4319 -3.04832
vn 9.39521 -18.4309 -3.04246
vn 9.39358 -18.4308 -3.04787
vn 9.39492 -18.4301 -3.04791
vn -6.47481 19.8298 1.44213
vn -9.47084 18.5875 1.42546
vn -9.47082 18.5875 1.42544
vn -6.47446 19.8299 1.44208
vn -9.4708 18.5875 1.4254
vn -9.47085 18.5875 1.42542
vn -9.47083 18.5875 1.42543
vn -6.4731 19.8304 1.44206
vn -9.47087 18.5875 1.42541
vn -9.47084 18.5875 1.42543
vn -6.47249 19.8306 1.44203
vn -3.26164 20.6048 1.42346
vn -3.26216 20.6047 1.42349
vn -9.47081 18.5875 1.42543
vn -3.2607 20.605 1.42342
vn -3.26162 20.6047 1.42528
vn -3.26215 20.6046 1.42529
vn -3.26063 20.6049 1.42526
vn -3.26311 20.6045 1.42532
vn -3.2631 20.6046 1.42359
vn 20.9095 0.0804058 -0.109046
vn 20.9098 0.0455827 -0.0618205
vn 20.9097 0.05356 -0.0606955
vn 20.9094 0.0942462 -0.107069
vn 20.9098 0.0431561 -0.0585295
vn 20.9097 0.0525742 -0.0575707
vn 20.9097 0.0566586 -0.0590214
vn 20.9097 0.0581245 -0.0559201
vn 20.9097 0.0666081 -0.0576568
vn 20.9094 0.101513 -0.106031
vn 20.9097 0.0623322 -0.0539559
vn 20.9098 0.0416745 -0.0398419
vn 20.9098 0.036739 -0.0401843
vn 20.9093 0.119515 -0.103457
vn 20.9098 0.0457027 -0.0395627
vn 20.9098 0.0299786 -0.0406556
vn 20.9097 -0.0473123 -0.0616054
vn 20.9094 -0.0833288 -0.108521
vn 20.9094 -0.0933955 -0.107087
vn 20.9097 -0.0528002 -0.0603078
vn 20.9097 -0.0533239 -0.0572744
vn 20.9098 -0.0447981 -0.0583313
vn 20.9094 -0.10456 -0.105497
vn 20.9097 -0.0584526 -0.0588387
vn 20.9097 -0.0594306 -0.0558142
vn 20.9093 -0.119884 -0.103314
vn 20.9097 -0.0668229 -0.0575871
vn 20.9097 -0.0625361 -0.0538909
vn 20.9098 -0.0425566 -0.0397455
vn 20.9098 -0.0374286 -0.0401023
vn 20.9098 -0.0458646 -0.039515
vn 20.9098 -0.0311171 -0.0405386
vn 3.23505 20.432 -3.04795
vn 3.23535 20.4328 -3.0426
vn 3.23419 20.433 -3.04255
vn 3.23407 20.4322 -3.04792
vn 6.34182 19.6851 -3.08237
vn 6.3396 19.6858 -3.08235
vn 9.39152 18.4318 -3.04831
vn 9.39147 18.4318 -3.0483
vn 9.39148 18.4318 -3.04824
vn 6.33671 19.6868 -3.0823
vn 3.23321 20.4331 -3.0425
vn 3.23315 20.4323 -3.04788
vn 3.23203 20.4333 -3.04244
vn 9.39157 18.4318 -3.04809
vn 6.33476 19.6874 -3.08221
vn 3.23195 20.4325 -3.0478
vn 9.39159 18.4318 -3.04805
vn 9.3915 18.4318 -3.04821
vn 9.39149 18.4318 -3.04826
vn 9.39154 18.4318 -3.04825
vn -3.26324 -20.6044 1.42544
vn -3.26321 -20.6044 1.42542
vn -3.2632 -20.6045 1.42542
vn -3.26324 -20.6044 1.42542
vn -6.39194 -19.8567 1.44208
vn -3.26322 -20.6044 1.42543
vn -3.26324 -20.6044 1.42543
vn -6.39267 -19.8564 1.44206
vn -9.47116 -18.5875 1.42353
vn -9.47192 -18.5871 1.42349
vn -9.47253 -18.5868 1.42347
vn -6.39364 -19.8561 1.44205
vn -9.47112 -18.5874 1.42528
vn -9.47186 -18.587 1.42527
vn -9.47246 -18.5867 1.42527
vn -9.47325 -18.5864 1.42346
vn -6.39431 -19.8559 1.44208
vn -3.26324 -20.6044 1.42549
vn -9.47315 -18.5863 1.42531
vn -3.26327 -20.6044 1.42546
vn -16.9654 12.2224 -0.10849
vn -16.9444 12.2518 -0.0615461
vn -16.9476 12.2474 -0.0602613
vn -16.9712 12.2144 -0.107019
vn -16.943 12.2538 -0.0582712
vn -16.9509 12.2429 -0.058809
vn -16.9479 12.247 -0.0572395
vn -16.9777 12.2054 -0.1054
vn -16.9558 12.2361 -0.0575725
vn -16.9515 12.2421 -0.055793
vn -16.9349 12.2651 -0.0405005
vn -16.9386 12.2599 -0.0400824
vn -16.9417 12.2557 -0.0397204
vn -16.9533 12.2396 -0.0538738
vn -16.9436 12.253 -0.0394827
vn -16.9865 12.1931 -0.10323
vn 16.8887 -12.3285 -0.0616606
vn 16.8673 -12.3574 -0.108628
vn 16.8617 -12.3651 -0.107255
vn 16.8857 -12.3326 -0.060348
vn 16.8854 -12.3331 -0.0573268
vn 16.8902 -12.3265 -0.0583829
vn 16.8548 -12.3746 -0.105564
vn 16.8822 -12.3375 -0.0589508
vn 16.8815 -12.3384 -0.0559551
vn 16.8459 -12.3866 -0.103451
vn 16.8774 -12.344 -0.0576659
vn 16.88 -12.3405 -0.0539632
vn 16.8916 -12.3247 -0.0397682
vn 16.8947 -12.3204 -0.0401408
vn 16.8981 -12.3156 -0.0405758
vn 16.8898 -12.3271 -0.0395613
vn 14.6274 14.6278 -3.04768
vn 14.6279 14.6285 -3.04255
vn 14.6271 14.6293 -3.04253
vn 14.6265 14.6288 -3.04776
vn 16.735 12.1516 -3.08224
vn 14.6263 14.6301 -3.04256
vn 16.7336 12.1536 -3.08229
vn 14.6257 14.6296 -3.04781
vn 14.6253 14.631 -3.04264
vn 16.7319 12.1559 -3.08235
vn 18.4318 9.39142 -3.04826
vn 18.4318 9.39153 -3.04832
vn 18.4319 9.39126 -3.04818
vn 18.4318 9.39153 -3.04825
vn 18.4318 9.39152 -3.04831
vn 18.4317 9.39162 -3.04836
vn 18.4318 9.39146 -3.04832
vn 16.7305 12.1579 -3.08242
vn 14.6249 14.6303 -3.04784
vn 18.4319 9.39135 -3.04828
vn -14.7511 -14.7511 1.42546
vn -14.7512 -14.7511 1.42546
vn -14.7511 -14.7511 1.42545
vn -14.7511 -14.7511 1.42546
vn -16.8766 -12.2608 1.44207
vn -14.7511 -14.7511 1.42544
vn -14.7511 -14.7511 1.42544
vn -16.877 -12.2602 1.44206
vn -18.5878 -9.47051 1.4235
vn -18.5881 -9.46987 1.4235
vn -16.8775 -12.2594 1.44206
vn -14.7511 -14.7511 1.42543
vn -14.7512 -14.7511 1.42542
vn -18.5885 -9.46924 1.42349
vn -16.878 -12.2588 1.44204
vn -18.588 -9.4698 1.42526
vn -18.5877 -9.4705 1.42526
vn -18.5888 -9.46853 1.42348
vn -18.5884 -9.46915 1.42526
vn -18.5887 -9.46847 1.42528
vn -6.541 19.8602 -0.108514
vn -6.50671 19.8717 -0.0615895
vn -6.5115 19.8701 -0.0602869
vn -6.54988 19.8573 -0.107158
vn -6.50432 19.8724 -0.0583153
vn -6.51724 19.8682 -0.0589014
vn -6.51203 19.8699 -0.0572732
vn -6.56091 19.8536 -0.105487
vn -6.52491 19.8657 -0.0576336
vn -6.51835 19.8679 -0.0559159
vn -6.49135 19.8767 -0.0405404
vn -6.4971 19.8749 -0.0401122
vn -6.50224 19.8732 -0.0397404
vn -6.52086 19.867 -0.0539319
vn -6.50513 19.8722 -0.0395331
vn -6.57505 19.849 -0.10339
vn 6.41619 -19.9011 -0.0616037
vn 6.38161 -19.912 -0.10846
vn 6.37314 -19.9147 -0.107204
vn 6.41174 -19.9025 -0.0602602
vn 6.41103 -19.9027 -0.0572495
vn 6.41861 -19.9003 -0.0583319
vn 6.36148 -19.9184 -0.105467
vn 6.40564 -19.9045 -0.0588974
vn 6.40466 -19.9048 -0.055915
vn 6.43181 -19.8961 -0.040534
vn 6.42605 -19.8979 -0.040121
vn 6.40237 -19.9055 -0.0539292
vn 6.42093 -19.8996 -0.0397488
vn 6.34781 -19.9228 -0.10341
vn 6.3983 -19.9068 -0.0576271
vn 6.41819 -19.9005 -0.0395491
vn 20.4326 3.23671 -3.04245
vn 20.6814 -0.0672003 -3.08224
vn 20.6814 -0.0646511 -3.08231
vn 20.4324 3.23781 -3.04251
vn 20.4318 3.23662 -3.04763
vn 20.4318 -3.23602 -3.04819
vn 20.4318 -3.23604 -3.04824
vn 20.6814 -0.0622312 -3.08236
vn 20.4318 -3.23606 -3.04829
vn 20.4317 3.23769 -3.04769
vn 20.4322 3.2389 -3.04252
vn 20.6814 -0.0598856 -3.08238
vn 20.4318 -3.23609 -3.04834
vn 20.4318 -3.23604 -3.04826
vn 20.4318 -3.23604 -3.04829
vn 20.4318 -3.23606 -3.04834
vn 20.4318 -3.23606 -3.04826
vn 20.4321 3.23997 -3.04248
vn 20.4315 3.23878 -3.04773
vn 20.4313 3.23987 -3.04776
vn -20.86 0.062771 1.44204
vn -20.6044 -3.26338 1.42542
vn -20.6044 -3.26341 1.42541
vn -20.86 0.0636336 1.44204
vn -20.6044 -3.2634 1.42543
vn -20.6044 -3.26338 1.42541
vn -20.6044 -3.26338 1.42541
vn -20.6044 -3.26342 1.42541
vn -20.86 0.0644647 1.44204
vn -20.6044 -3.26341 1.42541
vn -20.6044 -3.26341 1.4254
vn -20.86 0.0652825 1.44204
vn -20.6043 3.26526 1.42347
vn -20.6044 3.26451 1.42348
vn -20.6041 3.26601 1.42347
vn -20.6041 3.26523 1.42533
vn -20.6042 3.26451 1.42533
vn -20.604 3.26599 1.42534
vn -20.6044 3.26383 1.42532
vn -20.6045 3.26379 1.42348
vn 6.38158 19.912 -0.108495
vn 6.41622 19.9011 -0.0616055
vn 6.41175 19.9025 -0.0602657
vn 6.37314 19.9147 -0.107229
vn 6.41864 19.9003 -0.0583318
vn 6.41103 19.9027 -0.0572578
vn 6.40561 19.9045 -0.0589104
vn 6.36149 19.9184 -0.105487
vn 6.39823 19.9069 -0.0576493
vn 6.40463 19.9048 -0.0559308
vn 6.34779 19.9228 -0.103457
vn 6.40232 19.9056 -0.0539476
vn 6.42095 19.8996 -0.0397503
vn 6.4261 19.8979 -0.0401207
vn 6.41819 19.9005 -0.0395515
vn 6.43182 19.8961 -0.0405316
vn 7.11325 9.79038 17.0521
vn 7.11325 9.79038 17.0521
vn 7.1132 9.79044 17.0521
vn 7.1132 9.79044 17.0521
vn -11.5093 -3.73965 17.0521
vn -11.5093 -3.73965 17.0521
vn -11.5093 -3.73956 17.0521
vn -11.5093 -3.73956 17.0521
vn -7.11326 -9.79042 17.0521
vn -7.11326 -9.79042 17.0521
vn -7.11313 -9.79039 17.0521
vn -7.11313 -9.79039 17.0521
vn 0 -12.1015 17.0522
vn 0 -12.1015 17.0522
vn 11.5094 3.73963 17.0521
vn 11.5094 3.73962 17.0521
vn 11.5094 3.73966 17.052
vn 11.5094 3.73966 17.052
vn 10.4303 17.6812 -3.97621
vn 10.4303 17.6812 -3.97621
vn 11.2611 16.9808 -4.69725
vn 11.4251 16.83 -4.84194
vn 0 0 20.9099
vn 0.331889 -0.65011 20.8972
vn -1.51614e-05 -2.13647 20.8005
vn 0.77962 -12.6263 16.6491
vn -0.331898 -0.650109 20.8972
vn -1.42673e-06 -14.2021 15.3468
vn 0.380022 -14.6038 14.9602
vn -0.779633 -12.6263 16.6491
vn -6.92176e-07 -14.6062 14.9627
vn -0.380022 -14.6038 14.9602
vn 12.0126 17.1149 0
vn 11.157 17.6844 -0.0841248
vn 14.3887 15.1716 -0.108493
vn 14.4122 15.1496 0
vn 11.0649 17.7405 -0.257516
vn 14.3512 15.2021 -0.402998
vn 9.59424 18.2599 -3.42783
vn 13.3786 14.7439 -6.39168
vn -11.157 17.6844 -0.0841255
vn -12.0126 17.1149 0
vn -14.4122 15.1496 0
vn -14.3887 15.1715 -0.108494
vn -11.0649 17.7405 -0.257515
vn -14.3512 15.2021 -0.402997
vn -9.59425 18.2599 -3.42781
vn -13.3786 14.7439 -6.39166
vn -10.4303 17.6812 -3.9762
vn -10.4303 17.6812 -3.9762
vn -11.4251 16.83 -4.84193
vn -11.2611 16.9808 -4.69725
vn -20.8241 1.89169 0
vn -20.8179 1.95896 -0.0107989
vn -20.8789 1.13756 0
vn -20.3053 4.91631 -0.864572
vn -20.8789 1.13755 3.30307e-07
vn -15.6128 11.6673 -7.57228
vn -20.8741 1.22221 -0.0520327
vn -15.3657 12.3153 -7.03223
vn -19.3463 6.72909 -4.20296
vn -19.2882 6.83755 -4.29392
vn -19.4909 6.44858 -3.96803
vn -19.4909 6.44858 -3.96803
vn 19.2882 6.83755 -4.29393
vn 19.3463 6.7291 -4.20296
vn 19.4909 6.44859 -3.96804
vn 19.4909 6.44859 -3.96804
vn 15.6129 11.6672 -7.57222
vn 20.3053 4.91631 -0.864572
vn 15.3659 12.3151 -7.03215
vn 20.8179 1.95896 -0.0107986
vn 20.8741 1.22221 -0.0520324
vn 20.8241 1.89169 -1.60414e-05
vn 20.8789 1.13755 -8.45137e-07
vn 20.8789 1.13756 -1.69618e-05
vn 0.164202 0 -22.5593
vn 0.988207 0 -22.5348
vn 0.988222 0 -22.5348
vn 0.164202 0 -22.5593
vn 15.6928 0 -14.9094
vn 15.6928 0 -14.9094
vn 15.7367 0 -14.8554
vn 15.7367 0 -14.8554
vn 15.7368 0 -14.8552
vn 15.7368 0 -14.8552
vn 0.419645 -0.104048 22.5222
vn 0.419645 -0.104048 22.5222
vn 0.0781473 -0.210876 22.423
vn 0.0640905 -0.107867 22.5242
vn 0.401336 -0.359164 22.1565
vn 6.69216 -1.81656 -0.337724
vn -6.62696 -0.161376 21.3126
vn -6.47911 -0.17355 21.3522
vn -12.6514 -0.21469 17.7836
vn 0.106287 -1.91733 0.397881
vn -12.2683 -0.342664 17.8185
vn -12.9085 -0.119523 17.6921
vn -12.7688 -0.177277 17.743
vn -12.2 -0.362691 17.8182
vn -12.9199 -0.119026 17.6829
vn -12.7986 -0.166397 17.7325
vn -12.9884 -0.0912379 17.6473
vn -20.9099 0 0.00615736
vn -19.1436 0 9.07475
vn -20.9099 0 0
vn -7.50301 0 21.0576
vn -1.27221 0 22.5182
vn -1.27219 0 22.5182
vn -7.50301 0 21.0576
vn -0.325893 0 22.5572
vn -0.325914 0 22.5572
vn -6.62138 0 21.399
vn -6.62137 0 21.399
vn -13.1588 0 17.5326
vn -13.1588 0 17.5326
vn -13.1853 0 17.5094
vn -13.1853 0 17.5094
vn -9.45742 0 20.1206
vn -3.78797 0 22.1867
vn 0.106138 1.91733 0.397878
vn 0.40127 0.359166 22.1565
vn 0.078117 0.210876 22.423
vn 6.69217 1.81656 -0.337732
vn 0.419615 0.104047 22.5222
vn 0.0640762 0.107865 22.5242
vn -12.6514 0.214691 17.7836
vn -6.47914 0.173549 21.3522
vn -6.627 0.161376 21.3126
vn -12.7688 0.177278 17.743
vn -12.2683 0.342666 17.8185
vn -12.9199 0.119026 17.6829
vn -12.9885 0.0912384 17.6472
vn -12.7987 0.166402 17.7324
vn -12.2001 0.362696 17.8181
vn -12.9084 0.119524 17.6921
vn 0.419615 0.104047 22.5222
vn 17.9433 0 11.5832
vn 20.9099 0 0.0103257
vn 20.9099 0 0.010326
vn 17.9433 0 11.5832
vn 20.9099 0 0
vn 0.00233841 1.91765 0.0052584
vn 0.0968882 1.91763 0.00517722
vn 6.43552 1.82393 -0.566893
vn 7.19962 1.7997 -0.587325
vn 0.00430094 1.91765 0.0028163
vn 7.164 1.80077 -0.639485
vn 7.74359 1.7805 -0.633182
vn 7.74115 1.78059 -0.630922
vn 7.84561 1.77292 -1.50762
vn 8.50966 1.74711 -1.48572
vn 7.1711 1.80049 -0.655224
vn 7.83961 1.77315 -1.50781
vn 0.0970365 -1.91763 0.00517468
vn 0.00250206 -1.91765 0.00506121
vn 0.0044645 -1.91765 0.00261804
vn 7.19982 -1.7997 -0.58755
vn 6.43554 -1.82393 -0.566904
vn 7.74135 -1.78058 -0.631148
vn 7.164 -1.80077 -0.639481
vn 7.17111 -1.80049 -0.655218
vn 7.74379 -1.78049 -0.633407
vn 8.51108 -1.74705 -1.48593
vn 7.84625 -1.7729 -1.5076
vn 7.84024 -1.77312 -1.50779
vn -0.164204 0 -22.5593
vn -0.164204 0 -22.5593
vn -0.988234 0 -22.5348
vn -0.988219 0 -22.5348
vn -15.6928 0 -14.9094
vn -15.6928 0 -14.9094
vn -15.7367 0 -14.8554
vn -15.7367 0 -14.8554
vn -15.737 0 -14.855
vn -15.737 0 -14.855
vn -0.41964 -0.104048 22.5222
vn -0.0640905 -0.107866 22.5242
vn -0.0781527 -0.210875 22.423
vn -0.41964 -0.104047 22.5222
vn 6.62702 -0.161374 21.3126
vn -0.40134 -0.359164 22.1565
vn -6.69217 -1.81656 -0.337725
vn 6.47917 -0.173547 21.3522
vn 12.6514 -0.214685 17.7836
vn 12.9085 -0.119517 17.6921
vn 12.7688 -0.177271 17.743
vn 12.2683 -0.342662 17.8185
vn -0.106287 -1.91733 0.397882
vn 12.2 -0.362673 17.8183
vn 12.9199 -0.119019 17.6829
vn 12.7987 -0.166393 17.7325
vn 12.9884 -0.0912396 17.6472
vn 20.9099 0 0.00615736
vn 19.1436 0 9.07475
vn 7.50304 0 21.0576
vn 7.50304 0 21.0576
vn 1.27219 0 22.5182
vn 1.27221 0 22.5182
vn 0.32592 0 22.5572
vn 0.3259 0 22.5572
vn 6.62144 0 21.399
vn 6.62144 0 21.399
vn 13.1588 0 17.5326
vn 13.1588 0 17.5326
vn 13.1853 0 17.5094
vn 9.45737 0 20.1206
vn 3.78791 0 22.1867
vn -0.106139 1.91733 0.39788
vn -6.69217 1.81656 -0.337733
vn -0.0781253 0.210877 22.423
vn -0.401279 0.359167 22.1565
vn 12.2683 0.342664 17.8185
vn 12.7688 0.177272 17.743
vn 12.6514 0.214687 17.7836
vn 12.2 0.362679 17.8182
vn 12.7988 0.166399 17.7324
vn 12.9199 0.11902 17.6829
vn 12.9885 0.0912402 17.6472
vn 12.9085 0.119517 17.6921
vn 6.47915 0.173544 21.3522
vn 6.62699 0.16137 21.3126
vn -0.0640813 0.107865 22.5242
vn -0.419617 0.104047 22.5222
vn -0.419617 0.104047 22.5222
vn -17.9438 0 11.5824
vn -17.9438 0 11.5824
vn -20.9099 0 0.0103248
vn -20.9099 0 0.0103245
vn -6.43552 1.82393 -0.566886
vn -0.0968888 1.91763 0.00517725
vn -0.00233842 1.91765 0.00525842
vn -0.00430076 1.91765 0.00281625
vn -7.19956 1.79971 -0.587221
vn -7.74105 1.78059 -0.630809
vn -7.74349 1.7805 -0.633069
vn -7.164 1.80077 -0.639486
vn -8.50976 1.74711 -1.48567
vn -7.84563 1.77292 -1.50762
vn -7.1711 1.80049 -0.655226
vn -7.83962 1.77315 -1.50781
vn -0.00446424 -1.91765 0.00261839
vn -0.00250207 -1.91765 0.00506123
vn -0.0970371 -1.91763 0.00517471
vn -6.43554 -1.82393 -0.566898
vn -7.19975 -1.7997 -0.587443
vn -7.74125 -1.78059 -0.631032
vn -7.164 -1.80077 -0.639483
vn -7.74369 -1.78049 -0.633291
vn -7.17111 -1.80049 -0.65522
vn -7.84624 -1.7729 -1.5076
vn -8.51118 -1.74705 -1.48588
vn -7.84023 -1.77312 -1.50779
vn -7.93998 7.14926 -17.9741
vn -9.76075 4.34573 -17.974
vn -13.7752 6.13305 -14.4863
vn -11.2057 10.0897 -14.4864
vn -9.88833e-06 -4.62379e-05 -20.9099
vn -10.626 1.11682 -17.974
vn -14.9962 1.57613 -14.4863
vn -16.2187 7.22098 -11.0469
vn -17.6563 1.85573 -11.0469
vn -13.1935 11.8795 -11.0469
vn -17.5613 7.81874 -8.22758
vn -19.1179 2.00934 -8.22755
vn -17.3656 -3.6912 -11.0469
vn -18.8031 -3.99673 -8.22759
vn -19.918 2.09346 -6.00964
vn -19.59 -4.16401 -6.00966
vn -14.2856 12.8629 -8.22756
vn -18.2962 8.14598 -6.00964
vn -20.3548 2.1394 -4.28126
vn -20.0197 -4.25531 -4.28127
vn -17.3445 -10.0138 -6.00966
vn -17.7249 -10.2334 -4.28126
vn -20.2507 -4.3044 -2.93372
vn -17.9294 -10.3515 -2.93372
vn -18.6975 8.32463 -4.28125
vn -20.5896 2.16409 -2.93372
vn -20.3722 -4.33025 -1.85599
vn -18.037 -10.4137 -1.85598
vn -13.8531 -15.3854 -2.93373
vn -13.9362 -15.4778 -1.85597
vn -18.0909 -10.4448 -0.922165
vn -13.9778 -15.524 -0.922165
vn -20.7133 2.17705 -1.85599
vn -20.4331 -4.34317 -0.922171
vn -18.1039 -10.4523 -0.46888
vn -13.9879 -15.5352 -0.468894
vn -8.49657 -19.0835 -0.922174
vn -8.5027 -19.0973 -0.468921
vn -8.47126 -19.0267 -1.85597
vn -2.18354 -20.7751 -0.922171
vn -2.18511 -20.7901 -0.468922
vn -8.42069 -18.9132 -2.93373
vn -2.17706 -20.7133 -1.85597
vn 4.34317 -20.4331 -0.922165
vn 4.34631 -20.4478 -0.468908
vn -2.16407 -20.5896 -2.93373
vn 4.33024 -20.3722 -1.85597
vn 10.4448 -18.0909 -0.922169
vn 10.4523 -18.1039 -0.468899
vn 4.30441 -20.2507 -2.93374
vn 10.4137 -18.037 -1.85598
vn -8.32462 -18.6975 -4.28126
vn -2.13938 -20.3548 -4.28126
vn 4.25533 -20.0197 -4.28126
vn 10.3515 -17.9294 -2.93374
vn 15.4777 -13.9362 -1.85599
vn 15.524 -13.9778 -0.922167
vn 10.2335 -17.7249 -4.28126
vn 15.3854 -13.8531 -2.93373
vn -2.09346 -19.918 -6.00962
vn 4.16399 -19.59 -6.00962
vn 10.0139 -17.3445 -6.00961
vn 15.2099 -13.6951 -4.28125
vn 18.9132 -8.4207 -2.93372
vn 19.0267 -8.47127 -1.85598
vn 14.8835 -13.4011 -6.00961
vn 18.6975 -8.32465 -4.28125
vn 3.99674 -18.8031 -8.22756
vn 9.61162 -16.6478 -8.22755
vn 14.2857 -12.8628 -8.22756
vn 18.2962 -8.14602 -6.00964
vn 20.3548 -2.13936 -4.28126
vn 20.5897 -2.16405 -2.93373
vn 17.5613 -7.81878 -8.22756
vn 19.918 -2.09344 -6.00963
vn 8.87683 -15.375 -11.0469
vn 13.1935 -11.8794 -11.0469
vn 16.2187 -7.22107 -11.0469
vn 19.1179 -2.00938 -8.22756
vn 19.59 4.16401 -6.0096
vn 20.0197 4.25533 -4.28127
vn 17.6563 -1.8558 -11.0469
vn 18.8031 3.99676 -8.22751
vn 11.2057 -10.0897 -14.4863
vn 13.7751 -6.13322 -14.4863
vn 14.9962 -1.57614 -14.4863
vn 17.3656 3.69123 -11.0469
vn 16.6478 9.61159 -8.2275
vn 17.3445 10.0138 -6.0096
vn 14.7493 3.13508 -14.4863
vn 15.375 8.87682 -11.0469
vn 9.76057 -4.34583 -17.9741
vn 10.6259 -1.1167 -17.974
vn 10.4511 2.22142 -17.974
vn 13.0586 7.53939 -14.4863
vn 11.8795 13.1935 -11.0469
vn 12.8629 14.2856 -8.22752
vn 9.25303 5.34216 -17.9741
vn 10.0897 11.2058 -14.4863
vn 7.93978 -7.14941 -17.9741
vn 5.34197 -9.25308 -17.9741
vn 2.22163 -10.451 -17.974
vn 7.53945 -13.0586 -14.4863
vn 3.13518 -14.7493 -14.4863
vn -1.11682 -10.626 -17.974
vn -1.57617 -14.9962 -14.4863
vn 3.69125 -17.3656 -11.0469
vn -1.85569 -17.6563 -11.0469
vn -4.34609 -9.76074 -17.974
vn -6.13316 -13.7751 -14.4863
vn -7.14922 -7.94019 -17.974
vn -10.0897 -11.2058 -14.4863
vn -7.22102 -16.2187 -11.0469
vn -9.25312 -5.34214 -17.974
vn -13.0587 -7.53942 -14.4862
vn -11.8794 -13.1935 -11.0469
vn -7.81877 -17.5613 -8.22754
vn -2.00934 -19.1179 -8.22755
vn -15.375 -8.87682 -11.0469
vn -12.8629 -14.2856 -8.22757
vn -8.14595 -18.2962 -6.00963
vn -13.4011 -14.8835 -6.00963
vn -16.6478 -9.61157 -8.22756
vn -13.695 -15.2099 -4.28128
vn -14.7494 -3.13507 -14.4862
vn -10.4512 -2.22141 -17.9739
vn 7.14943 7.94008 -17.974
vn 4.34567 9.76066 -17.9741
vn 6.13308 13.7752 -14.4863
vn 7.22105 16.2187 -11.0469
vn 1.57616 14.9963 -14.4862
vn 1.85567 17.6564 -11.0468
vn 1.117 10.6259 -17.974
vn -3.1351 14.7493 -14.4863
vn -3.69122 17.3657 -11.0468
vn 2.00933 19.1179 -8.22754
vn -3.99675 18.8031 -8.22754
vn -8.87669 15.3752 -11.0468
vn -9.61158 16.6478 -8.22754
vn -2.22141 10.4509 -17.9741
vn -7.53939 13.0587 -14.4863
vn -5.34252 9.2529 -17.974
vn -14.8834 13.4012 -6.00964
vn -10.0138 17.3445 -6.00963
vn -15.2099 13.695 -4.28126
vn -4.16402 19.59 -6.00963
vn -10.2334 17.7249 -4.28126
vn -15.3854 13.853 -2.93371
vn -4.25532 20.0197 -4.28126
vn -10.3515 17.9294 -2.93372
vn 2.09343 19.918 -6.00963
vn 2.13933 20.3548 -4.28127
vn -4.30441 20.2507 -2.93372
vn -10.4137 18.037 -1.85599
vn -15.4777 13.9362 -1.85601
vn 2.16406 20.5897 -2.93371
vn -4.33026 20.3722 -1.856
vn 8.14599 18.2962 -6.00962
vn 8.32465 18.6975 -4.28126
vn 8.42068 18.9132 -2.93371
vn 2.17706 20.7133 -1.85601
vn -4.3432 20.4331 -0.922179
vn -10.4447 18.0909 -0.922181
vn 8.47126 19.0267 -1.856
vn 2.18355 20.7751 -0.922171
vn 13.6951 15.2099 -4.28126
vn 13.853 15.3854 -2.93372
vn 13.9362 15.4777 -1.856
vn 8.49655 19.0836 -0.922174
vn 2.18514 20.7901 -0.468806
vn -4.34633 20.4478 -0.468834
vn 13.9778 15.524 -0.922175
vn 8.50266 19.0973 -0.468825
vn 17.9294 10.3515 -2.93372
vn 18.037 10.4137 -1.85599
vn 18.0909 10.4448 -0.922171
vn 13.9879 15.5352 -0.468843
vn 20.2507 4.30443 -2.93373
vn 20.3722 4.33025 -1.85598
vn 17.7249 10.2335 -4.28126
vn 20.7133 -2.17705 -1.85597
vn 20.4331 4.34318 -0.922169
vn 20.7751 -2.18355 -0.922167
vn 20.4478 4.34631 -0.468872
vn 18.1039 10.4523 -0.468855
vn 19.0836 -8.49654 -0.922166
vn 20.7901 -2.18513 -0.468884
vn 19.0974 -8.50265 -0.468886
vn 15.5352 -13.9879 -0.468885
vn 13.4012 14.8835 -6.0096
vn 7.81877 17.5613 -8.22753
vn -10.4523 18.104 -0.468863
vn -15.5352 13.988 -0.468841
vn -15.5239 13.9779 -0.922177
vn -20.4478 -4.34632 -0.468875
vn -20.7751 2.18355 -0.922174
vn -20.7901 2.18509 -0.468855
vn -19.0267 8.47124 -1.85601
vn -19.0836 8.49653 -0.922175
vn -18.9132 8.42069 -2.93372
vn -19.0973 8.50266 -0.468829
vn 10.1616 3.30164 -17.974
vn 8.64406 6.28012 -17.974
vn 12.1991 8.86318 -14.4862
vn 14.3408 4.65956 -14.4863
vn -0.000182957 1.15064e-05 -20.9099
vn 6.28027 8.64379 -17.9741
vn 8.8631 12.1991 -14.4863
vn 14.3629 10.4354 -11.0469
vn 10.4352 14.363 -11.0469
vn 16.8847 5.48614 -11.0469
vn 15.5519 11.2991 -8.22758
vn 11.2991 15.5519 -8.22757
vn 5.48603 16.8847 -11.0469
vn 5.9403 18.2823 -8.22758
vn 11.772 16.2027 -6.00964
vn 6.18891 19.0475 -6.00963
vn 18.2824 5.94026 -8.22756
vn 16.2027 11.772 -6.00964
vn 12.0302 16.5581 -4.28126
vn 6.32463 19.4652 -4.28127
vn 1.30728e-05 20.0277 -6.00964
vn -5.20703e-06 20.4669 -4.28126
vn 6.3976 19.6898 -2.93372
vn -9.62294e-06 20.7031 -2.93371
vn 16.5581 12.0302 -4.28125
vn 12.169 16.7491 -2.93371
vn 6.43601 19.808 -1.856
vn -6.73732e-06 20.8274 -1.85601
vn -6.3976 19.6898 -2.93372
vn -6.43602 19.808 -1.856
vn -2.33463e-06 20.8895 -0.92219
vn -6.45525 19.8671 -0.922188
vn 12.242 16.8497 -1.85599
vn 6.45523 19.8671 -0.922187
vn 8.80827e-06 20.9046 -0.468841
vn -6.45991 19.8815 -0.468854
vn -12.2786 16.9 -0.922185
vn -12.2875 16.9122 -0.468867
vn -12.242 16.8497 -1.85599
vn -16.9 12.2786 -0.922182
vn -16.9122 12.2874 -0.46887
vn -12.169 16.7491 -2.93372
vn -16.8497 12.242 -1.856
vn -19.8671 6.45522 -0.922171
vn -19.8815 6.45986 -0.468868
vn -16.7491 12.1689 -2.93372
vn -19.808 6.43603 -1.85599
vn -20.8896 2.42802e-06 -0.922165
vn -20.9046 1.12447e-06 -0.468867
vn -19.6898 6.3976 -2.93373
vn -20.8274 -4.36503e-06 -1.85598
vn -12.0302 16.558 -4.28127
vn -16.5581 12.0301 -4.28126
vn -19.4652 6.32462 -4.28126
vn -20.7031 -7.09059e-07 -2.93372
vn -19.808 -6.43602 -1.85598
vn -19.8671 -6.45524 -0.922165
vn -20.4669 -4.63482e-06 -4.28126
vn -19.6898 -6.3976 -2.93372
vn -16.2027 11.772 -6.00962
vn -19.0475 6.18891 -6.00962
vn -20.0277 -1.41103e-05 -6.00961
vn -19.4652 -6.32463 -4.28126
vn -16.7491 -12.1689 -2.93372
vn -16.8497 -12.242 -1.85598
vn -19.0475 -6.18888 -6.00961
vn -16.5581 -12.0302 -4.28126
vn -18.2823 5.94031 -8.22755
vn -19.2232 -1.33587e-05 -8.22754
vn -18.2823 -5.9403 -8.22753
vn -16.2027 -11.772 -6.00964
vn -12.0301 -16.5581 -4.28125
vn -12.169 -16.7491 -2.93372
vn -15.5519 -11.2991 -8.22756
vn -11.772 -16.2028 -6.00962
vn -17.7536 -3.38854e-06 -11.0469
vn -16.8846 -5.48623 -11.0469
vn -14.3629 -10.4354 -11.0469
vn -11.2991 -15.5519 -8.22757
vn -6.18893 -19.0475 -6.00961
vn -6.32463 -19.4652 -4.28126
vn -10.4353 -14.3629 -11.0469
vn -5.94032 -18.2823 -8.22754
vn -14.3408 -4.6596 -14.4863
vn -12.199 -8.86312 -14.4863
vn -8.8629 -12.1991 -14.4864
vn -5.48607 -16.8847 -11.0469
vn -2.72625e-07 -19.2232 -8.22753
vn -6.91682e-08 -20.0277 -6.00963
vn -4.65934 -14.3409 -14.4863
vn 4.94991e-05 -17.7536 -11.0469
vn -8.64402 -6.27999 -17.974
vn -6.27987 -8.64394 -17.9741
vn -3.30156 -10.1615 -17.9741
vn 0.000176948 -15.0788 -14.4863
vn 5.48615 -16.8847 -11.0469
vn 5.9403 -18.2823 -8.22754
vn 0.000215471 -10.6844 -17.9741
vn 4.65967 -14.3408 -14.4863
vn -10.1617 -3.30152 -17.9739
vn -10.6844 0 -17.974
vn -10.1616 3.30168 -17.974
vn -15.0788 1.12705e-07 -14.4863
vn -14.3408 4.65961 -14.4863
vn -8.64396 6.28018 -17.974
vn -12.199 8.86311 -14.4863
vn -16.8847 5.48617 -11.0469
vn -14.3629 10.4353 -11.0469
vn -6.28023 8.6439 -17.974
vn -8.86304 12.1991 -14.4863
vn -3.30202 10.1615 -17.974
vn -4.65965 14.3409 -14.4862
vn -10.4352 14.363 -11.0469
vn 6.24375e-08 10.6844 -17.9741
vn -9.51231e-05 15.0789 -14.4862
vn -5.4861 16.8847 -11.0469
vn -11.2991 15.5519 -8.22752
vn -15.5519 11.2991 -8.22754
vn -7.62751e-05 17.7536 -11.0469
vn -5.9403 18.2823 -8.22757
vn -11.772 16.2027 -6.00962
vn -6.18892 19.0474 -6.00963
vn 9.99631e-07 19.2232 -8.22756
vn -6.32464 19.4652 -4.28128
vn 4.65956 14.3409 -14.4862
vn 3.30192 10.1615 -17.974
vn 3.302 -10.1615 -17.974
vn 6.28037 -8.64381 -17.974
vn 8.86312 -12.199 -14.4863
vn 10.4353 -14.3629 -11.0469
vn 12.199 -8.86322 -14.4863
vn 14.3629 -10.4353 -11.0469
vn 8.64396 -6.28033 -17.974
vn 14.3407 -4.65967 -14.4863
vn 16.8846 -5.48622 -11.0469
vn 15.5519 -11.2991 -8.22755
vn 18.2824 -5.9403 -8.22753
vn 17.7536 -0.00010139 -11.0469
vn 19.2232 -8.82399e-05 -8.22756
vn 10.1615 -3.30163 -17.9741
vn 15.0788 -3.8883e-05 -14.4863
vn 10.6846 0.000159931 -17.974
vn 19.0475 6.18886 -6.00963
vn 20.0277 -6.08679e-05 -6.00964
vn 19.4652 6.3246 -4.28126
vn 19.0475 -6.1889 -6.00965
vn 20.4669 -1.56783e-05 -4.28125
vn 19.6898 6.39756 -2.93372
vn 19.4652 -6.32463 -4.28126
vn 20.7031 -9.31906e-06 -2.93372
vn 16.2027 -11.772 -6.00964
vn 16.5581 -12.0302 -4.28126
vn 19.6898 -6.39759 -2.93371
vn 20.8274 -1.65112e-05 -1.85598
vn 19.808 6.43598 -1.85598
vn 16.7491 -12.1689 -2.93371
vn 19.808 -6.436 -1.85598
vn 11.7719 -16.2028 -6.00963
vn 12.0301 -16.5581 -4.28126
vn 12.169 -16.7491 -2.93372
vn 16.8497 -12.242 -1.85598
vn 19.8671 -6.45523 -0.922163
vn 20.8896 -1.77432e-06 -0.922165
vn 12.242 -16.8497 -1.85597
vn 16.9 -12.2786 -0.922165
vn 6.32464 -19.4652 -4.28127
vn 6.3976 -19.6898 -2.93373
vn 6.43601 -19.808 -1.85597
vn 12.2786 -16.9 -0.922169
vn 16.9122 -12.2874 -0.468879
vn 19.8815 -6.4599 -0.468868
vn 6.45524 -19.8671 -0.922173
vn 12.2875 -16.9122 -0.468901
vn -4.45695e-06 -20.7031 -2.93372
vn -7.1169e-06 -20.8274 -1.85598
vn -1.21401e-06 -20.8895 -0.922174
vn 6.4599 -19.8815 -0.468901
vn -6.39759 -19.6898 -2.93373
vn -6.43601 -19.808 -1.85598
vn 1.71661e-07 -20.4669 -4.28126
vn -12.242 -16.8497 -1.85597
vn -6.45524 -19.8671 -0.922175
vn -12.2786 -16.9 -0.922171
vn -6.45989 -19.8815 -0.468901
vn 2.06152e-06 -20.9046 -0.468892
vn -16.9 -12.2786 -0.922165
vn -12.2875 -16.9122 -0.468894
vn -16.9122 -12.2875 -0.468874
vn -19.8815 -6.45992 -0.468869
vn 6.18891 -19.0475 -6.00962
vn 11.2991 -15.5519 -8.22755
vn 20.9046 -5.06009e-06 -0.468877
vn 19.8815 6.45987 -0.468884
vn 19.8671 6.45521 -0.922167
vn 6.45987 19.8815 -0.468851
vn 12.2786 16.9 -0.922182
vn 12.2874 16.9122 -0.468867
vn 16.8497 12.242 -1.85598
vn 16.9 12.2786 -0.922174
vn 16.7491 12.1689 -2.93371
vn 16.9122 12.2874 -0.468878
vn -2.22164 -10.4509 -17.9741
vn 1.11701 -10.6259 -17.974
vn 1.57631 -14.9962 -14.4863
vn -3.13519 -14.7492 -14.4864
vn 0.000181332 1.39415e-05 -20.9099
vn 4.34609 -9.76062 -17.974
vn 6.13327 -13.7752 -14.4863
vn 1.85585 -17.6563 -11.0469
vn 7.22104 -16.2187 -11.0469
vn -3.69118 -17.3656 -11.0469
vn 2.00938 -19.1179 -8.22757
vn 7.81879 -17.5612 -8.22757
vn 11.8794 -13.1935 -11.0469
vn 12.8629 -14.2856 -8.22757
vn 8.14598 -18.2962 -6.00964
vn 13.4012 -14.8834 -6.00963
vn -3.99672 -18.8031 -8.22755
vn 2.09348 -19.918 -6.00963
vn 8.32463 -18.6975 -4.28126
vn 13.695 -15.2099 -4.28127
vn 17.3445 -10.0138 -6.00965
vn 17.7249 -10.2335 -4.28126
vn 13.8531 -15.3854 -2.93373
vn 17.9294 -10.3515 -2.93372
vn 2.13937 -20.3548 -4.28125
vn 8.4207 -18.9132 -2.93373
vn 13.9362 -15.4778 -1.85596
vn 18.037 -10.4137 -1.85598
vn 20.2507 -4.30439 -2.93373
vn 20.3722 -4.33025 -1.85599
vn 18.0909 -10.4448 -0.92217
vn 20.4331 -4.34317 -0.922172
vn 8.47125 -19.0267 -1.85596
vn 13.9778 -15.524 -0.922167
vn 18.1039 -10.4524 -0.468904
vn 20.4478 -4.34632 -0.468884
vn 20.7751 2.18356 -0.922178
vn 20.7901 2.18512 -0.468867
vn 20.7133 2.17705 -1.85599
vn 19.0835 8.49655 -0.92218
vn 19.0973 8.50268 -0.468862
vn 20.5897 2.16405 -2.93372
vn 19.0267 8.47126 -1.85599
vn 15.524 13.9779 -0.922176
vn 15.5352 13.9879 -0.468858
vn 18.9132 8.42069 -2.93371
vn 15.4777 13.9362 -1.85599
vn 10.4448 18.0909 -0.922175
vn 10.4523 18.1039 -0.468852
vn 15.3854 13.8531 -2.93372
vn 10.4137 18.037 -1.85599
vn 20.3548 2.13938 -4.28127
vn 18.6975 8.32462 -4.28126
vn 15.2099 13.695 -4.28125
vn 10.3515 17.9294 -2.93371
vn 4.33026 20.3722 -1.856
vn 4.3432 20.4331 -0.922173
vn 10.2334 17.7249 -4.28125
vn 4.3044 20.2507 -2.93372
vn 18.2962 8.14598 -6.00963
vn 14.8835 13.4011 -6.00962
vn 10.0138 17.3445 -6.00962
vn 4.2553 20.0197 -4.28125
vn -2.16406 20.5897 -2.93371
vn -2.17706 20.7133 -1.856
vn 4.16399 19.59 -6.00961
vn -2.13937 20.3548 -4.28125
vn 14.2857 12.8628 -8.22754
vn 9.61162 16.6478 -8.22755
vn 3.99672 18.8031 -8.22756
vn -2.09347 19.918 -6.00964
vn -8.32465 18.6975 -4.28124
vn -8.42071 18.9132 -2.93371
vn -2.00935 19.1179 -8.22757
vn -8.146 18.2962 -6.00963
vn 8.87681 15.375 -11.0469
vn 3.69117 17.3656 -11.0469
vn -1.85571 17.6564 -11.0468
vn -7.81878 17.5612 -8.22758
vn -13.4011 14.8835 -6.00963
vn -13.695 15.2099 -4.28126
vn -7.221 16.2187 -11.0469
vn -12.8629 14.2856 -8.22754
vn 3.13521 14.7493 -14.4863
vn -1.57605 14.9963 -14.4863
vn -6.13319 13.7752 -14.4863
vn -11.8794 13.1935 -11.0469
vn -16.6478 9.61159 -8.2275
vn -17.3445 10.0138 -6.00962
vn -10.0897 11.2058 -14.4863
vn -15.375 8.87682 -11.0469
vn -1.11658 10.6258 -17.9741
vn -4.3461 9.76056 -17.9741
vn -7.14932 7.94006 -17.974
vn -13.0586 7.53941 -14.4864
vn -17.3656 3.6912 -11.0469
vn -18.8031 3.99675 -8.22752
vn -9.2529 5.3422 -17.9741
vn -14.7493 3.13507 -14.4863
vn 2.22185 10.4509 -17.974
vn 5.34222 9.25304 -17.974
vn 7.94 7.14935 -17.9741
vn 7.53937 13.0586 -14.4863
vn 11.2057 10.0897 -14.4863
vn 9.76068 4.34578 -17.9741
vn 13.7752 6.1331 -14.4863
vn 13.1935 11.8794 -11.0469
vn 16.2187 7.22101 -11.0469
vn 10.6259 1.11684 -17.9741
vn 14.9962 1.57614 -14.4863
vn 10.451 -2.22131 -17.974
vn 14.7494 -3.13505 -14.4862
vn 17.6563 1.85574 -11.0469
vn 9.25289 -5.34219 -17.9741
vn 13.0587 -7.53942 -14.4863
vn 17.3656 -3.6912 -11.0469
vn 19.1179 2.00937 -8.22752
vn 17.5613 7.81874 -8.22754
vn 15.375 -8.87681 -11.0469
vn 18.8031 -3.99671 -8.22756
vn 19.918 2.09349 -6.00964
vn 19.59 -4.16397 -6.00965
vn 16.6478 -9.61157 -8.22754
vn 20.0197 -4.2553 -4.28127
vn 10.0898 -11.2058 -14.4862
vn 7.14931 -7.94006 -17.9741
vn -10.451 2.22143 -17.974
vn -10.6259 -1.11682 -17.9741
vn -14.9961 -1.57624 -14.4864
vn -17.6563 -1.85581 -11.0469
vn -13.7753 -6.1331 -14.4862
vn -16.2187 -7.22105 -11.0469
vn -9.76088 -4.34561 -17.974
vn -11.2057 -10.0897 -14.4863
vn -13.1935 -11.8795 -11.0469
vn -17.5613 -7.81877 -8.22753
vn -14.2857 -12.8628 -8.22752
vn -8.87685 -15.375 -11.0469
vn -9.61163 -16.6477 -8.22756
vn -7.93977 -7.14928 -17.9742
vn -7.53946 -13.0586 -14.4863
vn -5.34196 -9.25313 -17.9741
vn -4.16398 -19.59 -6.00963
vn -10.0139 -17.3445 -6.00963
vn -4.25533 -20.0197 -4.28126
vn -14.8834 -13.4012 -6.00963
vn -10.2335 -17.7249 -4.28125
vn -4.30445 -20.2506 -2.93373
vn -15.2099 -13.6951 -4.28126
vn -10.3516 -17.9294 -2.93373
vn -18.2962 -8.14601 -6.00963
vn -18.6975 -8.32464 -4.28126
vn -15.3854 -13.853 -2.93372
vn -10.4137 -18.037 -1.85596
vn -4.33027 -20.3722 -1.85595
vn -18.9132 -8.4207 -2.93372
vn -15.4777 -13.9362 -1.85597
vn -19.918 -2.09345 -6.00963
vn -20.3548 -2.13937 -4.28126
vn -20.5896 -2.16407 -2.93374
vn -19.0267 -8.47129 -1.85598
vn -15.524 -13.9778 -0.922176
vn -10.4448 -18.0909 -0.92217
vn -20.7133 -2.17707 -1.85598
vn -19.0836 -8.49655 -0.922158
vn -20.0197 4.2553 -4.28126
vn -20.2507 4.30442 -2.93374
vn -20.3722 4.33027 -1.85599
vn -20.7751 -2.18356 -0.922148
vn -19.0973 -8.50268 -0.468869
vn -15.5352 -13.9879 -0.468913
vn -20.4331 4.34318 -0.922158
vn -20.7901 -2.18513 -0.468859
vn -17.9294 10.3515 -2.93372
vn -18.037 10.4137 -1.85599
vn -18.0909 10.4448 -0.922166
vn -20.4478 4.34632 -0.468865
vn -13.8531 15.3854 -2.93371
vn -13.9362 15.4778 -1.85599
vn -17.7249 10.2335 -4.28126
vn -8.47127 19.0267 -1.856
vn -13.9778 15.524 -0.922175
vn -8.49654 19.0836 -0.922177
vn -13.9879 15.5352 -0.468845
vn -18.1039 10.4524 -0.468855
vn -2.18355 20.7751 -0.922171
vn -8.50266 19.0973 -0.46883
vn -2.18514 20.7901 -0.468821
vn 4.34633 20.4478 -0.468835
vn -19.59 4.16399 -6.00962
vn -19.1179 -2.00937 -8.22752
vn -10.4523 -18.1039 -0.468934
vn -4.34633 -20.4478 -0.468927
vn -4.3432 -20.4331 -0.922158
vn 13.9879 -15.5352 -0.468913
vn 8.49657 -19.0835 -0.922164
vn 8.5027 -19.0973 -0.468923
vn 2.17706 -20.7133 -1.85595
vn 2.18354 -20.7751 -0.92216
vn 2.16406 -20.5897 -2.93373
vn 2.18512 -20.7901 -0.468927
vn -1.32431 -0.430295 -1.52322
vn -1.12653 -0.81847 -1.52322
vn -1.50065 -1.09029 -1.15961
vn -1.76412 -0.573197 -1.15961
vn 1.01672e-07 -6.96546e-07 -1.89201
vn -0.818469 -1.12653 -1.52322
vn -1.09029 -1.50065 -1.15961
vn -1.69712 -1.23303 -0.849234
vn -1.23303 -1.69712 -0.849234
vn -1.99508 -0.648239 -0.849234
vn -1.79512 -1.30423 -0.617669
vn -1.30423 -1.79512 -0.617669
vn -0.64824 -1.99508 -0.849234
vn -0.685675 -2.11029 -0.617669
vn -1.3411 -1.84586 -0.445151
vn -0.705057 -2.16994 -0.44515
vn -2.11029 -0.685674 -0.617669
vn -1.84586 -1.3411 -0.445151
vn -1.3606 -1.87271 -0.314762
vn -0.715311 -2.2015 -0.314762
vn 7.21978e-07 -2.28161 -0.44515
vn 4.8838e-07 -2.3148 -0.314762
vn -0.72073 -2.21818 -0.214809
vn 1.96483e-07 -2.33233 -0.214809
vn -1.87271 -1.36061 -0.314762
vn -1.37091 -1.8869 -0.214809
vn -0.723555 -2.22688 -0.1356
vn 3.7802e-07 -2.34148 -0.1356
vn 0.720731 -2.21818 -0.214809
vn 0.723556 -2.22688 -0.1356
vn 5.5951e-07 -2.34603 -0.0673018
vn 0.724963 -2.2312 -0.0673018
vn -1.37628 -1.89429 -0.1356
vn -0.724962 -2.2312 -0.0673018
vn 5.47052e-07 -2.34713 -0.0341961
vn 0.725303 -2.23225 -0.0341961
vn 1.37896 -1.89798 -0.0673018
vn 1.37961 -1.89887 -0.0341961
vn 1.37629 -1.89429 -0.1356
vn 1.89798 -1.37896 -0.0673018
vn 1.89887 -1.37961 -0.0341962
vn 1.37091 -1.8869 -0.214809
vn 1.89429 -1.37628 -0.1356
vn 2.2312 -0.724962 -0.0673019
vn 2.23225 -0.725303 -0.0341964
vn 1.8869 -1.37091 -0.214809
vn 2.22688 -0.723556 -0.1356
vn 2.34603 1.68076e-07 -0.067302
vn 2.34713 1.76349e-07 -0.0341966
vn 2.21818 -0.72073 -0.214809
vn 2.34148 2.26503e-07 -0.1356
vn 1.36061 -1.87271 -0.314762
vn 1.87271 -1.3606 -0.314762
vn 2.2015 -0.715312 -0.314762
vn 2.33233 1.72261e-07 -0.214809
vn 2.22688 0.723556 -0.1356
vn 2.2312 0.724963 -0.067302
vn 2.3148 2.13844e-07 -0.314762
vn 2.21818 0.720731 -0.214809
vn 1.84586 -1.3411 -0.44515
vn 2.16994 -0.705057 -0.44515
vn 2.28161 1.59516e-07 -0.44515
vn 2.2015 0.715313 -0.314762
vn 1.8869 1.37091 -0.214809
vn 1.89429 1.37629 -0.1356
vn 2.16994 0.705057 -0.44515
vn 1.87271 1.36061 -0.314762
vn 2.11029 -0.685675 -0.617669
vn 2.21889 1.12394e-07 -0.617669
vn 2.11029 0.685676 -0.617669
vn 1.84586 1.3411 -0.44515
vn 1.3606 1.87271 -0.314762
vn 1.37091 1.8869 -0.214809
vn 1.79512 1.30423 -0.617669
vn 1.3411 1.84586 -0.44515
vn 2.09775 -1.19638e-07 -0.849234
vn 1.99508 0.648241 -0.849234
vn 1.69712 1.23303 -0.849234
vn 1.30423 1.79512 -0.617669
vn 0.705057 2.16994 -0.445151
vn 0.715312 2.2015 -0.314762
vn 1.23303 1.69712 -0.849234
vn 0.685675 2.11029 -0.617669
vn 1.76412 0.573198 -1.15961
vn 1.50065 1.09029 -1.15961
vn 1.09029 1.50065 -1.15961
vn 0.64824 1.99508 -0.849234
vn -1.59864e-07 2.21889 -0.617669
vn -1.8922e-07 2.28161 -0.445151
vn 0.573198 1.76412 -1.15961
vn -3.47027e-07 2.09775 -0.849234
vn 1.12653 0.81847 -1.52322
vn 0.818469 1.12653 -1.52322
vn 0.430295 1.32431 -1.52322
vn -4.33691e-07 1.85491 -1.15961
vn -0.648241 1.99508 -0.849234
vn -0.685676 2.11029 -0.617669
vn -3.19191e-07 1.39246 -1.52322
vn -0.573199 1.76412 -1.15961
vn 1.32431 0.430296 -1.52322
vn 1.39246 5.98049e-08 -1.52322
vn 1.32431 -0.430296 -1.52322
vn 1.85491 -1.05751e-07 -1.15961
vn 1.76412 -0.573198 -1.15961
vn 1.12653 -0.81847 -1.52322
vn 1.50065 -1.09029 -1.15961
vn 1.99508 -0.64824 -0.849234
vn 1.69712 -1.23303 -0.849234
vn 0.81847 -1.12653 -1.52322
vn 1.09029 -1.50065 -1.15961
vn 0.430295 -1.32431 -1.52322
vn 0.573199 -1.76412 -1.15961
vn 1.23303 -1.69712 -0.849234
vn 3.53097e-07 -1.39246 -1.52322
vn 4.51793e-07 -1.85491 -1.15961
vn 0.648241 -1.99508 -0.849234
vn 1.30423 -1.79512 -0.617669
vn 1.79512 -1.30423 -0.617669
vn 5.00435e-07 -2.09775 -0.849234
vn 0.685677 -2.11029 -0.617669
vn 1.3411 -1.84586 -0.44515
vn 0.705058 -2.16994 -0.44515
vn 5.76099e-07 -2.21889 -0.617669
vn 0.715312 -2.2015 -0.314762
vn -0.573198 -1.76412 -1.15961
vn -0.430294 -1.32431 -1.52322
vn -0.430295 1.32431 -1.52322
vn -0.818469 1.12653 -1.52322
vn -1.09029 1.50065 -1.15961
vn -1.23303 1.69712 -0.849234
vn -1.50065 1.09029 -1.15961
vn -1.69712 1.23303 -0.849234
vn -1.12653 0.81847 -1.52322
vn -1.76412 0.573198 -1.15961
vn -1.99508 0.64824 -0.849234
vn -1.79512 1.30423 -0.617669
vn -2.11029 0.685675 -0.617669
vn -2.09775 1.70221e-06 -0.849234
vn -2.21889 1.88749e-06 -0.617669
vn -1.32431 0.430294 -1.52322
vn -1.85491 1.45253e-06 -1.15961
vn -1.39246 1.02768e-06 -1.52322
vn -2.16994 -0.705055 -0.445151
vn -2.28161 1.89162e-06 -0.445151
vn -2.20151 -0.71531 -0.314762
vn -2.16994 0.705057 -0.445151
vn -2.3148 2.04675e-06 -0.314762
vn -2.21818 -0.720729 -0.214809
vn -2.2015 0.715312 -0.314762
vn -2.33233 2.15244e-06 -0.214808
vn -1.84586 1.3411 -0.445151
vn -1.87271 1.3606 -0.314762
vn -2.21818 0.72073 -0.214808
vn -2.34148 2.25054e-06 -0.1356
vn -2.22688 -0.723554 -0.1356
vn -1.8869 1.37091 -0.214809
vn -2.22688 0.723556 -0.1356
vn -1.3411 1.84586 -0.445151
vn -1.36061 1.87271 -0.314762
vn -1.37091 1.8869 -0.214809
vn -1.89429 1.37629 -0.1356
vn -2.2312 0.724962 -0.0673019
vn -2.34603 2.13655e-06 -0.0673019
vn -1.37629 1.89429 -0.1356
vn -1.89798 1.37896 -0.0673017
vn -0.715313 2.2015 -0.314762
vn -0.720731 2.21818 -0.214809
vn -0.723556 2.22688 -0.1356
vn -1.37896 1.89798 -0.0673018
vn -1.89887 1.37961 -0.0341961
vn -2.23225 0.725303 -0.0341964
vn -0.724963 2.2312 -0.0673018
vn -1.37961 1.89887 -0.0341962
vn -5.74703e-07 2.33233 -0.214809
vn -5.2361e-07 2.34148 -0.1356
vn -3.41409e-07 2.34603 -0.0673018
vn -0.725303 2.23225 -0.0341962
vn 0.720731 2.21818 -0.214809
vn 0.723556 2.22688 -0.1356
vn -4.21083e-07 2.3148 -0.314762
vn 1.37628 1.89429 -0.1356
vn 0.724962 2.2312 -0.0673019
vn 1.37896 1.89798 -0.0673019
vn 0.725303 2.23225 -0.0341965
vn -1.77844e-07 2.34713 -0.0341963
vn 1.89798 1.37896 -0.0673019
vn 1.37961 1.89887 -0.0341966
vn 1.89887 1.37961 -0.0341964
vn 2.23225 0.725303 -0.0341966
vn -0.705057 2.16994 -0.445151
vn -1.30423 1.79512 -0.617669
vn -2.34713 2.07693e-06 -0.0341962
vn -2.23225 -0.725301 -0.0341961
vn -2.23121 -0.724961 -0.0673018
vn -0.725302 -2.23225 -0.0341963
vn -1.37896 -1.89798 -0.0673018
vn -1.37961 -1.89887 -0.0341961
vn -1.89429 -1.37629 -0.1356
vn -1.89798 -1.37896 -0.0673018
vn -1.8869 -1.37091 -0.214809
vn -1.89887 -1.37961 -0.0341961
vn 7.93997 -7.14925 -17.9741
vn 9.76076 -4.34571 -17.974
vn 13.7752 -6.13302 -14.4863
vn 11.2057 -10.0897 -14.4864
vn 1.23719e-06 2.76245e-05 -20.9099
vn 10.6259 -1.11683 -17.974
vn 14.9962 -1.5761 -14.4863
vn 16.2188 -7.22096 -11.0469
vn 17.6563 -1.85571 -11.0469
vn 13.1935 -11.8795 -11.0469
vn 17.5613 -7.81872 -8.22757
vn 19.1179 -2.00933 -8.22755
vn 17.3656 3.6912 -11.0469
vn 18.8031 3.99673 -8.22758
vn 19.918 -2.09346 -6.00963
vn 19.59 4.16399 -6.00964
vn 14.2856 -12.8628 -8.22756
vn 18.2962 -8.14597 -6.00962
vn 20.3548 -2.13939 -4.28126
vn 20.0197 4.25532 -4.28128
vn 17.3445 10.0138 -6.00964
vn 17.7249 10.2335 -4.28126
vn 20.2507 4.30442 -2.93373
vn 17.9294 10.3515 -2.93371
vn 18.6975 -8.32464 -4.28125
vn 20.5897 -2.16407 -2.93373
vn 20.3722 4.33026 -1.85599
vn 18.037 10.4137 -1.856
vn 13.853 15.3854 -2.93372
vn 13.9362 15.4777 -1.85599
vn 18.0909 10.4448 -0.922177
vn 13.9778 15.524 -0.922176
vn 20.7133 -2.17705 -1.85599
vn 20.4331 4.34319 -0.922175
vn 18.1039 10.4523 -0.468859
vn 13.9879 15.5352 -0.468859
vn 8.49655 19.0835 -0.922181
vn 8.50268 19.0973 -0.468876
vn 8.47126 19.0267 -1.856
vn 2.18353 20.7751 -0.922187
vn 2.1851 20.7901 -0.468872
vn 8.42068 18.9132 -2.93372
vn 2.17703 20.7133 -1.856
vn -4.34318 20.4331 -0.922189
vn -4.34632 20.4478 -0.468855
vn 2.16405 20.5897 -2.93372
vn -4.33024 20.3722 -1.85601
vn -10.4448 18.0909 -0.922187
vn -10.4523 18.1039 -0.468846
vn -4.30441 20.2507 -2.93372
vn -10.4137 18.037 -1.85602
vn 8.32462 18.6975 -4.28126
vn 2.13939 20.3548 -4.28126
vn -4.25532 20.0197 -4.28126
vn -10.3515 17.9294 -2.93372
vn -15.4778 13.9362 -1.85602
vn -15.524 13.9778 -0.922178
vn -10.2335 17.7249 -4.28125
vn -15.3854 13.853 -2.93372
vn 2.09347 19.918 -6.00962
vn -4.16398 19.59 -6.00962
vn -10.0139 17.3445 -6.00962
vn -15.2099 13.6951 -4.28125
vn -18.9132 8.42069 -2.93372
vn -19.0267 8.47125 -1.85601
vn -14.8835 13.4012 -6.00962
vn -18.6975 8.32465 -4.28125
vn -3.99674 18.8031 -8.22756
vn -9.61162 16.6478 -8.22756
vn -14.2857 12.8628 -8.22755
vn -18.2962 8.14601 -6.00963
vn -20.3548 2.13937 -4.28125
vn -20.5897 2.16407 -2.93372
vn -17.5613 7.81877 -8.22755
vn -19.918 2.09345 -6.00963
vn -8.87675 15.3751 -11.0469
vn -13.1935 11.8795 -11.0469
vn -16.2187 7.22109 -11.0469
vn -19.1179 2.00938 -8.22756
vn -19.59 -4.16402 -6.00963
vn -20.0197 -4.25532 -4.28126
vn -17.6563 1.8558 -11.0469
vn -18.8031 -3.99677 -8.22754
vn -11.2056 10.0898 -14.4863
vn -13.7751 6.13321 -14.4863
vn -14.9962 1.57613 -14.4863
vn -17.3656 -3.69122 -11.0469
vn -16.6478 -9.61161 -8.22753
vn -17.3445 -10.0139 -6.00963
vn -14.7493 -3.13508 -14.4863
vn -15.375 -8.87684 -11.0469
vn -9.76053 4.34582 -17.9741
vn -10.6259 1.1167 -17.9741
vn -10.4511 -2.2214 -17.974
vn -13.0586 -7.5394 -14.4863
vn -11.8794 -13.1935 -11.0469
vn -12.8628 -14.2856 -8.22755
vn -9.25304 -5.34217 -17.974
vn -10.0897 -11.2058 -14.4863
vn -7.93976 7.14942 -17.9741
vn -5.34213 9.25305 -17.9741
vn -2.22163 10.451 -17.974
vn -7.53929 13.0587 -14.4863
vn -3.1352 14.7493 -14.4863
vn 1.1168 10.6259 -17.974
vn 1.57599 14.9962 -14.4863
vn -3.69125 17.3656 -11.0469
vn 1.85562 17.6563 -11.0469
vn 4.34577 9.76076 -17.974
vn 6.13305 13.7752 -14.4863
vn 7.14893 7.94024 -17.9741
vn 10.0896 11.2059 -14.4863
vn 7.22099 16.2187 -11.0469
vn 9.25286 5.34221 -17.9741
vn 13.0587 7.53942 -14.4862
vn 11.8794 13.1935 -11.0469
vn 7.81876 17.5613 -8.22753
vn 2.00932 19.1179 -8.22755
vn 15.375 8.87683 -11.0469
vn 12.8629 14.2856 -8.22756
vn 8.14598 18.2962 -6.00963
vn 13.4011 14.8835 -6.00963
vn 16.6478 9.61157 -8.22756
vn 13.695 15.2099 -4.28128
vn 14.7495 3.13506 -14.4861
vn 10.4511 2.22139 -17.974
vn -7.14941 -7.94007 -17.974
vn -4.34589 -9.76065 -17.9741
vn -6.13307 -13.7752 -14.4863
vn -7.22099 -16.2187 -11.0469
vn -1.57621 -14.9963 -14.4862
vn -1.85572 -17.6564 -11.0468
vn -1.117 -10.6259 -17.974
vn 3.13509 -14.7493 -14.4863
vn 3.69117 -17.3656 -11.0469
vn -2.00935 -19.1179 -8.22755
vn 3.99673 -18.8031 -8.22753
vn 8.87672 -15.3751 -11.0469
vn 9.61158 -16.6478 -8.22755
vn 2.22163 -10.4509 -17.9741
vn 7.53942 -13.0587 -14.4863
vn 5.34254 -9.25294 -17.974
vn 14.8834 -13.4012 -6.00963
vn 10.0138 -17.3445 -6.00963
vn 15.2099 -13.6951 -4.28125
vn 4.16397 -19.59 -6.00963
vn 10.2334 -17.7249 -4.28124
vn 15.3854 -13.853 -2.93373
vn 4.2553 -20.0197 -4.28126
vn 10.3515 -17.9294 -2.93373
vn -2.09345 -19.918 -6.00964
vn -2.13936 -20.3548 -4.28128
vn 4.30441 -20.2507 -2.93373
vn 10.4137 -18.037 -1.85597
vn 15.4777 -13.9362 -1.85597
vn -2.16406 -20.5897 -2.93372
vn 4.33025 -20.3722 -1.85597
vn -8.146 -18.2962 -6.00964
vn -8.32465 -18.6975 -4.28126
vn -8.42068 -18.9132 -2.93372
vn -2.17706 -20.7133 -1.85598
vn 4.34319 -20.4331 -0.922149
vn 10.4447 -18.0909 -0.922155
vn -8.47125 -19.0267 -1.85598
vn -2.18355 -20.7751 -0.922161
vn -13.6951 -15.2099 -4.28127
vn -13.8531 -15.3854 -2.93373
vn -13.9362 -15.4778 -1.85597
vn -8.49656 -19.0835 -0.92216
vn -2.18511 -20.7901 -0.468865
vn 4.34633 -20.4478 -0.468863
vn -13.9779 -15.5239 -0.922156
vn -8.50268 -19.0973 -0.468859
vn -17.9294 -10.3515 -2.93372
vn -18.037 -10.4137 -1.85597
vn -18.0909 -10.4448 -0.922162
vn -13.9879 -15.5352 -0.468866
vn -20.2507 -4.30442 -2.93372
vn -20.3722 -4.33027 -1.85598
vn -17.7249 -10.2334 -4.28126
vn -20.7133 2.17704 -1.85599
vn -20.4331 -4.34318 -0.922166
vn -20.7751 2.18354 -0.92217
vn -20.4478 -4.34632 -0.468883
vn -18.104 -10.4523 -0.468881
vn -19.0836 8.49653 -0.922172
vn -20.7901 2.18512 -0.468864
vn -19.0974 8.50265 -0.468837
vn -15.5352 13.9879 -0.468833
vn -13.4011 -14.8835 -6.00963
vn -7.81877 -17.5613 -8.22755
vn 10.4523 -18.104 -0.468891
vn 15.5351 -13.988 -0.468921
vn 15.5239 -13.9779 -0.922177
vn 20.4478 4.34633 -0.468869
vn 20.7751 -2.18353 -0.922171
vn 20.7901 -2.18509 -0.468875
vn 19.0267 -8.47126 -1.85598
vn 19.0836 -8.49655 -0.922177
vn 18.9132 -8.4207 -2.93373
vn 19.0973 -8.50268 -0.4689
vn 10.1615 3.30159 -17.974
vn 8.64408 6.28012 -17.974
vn 12.199 8.86317 -14.4863
vn 14.3408 4.65952 -14.4864
vn -1.86503e-06 9.21666e-06 -20.9099
vn 6.28055 8.64379 -17.974
vn 8.86313 12.1991 -14.4863
vn 14.3629 10.4354 -11.0469
vn 10.4352 14.363 -11.0469
vn 16.8847 5.48612 -11.0469
vn 15.5519 11.2991 -8.22756
vn 11.2991 15.5519 -8.22756
vn 5.48607 16.8847 -11.0469
vn 5.94029 18.2823 -8.22759
vn 11.772 16.2027 -6.00964
vn 6.18889 19.0475 -6.00963
vn 18.2824 5.94026 -8.22755
vn 16.2027 11.772 -6.00963
vn 12.0302 16.5581 -4.28126
vn 6.32462 19.4652 -4.28127
vn -6.91683e-08 20.0277 -6.00964
vn 2.86101e-07 20.4669 -4.28126
vn 6.39761 19.6898 -2.93371
vn 3.03882e-07 20.7031 -2.93371
vn 16.5581 12.0301 -4.28125
vn 12.169 16.7491 -2.93371
vn 6.43602 19.808 -1.856
vn 0 20.8274 -1.856
vn -6.39761 19.6898 -2.93372
vn -6.43601 19.808 -1.856
vn -1.86771e-07 20.8895 -0.922182
vn -6.45523 19.8671 -0.922182
vn 12.242 16.8497 -1.856
vn 6.45523 19.8671 -0.92218
vn 8.43344e-06 20.9046 -0.468841
vn -6.45988 19.8815 -0.468838
vn -12.2786 16.9 -0.922171
vn -12.2875 16.9122 -0.468829
vn -12.242 16.8497 -1.856
vn -16.9 12.2786 -0.92217
vn -16.9122 12.2875 -0.468823
vn -12.169 16.7491 -2.93372
vn -16.8497 12.242 -1.85601
vn -19.8671 6.45525 -0.922193
vn -19.8815 6.45993 -0.468852
vn -16.7491 12.1689 -2.93371
vn -19.808 6.43601 -1.85601
vn -20.8895 4.85604e-06 -0.922206
vn -20.9046 2.43634e-06 -0.468885
vn -19.6898 6.39758 -2.93372
vn -20.8274 -1.51827e-06 -1.85601
vn -12.0302 16.5581 -4.28127
vn -16.5581 12.0301 -4.28126
vn -19.4652 6.3246 -4.28125
vn -20.7031 -4.05176e-06 -2.93372
vn -19.808 -6.43602 -1.856
vn -19.8671 -6.45526 -0.922195
vn -20.4669 -1.21879e-05 -4.28124
vn -19.6898 -6.39757 -2.93372
vn -16.2027 11.772 -6.00962
vn -19.0475 6.1889 -6.00962
vn -20.0277 -1.0306e-05 -6.00961
vn -19.4652 -6.3246 -4.28125
vn -16.7492 -12.1689 -2.93371
vn -16.8497 -12.242 -1.85598
vn -19.0475 -6.18887 -6.0096
vn -16.5581 -12.0301 -4.28126
vn -18.2823 5.9403 -8.22756
vn -19.2232 -9.63278e-06 -8.22756
vn -18.2824 -5.94029 -8.22754
vn -16.2027 -11.772 -6.00965
vn -12.0301 -16.5581 -4.28124
vn -12.169 -16.7491 -2.93373
vn -15.5519 -11.2991 -8.22755
vn -11.772 -16.2028 -6.00963
vn -17.7536 4.31872e-06 -11.0469
vn -16.8846 -5.48623 -11.0469
vn -14.3629 -10.4353 -11.0469
vn -11.2991 -15.5519 -8.22757
vn -6.18893 -19.0475 -6.00961
vn -6.32462 -19.4652 -4.28125
vn -10.4353 -14.363 -11.0469
vn -5.9403 -18.2823 -8.22754
vn -14.3408 -4.65964 -14.4863
vn -12.199 -8.86309 -14.4863
vn -8.86303 -12.1991 -14.4863
vn -5.48605 -16.8847 -11.0469
vn -1.79024e-05 -19.2232 -8.22753
vn -2.56614e-05 -20.0277 -6.00963
vn -4.65942 -14.3409 -14.4863
vn 4.91004e-05 -17.7536 -11.0469
vn -8.64398 -6.27999 -17.9741
vn -6.28004 -8.64388 -17.9741
vn -3.30167 -10.1615 -17.9741
vn 0.000176441 -15.0788 -14.4863
vn 5.48612 -16.8847 -11.0469
vn 5.9403 -18.2823 -8.22753
vn 0.000215042 -10.6844 -17.9741
vn 4.65968 -14.3408 -14.4863
vn -10.1616 -3.30157 -17.974
vn -10.6844 0 -17.9741
vn -10.1615 3.30166 -17.974
vn -15.0788 2.1414e-06 -14.4863
vn -14.3408 4.65964 -14.4863
vn -8.644 6.28016 -17.974
vn -12.199 8.8631 -14.4863
vn -16.8846 5.48618 -11.0469
vn -14.3629 10.4353 -11.0469
vn -6.28025 8.6439 -17.974
vn -8.863 12.1991 -14.4863
vn -3.30179 10.1615 -17.9741
vn -4.65948 14.3409 -14.4863
vn -10.4353 14.363 -11.0469
vn -4.99497e-07 10.6844 -17.9741
vn -9.57994e-07 15.0789 -14.4863
vn -5.48606 16.8847 -11.0469
vn -11.2991 15.5519 -8.22752
vn -15.5519 11.2991 -8.22754
vn -1.32884e-07 17.7536 -11.0469
vn -5.94029 18.2823 -8.22757
vn -11.772 16.2027 -6.00963
vn -6.18891 19.0475 -6.00963
vn -9.08756e-08 19.2232 -8.22757
vn -6.32464 19.4652 -4.28128
vn 4.6596 14.3409 -14.4862
vn 3.30198 10.1615 -17.974
vn 3.302 -10.1614 -17.974
vn 6.28034 -8.64381 -17.974
vn 8.8631 -12.199 -14.4863
vn 10.4353 -14.363 -11.0469
vn 12.199 -8.86322 -14.4863
vn 14.3629 -10.4353 -11.0469
vn 8.64394 -6.28034 -17.974
vn 14.3407 -4.65965 -14.4864
vn 16.8846 -5.48622 -11.0469
vn 15.5519 -11.2991 -8.22755
vn 18.2823 -5.94033 -8.22752
vn 17.7536 -8.89655e-05 -11.0469
vn 19.2232 -8.11517e-05 -8.22755
vn 10.1616 -3.30162 -17.974
vn 15.0788 -4.01227e-05 -14.4863
vn 10.6846 0.000176743 -17.974
vn 19.0475 6.18888 -6.00963
vn 20.0277 -5.58879e-05 -6.00963
vn 19.4652 6.3246 -4.28125
vn 19.0475 -6.18892 -6.00963
vn 20.4669 -3.10132e-05 -4.28125
vn 19.6898 6.39756 -2.93371
vn 19.4652 -6.32463 -4.28126
vn 20.7031 -2.36015e-05 -2.93371
vn 16.2027 -11.772 -6.00964
vn 16.5581 -12.0301 -4.28127
vn 19.6898 -6.39759 -2.93372
vn 20.8274 -2.20149e-05 -1.85598
vn 19.808 6.43597 -1.85599
vn 16.7491 -12.1689 -2.93372
vn 19.808 -6.436 -1.85597
vn 11.772 -16.2027 -6.00963
vn 12.0302 -16.5581 -4.28126
vn 12.169 -16.7491 -2.93373
vn 16.8497 -12.242 -1.85598
vn 19.8672 -6.4552 -0.922162
vn 20.8895 -1.45681e-05 -0.922169
vn 12.242 -16.8497 -1.85597
vn 16.9 -12.2786 -0.922164
vn 6.32463 -19.4652 -4.28126
vn 6.39761 -19.6898 -2.93374
vn 6.43602 -19.808 -1.85596
vn 12.2786 -16.9 -0.922162
vn 16.9122 -12.2874 -0.468897
vn 19.8815 -6.45988 -0.468884
vn 6.45522 -19.8671 -0.922155
vn 12.2874 -16.9122 -0.468901
vn 1.11424e-06 -20.7031 -2.93374
vn -1.89784e-07 -20.8274 -1.85596
vn 1.28872e-05 -20.8896 -0.922165
vn 6.45985 -19.8815 -0.468914
vn -6.39761 -19.6898 -2.93374
vn -6.43602 -19.808 -1.85596
vn -1.25312e-05 -20.4669 -4.28126
vn -12.242 -16.8497 -1.85597
vn -6.45522 -19.8671 -0.922172
vn -12.2786 -16.9 -0.922169
vn -6.45986 -19.8815 -0.468947
vn 2.54879e-05 -20.9046 -0.468942
vn -16.9 -12.2786 -0.922177
vn -12.2874 -16.9122 -0.46892
vn -16.9122 -12.2874 -0.468899
vn -19.8815 -6.45995 -0.468893
vn 6.1889 -19.0475 -6.00962
vn 11.2991 -15.5519 -8.22754
vn 20.9046 -2.24893e-05 -0.468868
vn 19.8815 6.45985 -0.468846
vn 19.8672 6.45519 -0.922174
vn 6.45988 19.8815 -0.468841
vn 12.2786 16.9 -0.922173
vn 12.2874 16.9122 -0.468826
vn 16.8497 12.242 -1.856
vn 16.9 12.2786 -0.922172
vn 16.7492 12.1689 -2.93371
vn 16.9122 12.2874 -0.468822
vn 2.22142 10.4509 -17.9741
vn -1.1168 10.6259 -17.9741
vn -1.57623 14.9962 -14.4863
vn 3.13512 14.7492 -14.4864
vn -0.000180779 -1.57143e-05 -20.9099
vn -4.34567 9.76067 -17.9741
vn -6.13307 13.7752 -14.4863
vn -1.85587 17.6563 -11.0469
vn -7.22107 16.2187 -11.0468
vn 3.69119 17.3656 -11.0469
vn -2.00942 19.1179 -8.22756
vn -7.81884 17.5612 -8.22756
vn -11.8794 13.1935 -11.0469
vn -12.8629 14.2856 -8.22756
vn -8.14601 18.2962 -6.00964
vn -13.4011 14.8835 -6.00965
vn 3.99672 18.8031 -8.22754
vn -2.09347 19.918 -6.00962
vn -8.32464 18.6975 -4.28125
vn -13.695 15.2099 -4.28127
vn -17.3445 10.0138 -6.00965
vn -17.7249 10.2335 -4.28127
vn -13.8531 15.3854 -2.93372
vn -17.9294 10.3515 -2.93371
vn -2.13937 20.3548 -4.28124
vn -8.42069 18.9132 -2.93371
vn -13.9362 15.4777 -1.85599
vn -18.037 10.4137 -1.85599
vn -20.2507 4.30442 -2.93372
vn -20.3722 4.33024 -1.85598
vn -18.0909 10.4448 -0.922172
vn -20.4331 4.34317 -0.92217
vn -8.47126 19.0267 -1.856
vn -13.9778 15.524 -0.922172
vn -18.1039 10.4524 -0.46885
vn -20.4478 4.34631 -0.468864
vn -20.7751 -2.18356 -0.922166
vn -20.7901 -2.18515 -0.468873
vn -20.7133 -2.17707 -1.85598
vn -19.0835 -8.49655 -0.922166
vn -19.0973 -8.50267 -0.468881
vn -20.5896 -2.16407 -2.93373
vn -19.0267 -8.47129 -1.85598
vn -15.5239 -13.9779 -0.922166
vn -15.5352 -13.9879 -0.468895
vn -18.9132 -8.4207 -2.93373
vn -15.4777 -13.9363 -1.85598
vn -10.4448 -18.0909 -0.92216
vn -10.4523 -18.104 -0.468896
vn -15.3854 -13.8531 -2.93374
vn -10.4137 -18.037 -1.85597
vn -20.3548 -2.13938 -4.28128
vn -18.6975 -8.32464 -4.28127
vn -15.2099 -13.695 -4.28126
vn -10.3515 -17.9294 -2.93373
vn -4.33024 -20.3722 -1.85597
vn -4.3432 -20.4331 -0.922156
vn -10.2335 -17.7249 -4.28125
vn -4.3044 -20.2507 -2.93373
vn -18.2962 -8.14599 -6.00961
vn -14.8835 -13.4011 -6.0096
vn -10.0139 -17.3445 -6.00961
vn -4.25532 -20.0197 -4.28125
vn 2.16407 -20.5897 -2.93373
vn 2.17706 -20.7133 -1.85598
vn -4.16402 -19.59 -6.00962
vn 2.13938 -20.3548 -4.28125
vn -14.2856 -12.8628 -8.22755
vn -9.61161 -16.6478 -8.22755
vn -3.99672 -18.8031 -8.22757
vn 2.09346 -19.918 -6.00964
vn 8.32465 -18.6975 -4.28125
vn 8.42069 -18.9132 -2.93373
vn 2.00937 -19.1179 -8.22757
vn 8.14602 -18.2962 -6.00963
vn -8.8768 -15.375 -11.0469
vn -3.69117 -17.3656 -11.0469
vn 1.85574 -17.6564 -11.0468
vn 7.81878 -17.5612 -8.22759
vn 13.4012 -14.8835 -6.00962
vn 13.695 -15.2099 -4.28127
vn 7.22099 -16.2187 -11.0469
vn 12.8629 -14.2856 -8.22755
vn -3.13514 -14.7493 -14.4863
vn 1.57605 -14.9963 -14.4863
vn 6.13311 -13.7752 -14.4863
vn 11.8794 -13.1935 -11.0469
vn 16.6478 -9.61159 -8.2275
vn 17.3445 -10.0138 -6.00961
vn 10.0897 -11.2058 -14.4863
vn 15.375 -8.87683 -11.0469
vn 1.11658 -10.6258 -17.9741
vn 4.34589 -9.76058 -17.9741
vn 7.14934 -7.9401 -17.974
vn 13.0586 -7.5394 -14.4864
vn 17.3656 -3.69119 -11.0469
vn 18.8031 -3.99676 -8.22752
vn 9.25297 -5.34219 -17.9741
vn 14.7493 -3.13506 -14.4863
vn -2.22162 -10.451 -17.974
vn -5.34223 -9.25305 -17.974
vn -7.93997 -7.14933 -17.9741
vn -7.53941 -13.0586 -14.4863
vn -11.2057 -10.0897 -14.4863
vn -9.76066 -4.34578 -17.9741
vn -13.7751 -6.13311 -14.4864
vn -13.1935 -11.8795 -11.0469
vn -16.2187 -7.22102 -11.0469
vn -10.6259 -1.11683 -17.9741
vn -14.9962 -1.57613 -14.4863
vn -10.4511 2.22131 -17.974
vn -14.7494 3.13505 -14.4862
vn -17.6563 -1.85572 -11.0469
vn -9.25297 5.34218 -17.9741
vn -13.0587 7.53942 -14.4863
vn -17.3656 3.6912 -11.0469
vn -19.1179 -2.00936 -8.22751
vn -17.5613 -7.81875 -8.22754
vn -15.375 8.87686 -11.0469
vn -18.8031 3.9967 -8.22754
vn -19.918 -2.09347 -6.00963
vn -19.59 4.16397 -6.00964
vn -16.6478 9.61158 -8.22752
vn -20.0197 4.25532 -4.28129
vn -10.0898 11.2058 -14.4862
vn -7.14934 7.94009 -17.974
vn 10.4511 -2.22141 -17.974
vn 10.6259 1.11682 -17.9741
vn 14.9962 1.57623 -14.4863
vn 17.6563 1.8558 -11.0469
vn 13.7752 6.13312 -14.4863
vn 16.2187 7.22108 -11.0469
vn 9.76086 4.34558 -17.974
vn 11.2057 10.0897 -14.4864
vn 13.1935 11.8795 -11.0469
vn 17.5613 7.81879 -8.22751
vn 14.2857 12.8628 -8.22751
vn 8.87683 15.3751 -11.0468
vn 9.61164 16.6477 -8.22756
vn 7.93977 7.14928 -17.9742
vn 7.53943 13.0587 -14.4863
vn 5.34195 9.25313 -17.9741
vn 4.16399 19.59 -6.00962
vn 10.0139 17.3445 -6.00964
vn 4.25531 20.0197 -4.28125
vn 14.8835 13.4011 -6.00963
vn 10.2334 17.7249 -4.28125
vn 4.30442 20.2507 -2.93372
vn 15.2099 13.6951 -4.28126
vn 10.3515 17.9294 -2.93372
vn 18.2962 8.14603 -6.00964
vn 18.6975 8.32465 -4.28126
vn 15.3854 13.853 -2.93372
vn 10.4137 18.037 -1.85599
vn 4.33027 20.3722 -1.856
vn 18.9132 8.42069 -2.93371
vn 15.4778 13.9362 -1.85598
vn 19.918 2.09345 -6.00963
vn 20.3548 2.13936 -4.28126
vn 20.5897 2.16407 -2.93372
vn 19.0267 8.47125 -1.85599
vn 15.524 13.9778 -0.922173
vn 10.4448 18.0909 -0.92217
vn 20.7133 2.17705 -1.85599
vn 19.0835 8.49655 -0.922179
vn 20.0197 -4.25532 -4.28127
vn 20.2507 -4.30442 -2.93374
vn 20.3722 -4.33026 -1.85598
vn 20.7751 2.18355 -0.922177
vn 19.0973 8.5027 -0.468882
vn 15.5352 13.9879 -0.468868
vn 20.4331 -4.34318 -0.922169
vn 20.7901 2.1851 -0.46888
vn 17.9294 -10.3515 -2.93373
vn 18.037 -10.4137 -1.85597
vn 18.0909 -10.4448 -0.922163
vn 20.4478 -4.34633 -0.46888
vn 13.853 -15.3854 -2.93373
vn 13.9362 -15.4777 -1.85597
vn 17.7249 -10.2335 -4.28127
vn 8.47126 -19.0267 -1.85597
vn 13.9778 -15.524 -0.922161
vn 8.49653 -19.0836 -0.922158
vn 13.9879 -15.5352 -0.468891
vn 18.1039 -10.4523 -0.468884
vn 2.18356 -20.7751 -0.922155
vn 8.50265 -19.0974 -0.46888
vn 2.18514 -20.7901 -0.468871
vn -4.34632 -20.4478 -0.46888
vn 19.59 -4.16401 -6.00961
vn 19.1179 2.00938 -8.22752
vn 10.4523 18.1039 -0.46885
vn 4.34636 20.4478 -0.468852
vn 4.34321 20.4331 -0.922174
vn -13.9879 15.5352 -0.468847
vn -8.49656 19.0835 -0.92218
vn -8.50269 19.0973 -0.468857
vn -2.17706 20.7133 -1.85601
vn -2.18355 20.7751 -0.92218
vn -2.16406 20.5897 -2.93372
vn -2.18511 20.7901 -0.468859

# Mesh 'BFR_body' with 2279 faces
g BFR_body
usemtl BFR
f  1/1/1 2/2/2 3/3/3
f  1/1/1 3/3/3 4/4/4
f  5/5/5 1/1/1 4/4/4
f  2/2/2 1/1/1 6/6/6
f  1/1/1 5/5/5 6/6/6
f  2/2/2 7/7/7 8/8/8
f  2/2/2 8/8/8 3/3/3
f  7/7/7 2/2/2 6/6/6
f  4/4/4 3/3/3 9/9/9
f  3/3/3 8/8/8 10/10/10
f  3/3/3 10/10/10 9/9/9
f  7/7/7 11/11/11 8/8/8
f  8/8/8 11/11/11 12/12/12
f  8/8/8 12/12/12 10/10/10
f  7/7/7 13/13/13 11/11/11
f  13/13/13 7/7/7 6/6/6
f  14/14/14 13/13/13 6/6/6
f  13/13/13 14/14/14 15/15/15
f  13/13/13 15/15/15 11/11/11
f  11/11/11 15/15/15 16/16/16
f  11/11/11 16/16/16 12/12/12
f  4/4/4 9/9/9 17/17/17
f  5/5/5 4/4/4 18/18/18
f  18/18/18 4/4/4 17/17/17
f  18/18/18 17/17/17 19/19/19
f  20/20/20 21/21/21 22/22/22
f  20/20/20 22/22/22 23/23/23
f  21/21/21 20/20/20 6/24/6
f  21/21/21 24/25/24 25/26/25
f  21/21/21 25/26/25 22/22/22
f  24/25/24 21/21/21 6/24/6
f  26/27/26 24/25/24 6/24/6
f  27/28/27 26/27/26 6/24/6
f  5/29/5 27/28/27 6/24/6
f  24/25/24 26/27/26 28/30/28
f  24/25/24 28/30/28 25/26/25
f  26/27/26 27/28/27 29/31/29
f  26/27/26 29/31/29 28/30/28
f  27/28/27 5/29/5 18/32/18
f  27/28/27 18/32/18 29/31/29
f  23/23/23 22/22/22 30/33/30
f  23/23/23 30/33/30 31/34/31
f  22/22/22 25/26/25 32/35/32
f  22/22/22 32/35/32 30/33/30
f  25/26/25 28/30/28 33/36/33
f  25/26/25 33/36/33 32/35/32
f  28/30/28 29/31/29 34/37/34
f  28/30/28 34/37/34 33/36/33
f  29/31/29 18/32/18 19/38/19
f  29/31/29 19/38/19 34/37/34
f  35/39/35 36/40/36 37/41/37
f  35/39/35 37/41/37 38/42/38
f  39/43/39 35/39/35 38/42/38
f  36/40/36 35/39/35 40/44/40
f  35/39/35 39/43/39 41/45/41
f  35/39/35 41/45/41 40/44/40
f  39/43/39 38/42/38 42/46/42
f  38/42/38 37/41/37 43/47/43
f  38/42/38 43/47/43 44/48/44
f  42/46/42 38/42/38 44/48/44
f  42/46/42 44/48/44 45/49/45
f  44/48/44 43/47/43 46/50/46
f  44/48/44 46/50/46 47/51/47
f  45/49/45 44/48/44 47/51/47
f  37/41/37 48/52/48 43/47/43
f  43/47/43 48/52/48 49/53/49
f  43/47/43 49/53/49 46/50/46
f  46/50/46 49/53/49 50/54/50
f  46/50/46 50/54/50 51/55/51
f  47/51/47 46/50/46 51/55/51
f  45/49/45 47/51/47 52/56/52
f  47/51/47 51/55/51 53/57/53
f  52/56/52 47/51/47 53/57/53
f  51/55/51 50/54/50 54/58/54
f  51/55/51 54/58/54 55/59/55
f  53/57/53 51/55/51 55/59/55
f  50/54/50 56/60/56 57/61/57
f  50/54/50 57/61/57 54/58/54
f  49/53/49 56/60/56 50/54/50
f  49/53/49 58/62/58 56/60/56
f  48/52/48 58/62/58 49/53/49
f  48/52/48 59/63/59 58/62/58
f  60/64/60 61/65/61 59/63/59
f  60/64/60 59/63/59 48/52/48
f  61/65/61 62/66/62 59/63/59
f  36/40/36 63/67/63 60/64/60
f  36/40/36 60/64/60 37/41/37
f  63/67/63 61/65/61 60/64/60
f  37/41/37 60/64/60 48/52/48
f  63/67/63 64/68/64 61/65/61
f  64/68/64 62/66/62 61/65/61
f  64/68/64 65/69/65 62/66/62
f  64/68/64 63/67/63 66/70/66
f  64/68/64 66/70/66 67/71/67
f  65/69/65 64/68/64 67/71/67
f  63/67/63 36/40/36 68/72/68
f  63/67/63 68/72/68 66/70/66
f  36/40/36 40/44/40 68/72/68
f  65/69/65 67/71/67 69/73/69
f  53/57/53 55/59/55 70/74/70
f  71/75/71 53/57/53 70/74/70
f  52/56/52 53/57/53 71/75/71
f  71/75/71 70/74/70 72/76/72
f  73/77/73 74/78/74 75/79/75
f  73/77/73 75/79/75 76/80/76
f  74/78/74 73/77/73 77/81/77
f  74/78/74 78/82/78 79/83/79
f  74/78/74 79/83/79 75/79/75
f  74/78/74 77/81/77 80/84/80
f  78/82/78 74/78/74 80/84/80
f  76/80/76 75/79/75 81/85/81
f  75/79/75 79/83/79 82/86/82
f  75/79/75 82/86/82 81/85/81
f  76/80/76 81/85/81 83/87/83
f  81/85/81 82/86/82 84/88/84
f  81/85/81 84/88/84 85/89/85
f  83/87/83 81/85/81 85/89/85
f  79/83/79 86/90/86 82/86/82
f  82/86/82 86/90/86 87/91/87
f  82/86/82 87/91/87 84/88/84
f  84/88/84 87/91/87 88/92/88
f  84/88/84 88/92/88 89/93/89
f  85/89/85 84/88/84 89/93/89
f  83/87/83 85/89/85 90/94/90
f  85/89/85 89/93/89 91/95/91
f  90/94/90 85/89/85 91/95/91
f  90/94/90 91/95/91 92/96/92
f  79/83/79 93/97/93 86/90/86
f  78/82/78 93/97/93 79/83/79
f  78/82/78 94/98/94 93/97/93
f  94/98/94 95/99/95 93/97/93
f  78/82/78 80/84/80 96/100/96
f  94/98/94 78/82/78 96/100/96
f  94/98/94 97/101/97 95/99/95
f  94/98/94 96/100/96 98/102/98
f  97/101/97 94/98/94 98/102/98
f  97/101/97 42/103/42 95/99/95
f  95/99/95 42/103/42 45/104/45
f  95/99/95 45/104/45 99/105/99
f  97/101/97 39/106/39 42/103/42
f  97/101/97 98/102/98 100/107/100
f  39/106/39 97/101/97 100/107/100
f  39/106/39 100/107/100 41/108/41
f  99/105/99 45/104/45 52/109/52
f  99/105/99 52/109/52 101/110/101
f  101/110/101 52/109/52 71/111/71
f  101/110/101 71/111/71 102/112/102
f  103/113/103 104/114/104 105/115/105
f  103/113/103 105/115/105 106/116/106
f  103/113/103 106/116/106 107/117/107
f  107/117/107 106/116/106 108/118/108
f  107/117/107 108/118/108 109/119/109
f  109/119/109 108/118/108 110/120/110
f  109/119/109 110/120/110 111/121/111
f  112/122/112 113/123/113 114/124/114
f  112/122/112 114/124/114 115/125/115
f  115/125/115 116/126/116 112/122/112
f  117/127/117 116/126/116 115/125/115
f  115/125/115 118/128/118 119/129/119
f  115/125/115 119/129/119 120/130/120
f  115/125/115 120/130/120 117/127/117
f  117/127/117 121/131/121 116/126/116
f  122/132/122 117/127/117 120/130/120
f  121/131/121 117/127/117 122/132/122
f  122/132/122 120/130/120 123/133/123
f  121/131/121 122/132/122 124/134/124
f  125/135/125 124/134/124 122/132/122
f  126/136/126 125/135/125 122/132/122
f  126/136/126 127/137/127 125/135/125
f  126/136/126 128/138/128 127/137/127
f  70/139/70 55/140/55 129/141/129
f  70/139/70 129/141/129 130/142/130
f  72/143/72 70/139/70 130/142/130
f  55/140/55 54/144/54 131/145/131
f  55/140/55 131/145/131 129/141/129
f  72/143/72 130/142/130 132/146/132
f  133/147/133 134/148/134 72/143/72
f  72/143/72 132/146/132 133/147/133
f  133/147/133 135/149/135 134/148/134
f  135/149/135 133/147/133 136/150/136
f  136/150/136 137/151/137 135/149/135
f  138/152/138 139/153/139 136/150/136
f  136/150/136 140/154/140 138/152/138
f  136/150/136 139/153/139 141/155/141
f  136/150/136 141/155/141 137/151/137
f  138/152/138 142/156/142 143/157/143
f  138/152/138 143/157/143 139/153/139
f  54/158/54 57/159/57 144/160/144
f  54/158/54 144/160/144 131/161/131
f  57/159/57 145/162/145 146/163/146
f  57/159/57 146/163/146 144/160/144
f  147/164/147 148/165/148 149/166/149
f  147/164/147 149/166/149 150/167/150
f  148/165/148 142/168/142 138/169/138
f  148/165/148 138/169/138 149/166/149
f  149/166/149 138/169/138 140/170/140
f  149/166/149 140/170/140 151/171/151
f  150/167/150 149/166/149 151/171/151
f  150/167/150 151/171/151 152/172/152
f  130/173/153 129/174/154 153/175/155
f  130/173/153 153/175/155 154/176/156
f  132/177/157 130/173/153 154/176/156
f  129/174/154 131/178/158 155/179/159
f  129/174/154 155/179/159 153/175/155
f  153/175/155 155/179/159 156/180/160
f  153/175/155 156/180/160 157/181/161
f  154/176/156 153/175/155 157/181/161
f  132/177/157 154/176/156 158/182/162
f  154/176/156 157/181/161 159/183/163
f  158/182/162 154/176/156 159/183/163
f  133/184/164 132/177/157 158/182/162
f  133/184/164 158/182/162 160/185/165
f  158/182/162 159/183/163 161/186/166
f  160/185/165 158/182/162 161/186/166
f  159/183/163 157/181/161 162/187/167
f  159/183/163 162/187/167 163/188/168
f  161/186/166 159/183/163 163/188/168
f  157/181/161 156/180/160 164/189/169
f  157/181/161 164/189/169 162/187/167
f  156/180/160 165/190/170 164/189/169
f  166/191/171 167/192/172 165/190/170
f  156/180/160 166/191/171 165/190/170
f  168/193/173 169/194/174 166/191/171
f  155/179/159 168/193/173 166/191/171
f  155/179/159 166/191/171 156/180/160
f  166/191/171 169/194/174 167/192/172
f  131/178/158 144/195/175 168/193/173
f  131/178/158 168/193/173 155/179/159
f  144/195/175 170/196/176 168/193/173
f  168/193/173 170/196/176 169/194/174
f  144/195/175 146/197/177 170/196/176
f  161/186/166 163/188/168 171/198/178
f  160/185/165 161/186/166 172/199/179
f  172/199/179 161/186/166 171/198/178
f  172/199/179 171/198/178 173/200/180
f  174/201/181 160/185/165 172/199/179
f  174/201/181 172/199/179 175/202/182
f  175/202/182 172/199/179 173/200/180
f  136/203/183 133/184/164 160/185/165
f  136/203/183 160/185/165 174/201/181
f  140/204/184 136/203/183 174/201/181
f  140/204/184 174/201/181 176/205/185
f  176/205/185 174/201/181 175/202/182
f  176/205/185 175/202/182 177/206/186
f  175/202/182 173/200/180 178/207/187
f  177/206/186 175/202/182 178/207/187
f  151/208/188 140/204/184 176/205/185
f  151/208/188 176/205/185 179/209/189
f  179/209/189 176/205/185 177/206/186
f  179/209/189 177/206/186 180/210/190
f  180/210/190 177/206/186 181/211/191
f  177/206/186 178/207/187 181/211/191
f  152/212/192 151/208/188 179/209/189
f  152/212/192 179/209/189 182/213/193
f  182/213/193 179/209/189 180/210/190
f  182/213/193 180/210/190 183/214/194
f  180/210/190 181/211/191 184/215/195
f  183/214/194 180/210/190 184/215/195
f  183/214/194 184/215/195 185/216/196
f  186/217/197 187/218/198 188/219/199
f  186/217/197 188/219/199 189/220/200
f  188/219/199 187/218/198 190/221/201
f  188/219/199 190/221/201 191/222/202
f  192/223/203 188/219/199 191/222/202
f  189/220/200 188/219/199 192/223/203
f  189/220/200 192/223/203 193/224/204
f  192/223/203 194/225/205 195/226/206
f  192/223/203 195/226/206 193/224/204
f  196/227/207 194/225/205 192/223/203
f  192/223/203 191/222/202 196/227/207
f  191/222/202 190/221/201 197/228/208
f  191/222/202 197/228/208 198/229/209
f  196/227/207 191/222/202 198/229/209
f  196/227/207 199/230/210 194/225/205
f  200/231/211 199/230/210 196/227/207
f  196/227/207 198/229/209 200/231/211
f  201/232/212 202/233/213 199/230/210
f  199/230/210 202/233/213 203/234/214
f  199/230/210 203/234/214 194/225/205
f  200/231/211 201/232/212 199/230/210
f  201/232/212 204/235/215 202/233/213
f  194/225/205 203/234/214 205/236/216
f  194/225/205 205/236/216 195/226/206
f  206/237/217 207/238/218 208/239/219
f  206/237/217 208/239/219 209/240/220
f  208/239/219 207/238/218 210/241/221
f  208/239/219 210/241/221 211/242/222
f  212/243/223 208/239/219 211/242/222
f  209/240/220 208/239/219 212/243/223
f  209/240/220 212/243/223 213/244/224
f  212/243/223 214/245/225 215/246/226
f  212/243/223 215/246/226 213/244/224
f  216/247/227 214/245/225 212/243/223
f  212/243/223 211/242/222 216/247/227
f  211/242/222 210/241/221 217/248/228
f  211/242/222 217/248/228 218/249/229
f  216/247/227 211/242/222 218/249/229
f  219/250/230 220/251/231 216/247/227
f  216/247/227 220/251/231 214/245/225
f  216/247/227 218/249/229 219/250/230
f  219/250/230 221/252/232 220/251/231
f  220/251/231 221/252/232 222/253/233
f  220/251/231 222/253/233 223/254/234
f  214/245/225 220/251/231 223/254/234
f  214/245/225 223/254/234 224/255/235
f  215/246/226 214/245/225 224/255/235
f  215/246/226 224/255/235 225/256/236
f  226/257/237 227/258/238 228/259/239
f  226/257/237 228/259/239 229/260/240
f  228/259/239 227/258/238 230/261/241
f  228/259/239 230/261/241 231/262/242
f  232/263/243 228/259/239 231/262/242
f  229/260/240 228/259/239 232/263/243
f  229/260/240 232/263/243 233/264/244
f  232/263/243 234/265/245 235/266/246
f  232/263/243 235/266/246 233/264/244
f  236/267/247 234/265/245 232/263/243
f  232/263/243 231/262/242 236/267/247
f  231/262/242 230/261/241 237/268/248
f  231/262/242 237/268/248 238/269/249
f  236/267/247 231/262/242 238/269/249
f  236/267/247 239/270/250 234/265/245
f  240/271/251 239/270/250 236/267/247
f  236/267/247 238/269/249 240/271/251
f  241/272/252 242/273/253 239/270/250
f  239/270/250 242/273/253 243/274/254
f  239/270/250 243/274/254 234/265/245
f  240/271/251 241/272/252 239/270/250
f  241/272/252 244/275/255 242/273/253
f  234/265/245 243/274/254 245/276/256
f  234/265/245 245/276/256 235/266/246
f  246/277/257 247/278/258 248/279/259
f  246/277/257 248/279/259 249/280/260
f  248/279/259 247/278/258 250/281/261
f  248/279/259 250/281/261 251/282/262
f  252/283/263 248/279/259 251/282/262
f  249/280/260 248/279/259 252/283/263
f  249/280/260 252/283/263 253/284/264
f  252/283/263 251/282/262 254/285/265
f  252/283/263 255/286/266 256/287/267
f  252/283/263 256/287/267 253/284/264
f  254/285/265 255/286/266 252/283/263
f  251/282/262 250/281/261 257/288/268
f  251/282/262 257/288/268 258/289/269
f  254/285/265 251/282/262 258/289/269
f  254/285/265 258/289/269 259/290/270
f  254/285/265 260/291/271 255/286/266
f  259/290/270 260/291/271 254/285/265
f  255/286/266 261/292/272 262/293/273
f  255/286/266 262/293/273 256/287/267
f  260/291/271 261/292/272 255/286/266
f  263/294/274 264/295/275 260/291/271
f  260/291/271 264/295/275 261/292/272
f  259/290/270 263/294/274 260/291/271
f  263/294/274 265/296/276 264/295/275
f  266/297/277 267/298/278 268/299/279
f  266/297/277 268/299/279 269/300/280
f  268/299/279 267/298/278 270/301/281
f  268/299/279 270/301/281 271/302/282
f  272/303/283 268/299/279 271/302/282
f  269/300/280 268/299/279 272/303/283
f  269/300/280 272/303/283 273/304/284
f  272/303/283 274/305/285 275/306/286
f  272/303/283 275/306/286 273/304/284
f  276/307/287 274/305/285 272/303/283
f  272/303/283 271/302/282 276/307/287
f  271/302/282 270/301/281 277/308/288
f  271/302/282 277/308/288 278/309/289
f  276/307/287 271/302/282 278/309/289
f  276/307/287 279/310/290 274/305/285
f  280/311/291 279/310/290 276/307/287
f  276/307/287 278/309/289 280/311/291
f  281/312/292 282/313/293 279/310/290
f  279/310/290 282/313/293 283/314/294
f  279/310/290 283/314/294 274/305/285
f  280/311/291 281/312/292 279/310/290
f  281/312/292 284/315/295 282/313/293
f  274/305/285 283/314/294 285/316/296
f  274/305/285 285/316/296 275/306/286
f  286/317/297 287/318/298 288/319/299
f  286/317/297 288/319/299 289/320/300
f  290/321/301 286/317/297 289/320/300
f  288/319/299 287/318/298 291/322/302
f  288/319/299 291/322/302 292/323/303
f  288/319/299 292/323/303 289/320/300
f  289/320/300 292/323/303 293/324/304
f  289/320/300 293/324/304 294/325/305
f  290/321/301 289/320/300 294/325/305
f  295/326/306 296/327/307 290/321/301
f  295/326/306 290/321/301 294/325/305
f  297/328/308 298/329/309 295/326/306
f  298/329/309 296/327/307 295/326/306
f  299/330/310 297/328/308 295/326/306
f  299/330/310 295/326/306 294/325/305
f  298/329/309 300/331/311 296/327/307
f  297/328/308 301/332/312 298/329/309
f  298/329/309 301/332/312 300/331/311
f  293/324/304 302/333/313 294/325/305
f  303/334/314 304/335/315 294/325/305
f  305/336/316 303/334/314 294/325/305
f  306/337/317 305/336/316 294/325/305
f  307/338/318 299/330/310 294/325/305
f  304/335/315 307/338/318 294/325/305
f  307/338/318 308/339/319 299/330/310
f  309/340/320 310/341/321 307/338/318
f  310/341/321 308/339/319 307/338/318
f  304/335/315 309/340/320 307/338/318
f  303/334/314 311/342/322 304/335/315
f  312/343/323 313/344/324 311/342/322
f  312/343/323 311/342/322 303/334/314
f  314/345/325 315/346/326 312/343/323
f  314/345/325 312/343/323 303/334/314
f  305/336/316 314/345/325 303/334/314
f  306/337/317 316/347/327 305/336/316
f  317/348/328 316/347/327 306/337/317
f  317/348/328 318/349/329 316/347/327
f  319/350/330 318/349/329 317/348/328
f  312/343/323 315/346/326 313/344/324
f  309/340/320 320/351/331 310/341/321
f  310/341/321 320/351/331 321/352/332
f  310/341/321 321/352/332 308/339/319
f  293/324/304 322/353/333 302/333/313
f  302/333/313 322/353/333 323/354/334
f  302/333/313 323/354/334 324/355/335
f  325/356/336 324/355/335 323/354/334
f  326/357/337 302/333/338 324/355/335
f  326/357/337 324/355/335 325/356/336
f  327/358/339 302/333/338 326/357/337
f  327/358/339 294/325/340 302/333/338
f  328/359/341 294/325/340 327/358/339
f  328/359/341 329/360/342 294/325/340
f  330/361/343 294/325/340 329/360/342
f  330/361/343 329/360/342 331/362/344
f  331/362/344 329/360/342 332/363/345
f  333/364/346 294/325/340 330/361/343
f  333/364/346 334/365/347 294/325/340
f  335/366/348 294/325/340 334/365/347
f  335/366/348 334/365/347 336/367/349
f  336/367/349 334/365/347 337/368/350
f  338/369/351 294/325/340 335/366/348
f  338/369/351 339/370/352 294/325/340
f  340/371/353 339/370/352 338/369/351
f  341/372/354 294/325/340 339/370/352
f  341/372/354 339/370/352 342/373/355
f  340/371/353 343/374/356 339/370/352
f  342/373/355 339/370/352 343/374/356
f  343/374/356 340/371/353 344/375/357
f  342/373/355 343/374/356 344/375/357
f  345/376/358 294/325/340 341/372/354
f  346/377/359 347/378/360 345/376/358
f  345/376/358 347/378/360 294/325/340
f  346/377/359 348/379/361 347/378/360
f  348/379/361 346/377/359 349/380/362
f  350/381/363 347/378/360 348/379/361
f  351/382/364 294/325/340 347/378/360
f  351/382/364 347/378/360 350/381/363
f  350/381/363 348/379/361 349/380/362
f  352/383/365 294/325/340 351/382/364
f  352/383/365 306/337/366 294/325/340
f  337/368/350 353/384/367 354/385/368
f  336/367/349 337/368/350 354/385/368
f  332/363/345 355/386/369 356/387/370
f  331/362/344 332/363/345 356/387/370
f  68/72/371 40/44/371 357/388/371
f  68/72/371 357/388/371 358/389/372
f  66/70/373 68/72/374 358/389/375
f  66/70/373 358/389/375 359/390/376
f  67/71/377 66/70/378 359/390/377
f  67/71/377 359/390/377 360/391/377
f  69/73/379 67/71/380 360/391/381
f  69/73/379 360/391/381 361/392/382
f  80/84/383 77/81/384 362/393/384
f  80/84/383 362/393/384 363/394/385
f  96/100/386 80/84/387 363/394/388
f  96/100/386 363/394/388 364/395/389
f  98/102/390 96/100/391 364/395/392
f  98/102/390 364/395/392 365/396/392
f  100/107/393 98/102/394 365/396/395
f  100/107/393 365/396/395 366/397/395
f  41/108/396 100/107/397 366/397/398
f  41/108/396 366/397/398 367/398/399
f  40/44/400 41/45/401 367/399/400
f  40/44/400 367/399/400 357/388/402
f  358/389/403 357/388/403 368/400/404
f  358/389/403 368/400/404 369/401/405
f  359/390/406 358/389/407 369/401/408
f  359/390/406 369/401/408 370/402/409
f  360/391/410 359/390/411 370/402/412
f  360/391/410 370/402/412 371/403/413
f  361/392/414 360/391/415 371/403/415
f  361/392/414 371/403/415 372/404/416
f  363/394/417 362/393/418 373/405/419
f  363/394/417 373/405/419 374/406/420
f  364/395/421 363/394/422 374/406/421
f  364/395/421 374/406/421 375/407/423
f  365/396/424 364/395/425 375/407/425
f  365/396/424 375/407/425 376/408/426
f  366/397/427 365/396/428 376/408/429
f  366/397/427 376/408/429 377/409/427
f  367/398/430 366/397/431 377/409/432
f  367/398/430 377/409/432 378/410/433
f  357/388/434 367/399/435 378/411/436
f  357/388/434 378/411/436 368/400/437
f  369/401/438 368/400/438 379/412/439
f  369/401/438 379/412/439 380/413/440
f  370/402/441 369/401/441 380/413/442
f  370/402/441 380/413/442 381/414/443
f  371/403/444 370/402/445 381/414/446
f  371/403/444 381/414/446 382/415/445
f  372/404/447 371/403/448 382/415/448
f  372/404/447 382/415/448 383/416/449
f  374/406/450 373/405/451 384/417/452
f  374/406/450 384/417/452 385/418/453
f  375/407/454 374/406/454 385/418/454
f  375/407/454 385/418/454 386/419/454
f  376/408/455 375/407/455 386/419/456
f  376/408/455 386/419/456 387/420/456
f  377/409/457 376/408/458 387/420/459
f  377/409/457 387/420/459 388/421/460
f  378/410/461 377/409/462 388/421/462
f  378/410/461 388/421/462 389/422/463
f  368/400/464 378/411/465 389/423/466
f  368/400/464 389/423/466 379/412/464
f  380/413/467 379/412/468 17/17/469
f  380/413/467 17/17/469 9/9/470
f  381/414/471 380/413/472 9/9/473
f  381/414/471 9/9/473 10/10/473
f  382/415/474 381/414/475 10/10/475
f  382/415/474 10/10/475 12/12/476
f  383/416/477 382/415/478 12/12/479
f  383/416/477 12/12/479 16/16/480
f  385/418/481 384/417/481 31/34/482
f  385/418/481 31/34/482 30/33/482
f  386/419/483 385/418/484 30/33/485
f  386/419/483 30/33/485 32/35/486
f  387/420/487 386/419/488 32/35/489
f  387/420/487 32/35/489 33/36/488
f  388/421/490 387/420/491 33/36/492
f  388/421/490 33/36/492 34/37/493
f  389/422/494 388/421/495 34/37/496
f  389/422/494 34/37/496 19/38/496
f  379/412/497 389/423/498 19/19/499
f  379/412/497 19/19/499 17/17/499
f  93/424/500 95/425/501 390/426/502
f  93/424/500 390/426/502 391/427/503
f  391/427/503 390/426/502 114/124/504
f  391/427/503 114/124/504 113/123/504
f  95/425/505 99/428/506 392/429/507
f  95/425/505 392/429/507 390/426/508
f  392/429/507 99/428/506 101/430/509
f  392/429/507 101/430/509 393/431/510
f  394/432/511 395/433/512 101/430/509
f  394/432/511 101/430/509 102/434/513
f  396/435/514 393/431/510 101/430/509
f  396/435/514 101/430/509 395/433/512
f  118/128/515 392/429/507 393/431/510
f  393/431/510 396/435/514 118/128/515
f  118/128/515 115/125/516 392/429/507
f  114/124/517 392/429/507 115/125/516
f  114/124/517 390/426/508 392/429/507
f  86/436/518 93/424/519 391/427/520
f  86/436/518 391/427/520 397/437/521
f  87/438/522 86/436/518 397/437/521
f  398/439/523 397/437/521 391/427/520
f  398/439/523 391/427/520 113/123/524
f  87/438/522 397/437/521 399/440/525
f  399/440/525 397/437/521 398/439/523
f  88/441/526 87/438/522 399/440/525
f  88/441/526 399/440/525 400/442/527
f  399/440/525 398/439/523 401/443/528
f  400/442/527 399/440/525 401/443/528
f  113/123/524 112/122/529 398/439/523
f  400/442/527 401/443/528 402/444/530
f  403/445/531 400/442/527 402/444/530
f  403/445/531 402/444/530 404/446/532
f  403/445/531 405/447/533 88/441/526
f  403/445/531 88/441/526 400/442/527
f  142/448/142 89/449/89 88/450/88
f  91/451/91 89/449/89 142/448/142
f  142/448/142 88/450/88 405/452/534
f  405/452/534 143/453/143 142/448/142
f  405/452/534 141/454/141 139/455/139
f  405/452/534 139/455/139 143/453/143
f  91/451/91 142/448/142 148/456/148
f  92/457/92 91/451/91 148/456/148
f  92/457/92 148/456/148 147/458/147
f  406/459/535 102/460/102 71/461/71
f  406/459/535 71/461/71 72/462/72
f  72/462/72 134/463/134 406/459/535
f  406/459/535 134/463/134 135/464/135
f  406/459/535 135/464/135 137/465/137
f  123/133/536 120/130/537 407/466/538
f  123/133/536 407/466/538 408/467/539
f  123/133/536 408/467/539 409/468/539
f  123/133/536 409/468/539 410/469/540
f  410/469/540 411/470/540 123/133/536
f  412/471/541 394/432/542 413/472/543
f  414/473/544 415/474/545 412/471/541
f  412/471/541 415/474/545 410/469/546
f  412/471/541 410/469/546 409/468/547
f  406/475/548 416/476/549 417/477/550
f  417/477/550 102/434/513 406/475/548
f  406/475/548 418/478/551 416/476/549
f  419/479/552 420/480/553 416/476/549
f  416/476/549 418/478/551 419/479/552
f  419/479/552 421/481/554 422/482/554
f  419/479/552 422/482/554 420/480/553
f  406/475/555 137/483/556 423/484/557
f  406/475/555 423/484/557 418/478/558
f  418/478/558 423/484/557 424/485/559
f  418/478/558 424/485/559 419/479/560
f  127/137/561 424/485/559 425/486/562
f  424/485/559 127/137/561 419/479/560
f  127/137/561 425/486/562 125/135/562
f  141/487/563 405/447/564 403/445/565
f  141/487/563 403/445/565 426/488/565
f  426/488/565 403/445/565 404/446/566
f  426/488/565 404/446/566 425/486/567
f  419/479/568 127/137/569 128/138/570
f  419/479/568 128/138/570 421/481/570
f  421/481/571 427/489/572 414/473/573
f  427/489/572 128/138/574 126/136/575
f  427/489/572 126/136/575 428/490/576
f  421/481/571 128/138/574 427/489/572
f  414/473/573 420/480/573 422/482/577
f  428/490/576 126/136/575 429/491/578
f  428/490/576 429/491/578 411/470/579
f  423/484/580 137/483/581 141/487/582
f  423/484/580 141/487/582 426/488/583
f  423/484/580 426/488/583 425/486/584
f  423/484/580 425/486/584 424/485/584
f  428/490/585 415/474/586 414/473/587
f  428/490/585 414/473/587 427/489/588
f  410/469/589 415/474/586 428/490/585
f  410/469/589 428/490/585 411/470/590
f  411/470/591 429/491/592 123/133/593
f  414/473/594 413/472/595 420/480/594
f  398/492/596 116/493/597 121/494/598
f  398/492/596 121/494/598 401/495/599
f  398/492/596 112/496/600 116/493/597
f  401/443/599 121/131/598 124/134/601
f  401/443/599 124/134/601 402/444/602
f  402/444/602 124/134/601 125/135/603
f  402/444/602 125/135/603 404/446/604
f  125/135/603 425/486/605 404/446/604
f  396/435/606 395/433/607 430/497/608
f  396/435/606 430/497/608 431/498/609
f  431/498/609 430/497/608 408/467/610
f  431/498/609 408/467/610 407/466/610
f  118/128/611 396/435/612 431/498/613
f  118/128/611 431/498/613 119/129/614
f  119/129/614 431/498/613 407/466/615
f  119/129/614 407/466/615 120/130/616
f  430/497/617 395/433/618 394/432/619
f  430/497/617 394/432/619 412/471/620
f  430/497/617 412/471/620 409/468/621
f  430/497/617 409/468/621 408/467/622
f  432/499/623 433/500/624 434/501/625
f  432/499/623 434/501/625 435/502/626
f  436/503/627 433/500/624 432/499/623
f  435/502/626 6/6/628 432/499/623
f  432/499/623 6/6/628 436/503/627
f  435/502/626 434/501/625 437/504/629
f  433/500/624 438/505/630 434/501/625
f  434/501/625 438/505/630 439/506/631
f  434/501/625 439/506/631 437/504/629
f  435/502/626 437/504/629 440/507/632
f  440/507/632 6/6/628 435/502/626
f  441/508/633 6/6/628 440/507/632
f  14/14/634 6/6/628 441/508/633
f  440/507/632 437/504/629 442/509/635
f  440/507/632 442/509/635 441/508/633
f  437/504/629 439/506/631 443/510/636
f  437/504/629 443/510/636 442/509/635
f  441/508/633 442/509/635 15/15/637
f  442/509/635 443/510/636 16/16/638
f  442/509/635 16/16/638 15/15/637
f  441/508/633 15/15/637 14/14/634
f  433/500/624 444/511/639 438/505/630
f  436/503/627 445/512/640 433/500/624
f  445/512/640 444/511/639 433/500/624
f  445/512/640 446/513/641 444/511/639
f  20/20/642 23/23/643 447/514/644
f  20/20/642 447/514/644 448/515/645
f  448/515/645 6/24/628 20/20/642
f  448/515/645 447/514/644 449/516/646
f  448/515/645 449/516/646 450/517/647
f  450/517/647 6/24/628 448/515/645
f  451/518/648 6/24/628 450/517/647
f  452/519/649 6/24/628 451/518/648
f  436/520/627 6/24/628 452/519/649
f  450/517/647 449/516/646 453/521/650
f  450/517/647 453/521/650 451/518/648
f  451/518/648 453/521/650 454/522/651
f  451/518/648 454/522/651 452/519/649
f  452/519/649 454/522/651 445/523/640
f  452/519/649 445/523/640 436/520/627
f  23/23/643 31/34/652 455/524/653
f  23/23/643 455/524/653 447/514/644
f  447/514/644 455/524/653 456/525/654
f  447/514/644 456/525/654 449/516/646
f  449/516/646 456/525/654 457/526/655
f  449/516/646 457/526/655 453/521/650
f  453/521/650 457/526/655 458/527/656
f  453/521/650 458/527/656 454/522/651
f  454/522/651 458/527/656 446/528/641
f  454/522/651 446/528/641 445/523/640
f  459/529/657 460/530/658 461/531/659
f  459/529/657 461/531/659 462/532/660
f  463/533/661 460/530/658 459/529/657
f  462/532/660 464/534/662 459/529/657
f  459/529/657 464/534/662 465/535/663
f  459/529/657 465/535/663 463/533/661
f  462/532/660 461/531/659 466/536/664
f  462/532/660 466/536/664 467/537/665
f  462/532/660 468/538/666 464/534/662
f  467/537/665 468/538/666 462/532/660
f  467/537/665 466/536/664 469/539/667
f  461/531/659 470/540/668 466/536/664
f  466/536/664 470/540/668 471/541/669
f  466/536/664 471/541/669 469/539/667
f  467/537/665 469/539/667 472/542/670
f  467/537/665 473/543/671 468/538/666
f  472/542/670 473/543/671 467/537/665
f  472/542/670 469/539/667 62/66/672
f  469/539/667 471/541/669 62/66/672
f  470/540/668 474/544/673 471/541/669
f  461/531/659 475/545/674 470/540/668
f  470/540/668 476/546/675 474/544/673
f  475/545/674 476/546/675 470/540/668
f  476/546/675 477/547/676 474/544/673
f  475/545/674 478/548/677 476/546/675
f  476/546/675 479/549/678 477/547/676
f  478/548/677 479/549/678 476/546/675
f  460/530/658 480/550/679 475/545/674
f  460/530/658 475/545/674 461/531/659
f  480/550/679 478/548/677 475/545/674
f  480/550/679 481/551/680 478/548/677
f  478/548/677 482/552/681 479/549/678
f  481/551/680 482/552/681 478/548/677
f  479/549/678 483/553/682 484/554/683
f  479/549/678 484/554/683 477/547/676
f  482/552/681 483/553/682 479/549/678
f  482/552/681 485/555/684 483/553/682
f  486/556/685 485/555/684 482/552/681
f  481/551/680 486/556/685 482/552/681
f  487/557/686 488/558/687 481/551/680
f  487/557/686 481/551/680 480/550/679
f  488/558/687 486/556/685 481/551/680
f  486/556/685 489/559/688 485/555/684
f  490/560/689 489/559/688 486/556/685
f  488/558/687 490/560/689 486/556/685
f  490/560/689 491/561/690 489/559/688
f  492/562/691 487/557/686 480/550/679
f  492/562/691 480/550/679 460/530/658
f  463/533/661 492/562/691 460/530/658
f  472/542/670 62/66/672 65/69/692
f  472/542/670 493/563/693 473/543/671
f  65/69/692 493/563/693 472/542/670
f  65/69/692 69/73/694 493/563/693
f  73/77/695 76/80/696 494/564/697
f  73/77/695 494/564/697 495/565/698
f  495/565/698 77/81/699 73/77/695
f  76/80/696 83/87/700 496/566/701
f  76/80/696 496/566/701 494/564/697
f  495/565/698 494/564/697 497/567/702
f  494/564/697 496/566/701 498/568/703
f  494/564/697 498/568/703 497/567/702
f  495/565/698 497/567/702 499/569/704
f  495/565/698 500/570/705 77/81/699
f  499/569/704 500/570/705 495/565/698
f  499/569/704 497/567/702 501/571/706
f  497/567/702 498/568/703 502/572/707
f  497/567/702 502/572/707 501/571/706
f  498/568/703 503/573/708 504/574/709
f  498/568/703 504/574/709 502/572/707
f  496/566/701 503/573/708 498/568/703
f  496/566/701 505/575/710 503/573/708
f  503/573/708 506/576/711 507/577/712
f  503/573/708 507/577/712 504/574/709
f  505/575/710 506/576/711 503/573/708
f  83/87/700 90/94/713 505/575/710
f  83/87/700 505/575/710 496/566/701
f  505/575/710 508/578/714 506/576/711
f  90/94/713 508/578/714 505/575/710
f  90/94/713 92/96/715 508/578/714
f  499/569/704 501/571/706 509/579/716
f  509/579/716 501/571/706 510/580/717
f  499/569/704 511/581/718 500/570/705
f  509/579/716 511/581/718 499/569/704
f  509/579/716 510/580/717 512/582/719
f  509/579/716 513/583/720 511/581/718
f  512/582/719 513/583/720 509/579/716
f  512/582/719 510/580/717 492/584/691
f  510/580/717 514/585/721 487/586/686
f  510/580/717 487/586/686 492/584/691
f  512/582/719 492/584/691 463/587/661
f  512/582/719 515/588/722 513/583/720
f  463/587/661 515/588/722 512/582/719
f  463/587/661 465/589/663 515/588/722
f  514/585/721 488/590/687 487/586/686
f  514/585/721 516/591/723 488/590/687
f  516/591/723 490/592/689 488/590/687
f  516/591/723 517/593/724 490/592/689
f  518/594/725 519/595/726 520/596/727
f  518/594/725 520/596/727 521/597/728
f  521/597/728 522/598/729 518/594/725
f  521/597/728 523/599/730 524/600/731
f  521/597/728 524/600/731 525/601/732
f  521/597/728 525/601/732 526/602/733
f  521/597/728 526/602/733 527/603/734
f  527/603/734 522/598/729 521/597/728
f  523/599/730 528/604/735 529/605/736
f  523/599/730 529/605/736 524/600/731
f  525/601/732 524/600/731 529/605/736
f  530/606/737 531/607/738 525/601/732
f  529/605/736 530/606/737 525/601/732
f  529/605/736 528/604/735 532/608/739
f  529/605/736 532/608/739 533/609/740
f  533/609/740 530/606/737 529/605/736
f  533/609/740 534/610/740 530/606/737
f  533/609/740 535/611/741 534/610/740
f  489/612/688 536/613/742 537/614/743
f  489/612/688 537/614/743 485/615/684
f  491/616/690 536/613/742 489/612/688
f  491/616/690 538/617/744 536/613/742
f  538/617/744 491/616/690 539/618/745
f  539/618/745 540/619/746 538/617/744
f  539/618/745 541/620/747 540/619/746
f  542/621/748 543/622/749 540/619/746
f  542/621/748 540/619/746 541/620/747
f  541/620/747 544/623/750 542/621/748
f  542/621/748 545/624/751 543/622/749
f  546/625/752 547/626/753 543/622/749
f  543/622/749 545/624/751 546/625/752
f  546/625/752 548/627/754 549/628/755
f  546/625/752 549/628/755 547/626/753
f  485/615/684 537/614/743 550/629/756
f  485/615/684 550/629/756 483/630/682
f  483/631/682 550/632/756 551/633/757
f  483/631/682 551/633/757 484/634/683
f  484/634/683 551/633/757 146/163/758
f  484/634/683 146/163/758 145/162/759
f  147/164/760 150/167/761 552/635/762
f  147/164/760 552/635/762 553/636/763
f  552/635/762 150/167/761 152/172/764
f  553/636/763 552/635/762 549/637/755
f  552/635/762 152/172/764 554/638/765
f  549/637/755 552/635/762 554/638/765
f  553/636/763 549/637/755 548/639/754
f  549/637/755 554/638/765 547/640/753
f  536/641/766 555/642/767 556/643/768
f  536/641/766 556/643/768 537/644/769
f  538/645/770 555/642/767 536/641/766
f  556/643/768 555/642/767 557/646/771
f  537/644/769 556/643/768 558/647/772
f  556/643/768 557/646/771 559/648/773
f  558/647/772 556/643/768 559/648/773
f  537/644/769 558/647/772 550/649/774
f  550/649/774 558/647/772 560/650/775
f  558/647/772 559/648/773 561/651/776
f  560/650/775 558/647/772 561/651/776
f  559/648/773 557/646/771 562/652/777
f  559/648/773 562/652/777 563/653/778
f  561/651/776 559/648/773 563/653/778
f  560/650/775 561/651/776 564/654/779
f  561/651/776 563/653/778 565/655/780
f  564/654/779 561/651/776 565/655/780
f  170/196/781 560/650/775 564/654/779
f  170/196/781 564/654/779 169/194/782
f  564/654/779 565/655/780 566/656/783
f  169/194/782 564/654/779 566/656/783
f  551/657/784 560/650/775 170/196/781
f  551/657/784 170/196/781 146/197/785
f  550/649/774 560/650/775 551/657/784
f  169/194/782 566/656/783 167/192/786
f  557/646/771 567/658/787 562/652/777
f  555/642/767 568/659/788 557/646/771
f  557/646/771 568/659/788 567/658/787
f  568/659/788 569/660/789 567/658/787
f  570/661/790 571/662/791 568/659/788
f  555/642/767 570/661/790 568/659/788
f  568/659/788 571/662/791 569/660/789
f  538/645/770 570/661/790 555/642/767
f  540/663/792 572/664/793 570/661/790
f  540/663/792 570/661/790 538/645/770
f  570/661/790 572/664/793 571/662/791
f  152/212/794 182/213/795 573/665/796
f  152/212/794 573/665/796 554/666/797
f  573/665/796 182/213/795 183/214/798
f  554/666/797 573/665/796 574/667/799
f  573/665/796 183/214/798 575/668/800
f  574/667/799 573/665/796 575/668/800
f  554/666/797 574/667/799 547/669/801
f  547/669/801 574/667/799 576/670/802
f  574/667/799 575/668/800 577/671/803
f  576/670/802 574/667/799 577/671/803
f  575/668/800 183/214/798 185/216/804
f  575/668/800 185/216/804 578/672/805
f  577/671/803 575/668/800 578/672/805
f  576/670/802 577/671/803 579/673/806
f  577/671/803 578/672/805 580/674/807
f  579/673/806 577/671/803 580/674/807
f  547/669/801 576/670/802 543/675/808
f  543/675/808 576/670/802 572/664/793
f  572/664/793 576/670/802 579/673/806
f  543/675/808 572/664/793 540/663/792
f  572/664/793 579/673/806 571/662/791
f  571/662/791 579/673/806 581/676/809
f  571/662/791 581/676/809 569/660/789
f  579/673/806 580/674/807 581/676/809
f  582/677/810 583/678/811 584/679/812
f  582/677/810 584/679/812 585/680/813
f  586/681/814 587/682/815 582/677/810
f  586/681/814 582/677/810 585/680/813
f  582/677/810 587/682/815 588/683/816
f  582/677/810 588/683/816 589/684/817
f  589/684/817 583/678/811 582/677/810
f  589/684/817 590/685/818 583/678/811
f  591/686/819 588/683/816 587/682/815
f  592/687/820 587/682/815 586/681/814
f  591/686/819 587/682/815 592/687/820
f  592/687/820 586/681/814 593/688/821
f  593/688/821 586/681/814 594/689/822
f  594/689/822 586/681/814 585/680/813
f  593/688/821 594/689/822 595/690/823
f  594/689/822 585/680/813 596/691/824
f  595/690/823 594/689/822 597/692/825
f  595/690/823 597/692/825 598/693/826
f  597/692/825 594/689/822 596/691/824
f  597/692/825 596/691/824 599/694/827
f  585/680/813 600/695/828 596/691/824
f  596/691/824 600/695/828 601/696/829
f  596/691/824 601/696/829 599/694/827
f  585/680/813 584/679/812 600/695/828
f  602/697/830 603/698/831 604/699/832
f  602/697/830 604/699/832 605/700/833
f  606/701/834 607/702/835 602/697/830
f  606/701/834 602/697/830 605/700/833
f  602/697/830 607/702/835 608/703/836
f  602/697/830 608/703/836 609/704/837
f  609/704/837 603/698/831 602/697/830
f  609/704/837 610/705/838 603/698/831
f  611/706/839 608/703/836 607/702/835
f  612/707/840 607/702/835 606/701/834
f  611/706/839 607/702/835 612/707/840
f  612/707/840 606/701/834 613/708/841
f  613/708/841 606/701/834 614/709/842
f  614/709/842 606/701/834 605/700/833
f  613/708/841 614/709/842 615/710/843
f  614/709/842 605/700/833 616/711/844
f  617/712/845 614/709/842 616/711/844
f  615/710/843 614/709/842 617/712/845
f  615/710/843 617/712/845 618/713/846
f  617/712/845 616/711/844 619/714/847
f  605/700/833 620/715/848 616/711/844
f  616/711/844 620/715/848 621/716/849
f  616/711/844 621/716/849 619/714/847
f  605/700/833 604/699/832 620/715/848
f  622/717/850 623/718/851 624/719/852
f  622/717/850 624/719/852 625/720/853
f  626/721/854 627/722/855 622/717/850
f  626/721/854 622/717/850 625/720/853
f  625/720/853 624/719/852 628/723/856
f  625/720/853 628/723/856 629/724/857
f  630/725/858 626/721/854 625/720/853
f  630/725/858 625/720/853 629/724/857
f  631/726/859 627/722/855 626/721/854
f  631/726/859 626/721/854 632/727/860
f  632/727/860 626/721/854 630/725/858
f  633/728/861 630/725/858 634/729/862
f  634/729/862 630/725/858 629/724/857
f  632/727/860 630/725/858 633/728/861
f  629/724/857 628/723/856 635/730/863
f  629/724/857 635/730/863 636/731/864
f  634/729/862 629/724/857 636/731/864
f  637/732/865 634/729/862 638/733/866
f  633/728/861 634/729/862 637/732/865
f  638/733/866 634/729/862 636/731/864
f  636/731/864 635/730/863 639/734/867
f  636/731/864 639/734/867 640/735/868
f  638/733/866 636/731/864 640/735/868
f  637/732/865 638/733/866 641/736/869
f  642/737/870 643/738/871 644/739/872
f  642/737/870 644/739/872 645/740/873
f  646/741/874 647/742/875 642/737/870
f  646/741/874 642/737/870 645/740/873
f  645/740/873 644/739/872 648/743/876
f  645/740/873 648/743/876 649/744/877
f  650/745/878 646/741/874 645/740/873
f  650/745/878 645/740/873 649/744/877
f  651/746/879 646/741/874 650/745/878
f  652/747/880 647/742/875 646/741/874
f  652/747/880 646/741/874 651/746/879
f  653/748/881 650/745/878 654/749/882
f  651/746/879 650/745/878 653/748/881
f  654/749/882 650/745/878 649/744/877
f  649/744/877 648/743/876 655/750/883
f  649/744/877 655/750/883 656/751/884
f  654/749/882 649/744/877 656/751/884
f  653/748/881 654/749/882 657/752/885
f  657/752/885 654/749/882 658/753/886
f  658/753/886 654/749/882 656/751/884
f  659/754/887 656/751/884 655/750/883
f  658/753/886 656/751/884 659/754/887
f  659/754/887 655/750/883 660/755/888
f  657/752/885 658/753/886 661/756/889
f  662/757/890 663/758/891 664/759/892
f  662/757/890 664/759/892 665/760/893
f  666/761/894 663/758/891 662/757/890
f  667/762/895 666/761/894 662/757/890
f  668/763/896 667/762/895 662/757/890
f  668/763/896 662/757/890 665/760/893
f  666/761/894 669/764/897 663/758/891
f  667/762/895 670/765/898 666/761/894
f  671/766/899 667/762/895 668/763/896
f  672/767/900 670/765/898 667/762/895
f  672/767/900 667/762/895 671/766/899
f  671/766/899 668/763/896 673/768/901
f  673/768/901 668/763/896 674/769/902
f  668/763/896 665/760/893 675/770/903
f  668/763/896 675/770/903 674/769/902
f  673/768/901 674/769/902 676/771/904
f  674/769/902 675/770/903 677/772/905
f  674/769/902 677/772/905 678/773/906
f  676/771/904 674/769/902 678/773/906
f  665/760/893 679/774/907 675/770/903
f  675/770/903 679/774/907 680/775/908
f  675/770/903 680/775/908 677/772/905
f  665/760/893 664/759/892 679/774/907
f  676/771/904 678/773/906 681/776/909
f  468/538/910 682/777/910 683/778/911
f  468/538/910 683/778/911 464/534/912
f  473/543/913 684/779/914 682/777/913
f  473/543/913 682/777/913 468/538/915
f  493/563/916 685/780/917 684/779/917
f  493/563/916 684/779/917 473/543/918
f  69/73/919 361/392/920 685/780/921
f  69/73/919 685/780/921 493/563/922
f  500/570/923 686/781/924 362/393/925
f  500/570/923 362/393/925 77/81/925
f  511/581/926 687/782/927 686/781/928
f  511/581/926 686/781/928 500/570/929
f  513/583/930 688/783/931 687/782/932
f  513/583/930 687/782/932 511/581/933
f  515/588/934 689/784/935 688/783/936
f  515/588/934 688/783/936 513/583/937
f  465/589/938 690/785/938 689/784/939
f  465/589/938 689/784/939 515/588/940
f  464/534/941 683/778/942 690/786/941
f  464/534/941 690/786/941 465/535/943
f  682/777/944 691/787/945 692/788/946
f  682/777/944 692/788/946 683/778/947
f  684/779/948 693/789/949 691/787/950
f  684/779/948 691/787/950 682/777/951
f  685/780/952 694/790/953 693/789/954
f  685/780/952 693/789/954 684/779/952
f  361/392/955 372/404/956 694/790/957
f  361/392/955 694/790/957 685/780/958
f  686/781/959 695/791/960 373/405/961
f  686/781/959 373/405/961 362/393/962
f  687/782/963 696/792/964 695/791/965
f  687/782/963 695/791/965 686/781/966
f  688/783/967 697/793/968 696/792/969
f  688/783/967 696/792/969 687/782/970
f  689/784/971 698/794/972 697/793/971
f  689/784/971 697/793/971 688/783/973
f  690/785/974 699/795/975 698/794/976
f  690/785/974 698/794/976 689/784/977
f  683/778/978 692/788/979 699/796/980
f  683/778/978 699/796/980 690/786/981
f  691/787/982 700/797/983 701/798/984
f  691/787/982 701/798/984 692/788/985
f  693/789/986 702/799/987 700/797/987
f  693/789/986 700/797/987 691/787/987
f  694/790/988 703/800/989 702/799/990
f  694/790/988 702/799/990 693/789/988
f  372/404/991 383/416/992 703/800/992
f  372/404/991 703/800/992 694/790/993
f  695/791/994 704/801/994 384/417/995
f  695/791/994 384/417/995 373/405/994
f  696/792/996 705/802/997 704/801/998
f  696/792/996 704/801/998 695/791/999
f  697/793/1000 706/803/1001 705/802/1002
f  697/793/1000 705/802/1002 696/792/1000
f  698/794/1003 707/804/1004 706/803/1005
f  698/794/1003 706/803/1005 697/793/1006
f  699/795/1007 708/805/1008 707/804/1009
f  699/795/1007 707/804/1009 698/794/1010
f  692/788/1011 701/798/1012 708/806/1012
f  692/788/1011 708/806/1012 699/796/1012
f  700/797/1013 438/505/1014 444/511/1015
f  700/797/1013 444/511/1015 701/798/1016
f  702/799/1017 439/506/1018 438/505/1019
f  702/799/1017 438/505/1019 700/797/1020
f  703/800/1021 443/510/1022 439/506/1023
f  703/800/1021 439/506/1023 702/799/1024
f  383/416/1025 16/16/1026 443/510/1026
f  383/416/1025 443/510/1026 703/800/1027
f  704/801/1028 455/524/1029 31/34/1029
f  704/801/1028 31/34/1029 384/417/1028
f  705/802/1030 456/525/1031 455/524/1032
f  705/802/1030 455/524/1032 704/801/1033
f  706/803/1034 457/526/1035 456/525/1036
f  706/803/1034 456/525/1036 705/802/1036
f  707/804/1037 458/527/1038 457/526/1039
f  707/804/1037 457/526/1039 706/803/1040
f  708/805/1041 446/528/1042 458/527/1043
f  708/805/1041 458/527/1043 707/804/1042
f  701/798/1044 444/511/1045 446/513/1046
f  701/798/1044 446/513/1046 708/806/1047
f  501/807/1048 709/808/1049 710/809/1050
f  501/807/1048 710/809/1050 510/810/1051
f  709/808/1049 519/595/1052 518/594/1053
f  709/808/1049 518/594/1053 710/809/1050
f  510/810/1054 710/809/1055 711/811/1056
f  510/810/1054 711/811/1056 514/812/1057
f  518/594/1058 711/811/1056 710/809/1055
f  518/594/1058 522/598/1059 711/811/1056
f  711/811/1056 522/598/1059 527/603/1060
f  711/811/1056 527/603/1060 712/813/1061
f  711/811/1056 713/814/1062 516/815/1063
f  711/811/1056 516/815/1063 514/812/1057
f  712/813/1061 713/814/1062 711/811/1056
f  712/813/1061 714/816/1064 516/815/1063
f  712/813/1061 516/815/1063 713/814/1062
f  516/815/1063 714/816/1064 715/817/1065
f  516/815/1063 715/817/1065 716/818/1066
f  716/818/1066 517/819/1067 516/815/1063
f  717/820/1068 718/821/1069 517/819/1067
f  717/820/1068 719/822/1070 718/821/1069
f  720/823/1071 719/822/1070 717/820/1068
f  717/820/1068 721/824/1072 720/823/1071
f  720/823/1071 722/825/1073 719/822/1070
f  720/823/1071 723/826/1071 722/825/1073
f  502/827/1074 724/828/1075 709/808/1076
f  502/827/1074 709/808/1076 501/829/1077
f  504/830/1078 724/828/1075 502/827/1074
f  504/830/1078 725/831/1079 724/828/1075
f  709/808/1076 724/828/1075 726/832/1080
f  725/831/1079 726/832/1080 724/828/1075
f  709/808/1076 726/832/1080 520/596/1081
f  725/831/1079 727/833/1082 726/832/1080
f  507/834/1083 728/835/1084 725/831/1079
f  507/834/1083 725/831/1079 504/830/1078
f  728/835/1084 727/833/1082 725/831/1079
f  728/835/1084 729/836/1085 727/833/1082
f  730/837/1086 728/835/1084 507/834/1083
f  730/837/1086 507/834/1083 731/838/1087
f  730/837/1086 732/839/1088 729/836/1085
f  730/837/1086 729/836/1085 728/835/1084
f  507/840/712 506/841/711 548/842/754
f  508/843/714 548/842/754 506/841/711
f  507/840/712 548/842/754 546/844/752
f  508/843/714 553/845/763 548/842/754
f  92/457/715 553/845/763 508/843/714
f  92/457/715 147/458/760 553/845/763
f  731/846/1089 546/844/752 545/847/751
f  731/846/1089 545/847/751 542/848/748
f  733/849/1090 734/850/1091 110/851/1092
f  733/849/1090 110/851/1092 108/852/1093
f  735/853/1094 733/849/1090 108/852/1093
f  735/853/1094 108/852/1093 106/854/1095
f  736/855/1096 735/853/1094 106/854/1095
f  736/855/1096 106/854/1095 105/856/1097
f  104/857/1098 736/855/1096 105/856/1097
f  490/858/689 517/859/724 718/860/1099
f  490/858/689 718/860/1099 539/861/745
f  539/861/745 491/862/690 490/858/689
f  718/860/1099 544/863/750 541/864/747
f  718/860/1099 541/864/747 539/861/745
f  737/865/1100 525/601/1101 531/607/1102
f  737/865/1100 531/607/1102 738/866/1103
f  737/865/1100 738/866/1103 739/867/1100
f  737/865/1100 739/867/1100 740/868/1101
f  740/868/1101 741/869/1100 737/865/1100
f  742/870/1104 715/817/1105 743/871/1106
f  742/870/1104 743/871/1106 744/872/1107
f  743/871/1106 740/868/1108 739/867/1109
f  743/871/1106 739/867/1109 744/872/1107
f  718/860/1110 719/873/1111 745/874/1112
f  718/860/1110 745/874/1112 544/863/1113
f  719/822/1111 722/825/1114 746/875/1115
f  719/822/1111 746/875/1115 745/876/1112
f  746/875/1115 722/825/1114 533/609/1116
f  533/609/1116 532/608/1117 747/877/1118
f  533/609/1116 747/877/1118 746/875/1115
f  542/848/1119 748/878/1120 730/879/1121
f  542/848/1119 730/879/1121 731/846/1122
f  748/880/1120 747/877/1123 732/839/1124
f  748/880/1120 732/839/1124 730/837/1121
f  722/825/1125 723/826/1126 535/611/1126
f  722/825/1125 535/611/1126 533/609/1127
f  749/881/1128 750/882/1129 723/826/1130
f  723/826/1130 750/882/1129 535/611/1131
f  720/823/1132 721/824/1132 749/881/1128
f  750/882/1129 751/883/1133 534/610/1134
f  750/882/1129 534/610/1134 535/611/1131
f  751/883/1133 738/866/1135 530/606/1136
f  751/883/1133 530/606/1136 534/610/1134
f  745/876/1137 748/880/1138 542/884/1139
f  745/876/1137 542/884/1139 544/885/1140
f  745/876/1137 746/875/1141 747/877/1142
f  745/876/1137 747/877/1142 748/880/1138
f  751/883/1143 750/882/1144 749/881/1144
f  751/883/1143 749/881/1144 744/872/1145
f  739/867/1146 738/866/1147 751/883/1143
f  739/867/1146 751/883/1143 744/872/1145
f  738/866/1148 531/607/1149 530/606/1150
f  749/886/1151 721/887/1152 742/888/1153
f  726/889/1154 727/890/1155 523/891/1156
f  726/889/1154 523/891/1156 521/892/1157
f  726/889/1154 521/892/1157 520/893/1158
f  727/833/1155 729/836/1159 528/604/1160
f  727/833/1155 528/604/1160 523/599/1156
f  729/836/1159 732/839/1161 532/608/1162
f  729/836/1159 532/608/1162 528/604/1160
f  532/608/1162 732/839/1161 747/877/1163
f  712/813/1164 752/894/1165 753/895/1166
f  712/813/1164 753/895/1166 714/816/1167
f  752/894/1165 737/865/1168 741/869/1169
f  752/894/1165 741/869/1169 753/895/1166
f  527/603/1170 526/602/1171 752/894/1172
f  527/603/1170 752/894/1172 712/813/1173
f  526/602/1171 525/601/1174 737/865/1174
f  526/602/1171 737/865/1174 752/894/1172
f  753/895/1175 743/871/1176 715/817/1177
f  753/895/1175 715/817/1177 714/816/1178
f  753/895/1175 741/869/1179 740/868/1180
f  753/895/1175 740/868/1180 743/871/1176
f  754/896/1181 163/897/1182 162/898/1182
f  754/896/1181 162/898/1182 755/899/1182
f  754/896/1181 755/899/1182 756/900/1182
f  756/900/1182 757/901/1183 754/896/1181
f  758/902/1184 754/896/1181 757/901/1183
f  754/896/1181 758/902/1184 759/903/1185
f  760/904/1185 163/897/1185 754/896/1181
f  754/896/1181 759/903/1185 760/904/1185
f  760/904/1185 171/905/1185 163/897/1185
f  755/899/1186 162/898/1186 164/906/1186
f  755/899/1186 164/906/1186 761/907/1187
f  755/899/1186 761/907/1187 762/908/1188
f  761/909/1187 164/910/1189 165/911/1190
f  761/909/1187 165/911/1190 763/912/1190
f  761/909/1187 763/912/1190 764/913/1191
f  764/913/1191 765/914/1192 761/909/1187
f  765/914/1192 762/915/1188 761/909/1187
f  763/912/1193 165/911/1194 167/916/1195
f  763/912/1193 167/916/1195 766/917/1196
f  766/917/1196 767/918/1195 763/912/1193
f  766/917/1196 768/919/1197 767/918/1195
f  769/920/1198 768/919/1197 766/917/1196
f  766/917/1196 167/916/1199 566/921/1200
f  766/917/1196 566/921/1200 770/922/1201
f  766/917/1196 770/922/1201 771/923/1202
f  771/923/1202 769/920/1198 766/917/1196
f  772/924/1203 185/925/1204 184/926/1204
f  772/924/1203 184/926/1204 773/927/1204
f  772/924/1203 773/927/1204 774/928/1204
f  774/928/1204 775/929/1205 772/924/1203
f  776/930/1206 185/925/1206 772/924/1203
f  776/930/1206 772/924/1203 777/931/1207
f  777/931/1207 772/924/1203 775/929/1205
f  776/930/1206 578/932/1206 185/925/1206
f  773/927/1208 184/926/1208 181/933/1208
f  773/927/1208 181/933/1208 778/934/1209
f  773/927/1208 778/934/1209 779/935/1210
f  778/934/1209 181/933/1211 178/936/1211
f  778/934/1209 178/936/1211 780/937/1211
f  778/934/1209 780/937/1211 781/938/1211
f  781/938/1211 782/939/1212 778/934/1209
f  782/939/1212 779/935/1210 778/934/1209
f  780/940/1213 178/941/1214 173/942/1215
f  780/940/1213 173/942/1215 783/943/1216
f  783/943/1216 784/944/1217 780/940/1213
f  783/943/1216 785/945/1218 784/944/1217
f  783/943/1216 173/942/1219 171/905/1219
f  783/943/1216 171/905/1219 760/904/1219
f  783/943/1216 760/904/1219 786/946/1220
f  786/946/1220 787/947/1221 783/943/1216
f  787/947/1221 785/945/1218 783/943/1216
f  788/948/1222 563/949/1222 562/950/1222
f  788/948/1222 562/950/1222 789/951/1223
f  788/948/1222 789/951/1223 790/952/1224
f  789/951/1223 562/950/1225 567/953/1225
f  789/951/1223 567/953/1225 791/954/1225
f  789/951/1223 791/954/1225 792/955/1225
f  792/955/1225 793/956/1226 789/951/1223
f  793/956/1226 790/952/1224 789/951/1223
f  794/957/1227 565/958/1228 563/949/1228
f  794/957/1227 563/949/1228 788/948/1228
f  794/957/1227 788/948/1228 795/959/1228
f  795/959/1228 796/960/1229 794/957/1227
f  770/922/1230 566/921/1231 565/961/1230
f  770/922/1230 565/961/1230 794/962/1227
f  770/922/1230 794/962/1227 797/963/1232
f  798/964/1233 580/965/1234 578/932/1234
f  798/964/1233 578/932/1234 776/930/1234
f  798/964/1233 776/930/1234 799/966/1235
f  799/966/1235 800/967/1236 798/964/1233
f  801/968/1237 580/965/1237 798/964/1233
f  801/968/1237 798/964/1233 802/969/1238
f  802/969/1238 798/964/1233 800/967/1236
f  801/968/1237 581/970/1237 580/965/1237
f  803/971/1239 569/972/1240 581/973/1240
f  803/971/1239 581/973/1240 801/974/1241
f  803/971/1239 801/974/1241 804/975/1240
f  804/975/1240 805/976/1242 803/971/1239
f  791/954/1243 569/972/1243 803/971/1239
f  791/954/1243 803/971/1239 806/977/1244
f  806/977/1244 803/971/1239 805/976/1242
f  791/954/1243 567/953/1243 569/972/1243
f  319/350/330 317/348/328 306/337/366
f  319/350/330 306/337/366 352/383/365
f  807/978/1245 808/979/1246 300/331/311
f  807/978/1245 300/331/311 301/332/312
f  809/980/1247 810/981/1248 291/322/302
f  809/980/1247 291/322/302 287/318/298
f  811/982/1249 812/983/1249 325/356/336
f  811/982/1249 325/356/336 323/354/334
f  813/984/1250 814/985/1250 318/349/329
f  813/984/1250 318/349/329 319/350/330
f  815/986/1251 814/985/1250 813/984/1250
f  815/986/1251 816/987/1251 814/985/1250
f  777/988/1252 816/987/1251 815/986/1251
f  777/988/1252 775/989/1252 816/987/1251
f  817/990/1253 818/991/1254 313/344/324
f  817/990/1253 313/344/324 315/346/326
f  819/992/1255 818/991/1254 817/990/1253
f  819/992/1255 820/993/1256 818/991/1254
f  779/994/1257 820/993/1256 819/992/1255
f  779/994/1257 782/995/1258 820/993/1256
f  821/996/1259 822/997/1260 321/352/332
f  821/996/1259 321/352/332 320/351/331
f  823/998/1261 822/997/1260 821/996/1259
f  823/998/1261 824/999/1262 822/997/1260
f  785/1000/1263 824/999/1262 823/998/1261
f  785/1000/1263 787/1001/1264 824/999/1262
f  825/1002/1265 826/1003/1266 354/385/368
f  825/1002/1265 354/385/368 353/384/367
f  827/1004/1267 826/1003/1266 825/1002/1265
f  827/1004/1267 828/1005/1268 826/1003/1266
f  790/1006/1269 828/1005/1268 827/1004/1267
f  790/1006/1269 793/1007/1270 828/1005/1268
f  356/387/370 355/386/369 829/1008/1271
f  356/387/370 829/1008/1271 830/1009/1272
f  830/1009/1272 829/1008/1271 831/1010/1273
f  830/1009/1272 831/1010/1273 832/1011/1274
f  832/1011/1274 831/1010/1273 797/1012/1275
f  832/1011/1274 797/1012/1275 796/1013/1275
f  349/380/362 346/377/359 833/1014/1276
f  349/380/362 833/1014/1276 834/1015/1277
f  344/375/357 340/371/353 835/1016/1278
f  344/375/357 835/1016/1278 836/1017/1279
f  797/963/1232 794/962/1227 796/1018/1229
f  300/1019/1280 808/1020/1281 837/1021/1282
f  300/1019/1280 837/1021/1282 838/1022/1283
f  837/1021/1282 808/1020/1281 839/1023/1284
f  837/1021/1282 839/1023/1284 840/1024/1285
f  841/1025/1286 837/1021/1282 840/1024/1285
f  838/1022/1283 837/1021/1282 841/1025/1286
f  838/1022/1283 841/1025/1286 842/1026/1287
f  187/218/1288 841/1025/1286 843/1027/1289
f  842/1026/1287 841/1025/1286 187/218/1288
f  841/1025/1286 840/1024/1285 843/1027/1289
f  840/1024/1285 839/1023/1284 757/1028/1290
f  840/1024/1285 757/1028/1290 844/1029/1291
f  843/1027/1289 840/1024/1285 844/1029/1291
f  190/221/1292 843/1027/1289 845/1030/1293
f  187/218/1288 843/1027/1289 190/221/1292
f  843/1027/1289 844/1029/1291 845/1030/1293
f  190/221/1292 845/1030/1293 197/228/1294
f  842/1026/1287 187/218/1288 186/217/1295
f  757/1028/1296 756/1031/1297 846/1032/1298
f  757/1028/1296 846/1032/1298 844/1029/1299
f  844/1029/1299 846/1032/1298 847/1033/1300
f  756/1031/1297 848/1034/1301 846/1032/1298
f  847/1033/1300 846/1032/1298 848/1034/1301
f  844/1029/1299 847/1033/1300 845/1030/1302
f  845/1030/1302 847/1033/1300 198/229/1303
f  847/1033/1300 848/1034/1301 849/1035/1304
f  198/229/1303 847/1033/1300 849/1035/1304
f  845/1030/1302 198/229/1303 197/228/1305
f  849/1035/1304 850/1036/1306 201/232/1307
f  849/1035/1304 201/232/1307 200/231/1308
f  848/1034/1301 850/1036/1306 849/1035/1304
f  198/229/1303 849/1035/1304 200/231/1308
f  850/1036/1306 851/1037/1309 204/235/1310
f  850/1036/1306 204/235/1310 201/232/1307
f  852/1038/1311 851/1037/1309 850/1036/1306
f  848/1034/1301 852/1038/1311 850/1036/1306
f  852/1038/1311 853/1039/1312 851/1037/1309
f  854/1040/1313 762/1041/1314 853/1039/1312
f  854/1040/1313 853/1039/1312 852/1038/1311
f  755/1042/1315 854/1040/1313 852/1038/1311
f  755/1042/1315 852/1038/1311 848/1034/1301
f  756/1031/1297 755/1042/1315 848/1034/1301
f  296/1043/1316 300/1019/1317 838/1022/1318
f  296/1043/1316 838/1022/1318 855/1044/1319
f  290/1045/1320 296/1043/1316 855/1044/1319
f  855/1044/1319 838/1022/1318 842/1026/1321
f  855/1044/1319 842/1026/1321 856/1046/1322
f  857/1047/1323 855/1044/1319 856/1046/1322
f  290/1045/1320 855/1044/1319 857/1047/1323
f  858/1048/1324 286/1049/1325 290/1045/1320
f  858/1048/1324 290/1045/1320 857/1047/1323
f  859/1050/1326 858/1048/1324 857/1047/1323
f  859/1050/1326 857/1047/1323 860/1051/1327
f  857/1047/1323 856/1046/1322 860/1051/1327
f  856/1046/1322 842/1026/1321 186/217/1328
f  856/1046/1322 186/217/1328 189/220/1329
f  860/1051/1327 856/1046/1322 189/220/1329
f  195/226/1330 859/1050/1326 860/1051/1327
f  195/226/1330 860/1051/1327 193/224/1331
f  860/1051/1327 189/220/1329 193/224/1331
f  861/1052/1332 859/1050/1326 195/226/1330
f  862/1053/1333 858/1048/1324 859/1050/1326
f  862/1053/1333 859/1050/1326 861/1052/1332
f  861/1052/1332 195/226/1330 205/236/1334
f  287/1054/1335 858/1048/1324 862/1053/1333
f  287/1054/1335 286/1049/1325 858/1048/1324
f  809/1055/1336 287/1054/1337 862/1053/1338
f  809/1055/1336 862/1053/1338 863/1056/1339
f  864/1057/1340 865/1058/1341 809/1055/1336
f  864/1057/1340 809/1055/1336 863/1056/1339
f  863/1056/1339 862/1053/1338 861/1052/1342
f  863/1056/1339 861/1052/1342 866/1059/1343
f  867/1060/1344 864/1057/1340 863/1056/1339
f  867/1060/1344 863/1056/1339 866/1059/1343
f  866/1059/1343 861/1052/1342 205/236/1345
f  866/1059/1343 205/236/1345 203/234/1346
f  202/233/1347 867/1060/1344 866/1059/1343
f  202/233/1347 866/1059/1343 203/234/1346
f  851/1037/1348 867/1060/1344 202/233/1347
f  851/1037/1348 202/233/1347 204/235/1349
f  853/1039/1350 864/1057/1340 867/1060/1344
f  853/1039/1350 867/1060/1344 851/1037/1348
f  762/1041/1351 865/1058/1341 864/1057/1340
f  762/1041/1351 864/1057/1340 853/1039/1350
f  291/1061/1352 810/1062/1353 868/1063/1354
f  291/1061/1352 868/1063/1354 869/1064/1355
f  868/1063/1354 810/1062/1353 870/1065/1356
f  868/1063/1354 870/1065/1356 871/1066/1357
f  872/1067/1358 868/1063/1354 871/1066/1357
f  869/1064/1355 868/1063/1354 872/1067/1358
f  869/1064/1355 872/1067/1358 873/1068/1359
f  207/238/1360 872/1067/1358 874/1069/1361
f  873/1068/1359 872/1067/1358 207/238/1360
f  872/1067/1358 871/1066/1357 874/1069/1361
f  871/1066/1357 870/1065/1356 765/1070/1362
f  871/1066/1357 765/1070/1362 875/1071/1363
f  874/1069/1361 871/1066/1357 875/1071/1363
f  210/241/1364 874/1069/1361 876/1072/1365
f  207/238/1360 874/1069/1361 210/241/1364
f  874/1069/1361 875/1071/1363 876/1072/1365
f  873/1068/1359 207/238/1360 206/237/1366
f  210/241/1364 876/1072/1365 217/248/1367
f  765/1070/1368 764/1073/1369 877/1074/1370
f  765/1070/1368 877/1074/1370 875/1071/1371
f  764/1073/1369 763/1075/1372 878/1076/1373
f  764/1073/1369 878/1076/1373 877/1074/1370
f  875/1071/1371 877/1074/1370 879/1077/1374
f  875/1071/1371 879/1077/1374 876/1072/1375
f  879/1077/1374 877/1074/1370 878/1076/1373
f  876/1072/1375 879/1077/1374 218/249/1376
f  879/1077/1374 878/1076/1373 880/1078/1377
f  218/249/1376 879/1077/1374 880/1078/1377
f  763/1075/1372 881/1079/1378 878/1076/1373
f  878/1076/1373 881/1079/1378 882/1080/1379
f  878/1076/1373 882/1080/1379 880/1078/1377
f  880/1078/1377 882/1080/1379 221/252/1380
f  880/1078/1377 221/252/1380 219/250/1381
f  218/249/1376 880/1078/1377 219/250/1381
f  876/1072/1375 218/249/1376 217/248/1382
f  221/252/1380 882/1080/1379 883/1081/1383
f  221/252/1380 883/1081/1383 222/253/1384
f  882/1080/1379 881/1079/1378 884/1082/1385
f  882/1080/1379 884/1082/1385 883/1081/1383
f  763/1075/1372 767/1083/1386 881/1079/1378
f  767/1083/1386 884/1082/1385 881/1079/1378
f  767/1083/1386 768/1084/1387 884/1082/1385
f  292/1085/1388 291/1061/1389 869/1064/1390
f  292/1085/1388 869/1064/1390 885/1086/1391
f  293/1087/1392 292/1085/1388 885/1086/1391
f  885/1086/1391 869/1064/1390 873/1068/1393
f  885/1086/1391 873/1068/1393 886/1088/1394
f  887/1089/1395 885/1086/1391 886/1088/1394
f  293/1087/1392 885/1086/1391 887/1089/1395
f  322/1090/1396 293/1087/1392 887/1089/1395
f  322/1090/1396 887/1089/1395 888/1091/1397
f  888/1091/1397 887/1089/1395 889/1092/1398
f  887/1089/1395 886/1088/1394 889/1092/1398
f  886/1088/1394 873/1068/1393 206/237/1399
f  886/1088/1394 206/237/1399 209/240/1400
f  889/1092/1398 886/1088/1394 209/240/1400
f  890/1093/1401 889/1092/1398 213/244/1402
f  888/1091/1397 889/1092/1398 890/1093/1401
f  889/1092/1398 209/240/1400 213/244/1402
f  891/1094/1403 888/1091/1397 890/1093/1401
f  890/1093/1401 213/244/1402 215/246/1404
f  892/1095/1405 890/1093/1401 215/246/1404
f  891/1094/1403 890/1093/1401 892/1095/1405
f  892/1095/1405 215/246/1404 225/256/1406
f  323/1096/1407 322/1090/1396 888/1091/1397
f  323/1096/1407 888/1091/1397 891/1094/1403
f  811/1097/1408 323/1096/1409 891/1094/1410
f  811/1097/1408 891/1094/1410 893/1098/1411
f  894/1099/1412 895/1100/1413 811/1097/1408
f  894/1099/1412 811/1097/1408 893/1098/1411
f  893/1098/1411 891/1094/1410 892/1095/1414
f  893/1098/1411 892/1095/1414 896/1101/1415
f  897/1102/1416 894/1099/1412 893/1098/1411
f  897/1102/1416 893/1098/1411 896/1101/1415
f  896/1101/1415 892/1095/1414 225/256/1417
f  896/1101/1415 225/256/1417 224/255/1418
f  223/254/1419 897/1102/1416 896/1101/1415
f  223/254/1419 896/1101/1415 224/255/1418
f  883/1081/1420 897/1102/1416 223/254/1419
f  884/1082/1421 894/1099/1412 897/1102/1416
f  884/1082/1421 897/1102/1416 883/1081/1420
f  883/1081/1420 223/254/1419 222/253/1422
f  768/1084/1423 895/1100/1413 894/1099/1412
f  768/1084/1423 894/1099/1412 884/1082/1421
f  318/1103/1424 814/1104/1425 898/1105/1426
f  318/1103/1424 898/1105/1426 899/1106/1427
f  898/1105/1426 814/1104/1425 816/1107/1428
f  898/1105/1426 816/1107/1428 900/1108/1429
f  901/1109/1430 898/1105/1426 900/1108/1429
f  899/1106/1427 898/1105/1426 901/1109/1430
f  901/1109/1430 900/1108/1429 902/1110/1431
f  227/258/1432 901/1109/1430 902/1110/1431
f  903/1111/1433 901/1109/1430 227/258/1432
f  899/1106/1427 901/1109/1430 903/1111/1433
f  230/261/1434 902/1110/1431 904/1112/1435
f  227/258/1432 902/1110/1431 230/261/1434
f  902/1110/1431 900/1108/1429 905/1113/1436
f  902/1110/1431 905/1113/1436 904/1112/1435
f  903/1111/1433 227/258/1432 226/257/1437
f  230/261/1434 904/1112/1435 237/268/1438
f  900/1108/1429 816/1107/1428 775/1114/1439
f  900/1108/1429 775/1114/1439 905/1113/1436
f  775/1114/1440 774/1115/1441 906/1116/1442
f  775/1114/1440 906/1116/1442 905/1113/1443
f  905/1113/1443 906/1116/1442 907/1117/1444
f  905/1113/1443 907/1117/1444 904/1112/1445
f  904/1112/1445 907/1117/1444 238/269/1446
f  907/1117/1444 906/1116/1442 908/1118/1447
f  907/1117/1444 908/1118/1447 909/1119/1448
f  238/269/1446 907/1117/1444 909/1119/1448
f  904/1112/1445 238/269/1446 237/268/1449
f  238/269/1446 909/1119/1448 240/271/1450
f  909/1119/1448 910/1120/1451 241/272/1452
f  909/1119/1448 241/272/1452 240/271/1450
f  908/1118/1447 910/1120/1451 909/1119/1448
f  910/1120/1451 911/1121/1453 244/275/1454
f  910/1120/1451 244/275/1454 241/272/1452
f  912/1122/1455 911/1121/1453 910/1120/1451
f  908/1118/1447 912/1122/1455 910/1120/1451
f  912/1122/1455 913/1123/1456 911/1121/1453
f  914/1124/1457 913/1123/1456 912/1122/1455
f  773/1125/1458 914/1124/1457 912/1122/1455
f  773/1125/1458 912/1122/1455 908/1118/1447
f  914/1124/1457 779/1126/1459 913/1123/1456
f  774/1115/1441 773/1125/1458 908/1118/1447
f  774/1115/1441 908/1118/1447 906/1116/1442
f  316/1127/1460 318/1103/1461 899/1106/1462
f  316/1127/1460 899/1106/1462 915/1128/1463
f  305/1129/1464 316/1127/1460 915/1128/1463
f  915/1128/1463 899/1106/1462 903/1111/1465
f  915/1128/1463 903/1111/1465 916/1130/1466
f  917/1131/1467 915/1128/1463 916/1130/1466
f  305/1129/1464 915/1128/1463 917/1131/1467
f  918/1132/1468 314/1133/1469 305/1129/1464
f  918/1132/1468 305/1129/1464 917/1131/1467
f  919/1134/1470 918/1132/1468 917/1131/1467
f  919/1134/1470 917/1131/1467 920/1135/1471
f  917/1131/1467 916/1130/1466 920/1135/1471
f  916/1130/1466 903/1111/1465 226/257/1472
f  916/1130/1466 226/257/1472 229/260/1473
f  920/1135/1471 916/1130/1466 229/260/1473
f  235/266/1474 919/1134/1470 920/1135/1471
f  235/266/1474 920/1135/1471 233/264/1475
f  920/1135/1471 229/260/1473 233/264/1475
f  921/1136/1476 919/1134/1470 235/266/1474
f  922/1137/1477 918/1132/1468 919/1134/1470
f  922/1137/1477 919/1134/1470 921/1136/1476
f  921/1136/1476 235/266/1474 245/276/1478
f  315/1138/1479 918/1132/1468 922/1137/1477
f  315/1138/1479 314/1133/1469 918/1132/1468
f  817/1139/1480 315/1138/1481 922/1137/1482
f  817/1139/1480 922/1137/1482 923/1140/1483
f  924/1141/1484 819/1142/1485 817/1139/1480
f  924/1141/1484 817/1139/1480 923/1140/1483
f  923/1140/1483 922/1137/1482 921/1136/1486
f  923/1140/1483 921/1136/1486 925/1143/1487
f  926/1144/1488 924/1141/1484 923/1140/1483
f  926/1144/1488 923/1140/1483 925/1143/1487
f  779/1126/1489 819/1142/1485 924/1141/1484
f  779/1126/1489 924/1141/1484 913/1123/1490
f  913/1123/1490 924/1141/1484 926/1144/1488
f  913/1123/1490 926/1144/1488 911/1121/1491
f  242/273/1492 926/1144/1488 925/1143/1487
f  911/1121/1491 926/1144/1488 242/273/1492
f  911/1121/1491 242/273/1492 244/275/1493
f  242/273/1492 925/1143/1487 243/274/1494
f  925/1143/1487 245/276/1495 243/274/1494
f  925/1143/1487 921/1136/1486 245/276/1495
f  313/1145/1496 818/1146/1497 927/1147/1498
f  313/1145/1496 927/1147/1498 928/1148/1499
f  927/1147/1498 818/1146/1497 820/1149/1500
f  927/1147/1498 820/1149/1500 929/1150/1501
f  930/1151/1502 927/1147/1498 929/1150/1501
f  928/1148/1499 927/1147/1498 930/1151/1502
f  928/1148/1499 930/1151/1502 931/1152/1503
f  247/278/1504 930/1151/1502 932/1153/1505
f  931/1152/1503 930/1151/1502 247/278/1504
f  930/1151/1502 929/1150/1501 932/1153/1505
f  929/1150/1501 820/1149/1500 782/1154/1506
f  929/1150/1501 782/1154/1506 933/1155/1507
f  932/1153/1505 929/1150/1501 933/1155/1507
f  250/281/1508 932/1153/1505 934/1156/1509
f  247/278/1504 932/1153/1505 250/281/1508
f  932/1153/1505 933/1155/1507 934/1156/1509
f  250/281/1508 934/1156/1509 257/288/1510
f  931/1152/1503 247/278/1504 246/277/1511
f  782/1154/1512 781/1157/1513 935/1158/1514
f  782/1154/1512 935/1158/1514 933/1155/1515
f  933/1155/1515 935/1158/1514 936/1159/1516
f  781/1157/1513 937/1160/1517 935/1158/1514
f  936/1159/1516 935/1158/1514 937/1160/1517
f  933/1155/1515 936/1159/1516 934/1156/1518
f  934/1156/1518 936/1159/1516 258/289/1519
f  936/1159/1516 937/1160/1517 938/1161/1520
f  258/289/1519 936/1159/1516 938/1161/1520
f  781/1157/1513 780/1162/1521 937/1160/1517
f  937/1160/1517 939/1163/1522 940/1164/1523
f  937/1160/1517 940/1164/1523 938/1161/1520
f  780/1162/1521 939/1163/1522 937/1160/1517
f  258/289/1519 938/1161/1520 259/290/1524
f  938/1161/1520 940/1164/1523 263/294/1525
f  938/1161/1520 263/294/1525 259/290/1524
f  934/1156/1518 258/289/1519 257/288/1526
f  940/1164/1523 265/296/1527 263/294/1525
f  940/1164/1523 941/1165/1528 265/296/1527
f  939/1163/1522 941/1165/1528 940/1164/1523
f  939/1163/1522 942/1166/1529 941/1165/1528
f  784/1167/1530 942/1166/1529 939/1163/1522
f  780/1162/1521 784/1167/1530 939/1163/1522
f  784/1167/1530 785/1168/1531 942/1166/1529
f  311/1169/1532 313/1145/1533 928/1148/1534
f  311/1169/1532 928/1148/1534 943/1170/1535
f  304/1171/1536 311/1169/1532 943/1170/1535
f  943/1170/1535 928/1148/1534 931/1152/1537
f  943/1170/1535 931/1152/1537 944/1172/1538
f  945/1173/1539 943/1170/1535 944/1172/1538
f  304/1171/1536 943/1170/1535 945/1173/1539
f  946/1174/1540 309/1175/1541 304/1171/1536
f  946/1174/1540 304/1171/1536 945/1173/1539
f  945/1173/1539 944/1172/1538 947/1176/1542
f  948/1177/1543 946/1174/1540 945/1173/1539
f  948/1177/1543 945/1173/1539 947/1176/1542
f  944/1172/1538 931/1152/1537 246/277/1544
f  944/1172/1538 246/277/1544 249/280/1545
f  947/1176/1542 944/1172/1538 249/280/1545
f  947/1176/1542 249/280/1545 253/284/1546
f  256/287/1547 948/1177/1543 947/1176/1542
f  256/287/1547 947/1176/1542 253/284/1546
f  949/1178/1548 948/1177/1543 256/287/1547
f  950/1179/1549 946/1174/1540 948/1177/1543
f  950/1179/1549 948/1177/1543 949/1178/1548
f  949/1178/1548 256/287/1547 262/293/1550
f  320/1180/1551 946/1174/1540 950/1179/1549
f  320/1180/1551 309/1175/1541 946/1174/1540
f  821/1181/1552 320/1180/1553 950/1179/1554
f  821/1181/1552 950/1179/1554 951/1182/1555
f  952/1183/1556 823/1184/1557 821/1181/1552
f  952/1183/1556 821/1181/1552 951/1182/1555
f  951/1182/1555 950/1179/1554 949/1178/1558
f  951/1182/1555 949/1178/1558 953/1185/1559
f  954/1186/1560 952/1183/1556 951/1182/1555
f  954/1186/1560 951/1182/1555 953/1185/1559
f  953/1185/1559 949/1178/1558 262/293/1561
f  953/1185/1559 262/293/1561 261/292/1562
f  264/295/1563 954/1186/1560 953/1185/1559
f  264/295/1563 953/1185/1559 261/292/1562
f  941/1165/1564 954/1186/1560 264/295/1563
f  942/1166/1565 952/1183/1556 954/1186/1560
f  942/1166/1565 954/1186/1560 941/1165/1564
f  785/1168/1566 823/1184/1557 952/1183/1556
f  785/1168/1566 952/1183/1556 942/1166/1565
f  941/1165/1564 264/295/1563 265/296/1567
f  321/1187/1568 822/1188/1569 955/1189/1570
f  321/1187/1568 955/1189/1570 956/1190/1571
f  955/1189/1570 822/1188/1569 824/1191/1572
f  955/1189/1570 824/1191/1572 957/1192/1573
f  958/1193/1574 955/1189/1570 957/1192/1573
f  956/1190/1571 955/1189/1570 958/1193/1574
f  957/1192/1573 824/1191/1572 787/1194/1575
f  957/1192/1573 787/1194/1575 959/1195/1576
f  960/1196/1577 957/1192/1573 959/1195/1576
f  958/1193/1574 957/1192/1573 960/1196/1577
f  267/298/1578 958/1193/1574 960/1196/1577
f  961/1197/1579 958/1193/1574 267/298/1578
f  956/1190/1571 958/1193/1574 961/1197/1579
f  270/301/1580 960/1196/1577 962/1198/1581
f  267/298/1578 960/1196/1577 270/301/1580
f  960/1196/1577 959/1195/1576 962/1198/1581
f  961/1197/1579 267/298/1578 266/297/1582
f  270/301/1580 962/1198/1581 277/308/1583
f  787/1194/1584 786/1199/1585 963/1200/1586
f  787/1194/1584 963/1200/1586 959/1195/1587
f  786/1199/1585 760/1201/1588 964/1202/1589
f  786/1199/1585 964/1202/1589 963/1200/1586
f  964/1202/1589 965/1203/1590 966/1204/1591
f  964/1202/1589 966/1204/1591 967/1205/1592
f  760/1201/1588 965/1203/1590 964/1202/1589
f  968/1206/1593 963/1200/1586 964/1202/1589
f  968/1206/1593 964/1202/1589 967/1205/1592
f  959/1195/1587 963/1200/1586 968/1206/1593
f  959/1195/1587 968/1206/1593 962/1198/1594
f  962/1198/1594 968/1206/1593 278/309/1595
f  278/309/1595 968/1206/1593 967/1205/1592
f  967/1205/1592 966/1204/1591 281/312/1596
f  967/1205/1592 281/312/1596 280/311/1597
f  278/309/1595 967/1205/1592 280/311/1597
f  962/1198/1594 278/309/1595 277/308/1598
f  966/1204/1591 284/315/1599 281/312/1596
f  966/1204/1591 969/1207/1600 284/315/1599
f  965/1203/1590 970/1208/1601 969/1207/1600
f  965/1203/1590 969/1207/1600 966/1204/1591
f  759/1209/1602 970/1208/1601 965/1203/1590
f  760/1201/1588 759/1209/1602 965/1203/1590
f  759/1209/1602 758/1210/1603 970/1208/1601
f  308/1211/1604 321/1187/1605 956/1190/1606
f  308/1211/1604 956/1190/1606 971/1212/1607
f  299/1213/1608 308/1211/1604 971/1212/1607
f  971/1212/1607 956/1190/1606 961/1197/1609
f  971/1212/1607 961/1197/1609 972/1214/1610
f  973/1215/1611 971/1212/1607 972/1214/1610
f  299/1213/1608 971/1212/1607 973/1215/1611
f  974/1216/1612 297/1217/1613 299/1213/1608
f  974/1216/1612 299/1213/1608 973/1215/1611
f  975/1218/1614 974/1216/1612 973/1215/1611
f  975/1218/1614 973/1215/1611 976/1219/1615
f  973/1215/1611 972/1214/1610 976/1219/1615
f  972/1214/1610 961/1197/1609 266/297/1616
f  972/1214/1610 266/297/1616 269/300/1617
f  976/1219/1615 972/1214/1610 269/300/1617
f  275/306/1618 975/1218/1614 976/1219/1615
f  275/306/1618 976/1219/1615 273/304/1619
f  976/1219/1615 269/300/1617 273/304/1619
f  977/1220/1620 975/1218/1614 275/306/1618
f  978/1221/1621 974/1216/1612 975/1218/1614
f  978/1221/1621 975/1218/1614 977/1220/1620
f  977/1220/1620 275/306/1618 285/316/1622
f  301/1222/1623 297/1217/1613 974/1216/1612
f  301/1222/1623 974/1216/1612 978/1221/1621
f  807/1223/1624 301/1222/1625 978/1221/1626
f  807/1223/1624 978/1221/1626 979/1224/1627
f  980/1225/1628 981/1226/1629 807/1223/1624
f  980/1225/1628 807/1223/1624 979/1224/1627
f  979/1224/1627 978/1221/1626 977/1220/1630
f  979/1224/1627 977/1220/1630 982/1227/1631
f  983/1228/1632 980/1225/1628 979/1224/1627
f  983/1228/1632 979/1224/1627 982/1227/1631
f  982/1227/1631 977/1220/1630 285/316/1633
f  982/1227/1631 285/316/1633 283/314/1634
f  282/313/1635 983/1228/1632 982/1227/1631
f  282/313/1635 982/1227/1631 283/314/1634
f  969/1207/1636 983/1228/1632 282/313/1635
f  970/1208/1637 980/1225/1628 983/1228/1632
f  970/1208/1637 983/1228/1632 969/1207/1636
f  969/1207/1636 282/313/1635 284/315/1638
f  758/1210/1639 981/1226/1629 980/1225/1628
f  758/1210/1639 980/1225/1628 970/1208/1637
f  825/1229/1640 353/1230/1641 984/1231/1642
f  825/1229/1640 984/1231/1642 985/1232/1643
f  986/1233/1644 827/1234/1645 825/1229/1640
f  986/1233/1644 825/1229/1640 985/1232/1643
f  985/1232/1643 984/1231/1642 987/1235/1646
f  985/1232/1643 987/1235/1646 988/1236/1647
f  989/1237/1648 986/1233/1644 985/1232/1643
f  989/1237/1648 985/1232/1643 988/1236/1647
f  988/1236/1647 987/1235/1646 590/685/1649
f  988/1236/1647 590/685/1649 589/684/1650
f  588/683/1651 989/1237/1648 988/1236/1647
f  588/683/1651 988/1236/1647 589/684/1650
f  990/1238/1652 989/1237/1648 588/683/1651
f  990/1238/1652 588/683/1651 591/686/1653
f  991/1239/1654 986/1233/1644 989/1237/1648
f  991/1239/1654 989/1237/1648 990/1238/1652
f  790/1240/1655 986/1233/1644 991/1239/1654
f  790/1240/1655 827/1234/1645 986/1233/1644
f  333/1241/1656 330/1242/1657 992/1243/1658
f  333/1241/1656 992/1243/1658 993/1244/1659
f  353/1230/1660 333/1241/1656 993/1244/1659
f  330/1242/1657 331/1245/1661 994/1246/1662
f  330/1242/1657 994/1246/1662 992/1243/1658
f  993/1244/1659 992/1243/1658 995/1247/1663
f  992/1243/1658 994/1246/1662 996/1248/1664
f  992/1243/1658 996/1248/1664 995/1247/1663
f  993/1244/1659 995/1247/1663 997/1249/1665
f  984/1231/1666 993/1244/1659 997/1249/1665
f  353/1230/1660 993/1244/1659 984/1231/1666
f  997/1249/1665 995/1247/1663 584/679/1667
f  995/1247/1663 996/1248/1664 600/695/1668
f  995/1247/1663 600/695/1668 584/679/1667
f  996/1248/1664 994/1246/1662 998/1250/1669
f  996/1248/1664 998/1250/1669 999/1251/1670
f  600/695/1668 996/1248/1664 999/1251/1670
f  600/695/1668 999/1251/1670 601/696/1671
f  994/1246/1662 356/1252/1672 998/1250/1669
f  994/1246/1662 331/1245/1661 356/1252/1672
f  997/1249/1665 584/679/1667 583/678/1673
f  987/1235/1674 997/1249/1665 583/678/1673
f  987/1235/1674 583/678/1673 590/685/1675
f  984/1231/1666 997/1249/1665 987/1235/1674
f  788/1253/1676 1000/1254/1677 1001/1255/1678
f  788/1253/1676 1001/1255/1678 1002/1256/1679
f  795/1257/1680 788/1253/1676 1002/1256/1679
f  1000/1254/1677 790/1240/1681 991/1239/1682
f  1000/1254/1677 991/1239/1682 1001/1255/1678
f  1002/1256/1679 1001/1255/1678 1003/1258/1683
f  1003/1258/1683 1001/1255/1678 991/1239/1682
f  1002/1256/1679 1003/1258/1683 1004/1259/1684
f  1005/1260/1685 1002/1256/1679 1004/1259/1684
f  1004/1259/1684 1003/1258/1683 592/687/1686
f  1003/1258/1683 991/1239/1682 990/1238/1687
f  592/687/1686 1003/1258/1683 990/1238/1687
f  1004/1259/1684 592/687/1686 593/688/1688
f  1006/1261/1689 1004/1259/1684 593/688/1688
f  592/687/1686 990/1238/1687 591/686/1690
f  1006/1261/1689 593/688/1688 595/690/1691
f  1005/1260/1685 1004/1259/1684 1006/1261/1689
f  1007/1262/1692 1006/1261/1689 595/690/1691
f  1008/1263/1693 1005/1260/1685 1006/1261/1689
f  1008/1263/1693 1006/1261/1689 1007/1262/1692
f  1007/1262/1692 595/690/1691 598/693/1694
f  796/1264/1695 1005/1260/1685 1008/1263/1693
f  796/1264/1695 795/1257/1680 1005/1260/1685
f  795/1257/1680 1002/1256/1679 1005/1260/1685
f  356/1252/1696 830/1265/1697 1009/1266/1698
f  356/1252/1696 1009/1266/1698 998/1250/1699
f  1009/1266/1698 830/1265/1697 832/1267/1700
f  1009/1266/1698 832/1267/1700 1010/1268/1701
f  1011/1269/1702 1009/1266/1698 1010/1268/1701
f  998/1250/1699 1009/1266/1698 1011/1269/1702
f  998/1250/1699 1011/1269/1702 999/1251/1703
f  599/694/1704 1011/1269/1702 1012/1270/1705
f  999/1251/1703 1011/1269/1702 599/694/1704
f  1011/1269/1702 1010/1268/1701 1012/1270/1705
f  1010/1268/1701 832/1267/1700 796/1264/1706
f  1010/1268/1701 796/1264/1706 1008/1263/1707
f  1012/1270/1705 1010/1268/1701 1008/1263/1707
f  597/692/1708 1012/1270/1705 1007/1262/1709
f  599/694/1704 1012/1270/1705 597/692/1708
f  1012/1270/1705 1008/1263/1707 1007/1262/1709
f  597/692/1708 1007/1262/1709 598/693/1710
f  999/1251/1703 599/694/1704 601/696/1711
f  829/1271/1712 355/1272/1713 1013/1273/1714
f  829/1271/1712 1013/1273/1714 1014/1274/1715
f  1015/1275/1716 831/1276/1717 829/1271/1712
f  1015/1275/1716 829/1271/1712 1014/1274/1715
f  1014/1274/1715 1013/1273/1714 1016/1277/1718
f  1014/1274/1715 1016/1277/1718 1017/1278/1719
f  1018/1279/1720 1015/1275/1716 1014/1274/1715
f  1018/1279/1720 1014/1274/1715 1017/1278/1719
f  797/1280/1721 831/1276/1717 1015/1275/1716
f  797/1280/1721 1015/1275/1716 1019/1281/1722
f  1019/1281/1722 1015/1275/1716 1018/1279/1720
f  608/703/1723 1018/1279/1720 1017/1278/1719
f  1020/1282/1724 1018/1279/1720 608/703/1723
f  1019/1281/1722 1018/1279/1720 1020/1282/1724
f  1017/1278/1719 1016/1277/1718 610/705/1725
f  1017/1278/1719 610/705/1725 609/704/1726
f  608/703/1723 1017/1278/1719 609/704/1726
f  1020/1282/1724 608/703/1723 611/706/1727
f  328/1283/1728 327/1284/1729 1021/1285/1730
f  328/1283/1728 1021/1285/1730 1022/1286/1731
f  355/1272/1732 328/1283/1728 1022/1286/1731
f  327/1284/1729 326/1287/1733 1023/1288/1734
f  327/1284/1729 1023/1288/1734 1021/1285/1730
f  1022/1286/1731 1021/1285/1730 1024/1289/1735
f  1021/1285/1730 1023/1288/1734 1025/1290/1736
f  1021/1285/1730 1025/1290/1736 1024/1289/1735
f  1022/1286/1731 1024/1289/1735 1026/1291/1737
f  1013/1273/1738 1022/1286/1731 1026/1291/1737
f  355/1272/1732 1022/1286/1731 1013/1273/1738
f  1026/1291/1737 1024/1289/1735 604/699/1739
f  1024/1289/1735 1025/1290/1736 620/715/1740
f  1024/1289/1735 620/715/1740 604/699/1739
f  1025/1290/1736 1023/1288/1734 1027/1292/1741
f  1025/1290/1736 1027/1292/1741 1028/1293/1742
f  620/715/1740 1025/1290/1736 1028/1293/1742
f  620/715/1740 1028/1293/1742 621/716/1743
f  1023/1288/1734 325/1294/1744 1027/1292/1741
f  1023/1288/1734 326/1287/1733 325/1294/1744
f  1026/1291/1737 604/699/1739 603/698/1745
f  1016/1277/1746 1026/1291/1737 603/698/1745
f  1016/1277/1746 603/698/1745 610/705/1747
f  1013/1273/1738 1026/1291/1737 1016/1277/1746
f  770/1295/1748 1029/1296/1749 1030/1297/1750
f  770/1295/1748 1030/1297/1750 1031/1298/1751
f  1029/1296/1749 797/1280/1752 1019/1281/1753
f  1029/1296/1749 1019/1281/1753 1030/1297/1750
f  1031/1298/1751 1030/1297/1750 1032/1299/1754
f  1032/1299/1754 1030/1297/1750 1019/1281/1753
f  1031/1298/1751 1032/1299/1754 1033/1300/1755
f  1033/1300/1755 1032/1299/1754 612/707/1756
f  1032/1299/1754 1019/1281/1753 1020/1282/1757
f  612/707/1756 1032/1299/1754 1020/1282/1757
f  1033/1300/1755 612/707/1756 613/708/1758
f  1034/1301/1759 1033/1300/1755 613/708/1758
f  1035/1302/1760 1031/1298/1751 1033/1300/1755
f  1035/1302/1760 1033/1300/1755 1034/1301/1759
f  612/707/1756 1020/1282/1757 611/706/1761
f  1034/1301/1759 613/708/1758 615/710/1762
f  1036/1303/1763 1034/1301/1759 615/710/1762
f  1037/1304/1764 1035/1302/1760 1034/1301/1759
f  1037/1304/1764 1034/1301/1759 1036/1303/1763
f  1036/1303/1763 615/710/1762 618/713/1765
f  769/1305/1766 771/1306/1767 1035/1302/1760
f  769/1305/1766 1035/1302/1760 1037/1304/1764
f  771/1306/1767 1031/1298/1751 1035/1302/1760
f  771/1306/1767 770/1295/1748 1031/1298/1751
f  325/1294/1768 812/1307/1769 1038/1308/1770
f  325/1294/1768 1038/1308/1770 1027/1292/1771
f  1038/1308/1770 812/1307/1769 1039/1309/1772
f  1038/1308/1770 1039/1309/1772 1040/1310/1773
f  1041/1311/1774 1038/1308/1770 1040/1310/1773
f  1027/1292/1771 1038/1308/1770 1041/1311/1774
f  1041/1311/1774 1040/1310/1773 1042/1312/1775
f  619/714/1776 1041/1311/1774 1042/1312/1775
f  1028/1293/1777 1041/1311/1774 619/714/1776
f  1027/1292/1771 1041/1311/1774 1028/1293/1777
f  617/712/1778 1042/1312/1775 1036/1303/1779
f  619/714/1776 1042/1312/1775 617/712/1778
f  1042/1312/1775 1040/1310/1773 1037/1304/1780
f  1042/1312/1775 1037/1304/1780 1036/1303/1779
f  1028/1293/1777 619/714/1776 621/716/1781
f  617/712/1778 1036/1303/1779 618/713/1782
f  1040/1310/1773 1039/1309/1772 769/1305/1783
f  1040/1310/1773 769/1305/1783 1037/1304/1780
f  813/1313/1784 319/1314/1785 1043/1315/1786
f  813/1313/1784 1043/1315/1786 1044/1316/1787
f  1045/1317/1788 815/1318/1789 813/1313/1784
f  1045/1317/1788 813/1313/1784 1044/1316/1787
f  1044/1316/1787 1043/1315/1786 1046/1319/1790
f  1044/1316/1787 1046/1319/1790 1047/1320/1791
f  1048/1321/1792 1045/1317/1788 1044/1316/1787
f  1048/1321/1792 1044/1316/1787 1047/1320/1791
f  1047/1320/1791 1046/1319/1790 623/718/1793
f  1047/1320/1791 623/718/1793 622/717/1794
f  627/722/1795 1048/1321/1792 1047/1320/1791
f  627/722/1795 1047/1320/1791 622/717/1794
f  1049/1322/1796 1048/1321/1792 627/722/1795
f  1050/1323/1797 1045/1317/1788 1048/1321/1792
f  1050/1323/1797 1048/1321/1792 1049/1322/1796
f  1049/1322/1796 627/722/1795 631/726/1798
f  777/1324/1799 815/1318/1789 1045/1317/1788
f  777/1324/1799 1045/1317/1788 1050/1323/1797
f  319/1314/1800 352/1325/1801 1051/1326/1802
f  319/1314/1800 1051/1326/1802 1043/1315/1803
f  1051/1326/1802 352/1325/1801 351/1327/1804
f  1051/1326/1802 351/1327/1804 1052/1328/1805
f  351/1327/1804 350/1329/1806 1053/1330/1807
f  351/1327/1804 1053/1330/1807 1052/1328/1805
f  1052/1328/1805 1053/1330/1807 1054/1331/1808
f  1052/1328/1805 1054/1331/1808 1055/1332/1809
f  1056/1333/1810 1051/1326/1802 1052/1328/1805
f  1056/1333/1810 1052/1328/1805 1055/1332/1809
f  1043/1315/1803 1051/1326/1802 1056/1333/1810
f  1043/1315/1803 1056/1333/1810 1046/1319/1811
f  1046/1319/1811 1056/1333/1810 624/719/1812
f  624/719/1812 1056/1333/1810 1055/1332/1809
f  1055/1332/1809 1054/1331/1808 635/730/1813
f  1055/1332/1809 635/730/1813 628/723/1814
f  624/719/1812 1055/1332/1809 628/723/1814
f  1046/1319/1811 624/719/1812 623/718/1815
f  1054/1331/1808 639/734/1816 635/730/1813
f  1054/1331/1808 1057/1334/1817 639/734/1816
f  1053/1330/1807 1058/1335/1818 1057/1334/1817
f  1053/1330/1807 1057/1334/1817 1054/1331/1808
f  350/1329/1806 349/1336/1819 1058/1335/1818
f  350/1329/1806 1058/1335/1818 1053/1330/1807
f  1059/1337/1820 777/1324/1821 1050/1323/1822
f  1059/1337/1820 1050/1323/1822 1060/1338/1823
f  776/1339/1824 1059/1337/1820 1060/1338/1823
f  1060/1338/1823 1050/1323/1822 1049/1322/1825
f  1060/1338/1823 1049/1322/1825 1061/1340/1826
f  1062/1341/1827 1060/1338/1823 1061/1340/1826
f  776/1339/1824 1060/1338/1823 1062/1341/1827
f  799/1342/1828 776/1339/1824 1062/1341/1827
f  799/1342/1828 1062/1341/1827 1063/1343/1829
f  1064/1344/1830 1063/1343/1829 1062/1341/1827
f  1064/1344/1830 1062/1341/1827 1065/1345/1831
f  1062/1341/1827 1061/1340/1826 1065/1345/1831
f  800/1346/1832 799/1342/1828 1063/1343/1829
f  800/1346/1832 1063/1343/1829 1066/1347/1833
f  1066/1347/1833 1063/1343/1829 1064/1344/1830
f  1067/1348/1834 1064/1344/1830 637/732/1835
f  1066/1347/1833 1064/1344/1830 1067/1348/1834
f  637/732/1835 1064/1344/1830 1065/1345/1831
f  637/732/1835 1065/1345/1831 633/728/1836
f  1065/1345/1831 1061/1340/1826 632/727/1837
f  1065/1345/1831 632/727/1837 633/728/1836
f  1067/1348/1834 637/732/1835 641/736/1838
f  1061/1340/1826 631/726/1839 632/727/1837
f  1061/1340/1826 1049/1322/1825 631/726/1839
f  349/1336/1840 834/1349/1841 1068/1350/1842
f  349/1336/1840 1068/1350/1842 1058/1335/1843
f  1068/1350/1842 834/1349/1841 1069/1351/1844
f  1058/1335/1843 1068/1350/1842 1070/1352/1845
f  1070/1352/1845 1068/1350/1842 1071/1353/1846
f  1068/1350/1842 1069/1351/1844 1071/1353/1846
f  1058/1335/1843 1070/1352/1845 1057/1334/1847
f  1057/1334/1847 1070/1352/1845 640/735/1848
f  640/735/1848 1070/1352/1845 1072/1354/1849
f  1070/1352/1845 1071/1353/1846 1072/1354/1849
f  1071/1353/1846 1069/1351/1844 800/1346/1850
f  1071/1353/1846 800/1346/1850 1066/1347/1851
f  1072/1354/1849 1071/1353/1846 1066/1347/1851
f  1072/1354/1849 1066/1347/1851 1067/1348/1852
f  638/733/1853 1072/1354/1849 1067/1348/1852
f  640/735/1848 1072/1354/1849 638/733/1853
f  638/733/1853 1067/1348/1852 641/736/1854
f  1057/1334/1847 640/735/1848 639/734/1855
f  833/1355/1856 346/1356/1857 1073/1357/1858
f  833/1355/1856 1073/1357/1858 1074/1358/1859
f  1075/1359/1860 1076/1360/1861 833/1355/1856
f  1075/1359/1860 833/1355/1856 1074/1358/1859
f  1074/1358/1859 1073/1357/1858 1077/1361/1862
f  1074/1358/1859 1077/1361/1862 1078/1362/1863
f  1079/1363/1864 1075/1359/1860 1074/1358/1859
f  1079/1363/1864 1074/1358/1859 1078/1362/1863
f  1078/1362/1863 1077/1361/1862 643/738/1865
f  1078/1362/1863 643/738/1865 642/737/1866
f  647/742/1867 1079/1363/1864 1078/1362/1863
f  647/742/1867 1078/1362/1863 642/737/1866
f  1080/1364/1868 1079/1363/1864 647/742/1867
f  1081/1365/1869 1075/1359/1860 1079/1363/1864
f  1081/1365/1869 1079/1363/1864 1080/1364/1868
f  802/1366/1870 1076/1360/1861 1075/1359/1860
f  802/1366/1870 1075/1359/1860 1081/1365/1869
f  1080/1364/1868 647/742/1867 652/747/1871
f  346/1356/1872 345/1367/1873 1082/1368/1874
f  346/1356/1872 1082/1368/1874 1073/1357/1875
f  1082/1368/1874 345/1367/1873 341/1369/1876
f  1073/1357/1875 1082/1368/1874 1083/1370/1877
f  1082/1368/1874 341/1369/1876 1084/1371/1878
f  1083/1370/1877 1082/1368/1874 1084/1371/1878
f  1073/1357/1875 1083/1370/1877 1077/1361/1879
f  1077/1361/1879 1083/1370/1877 644/739/1880
f  1083/1370/1877 1084/1371/1878 1085/1372/1881
f  644/739/1880 1083/1370/1877 1085/1372/1881
f  341/1369/1876 1086/1373/1882 1084/1371/1878
f  1084/1371/1878 1086/1373/1882 1087/1374/1883
f  1084/1371/1878 1087/1374/1883 1085/1372/1881
f  341/1369/1876 342/1375/1884 1086/1373/1882
f  1086/1373/1882 342/1375/1884 344/1376/1885
f  1086/1373/1882 344/1376/1885 1088/1377/1886
f  1087/1374/1883 1086/1373/1882 1088/1377/1886
f  1085/1372/1881 1087/1374/1883 655/750/1887
f  1087/1374/1883 1088/1377/1886 1089/1378/1888
f  655/750/1887 1087/1374/1883 1089/1378/1888
f  1085/1372/1881 655/750/1887 648/743/1889
f  644/739/1880 1085/1372/1881 648/743/1889
f  1077/1361/1879 644/739/1880 643/738/1890
f  655/750/1887 1089/1378/1888 660/755/1891
f  1090/1379/1892 802/1366/1893 1081/1365/1894
f  1090/1379/1892 1081/1365/1894 1091/1380/1895
f  801/1381/1896 1090/1379/1892 1091/1380/1895
f  1091/1380/1895 1081/1365/1894 1080/1364/1897
f  1091/1380/1895 1080/1364/1897 1092/1382/1898
f  1093/1383/1899 1091/1380/1895 1092/1382/1898
f  801/1381/1896 1091/1380/1895 1093/1383/1899
f  804/1384/1900 801/1381/1896 1093/1383/1899
f  804/1384/1900 1093/1383/1899 1094/1385/1901
f  1094/1385/1901 1093/1383/1899 1095/1386/1902
f  1093/1383/1899 1092/1382/1898 1095/1386/1902
f  1092/1382/1898 1080/1364/1897 652/747/1903
f  1092/1382/1898 652/747/1903 651/746/1904
f  1095/1386/1902 1092/1382/1898 651/746/1904
f  1096/1387/1905 1095/1386/1902 653/748/1906
f  1094/1385/1901 1095/1386/1902 1096/1387/1905
f  1095/1386/1902 651/746/1904 653/748/1906
f  1097/1388/1907 1094/1385/1901 1096/1387/1905
f  805/1389/1908 804/1384/1900 1094/1385/1901
f  805/1389/1908 1094/1385/1901 1097/1388/1907
f  1096/1387/1905 653/748/1906 657/752/1909
f  1098/1390/1910 1096/1387/1905 657/752/1909
f  1097/1388/1907 1096/1387/1905 1098/1390/1910
f  1098/1390/1910 657/752/1909 661/756/1911
f  344/1376/1912 836/1391/1913 1099/1392/1914
f  344/1376/1912 1099/1392/1914 1088/1377/1915
f  1099/1392/1914 836/1391/1913 1100/1393/1916
f  1088/1377/1915 1099/1392/1914 1101/1394/1917
f  1101/1394/1917 1099/1392/1914 1102/1395/1918
f  1099/1392/1914 1100/1393/1916 1102/1395/1918
f  1088/1377/1915 1101/1394/1917 1089/1378/1919
f  1089/1378/1919 1101/1394/1917 659/754/1920
f  659/754/1920 1101/1394/1917 1103/1396/1921
f  1101/1394/1917 1102/1395/1918 1103/1396/1921
f  1102/1395/1918 1100/1393/1916 805/1389/1922
f  1102/1395/1918 805/1389/1922 1097/1388/1923
f  1103/1396/1921 1102/1395/1918 1097/1388/1923
f  1103/1396/1921 1097/1388/1923 1098/1390/1924
f  658/753/1925 1103/1396/1921 1098/1390/1924
f  659/754/1920 1103/1396/1921 658/753/1925
f  658/753/1925 1098/1390/1924 661/756/1926
f  1089/1378/1919 659/754/1920 660/755/1927
f  835/1397/1928 340/1398/1929 1104/1399/1930
f  835/1397/1928 1104/1399/1930 1105/1400/1931
f  1106/1401/1932 1107/1402/1933 835/1397/1928
f  1106/1401/1932 835/1397/1928 1105/1400/1931
f  1105/1400/1931 1104/1399/1930 1108/1403/1934
f  1105/1400/1931 1108/1403/1934 1109/1404/1935
f  1110/1405/1936 1106/1401/1932 1105/1400/1931
f  1110/1405/1936 1105/1400/1931 1109/1404/1935
f  806/1406/1937 1107/1402/1933 1106/1401/1932
f  806/1406/1937 1106/1401/1932 1111/1407/1938
f  1111/1407/1938 1106/1401/1932 1110/1405/1936
f  670/765/1939 1110/1405/1936 1109/1404/1935
f  1112/1408/1940 1110/1405/1936 670/765/1939
f  1111/1407/1938 1110/1405/1936 1112/1408/1940
f  1109/1404/1935 1108/1403/1934 669/764/1941
f  1109/1404/1935 669/764/1941 666/761/1942
f  670/765/1939 1109/1404/1935 666/761/1942
f  1112/1408/1940 670/765/1939 672/767/1943
f  338/1409/1944 335/1410/1945 1113/1411/1946
f  338/1409/1944 1113/1411/1946 1114/1412/1947
f  340/1398/1948 338/1409/1944 1114/1412/1947
f  335/1410/1945 336/1413/1949 1115/1414/1950
f  335/1410/1945 1115/1414/1950 1113/1411/1946
f  1114/1412/1947 1113/1411/1946 1116/1415/1951
f  1113/1411/1946 1115/1414/1950 1117/1416/1952
f  1113/1411/1946 1117/1416/1952 1116/1415/1951
f  340/1398/1948 1114/1412/1947 1104/1399/1953
f  1114/1412/1947 1116/1415/1951 1118/1417/1954
f  1104/1399/1953 1114/1412/1947 1118/1417/1954
f  1118/1417/1954 1116/1415/1951 664/759/1955
f  1116/1415/1951 1117/1416/1952 679/774/1956
f  1116/1415/1951 679/774/1956 664/759/1955
f  1117/1416/1952 1115/1414/1950 1119/1418/1957
f  1117/1416/1952 1119/1418/1957 1120/1419/1958
f  679/774/1956 1117/1416/1952 1120/1419/1958
f  679/774/1956 1120/1419/1958 680/775/1959
f  1115/1414/1950 354/1420/1960 1119/1418/1957
f  1115/1414/1950 336/1413/1949 354/1420/1960
f  1118/1417/1954 664/759/1955 663/758/1961
f  1108/1403/1962 1118/1417/1954 663/758/1961
f  1108/1403/1962 663/758/1961 669/764/1963
f  1104/1399/1953 1118/1417/1954 1108/1403/1962
f  791/1421/1964 1121/1422/1965 1122/1423/1966
f  791/1421/1964 1122/1423/1966 1123/1424/1967
f  1121/1422/1965 806/1406/1968 1111/1407/1969
f  1121/1422/1965 1111/1407/1969 1122/1423/1966
f  1122/1423/1966 1111/1407/1969 1112/1408/1970
f  1122/1423/1966 1112/1408/1970 1124/1425/1971
f  1123/1424/1967 1122/1423/1966 1124/1425/1971
f  1123/1424/1967 1124/1425/1971 1125/1426/1972
f  1124/1425/1971 1112/1408/1970 672/767/1973
f  1124/1425/1971 672/767/1973 671/766/1974
f  1125/1426/1972 1124/1425/1971 671/766/1974
f  1125/1426/1972 671/766/1974 673/768/1975
f  1126/1427/1976 1125/1426/1972 673/768/1975
f  1127/1428/1977 1123/1424/1967 1125/1426/1972
f  1127/1428/1977 1125/1426/1972 1126/1427/1976
f  1126/1427/1976 673/768/1975 676/771/1978
f  1128/1429/1979 1126/1427/1976 676/771/1978
f  1129/1430/1980 1127/1428/1977 1126/1427/1976
f  1129/1430/1980 1126/1427/1976 1128/1429/1979
f  1128/1429/1979 676/771/1978 681/776/1981
f  793/1431/1982 792/1432/1983 1127/1428/1977
f  793/1431/1982 1127/1428/1977 1129/1430/1980
f  792/1432/1983 1123/1424/1967 1127/1428/1977
f  792/1432/1983 791/1421/1964 1123/1424/1967
f  354/1420/1984 826/1433/1985 1130/1434/1986
f  354/1420/1984 1130/1434/1986 1119/1418/1987
f  1130/1434/1986 826/1433/1985 828/1435/1988
f  1130/1434/1986 828/1435/1988 1131/1436/1989
f  1132/1437/1990 1130/1434/1986 1131/1436/1989
f  1119/1418/1987 1130/1434/1986 1132/1437/1990
f  1119/1418/1987 1132/1437/1990 1120/1419/1991
f  677/772/1992 1132/1437/1990 1133/1438/1993
f  1120/1419/1991 1132/1437/1990 677/772/1992
f  1132/1437/1990 1131/1436/1989 1133/1438/1993
f  1120/1419/1991 677/772/1992 680/775/1994
f  677/772/1992 1133/1438/1993 678/773/1995
f  678/773/1995 1133/1438/1993 1128/1429/1996
f  1133/1438/1993 1131/1436/1989 1129/1430/1997
f  1133/1438/1993 1129/1430/1997 1128/1429/1996
f  678/773/1995 1128/1429/1996 681/776/1998
f  1131/1436/1989 828/1435/1988 793/1431/1999
f  1131/1436/1989 793/1431/1999 1129/1430/1997
f  1069/1439/2000 1076/1440/2001 802/1441/2002
f  1069/1439/2000 802/1441/2002 800/1442/2003
f  834/1015/1277 1076/1440/2001 1069/1439/2000
f  834/1015/1277 833/1014/1276 1076/1440/2001
f  758/1443/2004 757/1444/2005 839/1445/2006
f  758/1443/2004 839/1445/2006 981/1446/2007
f  981/1446/2007 839/1445/2006 808/979/1246
f  981/1446/2007 808/979/1246 807/978/1245
f  762/1447/2008 765/1448/2009 870/1449/2010
f  762/1447/2008 870/1449/2010 865/1450/2011
f  865/1450/2011 870/1449/2010 810/981/1248
f  865/1450/2011 810/981/1248 809/980/1247
f  768/1451/2012 769/1452/2012 1039/1453/2013
f  768/1451/2012 1039/1453/2013 895/1454/2013
f  895/1454/2013 1039/1453/2013 812/983/1249
f  895/1454/2013 812/983/1249 811/982/1249
f  1100/1455/2014 1107/1456/2015 806/1457/2016
f  1100/1455/2014 806/1457/2016 805/1458/2017
f  836/1017/1279 1107/1456/2015 1100/1455/2014
f  836/1017/1279 835/1016/1278 1107/1456/2015
f  353/384/367 337/368/350 334/365/347
f  353/384/367 334/365/347 333/364/346
f  355/386/369 332/363/345 329/360/342
f  355/386/369 329/360/342 328/359/341
f  59/63/2018 62/66/2019 1134/1459/2020
f  59/63/2018 1134/1459/2020 1135/1460/2021
f  145/1461/2022 57/1462/2022 1136/1463/2023
f  145/1461/2022 1136/1463/2023 1137/1464/2024
f  484/1465/2022 145/1461/2022 1137/1464/2024
f  1137/1464/2024 1136/1463/2023 1138/1466/2025
f  484/1465/2022 1137/1464/2024 1139/1467/2026
f  1137/1464/2024 1138/1466/2025 1140/1468/2027
f  1139/1467/2026 1137/1464/2024 1140/1468/2027
f  1140/1468/2027 1138/1466/2025 111/1469/2028
f  1139/1467/2026 1140/1468/2027 1141/1470/2029
f  1140/1468/2027 111/1469/2028 110/1471/2030
f  1141/1470/2029 1140/1468/2027 110/1471/2030
f  1141/1470/2029 110/1471/2030 734/1472/2031
f  57/61/2032 56/60/2033 1142/1473/2034
f  57/61/2032 1142/1473/2034 1136/1474/2035
f  56/60/2033 58/62/2036 1143/1475/2037
f  56/60/2033 1143/1475/2037 1142/1473/2034
f  58/62/2036 59/63/2038 1135/1460/2039
f  58/62/2036 1135/1460/2039 1143/1475/2037
f  477/547/2040 484/554/2041 1139/1476/2042
f  477/547/2040 1139/1476/2042 1144/1477/2043
f  474/544/2044 477/547/2040 1144/1477/2043
f  474/544/2044 1144/1477/2043 1145/1478/2045
f  471/541/2046 474/544/2044 1145/1478/2045
f  471/541/2046 1145/1478/2045 1146/1479/2047
f  62/66/2048 471/541/2049 1146/1479/2050
f  62/66/2048 1146/1479/2050 1134/1459/2051
f  1144/1480/2043 1139/1481/2042 1141/1482/2052
f  1144/1480/2043 1141/1482/2052 1147/1483/2053
f  1145/1484/2045 1144/1480/2043 1147/1483/2053
f  1147/1483/2053 1141/1482/2052 734/850/2054
f  1145/1484/2045 1147/1483/2053 1148/1485/2055
f  1147/1483/2053 734/850/2054 733/849/2056
f  1148/1485/2055 1147/1483/2053 733/849/2056
f  1146/1486/2047 1145/1484/2045 1148/1485/2055
f  1146/1486/2047 1148/1485/2055 1149/1487/2057
f  1148/1485/2055 733/849/2056 735/853/2058
f  1149/1487/2057 1148/1485/2055 735/853/2058
f  1149/1487/2057 735/853/2058 736/855/2059
f  1134/1488/2051 1146/1486/2050 1149/1487/2060
f  1134/1488/2051 1149/1487/2060 1150/1489/2061
f  1150/1489/2061 1149/1487/2060 736/855/2062
f  1150/1489/2061 736/855/2062 104/857/2063
f  1135/1490/2021 1134/1491/2020 1150/1492/2064
f  1135/1490/2021 1150/1492/2064 1151/1493/2065
f  1151/1493/2065 1150/1492/2064 104/114/2066
f  1151/1493/2065 104/114/2066 103/113/2067
f  1143/1494/2037 1135/1490/2039 1151/1493/2068
f  1143/1494/2037 1151/1493/2068 1152/1495/2069
f  1142/1496/2034 1143/1494/2037 1152/1495/2069
f  1152/1495/2069 1151/1493/2068 103/113/2070
f  1142/1496/2034 1152/1495/2069 1153/1497/2071
f  1152/1495/2069 103/113/2070 107/117/2072
f  1153/1497/2071 1152/1495/2069 107/117/2072
f  1136/1498/2035 1142/1496/2034 1153/1497/2071
f  1136/1498/2035 1153/1497/2071 1138/1499/2073
f  1153/1497/2071 107/117/2072 109/119/2074
f  1138/1499/2073 1153/1497/2071 109/119/2074
f  1138/1499/2073 109/119/2074 111/121/2075

# Mesh 'R_eleron' with 100 faces
g R_eleron
usemtl Eleron1
f  1154/1500/2076 1155/1501/2077 1156/1502/2078
f  1154/1500/2076 1156/1502/2078 1157/1503/2079
f  1155/1501/2077 1158/1504/2080 1159/1505/2081
f  1155/1501/2077 1159/1505/2081 1156/1502/2078
f  1159/1506/2081 1158/1507/2080 1160/1508/2082
f  1159/1506/2081 1160/1508/2082 1161/1509/2083
f  1160/1508/2082 1162/1510/2084 1163/1511/2085
f  1160/1508/2082 1163/1511/2085 1161/1509/2083
f  1164/1512/2086 1165/1513/2087 1166/1514/2088
f  1164/1512/2086 1166/1514/2088 1167/1515/2089
f  1165/1513/2090 1168/1516/2091 1166/1514/2088
f  1169/1517/2092 1167/1515/2089 1166/1514/2088
f  1169/1517/2092 1166/1514/2088 1170/1518/2093
f  1166/1514/2088 1168/1516/2091 1171/1519/2094
f  1166/1514/2088 1171/1519/2094 1170/1518/2093
f  1165/1513/2090 1172/1520/2095 1168/1516/2091
f  1171/1519/2094 1168/1516/2091 1173/1521/2096
f  1174/1522/2097 1171/1519/2094 1175/1523/2098
f  1171/1519/2094 1173/1521/2096 1175/1523/2098
f  1171/1519/2094 1174/1522/2097 1169/1517/2092
f  1171/1519/2094 1169/1517/2092 1170/1518/2093
f  1175/1523/2098 1173/1521/2096 1176/1524/2099
f  1174/1522/2097 1175/1523/2098 1177/1525/2100
f  1175/1523/2098 1176/1524/2099 1178/1526/2101
f  1177/1525/2100 1175/1523/2098 1178/1526/2101
f  1177/1525/2100 1178/1526/2101 1179/1527/2102
f  1172/1528/2103 1165/1529/2104 1180/1530/2104
f  1172/1528/2103 1180/1530/2104 1181/1531/2103
f  1182/1532/2105 1183/1533/2105 1172/1528/2103
f  1182/1532/2105 1172/1528/2103 1181/1531/2103
f  1157/1534/2105 1183/1533/2105 1182/1532/2105
f  1157/1534/2105 1182/1532/2105 1154/1535/2105
f  1165/1513/2106 1164/1512/2107 1184/1536/2108
f  1165/1513/2106 1184/1536/2108 1180/1537/2109
f  1164/1512/2107 1167/1515/2110 1185/1538/2111
f  1164/1512/2107 1185/1538/2111 1184/1536/2108
f  1167/1515/2110 1169/1517/2112 1186/1539/2113
f  1167/1515/2110 1186/1539/2113 1185/1538/2111
f  1169/1517/2112 1174/1522/2114 1187/1540/2115
f  1169/1517/2112 1187/1540/2115 1186/1539/2113
f  1187/1540/2115 1174/1522/2114 1177/1525/2116
f  1187/1540/2115 1177/1525/2116 1188/1541/2117
f  1188/1541/2117 1177/1525/2116 1179/1527/2118
f  1188/1541/2117 1179/1527/2118 1189/1542/2118
f  1179/1527/2118 1178/1526/2119 1190/1543/2119
f  1179/1527/2118 1190/1543/2119 1189/1542/2118
f  1181/1544/2120 1180/1537/2121 1191/1545/2122
f  1181/1544/2120 1191/1545/2122 1192/1546/2123
f  1180/1537/2124 1185/1538/2125 1191/1545/2122
f  1193/1547/2126 1192/1546/2123 1191/1545/2122
f  1193/1547/2126 1191/1545/2122 1194/1548/2127
f  1191/1545/2122 1185/1538/2125 1186/1539/2128
f  1191/1545/2122 1186/1539/2128 1194/1548/2127
f  1192/1546/2123 1193/1547/2126 1195/1549/2129
f  1192/1546/2123 1195/1549/2129 1196/1550/2130
f  1193/1547/2126 1188/1541/2131 1195/1549/2129
f  1195/1549/2129 1188/1541/2131 1189/1542/2132
f  1195/1549/2129 1189/1542/2132 1190/1543/2133
f  1196/1550/2130 1195/1549/2129 1190/1543/2133
f  1196/1550/2130 1190/1543/2133 1197/1551/2134
f  1193/1547/2126 1187/1540/2135 1188/1541/2131
f  1186/1539/2128 1187/1540/2135 1193/1547/2126
f  1186/1539/2128 1193/1547/2126 1194/1548/2127
f  1180/1537/2124 1184/1536/2136 1185/1538/2125
f  1178/1552/2137 1176/1553/2138 1197/1554/2139
f  1178/1552/2137 1197/1554/2139 1190/1555/2140
f  1176/1553/2138 1198/1556/2141 1199/1557/2141
f  1176/1553/2138 1199/1557/2141 1197/1554/2139
f  1198/1556/2141 1163/1511/2141 1162/1510/2141
f  1198/1556/2141 1162/1510/2141 1199/1557/2141
f  1154/1558/2142 1182/1559/2143 1200/1560/2144
f  1181/1561/2120 1200/1560/2144 1182/1559/2143
f  1154/1558/2142 1200/1560/2144 1201/1562/2145
f  1201/1562/2145 1155/1563/2146 1154/1558/2142
f  1181/1561/2120 1192/1564/2123 1200/1560/2144
f  1202/1565/2147 1200/1560/2144 1192/1564/2123
f  1160/1566/2148 1201/1562/2145 1200/1560/2144
f  1200/1560/2144 1202/1565/2147 1160/1566/2148
f  1160/1566/2148 1158/1567/2149 1201/1562/2145
f  1201/1562/2145 1158/1567/2149 1155/1563/2146
f  1160/1566/2148 1202/1565/2147 1199/1568/2150
f  1160/1566/2148 1199/1568/2150 1162/1569/2151
f  1202/1565/2147 1192/1564/2123 1196/1570/2152
f  1199/1568/2150 1202/1565/2147 1196/1570/2152
f  1199/1568/2150 1196/1570/2152 1197/1571/2153
f  1183/1572/2154 1157/1573/2155 1156/1574/2156
f  1183/1572/2154 1156/1574/2156 1203/1575/2157
f  1203/1575/2157 1204/1576/2158 1183/1572/2154
f  1183/1572/2154 1204/1576/2158 1168/1577/2091
f  1183/1572/2154 1168/1577/2091 1172/1578/2095
f  1203/1575/2157 1156/1574/2156 1159/1579/2159
f  1205/1580/2160 1204/1576/2158 1203/1575/2157
f  1205/1580/2160 1203/1575/2157 1159/1579/2159
f  1168/1577/2091 1204/1576/2158 1205/1580/2160
f  1168/1577/2091 1205/1580/2160 1173/1581/2161
f  1159/1579/2159 1161/1582/2162 1205/1580/2160
f  1205/1580/2160 1161/1582/2162 1163/1583/2163
f  1205/1580/2160 1163/1583/2163 1198/1584/2164
f  1173/1581/2161 1205/1580/2160 1198/1584/2164
f  1173/1581/2161 1198/1584/2164 1176/1585/2165

# Mesh 'L_Eleron' with 100 faces
g L_Eleron
usemtl Eleron1
f  1206/1586/2166 1207/1587/2167 1208/1588/2168
f  1206/1586/2166 1208/1588/2168 1209/1589/2169
f  1209/1589/2169 1208/1588/2168 1210/1590/2170
f  1209/1589/2169 1210/1590/2170 1211/1591/2171
f  1210/1592/2170 1212/1593/2172 1213/1594/2173
f  1210/1592/2170 1213/1594/2173 1211/1595/2171
f  1213/1594/2173 1212/1593/2172 1214/1596/2174
f  1213/1594/2173 1214/1596/2174 1215/1597/2175
f  1216/1598/2176 1217/1599/2177 1218/1600/2178
f  1216/1598/2176 1218/1600/2178 1219/1601/2179
f  1220/1602/2180 1218/1600/2178 1217/1599/2177
f  1219/1601/2181 1218/1600/2178 1221/1603/2182
f  1220/1602/2180 1222/1604/2183 1218/1600/2178
f  1218/1600/2178 1222/1604/2183 1223/1605/2184
f  1218/1600/2178 1223/1605/2184 1221/1603/2182
f  1223/1605/2184 1222/1604/2183 1220/1602/2180
f  1223/1605/2184 1220/1602/2180 1224/1606/2185
f  1224/1606/2185 1225/1607/2186 1223/1605/2184
f  1223/1605/2184 1225/1607/2186 1226/1608/2187
f  1223/1605/2184 1226/1608/2187 1221/1603/2182
f  1219/1601/2181 1221/1603/2182 1227/1609/2188
f  1225/1607/2186 1228/1610/2189 1226/1608/2187
f  1224/1606/2185 1229/1611/2190 1225/1607/2186
f  1225/1607/2186 1230/1612/2191 1228/1610/2189
f  1229/1611/2190 1230/1612/2191 1225/1607/2186
f  1229/1611/2190 1231/1613/2192 1230/1612/2191
f  1227/1614/2193 1232/1615/2193 1233/1616/2194
f  1227/1614/2193 1233/1616/2194 1219/1617/2194
f  1234/1618/2141 1232/1615/2193 1227/1614/2193
f  1234/1618/2141 1227/1614/2193 1235/1619/2141
f  1207/1620/2141 1206/1621/2141 1234/1618/2141
f  1207/1620/2141 1234/1618/2141 1235/1619/2141
f  1219/1601/2195 1233/1622/2196 1236/1623/2197
f  1219/1601/2195 1236/1623/2197 1216/1598/2198
f  1216/1598/2198 1236/1623/2197 1237/1624/2199
f  1216/1598/2198 1237/1624/2199 1217/1599/2200
f  1217/1599/2200 1237/1624/2199 1238/1625/2201
f  1217/1599/2200 1238/1625/2201 1220/1602/2202
f  1220/1602/2202 1238/1625/2201 1239/1626/2203
f  1220/1602/2202 1239/1626/2203 1224/1606/2204
f  1239/1626/2203 1240/1627/2205 1229/1611/2205
f  1239/1626/2203 1229/1611/2205 1224/1606/2204
f  1240/1627/2205 1241/1628/2206 1231/1613/2206
f  1240/1627/2205 1231/1613/2206 1229/1611/2205
f  1231/1613/2206 1241/1628/2206 1242/1629/2207
f  1231/1613/2206 1242/1629/2207 1230/1612/2207
f  1232/1630/2208 1243/1631/2209 1244/1632/2210
f  1232/1630/2208 1244/1632/2210 1233/1622/2211
f  1243/1631/2209 1245/1633/2212 1246/1634/2213
f  1243/1631/2209 1246/1634/2213 1247/1635/2214
f  1247/1635/2214 1244/1632/2210 1243/1631/2209
f  1245/1633/2212 1248/1636/2215 1242/1629/2216
f  1245/1633/2212 1242/1629/2216 1246/1634/2213
f  1247/1635/2214 1246/1634/2213 1240/1627/2217
f  1246/1634/2213 1242/1629/2216 1241/1628/2218
f  1246/1634/2213 1241/1628/2218 1240/1627/2217
f  1247/1635/2214 1240/1627/2217 1239/1626/2219
f  1247/1635/2214 1249/1637/2220 1244/1632/2210
f  1238/1625/2221 1249/1637/2220 1247/1635/2214
f  1238/1625/2221 1247/1635/2214 1239/1626/2219
f  1244/1632/2210 1249/1637/2220 1238/1625/2221
f  1244/1632/2210 1238/1625/2221 1237/1624/2222
f  1233/1622/2223 1244/1632/2210 1237/1624/2222
f  1233/1622/2223 1237/1624/2222 1236/1623/2224
f  1230/1638/2225 1242/1639/2226 1248/1640/2227
f  1230/1638/2225 1248/1640/2227 1228/1641/2228
f  1228/1641/2228 1248/1640/2227 1250/1642/2105
f  1228/1641/2228 1250/1642/2105 1251/1643/2105
f  1251/1643/2105 1250/1642/2105 1215/1597/2105
f  1251/1643/2105 1215/1597/2105 1214/1596/2105
f  1252/1644/2229 1234/1645/2230 1206/1646/2231
f  1232/1647/2208 1234/1645/2230 1252/1644/2229
f  1252/1644/2229 1206/1646/2231 1209/1648/2232
f  1209/1648/2232 1253/1649/2233 1252/1644/2229
f  1253/1649/2233 1209/1648/2232 1211/1650/2234
f  1253/1649/2233 1211/1650/2234 1213/1651/2235
f  1253/1649/2233 1213/1651/2235 1254/1652/2236
f  1254/1652/2236 1252/1644/2229 1253/1649/2233
f  1213/1651/2235 1215/1653/2237 1250/1654/2238
f  1213/1651/2235 1250/1654/2238 1254/1652/2236
f  1254/1652/2236 1245/1655/2239 1243/1656/2209
f  1254/1652/2236 1243/1656/2209 1252/1644/2229
f  1250/1654/2238 1245/1655/2239 1254/1652/2236
f  1250/1654/2238 1248/1657/2240 1245/1655/2239
f  1232/1647/2208 1252/1644/2229 1243/1656/2209
f  1208/1658/2241 1207/1659/2242 1235/1660/2243
f  1208/1658/2241 1235/1660/2243 1255/1661/2244
f  1255/1661/2244 1256/1662/2245 1208/1658/2241
f  1256/1662/2245 1210/1663/2246 1208/1658/2241
f  1235/1660/2243 1227/1664/2188 1221/1665/2182
f  1235/1660/2243 1221/1665/2182 1255/1661/2244
f  1256/1662/2245 1255/1661/2244 1257/1666/2247
f  1221/1665/2182 1257/1666/2247 1255/1661/2244
f  1256/1662/2245 1257/1666/2247 1212/1667/2248
f  1212/1667/2248 1210/1663/2246 1256/1662/2245
f  1221/1665/2182 1226/1668/2249 1257/1666/2247
f  1257/1666/2247 1251/1669/2250 1214/1670/2251
f  1257/1666/2247 1214/1670/2251 1212/1667/2248
f  1226/1668/2249 1251/1669/2250 1257/1666/2247
f  1226/1668/2249 1228/1671/2252 1251/1669/2250

# Mesh 'engine1' with 380 faces
g engine1
usemtl engine8
f  1258/1672/2253 1259/1673/2254 1260/1674/2255
f  1258/1672/2253 1260/1674/2255 1261/1675/2256
f  1259/1673/2254 1258/1672/2253 1262/1676/2257
f  1259/1673/2254 1263/1677/2258 1264/1678/2259
f  1259/1673/2254 1264/1678/2259 1260/1674/2255
f  1263/1677/2258 1259/1673/2254 1262/1679/2257
f  1261/1675/2256 1260/1674/2255 1265/1680/2260
f  1260/1674/2255 1264/1678/2259 1266/1681/2261
f  1260/1674/2255 1266/1681/2261 1265/1680/2260
f  1261/1675/2256 1265/1680/2260 1267/1682/2262
f  1267/1682/2262 1265/1680/2260 1268/1683/2263
f  1265/1680/2260 1266/1681/2261 1269/1684/2264
f  1265/1680/2260 1269/1684/2264 1268/1683/2263
f  1264/1678/2259 1270/1685/2265 1266/1681/2261
f  1266/1681/2261 1270/1685/2265 1271/1686/2266
f  1266/1681/2261 1271/1686/2266 1269/1684/2264
f  1268/1683/2263 1269/1684/2264 1272/1687/2267
f  1269/1684/2264 1271/1686/2266 1273/1688/2268
f  1269/1684/2264 1273/1688/2268 1272/1687/2267
f  1267/1682/2262 1268/1683/2263 1274/1689/2269
f  1274/1689/2269 1268/1683/2263 1275/1690/2270
f  1268/1683/2263 1272/1687/2267 1275/1690/2270
f  1275/1690/2270 1272/1687/2267 1276/1691/2271
f  1272/1687/2267 1273/1688/2268 1277/1692/2272
f  1272/1687/2267 1277/1692/2272 1276/1691/2271
f  1271/1686/2266 1278/1693/2273 1273/1688/2268
f  1273/1688/2268 1278/1693/2273 1279/1694/2274
f  1273/1688/2268 1279/1694/2274 1277/1692/2272
f  1276/1691/2271 1277/1692/2272 1280/1695/2275
f  1277/1692/2272 1279/1694/2274 1281/1696/2276
f  1277/1692/2272 1281/1696/2276 1280/1695/2275
f  1275/1690/2270 1276/1691/2271 1282/1697/2277
f  1282/1697/2277 1276/1691/2271 1283/1698/2278
f  1276/1691/2271 1280/1695/2275 1283/1698/2278
f  1283/1698/2278 1280/1695/2275 1284/1699/2279
f  1280/1695/2275 1281/1696/2276 1285/1700/2280
f  1280/1695/2275 1285/1700/2280 1284/1699/2279
f  1279/1694/2274 1286/1701/2281 1281/1696/2276
f  1281/1696/2276 1286/1701/2281 1287/1702/2282
f  1281/1696/2276 1287/1702/2282 1285/1700/2280
f  1284/1699/2279 1285/1700/2280 1288/1703/2283
f  1285/1700/2280 1287/1702/2282 1289/1704/2284
f  1285/1700/2280 1289/1704/2284 1288/1703/2283
f  1283/1698/2278 1284/1699/2279 1290/1705/2285
f  1290/1705/2285 1284/1699/2279 1291/1706/2286
f  1284/1699/2279 1288/1703/2283 1291/1706/2286
f  1291/1706/2286 1288/1703/2283 1292/1707/2287
f  1288/1703/2283 1289/1704/2284 1293/1708/2288
f  1288/1703/2283 1293/1708/2288 1292/1707/2287
f  1287/1702/2282 1294/1709/2289 1289/1704/2284
f  1289/1704/2284 1294/1709/2289 1295/1710/2290
f  1289/1704/2284 1295/1710/2290 1293/1708/2288
f  1287/1702/2282 1296/1711/2291 1294/1709/2289
f  1296/1711/2291 1297/1712/2292 1294/1709/2289
f  1294/1709/2289 1297/1712/2292 1298/1713/2293
f  1294/1709/2289 1298/1713/2293 1295/1710/2290
f  1286/1701/2281 1299/1714/2294 1296/1711/2291
f  1286/1701/2281 1296/1711/2291 1287/1702/2282
f  1299/1714/2294 1300/1715/2295 1296/1711/2291
f  1296/1711/2291 1300/1715/2295 1297/1712/2292
f  1300/1715/2295 1301/1716/2296 1297/1712/2292
f  1297/1712/2292 1301/1716/2296 1302/1717/2297
f  1297/1712/2292 1302/1717/2297 1298/1713/2293
f  1299/1714/2294 1303/1718/2298 1300/1715/2295
f  1303/1718/2298 1304/1719/2299 1300/1715/2295
f  1300/1715/2295 1304/1719/2299 1301/1716/2296
f  1304/1719/2299 1305/1720/2300 1301/1716/2296
f  1301/1716/2296 1305/1720/2300 1306/1721/2301
f  1301/1716/2296 1306/1721/2301 1302/1717/2297
f  1303/1718/2298 1307/1722/2302 1304/1719/2299
f  1307/1722/2302 1308/1723/2303 1304/1719/2299
f  1304/1719/2299 1308/1723/2303 1305/1720/2300
f  1309/1724/2304 1310/1725/2305 1303/1718/2298
f  1309/1724/2304 1303/1718/2298 1299/1714/2294
f  1310/1725/2305 1307/1722/2302 1303/1718/2298
f  1310/1725/2305 1311/1726/2306 1307/1722/2302
f  1311/1726/2306 1312/1727/2307 1307/1722/2302
f  1307/1722/2302 1312/1727/2307 1308/1723/2303
f  1312/1727/2307 1313/1728/2308 1308/1723/2303
f  1308/1723/2303 1313/1728/2308 1314/1729/2309
f  1308/1723/2303 1314/1729/2309 1305/1720/2300
f  1311/1726/2306 1315/1730/2310 1312/1727/2307
f  1315/1730/2310 1316/1731/2311 1312/1727/2307
f  1312/1727/2307 1316/1731/2311 1313/1728/2308
f  1317/1732/2312 1318/1733/2313 1311/1726/2306
f  1317/1732/2312 1311/1726/2306 1310/1725/2305
f  1318/1733/2313 1315/1730/2310 1311/1726/2306
f  1318/1733/2313 1319/1734/2314 1315/1730/2310
f  1319/1734/2314 1320/1735/2315 1315/1730/2310
f  1315/1730/2310 1320/1735/2315 1316/1731/2311
f  1320/1735/2315 1321/1736/2316 1316/1731/2311
f  1316/1731/2311 1321/1736/2316 1322/1737/2317
f  1316/1731/2311 1322/1737/2317 1313/1728/2308
f  1319/1734/2314 1323/1738/2318 1320/1735/2315
f  1323/1738/2318 1324/1739/2319 1320/1735/2315
f  1320/1735/2315 1324/1739/2319 1321/1736/2316
f  1325/1740/2320 1326/1741/2321 1319/1734/2314
f  1325/1740/2320 1319/1734/2314 1318/1733/2313
f  1326/1741/2321 1323/1738/2318 1319/1734/2314
f  1326/1741/2321 1327/1742/2322 1323/1738/2318
f  1327/1742/2322 1328/1743/2323 1323/1738/2318
f  1323/1738/2318 1328/1743/2323 1324/1739/2319
f  1328/1743/2323 1329/1744/2324 1324/1739/2319
f  1324/1739/2319 1329/1744/2324 1330/1745/2325
f  1324/1739/2319 1330/1745/2325 1321/1736/2316
f  1327/1742/2322 1331/1746/2326 1328/1743/2323
f  1331/1746/2326 1332/1747/2327 1328/1743/2323
f  1328/1743/2323 1332/1747/2327 1329/1744/2324
f  1333/1748/2328 1334/1749/2329 1327/1742/2322
f  1333/1748/2328 1327/1742/2322 1326/1741/2321
f  1334/1749/2329 1331/1746/2326 1327/1742/2322
f  1334/1749/2329 1335/1750/2330 1331/1746/2326
f  1335/1750/2330 1336/1751/2331 1331/1746/2326
f  1331/1746/2326 1336/1751/2331 1332/1747/2327
f  1336/1751/2331 1337/1752/2332 1332/1747/2327
f  1332/1747/2327 1337/1752/2332 1338/1753/2333
f  1332/1747/2327 1338/1753/2333 1329/1744/2324
f  1335/1750/2330 1339/1754/2334 1336/1751/2331
f  1339/1754/2334 1340/1755/2335 1336/1751/2331
f  1336/1751/2331 1340/1755/2335 1337/1752/2332
f  1341/1756/2336 1342/1757/2337 1335/1750/2330
f  1341/1756/2336 1335/1750/2330 1334/1749/2329
f  1342/1757/2337 1339/1754/2334 1335/1750/2330
f  1342/1757/2337 1343/1758/2338 1339/1754/2334
f  1343/1758/2338 1344/1759/2339 1339/1754/2334
f  1339/1754/2334 1344/1759/2339 1340/1755/2335
f  1344/1759/2339 1345/1760/2340 1340/1755/2335
f  1340/1755/2335 1345/1760/2340 1346/1761/2341
f  1340/1755/2335 1346/1761/2341 1337/1752/2332
f  1343/1758/2338 1347/1762/2342 1344/1759/2339
f  1347/1762/2342 1348/1763/2343 1344/1759/2339
f  1344/1759/2339 1348/1763/2343 1345/1760/2340
f  1349/1764/2344 1350/1765/2345 1343/1758/2338
f  1349/1764/2344 1343/1758/2338 1342/1757/2337
f  1350/1765/2345 1347/1762/2342 1343/1758/2338
f  1350/1765/2345 1351/1766/2346 1347/1762/2342
f  1351/1766/2346 1352/1767/2347 1347/1762/2342
f  1347/1762/2342 1352/1767/2347 1348/1763/2343
f  1352/1767/2347 1353/1768/2348 1348/1763/2343
f  1348/1763/2343 1353/1768/2348 1354/1769/2349
f  1348/1763/2343 1354/1769/2349 1345/1760/2340
f  1351/1766/2346 1355/1770/2350 1352/1767/2347
f  1355/1770/2350 1356/1771/2351 1352/1767/2347
f  1352/1767/2347 1356/1771/2351 1353/1768/2348
f  1351/1766/2346 1350/1765/2345 1262/1772/2257
f  1355/1770/2350 1351/1766/2346 1262/1773/2257
f  1350/1765/2345 1349/1764/2344 1262/1774/2257
f  1357/1775/2352 1349/1764/2344 1342/1757/2337
f  1349/1764/2344 1357/1775/2352 1262/1776/2257
f  1358/1777/2353 1357/1775/2352 1341/1756/2336
f  1357/1775/2352 1342/1757/2337 1341/1756/2336
f  1357/1775/2352 1358/1777/2353 1262/1778/2257
f  1359/1779/2354 1358/1777/2353 1360/1780/2355
f  1358/1777/2353 1341/1756/2336 1360/1780/2355
f  1358/1777/2353 1359/1779/2354 1262/1781/2257
f  1360/1780/2355 1341/1756/2336 1334/1749/2329
f  1359/1779/2354 1360/1780/2355 1361/1782/2356
f  1361/1782/2356 1360/1780/2355 1333/1748/2328
f  1360/1780/2355 1334/1749/2329 1333/1748/2328
f  1362/1783/2357 1359/1779/2354 1361/1782/2356
f  1359/1779/2354 1362/1783/2357 1262/1784/2257
f  1362/1783/2357 1361/1782/2356 1363/1785/2358
f  1363/1785/2358 1361/1782/2356 1364/1786/2359
f  1361/1782/2356 1333/1748/2328 1364/1786/2359
f  1364/1786/2359 1333/1748/2328 1326/1741/2321
f  1363/1785/2358 1364/1786/2359 1365/1787/2360
f  1365/1787/2360 1364/1786/2359 1325/1740/2320
f  1364/1786/2359 1326/1741/2321 1325/1740/2320
f  1366/1788/2361 1362/1783/2357 1363/1785/2358
f  1366/1788/2361 1363/1785/2358 1367/1789/2362
f  1367/1789/2362 1363/1785/2358 1365/1787/2360
f  1362/1783/2357 1366/1788/2361 1262/1790/2257
f  1368/1791/2363 1366/1788/2361 1367/1789/2362
f  1366/1788/2361 1368/1791/2363 1262/1792/2257
f  1368/1791/2363 1367/1789/2362 1369/1793/2364
f  1369/1793/2364 1367/1789/2362 1370/1794/2365
f  1367/1789/2362 1365/1787/2360 1370/1794/2365
f  1371/1795/2366 1368/1791/2363 1369/1793/2364
f  1368/1791/2363 1371/1795/2366 1262/1796/2257
f  1371/1795/2366 1369/1793/2364 1372/1797/2367
f  1372/1797/2367 1369/1793/2364 1373/1798/2368
f  1369/1793/2364 1370/1794/2365 1373/1798/2368
f  1373/1798/2368 1370/1794/2365 1374/1799/2369
f  1370/1794/2365 1365/1787/2360 1375/1800/2370
f  1370/1794/2365 1375/1800/2370 1374/1799/2369
f  1372/1797/2367 1373/1798/2368 1376/1801/2371
f  1376/1801/2371 1373/1798/2368 1377/1802/2372
f  1373/1798/2368 1374/1799/2369 1377/1802/2372
f  1377/1802/2372 1374/1799/2369 1378/1803/2373
f  1374/1799/2369 1375/1800/2370 1317/1732/2312
f  1374/1799/2369 1317/1732/2312 1378/1803/2373
f  1365/1787/2360 1325/1740/2320 1375/1800/2370
f  1375/1800/2370 1325/1740/2320 1318/1733/2313
f  1375/1800/2370 1318/1733/2313 1317/1732/2312
f  1378/1803/2373 1317/1732/2312 1310/1725/2305
f  1377/1802/2372 1378/1803/2373 1379/1804/2374
f  1379/1804/2374 1378/1803/2373 1309/1724/2304
f  1378/1803/2373 1310/1725/2305 1309/1724/2304
f  1376/1801/2371 1377/1802/2372 1380/1805/2375
f  1380/1805/2375 1377/1802/2372 1379/1804/2374
f  1380/1805/2375 1379/1804/2374 1278/1693/2273
f  1278/1693/2273 1379/1804/2374 1381/1806/2376
f  1379/1804/2374 1309/1724/2304 1381/1806/2376
f  1381/1806/2376 1309/1724/2304 1299/1714/2294
f  1278/1693/2273 1381/1806/2376 1279/1694/2274
f  1279/1694/2274 1381/1806/2376 1286/1701/2281
f  1381/1806/2376 1299/1714/2294 1286/1701/2281
f  1271/1686/2266 1380/1805/2375 1278/1693/2273
f  1270/1685/2265 1376/1801/2371 1380/1805/2375
f  1270/1685/2265 1380/1805/2375 1271/1686/2266
f  1264/1678/2259 1382/1807/2377 1270/1685/2265
f  1382/1807/2377 1376/1801/2371 1270/1685/2265
f  1382/1807/2377 1372/1797/2367 1376/1801/2371
f  1263/1677/2258 1383/1808/2378 1382/1807/2377
f  1263/1677/2258 1382/1807/2377 1264/1678/2259
f  1383/1808/2378 1372/1797/2367 1382/1807/2377
f  1383/1808/2378 1371/1795/2366 1372/1797/2367
f  1383/1808/2378 1263/1677/2258 1262/1809/2257
f  1371/1795/2366 1383/1808/2378 1262/1810/2257
f  1355/1770/2350 1384/1811/2379 1356/1771/2351
f  1384/1811/2379 1355/1770/2350 1262/1812/2257
f  1384/1811/2379 1385/1813/2380 1386/1814/2381
f  1384/1811/2379 1386/1814/2381 1356/1771/2351
f  1385/1813/2380 1384/1811/2379 1262/1815/2257
f  1356/1771/2351 1386/1814/2381 1387/1816/2382
f  1356/1771/2351 1387/1816/2382 1353/1768/2348
f  1385/1813/2380 1388/1817/2383 1386/1814/2381
f  1386/1814/2381 1388/1817/2383 1389/1818/2384
f  1386/1814/2381 1389/1818/2384 1387/1816/2382
f  1385/1813/2380 1390/1819/2385 1388/1817/2383
f  1390/1819/2385 1385/1813/2380 1262/1820/2257
f  1390/1819/2385 1391/1821/2386 1388/1817/2383
f  1388/1817/2383 1391/1821/2386 1392/1822/2387
f  1388/1817/2383 1392/1822/2387 1389/1818/2384
f  1387/1816/2382 1389/1818/2384 1393/1823/2388
f  1389/1818/2384 1392/1822/2387 1394/1824/2389
f  1389/1818/2384 1394/1824/2389 1393/1823/2388
f  1391/1821/2386 1395/1825/2390 1392/1822/2387
f  1392/1822/2387 1395/1825/2390 1396/1826/2391
f  1392/1822/2387 1396/1826/2391 1394/1824/2389
f  1390/1819/2385 1397/1827/2392 1391/1821/2386
f  1397/1827/2392 1398/1828/2393 1391/1821/2386
f  1391/1821/2386 1398/1828/2393 1395/1825/2390
f  1397/1827/2392 1390/1819/2385 1262/1829/2257
f  1397/1827/2392 1399/1830/2394 1398/1828/2393
f  1399/1830/2394 1397/1827/2392 1262/1831/2257
f  1399/1830/2394 1261/1832/2256 1398/1828/2393
f  1398/1828/2393 1261/1832/2256 1267/1833/2262
f  1398/1828/2393 1267/1833/2262 1395/1825/2390
f  1399/1830/2394 1258/1834/2253 1261/1832/2256
f  1258/1834/2253 1399/1830/2394 1262/1835/2257
f  1395/1825/2390 1267/1833/2262 1274/1836/2269
f  1395/1825/2390 1274/1836/2269 1396/1826/2391
f  1396/1826/2391 1274/1836/2269 1400/1837/2395
f  1396/1826/2391 1400/1837/2395 1401/1838/2396
f  1401/1838/2396 1400/1837/2395 1402/1839/2397
f  1394/1824/2389 1396/1826/2391 1401/1838/2396
f  1394/1824/2389 1401/1838/2396 1403/1840/2398
f  1403/1840/2398 1401/1838/2396 1404/1841/2399
f  1401/1838/2396 1402/1839/2397 1404/1841/2399
f  1404/1841/2399 1402/1839/2397 1405/1842/2400
f  1403/1840/2398 1404/1841/2399 1406/1843/2401
f  1406/1843/2401 1404/1841/2399 1407/1844/2402
f  1404/1841/2399 1405/1842/2400 1407/1844/2402
f  1393/1823/2388 1394/1824/2389 1403/1840/2398
f  1393/1823/2388 1403/1840/2398 1408/1845/2403
f  1408/1845/2403 1403/1840/2398 1406/1843/2401
f  1408/1845/2403 1406/1843/2401 1409/1846/2404
f  1409/1846/2404 1406/1843/2401 1410/1847/2405
f  1406/1843/2401 1407/1844/2402 1410/1847/2405
f  1410/1847/2405 1407/1844/2402 1411/1848/2406
f  1407/1844/2402 1405/1842/2400 1412/1849/2407
f  1407/1844/2402 1412/1849/2407 1411/1848/2406
f  1409/1846/2404 1410/1847/2405 1413/1850/2408
f  1413/1850/2408 1410/1847/2405 1414/1851/2409
f  1410/1847/2405 1411/1848/2406 1414/1851/2409
f  1415/1852/2410 1408/1845/2403 1409/1846/2404
f  1415/1852/2410 1409/1846/2404 1416/1853/2411
f  1416/1853/2411 1409/1846/2404 1413/1850/2408
f  1416/1853/2411 1413/1850/2408 1417/1854/2412
f  1417/1854/2412 1413/1850/2408 1418/1855/2413
f  1413/1850/2408 1414/1851/2409 1418/1855/2413
f  1418/1855/2413 1414/1851/2409 1419/1856/2414
f  1414/1851/2409 1411/1848/2406 1420/1857/2415
f  1414/1851/2409 1420/1857/2415 1419/1856/2414
f  1417/1854/2412 1418/1855/2413 1421/1858/2416
f  1421/1858/2416 1418/1855/2413 1422/1859/2417
f  1418/1855/2413 1419/1856/2414 1422/1859/2417
f  1423/1860/2418 1416/1853/2411 1417/1854/2412
f  1423/1860/2418 1417/1854/2412 1424/1861/2419
f  1424/1861/2419 1417/1854/2412 1421/1858/2416
f  1424/1861/2419 1421/1858/2416 1425/1862/2420
f  1425/1862/2420 1421/1858/2416 1426/1863/2421
f  1421/1858/2416 1422/1859/2417 1426/1863/2421
f  1426/1863/2421 1422/1859/2417 1427/1864/2422
f  1422/1859/2417 1419/1856/2414 1428/1865/2423
f  1422/1859/2417 1428/1865/2423 1427/1864/2422
f  1425/1862/2420 1426/1863/2421 1429/1866/2424
f  1429/1866/2424 1426/1863/2421 1430/1867/2425
f  1426/1863/2421 1427/1864/2422 1430/1867/2425
f  1431/1868/2426 1424/1861/2419 1425/1862/2420
f  1431/1868/2426 1425/1862/2420 1432/1869/2427
f  1432/1869/2427 1425/1862/2420 1429/1866/2424
f  1432/1869/2427 1429/1866/2424 1433/1870/2428
f  1433/1870/2428 1429/1866/2424 1434/1871/2429
f  1429/1866/2424 1430/1867/2425 1434/1871/2429
f  1435/1872/2430 1431/1868/2426 1432/1869/2427
f  1435/1872/2430 1432/1869/2427 1436/1873/2431
f  1436/1873/2431 1432/1869/2427 1433/1870/2428
f  1338/1753/2333 1437/1874/2432 1431/1868/2426
f  1338/1753/2333 1431/1868/2426 1435/1872/2430
f  1437/1874/2432 1424/1861/2419 1431/1868/2426
f  1329/1744/2324 1338/1753/2333 1435/1872/2430
f  1329/1744/2324 1435/1872/2430 1330/1745/2325
f  1330/1745/2325 1435/1872/2430 1436/1873/2431
f  1330/1745/2325 1436/1873/2431 1438/1875/2433
f  1438/1875/2433 1436/1873/2431 1439/1876/2434
f  1436/1873/2431 1433/1870/2428 1439/1876/2434
f  1321/1736/2316 1330/1745/2325 1438/1875/2433
f  1321/1736/2316 1438/1875/2433 1322/1737/2317
f  1322/1737/2317 1438/1875/2433 1440/1877/2435
f  1438/1875/2433 1439/1876/2434 1440/1877/2435
f  1440/1877/2435 1439/1876/2434 1441/1878/2436
f  1439/1876/2434 1433/1870/2428 1442/1879/2437
f  1439/1876/2434 1442/1879/2437 1441/1878/2436
f  1322/1737/2317 1440/1877/2435 1443/1880/2438
f  1443/1880/2438 1440/1877/2435 1444/1881/2439
f  1440/1877/2435 1441/1878/2436 1444/1881/2439
f  1313/1728/2308 1322/1737/2317 1443/1880/2438
f  1313/1728/2308 1443/1880/2438 1314/1729/2309
f  1314/1729/2309 1443/1880/2438 1445/1882/2440
f  1443/1880/2438 1444/1881/2439 1445/1882/2440
f  1305/1720/2300 1314/1729/2309 1446/1883/2441
f  1314/1729/2309 1445/1882/2440 1446/1883/2441
f  1305/1720/2300 1446/1883/2441 1306/1721/2301
f  1433/1870/2428 1434/1871/2429 1442/1879/2437
f  1337/1752/2332 1437/1874/2432 1338/1753/2333
f  1337/1752/2332 1346/1761/2341 1437/1874/2432
f  1346/1761/2341 1423/1860/2418 1437/1874/2432
f  1437/1874/2432 1423/1860/2418 1424/1861/2419
f  1345/1760/2340 1447/1884/2442 1346/1761/2341
f  1346/1761/2341 1447/1884/2442 1423/1860/2418
f  1447/1884/2442 1416/1853/2411 1423/1860/2418
f  1345/1760/2340 1354/1769/2349 1447/1884/2442
f  1354/1769/2349 1415/1852/2410 1447/1884/2442
f  1447/1884/2442 1415/1852/2410 1416/1853/2411
f  1353/1768/2348 1448/1885/2443 1354/1769/2349
f  1354/1769/2349 1448/1885/2443 1415/1852/2410
f  1448/1885/2443 1408/1845/2403 1415/1852/2410
f  1353/1768/2348 1387/1816/2382 1448/1885/2443
f  1387/1816/2382 1393/1823/2388 1448/1885/2443
f  1448/1885/2443 1393/1823/2388 1408/1845/2403
f  1419/1856/2414 1449/1886/2444 1428/1865/2423
f  1419/1856/2414 1420/1857/2415 1449/1886/2444
f  1420/1857/2415 1450/1887/2445 1449/1886/2444
f  1411/1848/2406 1451/1888/2446 1420/1857/2415
f  1420/1857/2415 1451/1888/2446 1450/1887/2445
f  1411/1848/2406 1412/1849/2407 1451/1888/2446
f  1291/1706/2286 1292/1707/2287 1452/1889/2447
f  1290/1705/2285 1291/1706/2286 1453/1890/2448
f  1453/1890/2448 1291/1706/2286 1452/1889/2447
f  1453/1890/2448 1452/1889/2447 1454/1891/2449
f  1455/1892/2450 1290/1705/2285 1453/1890/2448
f  1455/1892/2450 1453/1890/2448 1456/1893/2451
f  1456/1893/2451 1453/1890/2448 1454/1891/2449
f  1457/1894/2452 1283/1698/2278 1290/1705/2285
f  1457/1894/2452 1290/1705/2285 1455/1892/2450
f  1405/1895/2400 1457/1894/2452 1455/1892/2450
f  1405/1895/2400 1455/1892/2450 1412/1896/2407
f  1412/1896/2407 1455/1892/2450 1456/1893/2451
f  1412/1896/2407 1456/1893/2451 1451/1897/2446
f  1451/1897/2446 1456/1893/2451 1458/1898/2453
f  1456/1893/2451 1454/1891/2449 1458/1898/2453
f  1451/1897/2446 1458/1898/2453 1450/1899/2445
f  1402/1900/2397 1457/1894/2452 1405/1895/2400
f  1402/1900/2397 1282/1697/2277 1457/1894/2452
f  1282/1697/2277 1283/1698/2278 1457/1894/2452
f  1400/1901/2395 1282/1697/2277 1402/1900/2397
f  1400/1901/2395 1275/1690/2270 1282/1697/2277
f  1274/1689/2269 1275/1690/2270 1400/1901/2395

# Mesh 'engine2' with 380 faces
g engine2
usemtl engine8
f  1459/1672/2454 1460/1673/2455 1461/1674/2456
f  1459/1672/2454 1461/1674/2456 1462/1675/2457
f  1460/1673/2455 1459/1672/2454 1463/1676/2458
f  1460/1673/2455 1464/1677/2459 1465/1678/2460
f  1460/1673/2455 1465/1678/2460 1461/1674/2456
f  1464/1677/2459 1460/1673/2455 1463/1679/2458
f  1462/1675/2457 1461/1674/2456 1466/1680/2461
f  1461/1674/2456 1465/1678/2460 1467/1681/2462
f  1461/1674/2456 1467/1681/2462 1466/1680/2461
f  1462/1675/2457 1466/1680/2461 1468/1682/2463
f  1468/1682/2463 1466/1680/2461 1469/1683/2464
f  1466/1680/2461 1467/1681/2462 1470/1684/2465
f  1466/1680/2461 1470/1684/2465 1469/1683/2464
f  1465/1678/2460 1471/1685/2466 1467/1681/2462
f  1467/1681/2462 1471/1685/2466 1472/1686/2467
f  1467/1681/2462 1472/1686/2467 1470/1684/2465
f  1469/1683/2464 1470/1684/2465 1473/1687/2468
f  1470/1684/2465 1472/1686/2467 1474/1688/2469
f  1470/1684/2465 1474/1688/2469 1473/1687/2468
f  1468/1682/2463 1469/1683/2464 1475/1689/2470
f  1475/1689/2470 1469/1683/2464 1476/1690/2471
f  1469/1683/2464 1473/1687/2468 1476/1690/2471
f  1476/1690/2471 1473/1687/2468 1477/1691/2472
f  1473/1687/2468 1474/1688/2469 1478/1692/2473
f  1473/1687/2468 1478/1692/2473 1477/1691/2472
f  1472/1686/2467 1479/1693/2474 1474/1688/2469
f  1474/1688/2469 1479/1693/2474 1480/1694/2475
f  1474/1688/2469 1480/1694/2475 1478/1692/2473
f  1477/1691/2472 1478/1692/2473 1481/1695/2476
f  1478/1692/2473 1480/1694/2475 1482/1696/2477
f  1478/1692/2473 1482/1696/2477 1481/1695/2476
f  1476/1690/2471 1477/1691/2472 1483/1697/2478
f  1483/1697/2478 1477/1691/2472 1484/1698/2479
f  1477/1691/2472 1481/1695/2476 1484/1698/2479
f  1484/1698/2479 1481/1695/2476 1485/1699/2480
f  1481/1695/2476 1482/1696/2477 1486/1700/2481
f  1481/1695/2476 1486/1700/2481 1485/1699/2480
f  1480/1694/2475 1487/1701/2482 1482/1696/2477
f  1482/1696/2477 1487/1701/2482 1488/1702/2483
f  1482/1696/2477 1488/1702/2483 1486/1700/2481
f  1485/1699/2480 1486/1700/2481 1489/1703/2484
f  1486/1700/2481 1488/1702/2483 1490/1704/2485
f  1486/1700/2481 1490/1704/2485 1489/1703/2484
f  1484/1698/2479 1485/1699/2480 1491/1705/2486
f  1491/1705/2486 1485/1699/2480 1492/1706/2487
f  1485/1699/2480 1489/1703/2484 1492/1706/2487
f  1492/1706/2487 1489/1703/2484 1493/1707/2488
f  1489/1703/2484 1490/1704/2485 1494/1708/2489
f  1489/1703/2484 1494/1708/2489 1493/1707/2488
f  1488/1702/2483 1495/1709/2490 1490/1704/2485
f  1490/1704/2485 1495/1709/2490 1496/1710/2491
f  1490/1704/2485 1496/1710/2491 1494/1708/2489
f  1488/1702/2483 1497/1711/2492 1495/1709/2490
f  1497/1711/2492 1498/1712/2493 1495/1709/2490
f  1495/1709/2490 1498/1712/2493 1499/1713/2494
f  1495/1709/2490 1499/1713/2494 1496/1710/2491
f  1487/1701/2482 1500/1714/2495 1497/1711/2492
f  1487/1701/2482 1497/1711/2492 1488/1702/2483
f  1500/1714/2495 1501/1715/2496 1497/1711/2492
f  1497/1711/2492 1501/1715/2496 1498/1712/2493
f  1501/1715/2496 1502/1716/2497 1498/1712/2493
f  1498/1712/2493 1502/1716/2497 1503/1717/2498
f  1498/1712/2493 1503/1717/2498 1499/1713/2494
f  1500/1714/2495 1504/1718/2499 1501/1715/2496
f  1504/1718/2499 1505/1719/2500 1501/1715/2496
f  1501/1715/2496 1505/1719/2500 1502/1716/2497
f  1505/1719/2500 1506/1720/2501 1502/1716/2497
f  1502/1716/2497 1506/1720/2501 1507/1721/2502
f  1502/1716/2497 1507/1721/2502 1503/1717/2498
f  1504/1718/2499 1508/1722/2503 1505/1719/2500
f  1508/1722/2503 1509/1723/2504 1505/1719/2500
f  1505/1719/2500 1509/1723/2504 1506/1720/2501
f  1510/1724/2505 1511/1725/2506 1504/1718/2499
f  1510/1724/2505 1504/1718/2499 1500/1714/2495
f  1511/1725/2506 1508/1722/2503 1504/1718/2499
f  1511/1725/2506 1512/1726/2507 1508/1722/2503
f  1512/1726/2507 1513/1727/2508 1508/1722/2503
f  1508/1722/2503 1513/1727/2508 1509/1723/2504
f  1513/1727/2508 1514/1728/2509 1509/1723/2504
f  1509/1723/2504 1514/1728/2509 1515/1729/2510
f  1509/1723/2504 1515/1729/2510 1506/1720/2501
f  1512/1726/2507 1516/1730/2511 1513/1727/2508
f  1516/1730/2511 1517/1731/2512 1513/1727/2508
f  1513/1727/2508 1517/1731/2512 1514/1728/2509
f  1518/1732/2513 1519/1733/2514 1512/1726/2507
f  1518/1732/2513 1512/1726/2507 1511/1725/2506
f  1519/1733/2514 1516/1730/2511 1512/1726/2507
f  1519/1733/2514 1520/1734/2515 1516/1730/2511
f  1520/1734/2515 1521/1735/2516 1516/1730/2511
f  1516/1730/2511 1521/1735/2516 1517/1731/2512
f  1521/1735/2516 1522/1736/2517 1517/1731/2512
f  1517/1731/2512 1522/1736/2517 1523/1737/2518
f  1517/1731/2512 1523/1737/2518 1514/1728/2509
f  1520/1734/2515 1524/1738/2519 1521/1735/2516
f  1524/1738/2519 1525/1739/2520 1521/1735/2516
f  1521/1735/2516 1525/1739/2520 1522/1736/2517
f  1526/1740/2521 1527/1741/2522 1520/1734/2515
f  1526/1740/2521 1520/1734/2515 1519/1733/2514
f  1527/1741/2522 1524/1738/2519 1520/1734/2515
f  1527/1741/2522 1528/1742/2523 1524/1738/2519
f  1528/1742/2523 1529/1743/2524 1524/1738/2519
f  1524/1738/2519 1529/1743/2524 1525/1739/2520
f  1529/1743/2524 1530/1744/2525 1525/1739/2520
f  1525/1739/2520 1530/1744/2525 1531/1745/2526
f  1525/1739/2520 1531/1745/2526 1522/1736/2517
f  1528/1742/2523 1532/1746/2527 1529/1743/2524
f  1532/1746/2527 1533/1747/2528 1529/1743/2524
f  1529/1743/2524 1533/1747/2528 1530/1744/2525
f  1534/1748/2529 1535/1749/2530 1528/1742/2523
f  1534/1748/2529 1528/1742/2523 1527/1741/2522
f  1535/1749/2530 1532/1746/2527 1528/1742/2523
f  1535/1749/2530 1536/1750/2531 1532/1746/2527
f  1536/1750/2531 1537/1751/2532 1532/1746/2527
f  1532/1746/2527 1537/1751/2532 1533/1747/2528
f  1537/1751/2532 1538/1752/2533 1533/1747/2528
f  1533/1747/2528 1538/1752/2533 1539/1753/2534
f  1533/1747/2528 1539/1753/2534 1530/1744/2525
f  1536/1750/2531 1540/1754/2535 1537/1751/2532
f  1540/1754/2535 1541/1755/2536 1537/1751/2532
f  1537/1751/2532 1541/1755/2536 1538/1752/2533
f  1542/1756/2537 1543/1757/2538 1536/1750/2531
f  1542/1756/2537 1536/1750/2531 1535/1749/2530
f  1543/1757/2538 1540/1754/2535 1536/1750/2531
f  1543/1757/2538 1544/1758/2539 1540/1754/2535
f  1544/1758/2539 1545/1759/2540 1540/1754/2535
f  1540/1754/2535 1545/1759/2540 1541/1755/2536
f  1545/1759/2540 1546/1760/2541 1541/1755/2536
f  1541/1755/2536 1546/1760/2541 1547/1761/2542
f  1541/1755/2536 1547/1761/2542 1538/1752/2533
f  1544/1758/2539 1548/1762/2543 1545/1759/2540
f  1548/1762/2543 1549/1763/2544 1545/1759/2540
f  1545/1759/2540 1549/1763/2544 1546/1760/2541
f  1550/1764/2545 1551/1765/2546 1544/1758/2539
f  1550/1764/2545 1544/1758/2539 1543/1757/2538
f  1551/1765/2546 1548/1762/2543 1544/1758/2539
f  1551/1765/2546 1552/1766/2547 1548/1762/2543
f  1552/1766/2547 1553/1767/2548 1548/1762/2543
f  1548/1762/2543 1553/1767/2548 1549/1763/2544
f  1553/1767/2548 1554/1768/2549 1549/1763/2544
f  1549/1763/2544 1554/1768/2549 1555/1769/2550
f  1549/1763/2544 1555/1769/2550 1546/1760/2541
f  1552/1766/2547 1556/1770/2551 1553/1767/2548
f  1556/1770/2551 1557/1771/2552 1553/1767/2548
f  1553/1767/2548 1557/1771/2552 1554/1768/2549
f  1552/1766/2547 1551/1765/2546 1463/1772/2458
f  1556/1770/2551 1552/1766/2547 1463/1773/2458
f  1551/1765/2546 1550/1764/2545 1463/1774/2458
f  1558/1775/2553 1550/1764/2545 1543/1757/2538
f  1550/1764/2545 1558/1775/2553 1463/1776/2458
f  1559/1777/2554 1558/1775/2553 1542/1756/2537
f  1558/1775/2553 1543/1757/2538 1542/1756/2537
f  1558/1775/2553 1559/1777/2554 1463/1778/2458
f  1560/1779/2555 1559/1777/2554 1561/1780/2556
f  1559/1777/2554 1542/1756/2537 1561/1780/2556
f  1559/1777/2554 1560/1779/2555 1463/1781/2458
f  1561/1780/2556 1542/1756/2537 1535/1749/2530
f  1560/1779/2555 1561/1780/2556 1562/1782/2557
f  1562/1782/2557 1561/1780/2556 1534/1748/2529
f  1561/1780/2556 1535/1749/2530 1534/1748/2529
f  1563/1783/2558 1560/1779/2555 1562/1782/2557
f  1560/1779/2555 1563/1783/2558 1463/1784/2458
f  1563/1783/2558 1562/1782/2557 1564/1785/2559
f  1564/1785/2559 1562/1782/2557 1565/1786/2560
f  1562/1782/2557 1534/1748/2529 1565/1786/2560
f  1565/1786/2560 1534/1748/2529 1527/1741/2522
f  1564/1785/2559 1565/1786/2560 1566/1787/2561
f  1566/1787/2561 1565/1786/2560 1526/1740/2521
f  1565/1786/2560 1527/1741/2522 1526/1740/2521
f  1567/1788/2562 1563/1783/2558 1564/1785/2559
f  1567/1788/2562 1564/1785/2559 1568/1789/2563
f  1568/1789/2563 1564/1785/2559 1566/1787/2561
f  1563/1783/2558 1567/1788/2562 1463/1790/2458
f  1569/1791/2564 1567/1788/2562 1568/1789/2563
f  1567/1788/2562 1569/1791/2564 1463/1792/2458
f  1569/1791/2564 1568/1789/2563 1570/1793/2565
f  1570/1793/2565 1568/1789/2563 1571/1794/2566
f  1568/1789/2563 1566/1787/2561 1571/1794/2566
f  1572/1795/2567 1569/1791/2564 1570/1793/2565
f  1569/1791/2564 1572/1795/2567 1463/1796/2458
f  1572/1795/2567 1570/1793/2565 1573/1797/2568
f  1573/1797/2568 1570/1793/2565 1574/1798/2569
f  1570/1793/2565 1571/1794/2566 1574/1798/2569
f  1574/1798/2569 1571/1794/2566 1575/1799/2570
f  1571/1794/2566 1566/1787/2561 1576/1800/2571
f  1571/1794/2566 1576/1800/2571 1575/1799/2570
f  1573/1797/2568 1574/1798/2569 1577/1801/2572
f  1577/1801/2572 1574/1798/2569 1578/1802/2573
f  1574/1798/2569 1575/1799/2570 1578/1802/2573
f  1578/1802/2573 1575/1799/2570 1579/1803/2574
f  1575/1799/2570 1576/1800/2571 1518/1732/2513
f  1575/1799/2570 1518/1732/2513 1579/1803/2574
f  1566/1787/2561 1526/1740/2521 1576/1800/2571
f  1576/1800/2571 1526/1740/2521 1519/1733/2514
f  1576/1800/2571 1519/1733/2514 1518/1732/2513
f  1579/1803/2574 1518/1732/2513 1511/1725/2506
f  1578/1802/2573 1579/1803/2574 1580/1804/2575
f  1580/1804/2575 1579/1803/2574 1510/1724/2505
f  1579/1803/2574 1511/1725/2506 1510/1724/2505
f  1577/1801/2572 1578/1802/2573 1581/1805/2576
f  1581/1805/2576 1578/1802/2573 1580/1804/2575
f  1581/1805/2576 1580/1804/2575 1479/1693/2474
f  1479/1693/2474 1580/1804/2575 1582/1806/2577
f  1580/1804/2575 1510/1724/2505 1582/1806/2577
f  1582/1806/2577 1510/1724/2505 1500/1714/2495
f  1479/1693/2474 1582/1806/2577 1480/1694/2475
f  1480/1694/2475 1582/1806/2577 1487/1701/2482
f  1582/1806/2577 1500/1714/2495 1487/1701/2482
f  1472/1686/2467 1581/1805/2576 1479/1693/2474
f  1471/1685/2466 1577/1801/2572 1581/1805/2576
f  1471/1685/2466 1581/1805/2576 1472/1686/2467
f  1465/1678/2460 1583/1807/2578 1471/1685/2466
f  1583/1807/2578 1577/1801/2572 1471/1685/2466
f  1583/1807/2578 1573/1797/2568 1577/1801/2572
f  1464/1677/2459 1584/1808/2579 1583/1807/2578
f  1464/1677/2459 1583/1807/2578 1465/1678/2460
f  1584/1808/2579 1573/1797/2568 1583/1807/2578
f  1584/1808/2579 1572/1795/2567 1573/1797/2568
f  1584/1808/2579 1464/1677/2459 1463/1809/2458
f  1572/1795/2567 1584/1808/2579 1463/1810/2458
f  1556/1770/2551 1585/1811/2580 1557/1771/2552
f  1585/1811/2580 1556/1770/2551 1463/1812/2458
f  1585/1811/2580 1586/1813/2581 1587/1814/2582
f  1585/1811/2580 1587/1814/2582 1557/1771/2552
f  1586/1813/2581 1585/1811/2580 1463/1815/2458
f  1557/1771/2552 1587/1814/2582 1588/1816/2583
f  1557/1771/2552 1588/1816/2583 1554/1768/2549
f  1586/1813/2581 1589/1817/2584 1587/1814/2582
f  1587/1814/2582 1589/1817/2584 1590/1818/2585
f  1587/1814/2582 1590/1818/2585 1588/1816/2583
f  1586/1813/2581 1591/1819/2586 1589/1817/2584
f  1591/1819/2586 1586/1813/2581 1463/1820/2458
f  1591/1819/2586 1592/1821/2587 1589/1817/2584
f  1589/1817/2584 1592/1821/2587 1593/1822/2588
f  1589/1817/2584 1593/1822/2588 1590/1818/2585
f  1588/1816/2583 1590/1818/2585 1594/1823/2589
f  1590/1818/2585 1593/1822/2588 1595/1824/2590
f  1590/1818/2585 1595/1824/2590 1594/1823/2589
f  1592/1821/2587 1596/1825/2591 1593/1822/2588
f  1593/1822/2588 1596/1825/2591 1597/1826/2592
f  1593/1822/2588 1597/1826/2592 1595/1824/2590
f  1591/1819/2586 1598/1827/2593 1592/1821/2587
f  1598/1827/2593 1599/1828/2594 1592/1821/2587
f  1592/1821/2587 1599/1828/2594 1596/1825/2591
f  1598/1827/2593 1591/1819/2586 1463/1829/2458
f  1598/1827/2593 1600/1830/2595 1599/1828/2594
f  1600/1830/2595 1598/1827/2593 1463/1831/2458
f  1600/1830/2595 1462/1832/2457 1599/1828/2594
f  1599/1828/2594 1462/1832/2457 1468/1833/2463
f  1599/1828/2594 1468/1833/2463 1596/1825/2591
f  1600/1830/2595 1459/1834/2454 1462/1832/2457
f  1459/1834/2454 1600/1830/2595 1463/1835/2458
f  1596/1825/2591 1468/1833/2463 1475/1836/2470
f  1596/1825/2591 1475/1836/2470 1597/1826/2592
f  1597/1826/2592 1475/1836/2470 1601/1837/2596
f  1597/1826/2592 1601/1837/2596 1602/1838/2597
f  1602/1838/2597 1601/1837/2596 1603/1839/2598
f  1595/1824/2590 1597/1826/2592 1602/1838/2597
f  1595/1824/2590 1602/1838/2597 1604/1840/2599
f  1604/1840/2599 1602/1838/2597 1605/1841/2600
f  1602/1838/2597 1603/1839/2598 1605/1841/2600
f  1605/1841/2600 1603/1839/2598 1606/1842/2601
f  1604/1840/2599 1605/1841/2600 1607/1843/2602
f  1607/1843/2602 1605/1841/2600 1608/1844/2603
f  1605/1841/2600 1606/1842/2601 1608/1844/2603
f  1594/1823/2589 1595/1824/2590 1604/1840/2599
f  1594/1823/2589 1604/1840/2599 1609/1845/2604
f  1609/1845/2604 1604/1840/2599 1607/1843/2602
f  1609/1845/2604 1607/1843/2602 1610/1846/2605
f  1610/1846/2605 1607/1843/2602 1611/1847/2606
f  1607/1843/2602 1608/1844/2603 1611/1847/2606
f  1611/1847/2606 1608/1844/2603 1612/1848/2607
f  1608/1844/2603 1606/1842/2601 1613/1849/2608
f  1608/1844/2603 1613/1849/2608 1612/1848/2607
f  1610/1846/2605 1611/1847/2606 1614/1850/2609
f  1614/1850/2609 1611/1847/2606 1615/1851/2610
f  1611/1847/2606 1612/1848/2607 1615/1851/2610
f  1616/1852/2611 1609/1845/2604 1610/1846/2605
f  1616/1852/2611 1610/1846/2605 1617/1853/2612
f  1617/1853/2612 1610/1846/2605 1614/1850/2609
f  1617/1853/2612 1614/1850/2609 1618/1854/2613
f  1618/1854/2613 1614/1850/2609 1619/1855/2614
f  1614/1850/2609 1615/1851/2610 1619/1855/2614
f  1619/1855/2614 1615/1851/2610 1620/1856/2615
f  1615/1851/2610 1612/1848/2607 1621/1857/2616
f  1615/1851/2610 1621/1857/2616 1620/1856/2615
f  1618/1854/2613 1619/1855/2614 1622/1858/2617
f  1622/1858/2617 1619/1855/2614 1623/1859/2618
f  1619/1855/2614 1620/1856/2615 1623/1859/2618
f  1624/1860/2619 1617/1853/2612 1618/1854/2613
f  1624/1860/2619 1618/1854/2613 1625/1861/2620
f  1625/1861/2620 1618/1854/2613 1622/1858/2617
f  1625/1861/2620 1622/1858/2617 1626/1862/2621
f  1626/1862/2621 1622/1858/2617 1627/1863/2622
f  1622/1858/2617 1623/1859/2618 1627/1863/2622
f  1627/1863/2622 1623/1859/2618 1628/1864/2623
f  1623/1859/2618 1620/1856/2615 1629/1865/2624
f  1623/1859/2618 1629/1865/2624 1628/1864/2623
f  1626/1862/2621 1627/1863/2622 1630/1866/2625
f  1630/1866/2625 1627/1863/2622 1631/1867/2626
f  1627/1863/2622 1628/1864/2623 1631/1867/2626
f  1632/1868/2627 1625/1861/2620 1626/1862/2621
f  1632/1868/2627 1626/1862/2621 1633/1869/2628
f  1633/1869/2628 1626/1862/2621 1630/1866/2625
f  1633/1869/2628 1630/1866/2625 1634/1870/2629
f  1634/1870/2629 1630/1866/2625 1635/1871/2630
f  1630/1866/2625 1631/1867/2626 1635/1871/2630
f  1636/1872/2631 1632/1868/2627 1633/1869/2628
f  1636/1872/2631 1633/1869/2628 1637/1873/2632
f  1637/1873/2632 1633/1869/2628 1634/1870/2629
f  1539/1753/2534 1638/1874/2633 1632/1868/2627
f  1539/1753/2534 1632/1868/2627 1636/1872/2631
f  1638/1874/2633 1625/1861/2620 1632/1868/2627
f  1530/1744/2525 1539/1753/2534 1636/1872/2631
f  1530/1744/2525 1636/1872/2631 1531/1745/2526
f  1531/1745/2526 1636/1872/2631 1637/1873/2632
f  1531/1745/2526 1637/1873/2632 1639/1875/2634
f  1639/1875/2634 1637/1873/2632 1640/1876/2635
f  1637/1873/2632 1634/1870/2629 1640/1876/2635
f  1522/1736/2517 1531/1745/2526 1639/1875/2634
f  1522/1736/2517 1639/1875/2634 1523/1737/2518
f  1523/1737/2518 1639/1875/2634 1641/1877/2636
f  1639/1875/2634 1640/1876/2635 1641/1877/2636
f  1641/1877/2636 1640/1876/2635 1642/1878/2637
f  1640/1876/2635 1634/1870/2629 1643/1879/2638
f  1640/1876/2635 1643/1879/2638 1642/1878/2637
f  1523/1737/2518 1641/1877/2636 1644/1880/2639
f  1644/1880/2639 1641/1877/2636 1645/1881/2640
f  1641/1877/2636 1642/1878/2637 1645/1881/2640
f  1514/1728/2509 1523/1737/2518 1644/1880/2639
f  1514/1728/2509 1644/1880/2639 1515/1729/2510
f  1515/1729/2510 1644/1880/2639 1646/1882/2641
f  1644/1880/2639 1645/1881/2640 1646/1882/2641
f  1506/1720/2501 1515/1729/2510 1647/1883/2642
f  1515/1729/2510 1646/1882/2641 1647/1883/2642
f  1506/1720/2501 1647/1883/2642 1507/1721/2502
f  1634/1870/2629 1635/1871/2630 1643/1879/2638
f  1538/1752/2533 1638/1874/2633 1539/1753/2534
f  1538/1752/2533 1547/1761/2542 1638/1874/2633
f  1547/1761/2542 1624/1860/2619 1638/1874/2633
f  1638/1874/2633 1624/1860/2619 1625/1861/2620
f  1546/1760/2541 1648/1884/2643 1547/1761/2542
f  1547/1761/2542 1648/1884/2643 1624/1860/2619
f  1648/1884/2643 1617/1853/2612 1624/1860/2619
f  1546/1760/2541 1555/1769/2550 1648/1884/2643
f  1555/1769/2550 1616/1852/2611 1648/1884/2643
f  1648/1884/2643 1616/1852/2611 1617/1853/2612
f  1554/1768/2549 1649/1885/2644 1555/1769/2550
f  1555/1769/2550 1649/1885/2644 1616/1852/2611
f  1649/1885/2644 1609/1845/2604 1616/1852/2611
f  1554/1768/2549 1588/1816/2583 1649/1885/2644
f  1588/1816/2583 1594/1823/2589 1649/1885/2644
f  1649/1885/2644 1594/1823/2589 1609/1845/2604
f  1620/1856/2615 1650/1886/2645 1629/1865/2624
f  1620/1856/2615 1621/1857/2616 1650/1886/2645
f  1621/1857/2616 1651/1887/2646 1650/1886/2645
f  1612/1848/2607 1652/1888/2647 1621/1857/2616
f  1621/1857/2616 1652/1888/2647 1651/1887/2646
f  1612/1848/2607 1613/1849/2608 1652/1888/2647
f  1492/1706/2487 1493/1707/2488 1653/1889/2648
f  1491/1705/2486 1492/1706/2487 1654/1890/2649
f  1654/1890/2649 1492/1706/2487 1653/1889/2648
f  1654/1890/2649 1653/1889/2648 1655/1891/2650
f  1656/1892/2651 1491/1705/2486 1654/1890/2649
f  1656/1892/2651 1654/1890/2649 1657/1893/2652
f  1657/1893/2652 1654/1890/2649 1655/1891/2650
f  1658/1894/2653 1484/1698/2479 1491/1705/2486
f  1658/1894/2653 1491/1705/2486 1656/1892/2651
f  1606/1895/2601 1658/1894/2653 1656/1892/2651
f  1606/1895/2601 1656/1892/2651 1613/1896/2608
f  1613/1896/2608 1656/1892/2651 1657/1893/2652
f  1613/1896/2608 1657/1893/2652 1652/1897/2647
f  1652/1897/2647 1657/1893/2652 1659/1898/2654
f  1657/1893/2652 1655/1891/2650 1659/1898/2654
f  1652/1897/2647 1659/1898/2654 1651/1899/2646
f  1603/1900/2598 1658/1894/2653 1606/1895/2601
f  1603/1900/2598 1483/1697/2478 1658/1894/2653
f  1483/1697/2478 1484/1698/2479 1658/1894/2653
f  1601/1901/2596 1483/1697/2478 1603/1900/2598
f  1601/1901/2596 1476/1690/2471 1483/1697/2478
f  1475/1689/2470 1476/1690/2471 1601/1901/2596

# Mesh 'engine3' with 380 faces
g engine3
usemtl engine8
f  1660/1672/2655 1661/1673/2656 1662/1674/2657
f  1660/1672/2655 1662/1674/2657 1663/1675/2658
f  1661/1673/2656 1660/1672/2655 1664/1676/2659
f  1661/1673/2656 1665/1677/2660 1666/1678/2661
f  1661/1673/2656 1666/1678/2661 1662/1674/2657
f  1665/1677/2660 1661/1673/2656 1664/1679/2659
f  1663/1675/2658 1662/1674/2657 1667/1680/2662
f  1662/1674/2657 1666/1678/2661 1668/1681/2663
f  1662/1674/2657 1668/1681/2663 1667/1680/2662
f  1663/1675/2658 1667/1680/2662 1669/1682/2664
f  1669/1682/2664 1667/1680/2662 1670/1683/2665
f  1667/1680/2662 1668/1681/2663 1671/1684/2666
f  1667/1680/2662 1671/1684/2666 1670/1683/2665
f  1666/1678/2661 1672/1685/2667 1668/1681/2663
f  1668/1681/2663 1672/1685/2667 1673/1686/2668
f  1668/1681/2663 1673/1686/2668 1671/1684/2666
f  1670/1683/2665 1671/1684/2666 1674/1687/2669
f  1671/1684/2666 1673/1686/2668 1675/1688/2670
f  1671/1684/2666 1675/1688/2670 1674/1687/2669
f  1669/1682/2664 1670/1683/2665 1676/1689/2671
f  1676/1689/2671 1670/1683/2665 1677/1690/2672
f  1670/1683/2665 1674/1687/2669 1677/1690/2672
f  1677/1690/2672 1674/1687/2669 1678/1691/2673
f  1674/1687/2669 1675/1688/2670 1679/1692/2674
f  1674/1687/2669 1679/1692/2674 1678/1691/2673
f  1673/1686/2668 1680/1693/2675 1675/1688/2670
f  1675/1688/2670 1680/1693/2675 1681/1694/2676
f  1675/1688/2670 1681/1694/2676 1679/1692/2674
f  1678/1691/2673 1679/1692/2674 1682/1695/2677
f  1679/1692/2674 1681/1694/2676 1683/1696/2678
f  1679/1692/2674 1683/1696/2678 1682/1695/2677
f  1677/1690/2672 1678/1691/2673 1684/1697/2679
f  1684/1697/2679 1678/1691/2673 1685/1698/2680
f  1678/1691/2673 1682/1695/2677 1685/1698/2680
f  1685/1698/2680 1682/1695/2677 1686/1699/2681
f  1682/1695/2677 1683/1696/2678 1687/1700/2682
f  1682/1695/2677 1687/1700/2682 1686/1699/2681
f  1681/1694/2676 1688/1701/2683 1683/1696/2678
f  1683/1696/2678 1688/1701/2683 1689/1702/2684
f  1683/1696/2678 1689/1702/2684 1687/1700/2682
f  1686/1699/2681 1687/1700/2682 1690/1703/2685
f  1687/1700/2682 1689/1702/2684 1691/1704/2686
f  1687/1700/2682 1691/1704/2686 1690/1703/2685
f  1685/1698/2680 1686/1699/2681 1692/1705/2687
f  1692/1705/2687 1686/1699/2681 1693/1706/2688
f  1686/1699/2681 1690/1703/2685 1693/1706/2688
f  1693/1706/2688 1690/1703/2685 1694/1707/2689
f  1690/1703/2685 1691/1704/2686 1695/1708/2690
f  1690/1703/2685 1695/1708/2690 1694/1707/2689
f  1689/1702/2684 1696/1709/2691 1691/1704/2686
f  1691/1704/2686 1696/1709/2691 1697/1710/2692
f  1691/1704/2686 1697/1710/2692 1695/1708/2690
f  1689/1702/2684 1698/1711/2693 1696/1709/2691
f  1698/1711/2693 1699/1712/2694 1696/1709/2691
f  1696/1709/2691 1699/1712/2694 1700/1713/2695
f  1696/1709/2691 1700/1713/2695 1697/1710/2692
f  1688/1701/2683 1701/1714/2696 1698/1711/2693
f  1688/1701/2683 1698/1711/2693 1689/1702/2684
f  1701/1714/2696 1702/1715/2697 1698/1711/2693
f  1698/1711/2693 1702/1715/2697 1699/1712/2694
f  1702/1715/2697 1703/1716/2698 1699/1712/2694
f  1699/1712/2694 1703/1716/2698 1704/1717/2699
f  1699/1712/2694 1704/1717/2699 1700/1713/2695
f  1701/1714/2696 1705/1718/2700 1702/1715/2697
f  1705/1718/2700 1706/1719/2701 1702/1715/2697
f  1702/1715/2697 1706/1719/2701 1703/1716/2698
f  1706/1719/2701 1707/1720/2702 1703/1716/2698
f  1703/1716/2698 1707/1720/2702 1708/1721/2703
f  1703/1716/2698 1708/1721/2703 1704/1717/2699
f  1705/1718/2700 1709/1722/2704 1706/1719/2701
f  1709/1722/2704 1710/1723/2705 1706/1719/2701
f  1706/1719/2701 1710/1723/2705 1707/1720/2702
f  1711/1724/2706 1712/1725/2707 1705/1718/2700
f  1711/1724/2706 1705/1718/2700 1701/1714/2696
f  1712/1725/2707 1709/1722/2704 1705/1718/2700
f  1712/1725/2707 1713/1726/2708 1709/1722/2704
f  1713/1726/2708 1714/1727/2709 1709/1722/2704
f  1709/1722/2704 1714/1727/2709 1710/1723/2705
f  1714/1727/2709 1715/1728/2710 1710/1723/2705
f  1710/1723/2705 1715/1728/2710 1716/1729/2711
f  1710/1723/2705 1716/1729/2711 1707/1720/2702
f  1713/1726/2708 1717/1730/2712 1714/1727/2709
f  1717/1730/2712 1718/1731/2713 1714/1727/2709
f  1714/1727/2709 1718/1731/2713 1715/1728/2710
f  1719/1732/2714 1720/1733/2715 1713/1726/2708
f  1719/1732/2714 1713/1726/2708 1712/1725/2707
f  1720/1733/2715 1717/1730/2712 1713/1726/2708
f  1720/1733/2715 1721/1734/2716 1717/1730/2712
f  1721/1734/2716 1722/1735/2717 1717/1730/2712
f  1717/1730/2712 1722/1735/2717 1718/1731/2713
f  1722/1735/2717 1723/1736/2718 1718/1731/2713
f  1718/1731/2713 1723/1736/2718 1724/1737/2719
f  1718/1731/2713 1724/1737/2719 1715/1728/2710
f  1721/1734/2716 1725/1738/2720 1722/1735/2717
f  1725/1738/2720 1726/1739/2721 1722/1735/2717
f  1722/1735/2717 1726/1739/2721 1723/1736/2718
f  1727/1740/2722 1728/1741/2723 1721/1734/2716
f  1727/1740/2722 1721/1734/2716 1720/1733/2715
f  1728/1741/2723 1725/1738/2720 1721/1734/2716
f  1728/1741/2723 1729/1742/2724 1725/1738/2720
f  1729/1742/2724 1730/1743/2725 1725/1738/2720
f  1725/1738/2720 1730/1743/2725 1726/1739/2721
f  1730/1743/2725 1731/1744/2726 1726/1739/2721
f  1726/1739/2721 1731/1744/2726 1732/1745/2727
f  1726/1739/2721 1732/1745/2727 1723/1736/2718
f  1729/1742/2724 1733/1746/2728 1730/1743/2725
f  1733/1746/2728 1734/1747/2729 1730/1743/2725
f  1730/1743/2725 1734/1747/2729 1731/1744/2726
f  1735/1748/2730 1736/1749/2731 1729/1742/2724
f  1735/1748/2730 1729/1742/2724 1728/1741/2723
f  1736/1749/2731 1733/1746/2728 1729/1742/2724
f  1736/1749/2731 1737/1750/2732 1733/1746/2728
f  1737/1750/2732 1738/1751/2733 1733/1746/2728
f  1733/1746/2728 1738/1751/2733 1734/1747/2729
f  1738/1751/2733 1739/1752/2734 1734/1747/2729
f  1734/1747/2729 1739/1752/2734 1740/1753/2735
f  1734/1747/2729 1740/1753/2735 1731/1744/2726
f  1737/1750/2732 1741/1754/2736 1738/1751/2733
f  1741/1754/2736 1742/1755/2737 1738/1751/2733
f  1738/1751/2733 1742/1755/2737 1739/1752/2734
f  1743/1756/2738 1744/1757/2739 1737/1750/2732
f  1743/1756/2738 1737/1750/2732 1736/1749/2731
f  1744/1757/2739 1741/1754/2736 1737/1750/2732
f  1744/1757/2739 1745/1758/2740 1741/1754/2736
f  1745/1758/2740 1746/1759/2741 1741/1754/2736
f  1741/1754/2736 1746/1759/2741 1742/1755/2737
f  1746/1759/2741 1747/1760/2742 1742/1755/2737
f  1742/1755/2737 1747/1760/2742 1748/1761/2743
f  1742/1755/2737 1748/1761/2743 1739/1752/2734
f  1745/1758/2740 1749/1762/2744 1746/1759/2741
f  1749/1762/2744 1750/1763/2745 1746/1759/2741
f  1746/1759/2741 1750/1763/2745 1747/1760/2742
f  1751/1764/2746 1752/1765/2747 1745/1758/2740
f  1751/1764/2746 1745/1758/2740 1744/1757/2739
f  1752/1765/2747 1749/1762/2744 1745/1758/2740
f  1752/1765/2747 1753/1766/2748 1749/1762/2744
f  1753/1766/2748 1754/1767/2749 1749/1762/2744
f  1749/1762/2744 1754/1767/2749 1750/1763/2745
f  1754/1767/2749 1755/1768/2750 1750/1763/2745
f  1750/1763/2745 1755/1768/2750 1756/1769/2751
f  1750/1763/2745 1756/1769/2751 1747/1760/2742
f  1753/1766/2748 1757/1770/2752 1754/1767/2749
f  1757/1770/2752 1758/1771/2753 1754/1767/2749
f  1754/1767/2749 1758/1771/2753 1755/1768/2750
f  1753/1766/2748 1752/1765/2747 1664/1772/2659
f  1757/1770/2752 1753/1766/2748 1664/1773/2659
f  1752/1765/2747 1751/1764/2746 1664/1774/2659
f  1759/1775/2754 1751/1764/2746 1744/1757/2739
f  1751/1764/2746 1759/1775/2754 1664/1776/2659
f  1760/1777/2755 1759/1775/2754 1743/1756/2738
f  1759/1775/2754 1744/1757/2739 1743/1756/2738
f  1759/1775/2754 1760/1777/2755 1664/1778/2659
f  1761/1779/2756 1760/1777/2755 1762/1780/2757
f  1760/1777/2755 1743/1756/2738 1762/1780/2757
f  1760/1777/2755 1761/1779/2756 1664/1781/2659
f  1762/1780/2757 1743/1756/2738 1736/1749/2731
f  1761/1779/2756 1762/1780/2757 1763/1782/2758
f  1763/1782/2758 1762/1780/2757 1735/1748/2730
f  1762/1780/2757 1736/1749/2731 1735/1748/2730
f  1764/1783/2759 1761/1779/2756 1763/1782/2758
f  1761/1779/2756 1764/1783/2759 1664/1784/2659
f  1764/1783/2759 1763/1782/2758 1765/1785/2760
f  1765/1785/2760 1763/1782/2758 1766/1786/2761
f  1763/1782/2758 1735/1748/2730 1766/1786/2761
f  1766/1786/2761 1735/1748/2730 1728/1741/2723
f  1765/1785/2760 1766/1786/2761 1767/1787/2762
f  1767/1787/2762 1766/1786/2761 1727/1740/2722
f  1766/1786/2761 1728/1741/2723 1727/1740/2722
f  1768/1788/2763 1764/1783/2759 1765/1785/2760
f  1768/1788/2763 1765/1785/2760 1769/1789/2764
f  1769/1789/2764 1765/1785/2760 1767/1787/2762
f  1764/1783/2759 1768/1788/2763 1664/1790/2659
f  1770/1791/2765 1768/1788/2763 1769/1789/2764
f  1768/1788/2763 1770/1791/2765 1664/1792/2659
f  1770/1791/2765 1769/1789/2764 1771/1793/2766
f  1771/1793/2766 1769/1789/2764 1772/1794/2767
f  1769/1789/2764 1767/1787/2762 1772/1794/2767
f  1773/1795/2768 1770/1791/2765 1771/1793/2766
f  1770/1791/2765 1773/1795/2768 1664/1796/2659
f  1773/1795/2768 1771/1793/2766 1774/1797/2769
f  1774/1797/2769 1771/1793/2766 1775/1798/2770
f  1771/1793/2766 1772/1794/2767 1775/1798/2770
f  1775/1798/2770 1772/1794/2767 1776/1799/2771
f  1772/1794/2767 1767/1787/2762 1777/1800/2772
f  1772/1794/2767 1777/1800/2772 1776/1799/2771
f  1774/1797/2769 1775/1798/2770 1778/1801/2773
f  1778/1801/2773 1775/1798/2770 1779/1802/2774
f  1775/1798/2770 1776/1799/2771 1779/1802/2774
f  1779/1802/2774 1776/1799/2771 1780/1803/2775
f  1776/1799/2771 1777/1800/2772 1719/1732/2714
f  1776/1799/2771 1719/1732/2714 1780/1803/2775
f  1767/1787/2762 1727/1740/2722 1777/1800/2772
f  1777/1800/2772 1727/1740/2722 1720/1733/2715
f  1777/1800/2772 1720/1733/2715 1719/1732/2714
f  1780/1803/2775 1719/1732/2714 1712/1725/2707
f  1779/1802/2774 1780/1803/2775 1781/1804/2776
f  1781/1804/2776 1780/1803/2775 1711/1724/2706
f  1780/1803/2775 1712/1725/2707 1711/1724/2706
f  1778/1801/2773 1779/1802/2774 1782/1805/2777
f  1782/1805/2777 1779/1802/2774 1781/1804/2776
f  1782/1805/2777 1781/1804/2776 1680/1693/2675
f  1680/1693/2675 1781/1804/2776 1783/1806/2778
f  1781/1804/2776 1711/1724/2706 1783/1806/2778
f  1783/1806/2778 1711/1724/2706 1701/1714/2696
f  1680/1693/2675 1783/1806/2778 1681/1694/2676
f  1681/1694/2676 1783/1806/2778 1688/1701/2683
f  1783/1806/2778 1701/1714/2696 1688/1701/2683
f  1673/1686/2668 1782/1805/2777 1680/1693/2675
f  1672/1685/2667 1778/1801/2773 1782/1805/2777
f  1672/1685/2667 1782/1805/2777 1673/1686/2668
f  1666/1678/2661 1784/1807/2779 1672/1685/2667
f  1784/1807/2779 1778/1801/2773 1672/1685/2667
f  1784/1807/2779 1774/1797/2769 1778/1801/2773
f  1665/1677/2660 1785/1808/2780 1784/1807/2779
f  1665/1677/2660 1784/1807/2779 1666/1678/2661
f  1785/1808/2780 1774/1797/2769 1784/1807/2779
f  1785/1808/2780 1773/1795/2768 1774/1797/2769
f  1785/1808/2780 1665/1677/2660 1664/1809/2659
f  1773/1795/2768 1785/1808/2780 1664/1810/2659
f  1757/1770/2752 1786/1811/2781 1758/1771/2753
f  1786/1811/2781 1757/1770/2752 1664/1812/2659
f  1786/1811/2781 1787/1813/2782 1788/1814/2783
f  1786/1811/2781 1788/1814/2783 1758/1771/2753
f  1787/1813/2782 1786/1811/2781 1664/1815/2659
f  1758/1771/2753 1788/1814/2783 1789/1816/2784
f  1758/1771/2753 1789/1816/2784 1755/1768/2750
f  1787/1813/2782 1790/1817/2785 1788/1814/2783
f  1788/1814/2783 1790/1817/2785 1791/1818/2786
f  1788/1814/2783 1791/1818/2786 1789/1816/2784
f  1787/1813/2782 1792/1819/2787 1790/1817/2785
f  1792/1819/2787 1787/1813/2782 1664/1820/2659
f  1792/1819/2787 1793/1821/2788 1790/1817/2785
f  1790/1817/2785 1793/1821/2788 1794/1822/2789
f  1790/1817/2785 1794/1822/2789 1791/1818/2786
f  1789/1816/2784 1791/1818/2786 1795/1823/2790
f  1791/1818/2786 1794/1822/2789 1796/1824/2791
f  1791/1818/2786 1796/1824/2791 1795/1823/2790
f  1793/1821/2788 1797/1825/2792 1794/1822/2789
f  1794/1822/2789 1797/1825/2792 1798/1826/2793
f  1794/1822/2789 1798/1826/2793 1796/1824/2791
f  1792/1819/2787 1799/1827/2794 1793/1821/2788
f  1799/1827/2794 1800/1828/2795 1793/1821/2788
f  1793/1821/2788 1800/1828/2795 1797/1825/2792
f  1799/1827/2794 1792/1819/2787 1664/1829/2659
f  1799/1827/2794 1801/1830/2796 1800/1828/2795
f  1801/1830/2796 1799/1827/2794 1664/1831/2659
f  1801/1830/2796 1663/1832/2658 1800/1828/2795
f  1800/1828/2795 1663/1832/2658 1669/1833/2664
f  1800/1828/2795 1669/1833/2664 1797/1825/2792
f  1801/1830/2796 1660/1834/2655 1663/1832/2658
f  1660/1834/2655 1801/1830/2796 1664/1835/2659
f  1797/1825/2792 1669/1833/2664 1676/1836/2671
f  1797/1825/2792 1676/1836/2671 1798/1826/2793
f  1798/1826/2793 1676/1836/2671 1802/1837/2797
f  1798/1826/2793 1802/1837/2797 1803/1838/2798
f  1803/1838/2798 1802/1837/2797 1804/1839/2799
f  1796/1824/2791 1798/1826/2793 1803/1838/2798
f  1796/1824/2791 1803/1838/2798 1805/1840/2800
f  1805/1840/2800 1803/1838/2798 1806/1841/2801
f  1803/1838/2798 1804/1839/2799 1806/1841/2801
f  1806/1841/2801 1804/1839/2799 1807/1842/2802
f  1805/1840/2800 1806/1841/2801 1808/1843/2803
f  1808/1843/2803 1806/1841/2801 1809/1844/2804
f  1806/1841/2801 1807/1842/2802 1809/1844/2804
f  1795/1823/2790 1796/1824/2791 1805/1840/2800
f  1795/1823/2790 1805/1840/2800 1810/1845/2805
f  1810/1845/2805 1805/1840/2800 1808/1843/2803
f  1810/1845/2805 1808/1843/2803 1811/1846/2806
f  1811/1846/2806 1808/1843/2803 1812/1847/2807
f  1808/1843/2803 1809/1844/2804 1812/1847/2807
f  1812/1847/2807 1809/1844/2804 1813/1848/2808
f  1809/1844/2804 1807/1842/2802 1814/1849/2809
f  1809/1844/2804 1814/1849/2809 1813/1848/2808
f  1811/1846/2806 1812/1847/2807 1815/1850/2810
f  1815/1850/2810 1812/1847/2807 1816/1851/2811
f  1812/1847/2807 1813/1848/2808 1816/1851/2811
f  1817/1852/2812 1810/1845/2805 1811/1846/2806
f  1817/1852/2812 1811/1846/2806 1818/1853/2813
f  1818/1853/2813 1811/1846/2806 1815/1850/2810
f  1818/1853/2813 1815/1850/2810 1819/1854/2814
f  1819/1854/2814 1815/1850/2810 1820/1855/2815
f  1815/1850/2810 1816/1851/2811 1820/1855/2815
f  1820/1855/2815 1816/1851/2811 1821/1856/2816
f  1816/1851/2811 1813/1848/2808 1822/1857/2817
f  1816/1851/2811 1822/1857/2817 1821/1856/2816
f  1819/1854/2814 1820/1855/2815 1823/1858/2818
f  1823/1858/2818 1820/1855/2815 1824/1859/2819
f  1820/1855/2815 1821/1856/2816 1824/1859/2819
f  1825/1860/2820 1818/1853/2813 1819/1854/2814
f  1825/1860/2820 1819/1854/2814 1826/1861/2821
f  1826/1861/2821 1819/1854/2814 1823/1858/2818
f  1826/1861/2821 1823/1858/2818 1827/1862/2822
f  1827/1862/2822 1823/1858/2818 1828/1863/2823
f  1823/1858/2818 1824/1859/2819 1828/1863/2823
f  1828/1863/2823 1824/1859/2819 1829/1864/2824
f  1824/1859/2819 1821/1856/2816 1830/1865/2825
f  1824/1859/2819 1830/1865/2825 1829/1864/2824
f  1827/1862/2822 1828/1863/2823 1831/1866/2826
f  1831/1866/2826 1828/1863/2823 1832/1867/2827
f  1828/1863/2823 1829/1864/2824 1832/1867/2827
f  1833/1868/2828 1826/1861/2821 1827/1862/2822
f  1833/1868/2828 1827/1862/2822 1834/1869/2829
f  1834/1869/2829 1827/1862/2822 1831/1866/2826
f  1834/1869/2829 1831/1866/2826 1835/1870/2830
f  1835/1870/2830 1831/1866/2826 1836/1871/2831
f  1831/1866/2826 1832/1867/2827 1836/1871/2831
f  1837/1872/2832 1833/1868/2828 1834/1869/2829
f  1837/1872/2832 1834/1869/2829 1838/1873/2833
f  1838/1873/2833 1834/1869/2829 1835/1870/2830
f  1740/1753/2735 1839/1874/2834 1833/1868/2828
f  1740/1753/2735 1833/1868/2828 1837/1872/2832
f  1839/1874/2834 1826/1861/2821 1833/1868/2828
f  1731/1744/2726 1740/1753/2735 1837/1872/2832
f  1731/1744/2726 1837/1872/2832 1732/1745/2727
f  1732/1745/2727 1837/1872/2832 1838/1873/2833
f  1732/1745/2727 1838/1873/2833 1840/1875/2835
f  1840/1875/2835 1838/1873/2833 1841/1876/2836
f  1838/1873/2833 1835/1870/2830 1841/1876/2836
f  1723/1736/2718 1732/1745/2727 1840/1875/2835
f  1723/1736/2718 1840/1875/2835 1724/1737/2719
f  1724/1737/2719 1840/1875/2835 1842/1877/2837
f  1840/1875/2835 1841/1876/2836 1842/1877/2837
f  1842/1877/2837 1841/1876/2836 1843/1878/2838
f  1841/1876/2836 1835/1870/2830 1844/1879/2839
f  1841/1876/2836 1844/1879/2839 1843/1878/2838
f  1724/1737/2719 1842/1877/2837 1845/1880/2840
f  1845/1880/2840 1842/1877/2837 1846/1881/2841
f  1842/1877/2837 1843/1878/2838 1846/1881/2841
f  1715/1728/2710 1724/1737/2719 1845/1880/2840
f  1715/1728/2710 1845/1880/2840 1716/1729/2711
f  1716/1729/2711 1845/1880/2840 1847/1882/2842
f  1845/1880/2840 1846/1881/2841 1847/1882/2842
f  1707/1720/2702 1716/1729/2711 1848/1883/2843
f  1716/1729/2711 1847/1882/2842 1848/1883/2843
f  1707/1720/2702 1848/1883/2843 1708/1721/2703
f  1835/1870/2830 1836/1871/2831 1844/1879/2839
f  1739/1752/2734 1839/1874/2834 1740/1753/2735
f  1739/1752/2734 1748/1761/2743 1839/1874/2834
f  1748/1761/2743 1825/1860/2820 1839/1874/2834
f  1839/1874/2834 1825/1860/2820 1826/1861/2821
f  1747/1760/2742 1849/1884/2844 1748/1761/2743
f  1748/1761/2743 1849/1884/2844 1825/1860/2820
f  1849/1884/2844 1818/1853/2813 1825/1860/2820
f  1747/1760/2742 1756/1769/2751 1849/1884/2844
f  1756/1769/2751 1817/1852/2812 1849/1884/2844
f  1849/1884/2844 1817/1852/2812 1818/1853/2813
f  1755/1768/2750 1850/1885/2845 1756/1769/2751
f  1756/1769/2751 1850/1885/2845 1817/1852/2812
f  1850/1885/2845 1810/1845/2805 1817/1852/2812
f  1755/1768/2750 1789/1816/2784 1850/1885/2845
f  1789/1816/2784 1795/1823/2790 1850/1885/2845
f  1850/1885/2845 1795/1823/2790 1810/1845/2805
f  1821/1856/2816 1851/1886/2846 1830/1865/2825
f  1821/1856/2816 1822/1857/2817 1851/1886/2846
f  1822/1857/2817 1852/1887/2847 1851/1886/2846
f  1813/1848/2808 1853/1888/2848 1822/1857/2817
f  1822/1857/2817 1853/1888/2848 1852/1887/2847
f  1813/1848/2808 1814/1849/2809 1853/1888/2848
f  1693/1706/2688 1694/1707/2689 1854/1889/2849
f  1692/1705/2687 1693/1706/2688 1855/1890/2850
f  1855/1890/2850 1693/1706/2688 1854/1889/2849
f  1855/1890/2850 1854/1889/2849 1856/1891/2851
f  1857/1892/2852 1692/1705/2687 1855/1890/2850
f  1857/1892/2852 1855/1890/2850 1858/1893/2853
f  1858/1893/2853 1855/1890/2850 1856/1891/2851
f  1859/1894/2854 1685/1698/2680 1692/1705/2687
f  1859/1894/2854 1692/1705/2687 1857/1892/2852
f  1807/1895/2802 1859/1894/2854 1857/1892/2852
f  1807/1895/2802 1857/1892/2852 1814/1896/2809
f  1814/1896/2809 1857/1892/2852 1858/1893/2853
f  1814/1896/2809 1858/1893/2853 1853/1897/2848
f  1853/1897/2848 1858/1893/2853 1860/1898/2855
f  1858/1893/2853 1856/1891/2851 1860/1898/2855
f  1853/1897/2848 1860/1898/2855 1852/1899/2847
f  1804/1900/2799 1859/1894/2854 1807/1895/2802
f  1804/1900/2799 1684/1697/2679 1859/1894/2854
f  1684/1697/2679 1685/1698/2680 1859/1894/2854
f  1802/1901/2797 1684/1697/2679 1804/1900/2799
f  1802/1901/2797 1677/1690/2672 1684/1697/2679
f  1676/1689/2671 1677/1690/2672 1802/1901/2797

# Mesh 'engine4' with 380 faces
g engine4
usemtl engine8
f  1861/1672/2856 1862/1673/2857 1863/1674/2858
f  1861/1672/2856 1863/1674/2858 1864/1675/2859
f  1862/1673/2857 1861/1672/2856 1865/1676/2860
f  1862/1673/2857 1866/1677/2861 1867/1678/2862
f  1862/1673/2857 1867/1678/2862 1863/1674/2858
f  1866/1677/2861 1862/1673/2857 1865/1679/2860
f  1864/1675/2859 1863/1674/2858 1868/1680/2863
f  1863/1674/2858 1867/1678/2862 1869/1681/2864
f  1863/1674/2858 1869/1681/2864 1868/1680/2863
f  1864/1675/2859 1868/1680/2863 1870/1682/2865
f  1870/1682/2865 1868/1680/2863 1871/1683/2866
f  1868/1680/2863 1869/1681/2864 1872/1684/2867
f  1868/1680/2863 1872/1684/2867 1871/1683/2866
f  1867/1678/2862 1873/1685/2868 1869/1681/2864
f  1869/1681/2864 1873/1685/2868 1874/1686/2869
f  1869/1681/2864 1874/1686/2869 1872/1684/2867
f  1871/1683/2866 1872/1684/2867 1875/1687/2870
f  1872/1684/2867 1874/1686/2869 1876/1688/2871
f  1872/1684/2867 1876/1688/2871 1875/1687/2870
f  1870/1682/2865 1871/1683/2866 1877/1689/2872
f  1877/1689/2872 1871/1683/2866 1878/1690/2873
f  1871/1683/2866 1875/1687/2870 1878/1690/2873
f  1878/1690/2873 1875/1687/2870 1879/1691/2874
f  1875/1687/2870 1876/1688/2871 1880/1692/2875
f  1875/1687/2870 1880/1692/2875 1879/1691/2874
f  1874/1686/2869 1881/1693/2876 1876/1688/2871
f  1876/1688/2871 1881/1693/2876 1882/1694/2877
f  1876/1688/2871 1882/1694/2877 1880/1692/2875
f  1879/1691/2874 1880/1692/2875 1883/1695/2878
f  1880/1692/2875 1882/1694/2877 1884/1696/2879
f  1880/1692/2875 1884/1696/2879 1883/1695/2878
f  1878/1690/2873 1879/1691/2874 1885/1697/2880
f  1885/1697/2880 1879/1691/2874 1886/1698/2881
f  1879/1691/2874 1883/1695/2878 1886/1698/2881
f  1886/1698/2881 1883/1695/2878 1887/1699/2882
f  1883/1695/2878 1884/1696/2879 1888/1700/2883
f  1883/1695/2878 1888/1700/2883 1887/1699/2882
f  1882/1694/2877 1889/1701/2884 1884/1696/2879
f  1884/1696/2879 1889/1701/2884 1890/1702/2885
f  1884/1696/2879 1890/1702/2885 1888/1700/2883
f  1887/1699/2882 1888/1700/2883 1891/1703/2886
f  1888/1700/2883 1890/1702/2885 1892/1704/2887
f  1888/1700/2883 1892/1704/2887 1891/1703/2886
f  1886/1698/2881 1887/1699/2882 1893/1705/2888
f  1893/1705/2888 1887/1699/2882 1894/1706/2889
f  1887/1699/2882 1891/1703/2886 1894/1706/2889
f  1894/1706/2889 1891/1703/2886 1895/1707/2890
f  1891/1703/2886 1892/1704/2887 1896/1708/2891
f  1891/1703/2886 1896/1708/2891 1895/1707/2890
f  1890/1702/2885 1897/1709/2892 1892/1704/2887
f  1892/1704/2887 1897/1709/2892 1898/1710/2893
f  1892/1704/2887 1898/1710/2893 1896/1708/2891
f  1890/1702/2885 1899/1711/2894 1897/1709/2892
f  1899/1711/2894 1900/1712/2895 1897/1709/2892
f  1897/1709/2892 1900/1712/2895 1901/1713/2896
f  1897/1709/2892 1901/1713/2896 1898/1710/2893
f  1889/1701/2884 1902/1714/2897 1899/1711/2894
f  1889/1701/2884 1899/1711/2894 1890/1702/2885
f  1902/1714/2897 1903/1715/2898 1899/1711/2894
f  1899/1711/2894 1903/1715/2898 1900/1712/2895
f  1903/1715/2898 1904/1716/2899 1900/1712/2895
f  1900/1712/2895 1904/1716/2899 1905/1717/2900
f  1900/1712/2895 1905/1717/2900 1901/1713/2896
f  1902/1714/2897 1906/1718/2901 1903/1715/2898
f  1906/1718/2901 1907/1719/2902 1903/1715/2898
f  1903/1715/2898 1907/1719/2902 1904/1716/2899
f  1907/1719/2902 1908/1720/2903 1904/1716/2899
f  1904/1716/2899 1908/1720/2903 1909/1721/2904
f  1904/1716/2899 1909/1721/2904 1905/1717/2900
f  1906/1718/2901 1910/1722/2905 1907/1719/2902
f  1910/1722/2905 1911/1723/2906 1907/1719/2902
f  1907/1719/2902 1911/1723/2906 1908/1720/2903
f  1912/1724/2907 1913/1725/2908 1906/1718/2901
f  1912/1724/2907 1906/1718/2901 1902/1714/2897
f  1913/1725/2908 1910/1722/2905 1906/1718/2901
f  1913/1725/2908 1914/1726/2909 1910/1722/2905
f  1914/1726/2909 1915/1727/2910 1910/1722/2905
f  1910/1722/2905 1915/1727/2910 1911/1723/2906
f  1915/1727/2910 1916/1728/2911 1911/1723/2906
f  1911/1723/2906 1916/1728/2911 1917/1729/2912
f  1911/1723/2906 1917/1729/2912 1908/1720/2903
f  1914/1726/2909 1918/1730/2913 1915/1727/2910
f  1918/1730/2913 1919/1731/2914 1915/1727/2910
f  1915/1727/2910 1919/1731/2914 1916/1728/2911
f  1920/1732/2915 1921/1733/2916 1914/1726/2909
f  1920/1732/2915 1914/1726/2909 1913/1725/2908
f  1921/1733/2916 1918/1730/2913 1914/1726/2909
f  1921/1733/2916 1922/1734/2917 1918/1730/2913
f  1922/1734/2917 1923/1735/2918 1918/1730/2913
f  1918/1730/2913 1923/1735/2918 1919/1731/2914
f  1923/1735/2918 1924/1736/2919 1919/1731/2914
f  1919/1731/2914 1924/1736/2919 1925/1737/2920
f  1919/1731/2914 1925/1737/2920 1916/1728/2911
f  1922/1734/2917 1926/1738/2921 1923/1735/2918
f  1926/1738/2921 1927/1739/2922 1923/1735/2918
f  1923/1735/2918 1927/1739/2922 1924/1736/2919
f  1928/1740/2923 1929/1741/2924 1922/1734/2917
f  1928/1740/2923 1922/1734/2917 1921/1733/2916
f  1929/1741/2924 1926/1738/2921 1922/1734/2917
f  1929/1741/2924 1930/1742/2925 1926/1738/2921
f  1930/1742/2925 1931/1743/2926 1926/1738/2921
f  1926/1738/2921 1931/1743/2926 1927/1739/2922
f  1931/1743/2926 1932/1744/2927 1927/1739/2922
f  1927/1739/2922 1932/1744/2927 1933/1745/2928
f  1927/1739/2922 1933/1745/2928 1924/1736/2919
f  1930/1742/2925 1934/1746/2929 1931/1743/2926
f  1934/1746/2929 1935/1747/2930 1931/1743/2926
f  1931/1743/2926 1935/1747/2930 1932/1744/2927
f  1936/1748/2931 1937/1749/2932 1930/1742/2925
f  1936/1748/2931 1930/1742/2925 1929/1741/2924
f  1937/1749/2932 1934/1746/2929 1930/1742/2925
f  1937/1749/2932 1938/1750/2933 1934/1746/2929
f  1938/1750/2933 1939/1751/2934 1934/1746/2929
f  1934/1746/2929 1939/1751/2934 1935/1747/2930
f  1939/1751/2934 1940/1752/2935 1935/1747/2930
f  1935/1747/2930 1940/1752/2935 1941/1753/2936
f  1935/1747/2930 1941/1753/2936 1932/1744/2927
f  1938/1750/2933 1942/1754/2937 1939/1751/2934
f  1942/1754/2937 1943/1755/2938 1939/1751/2934
f  1939/1751/2934 1943/1755/2938 1940/1752/2935
f  1944/1756/2939 1945/1757/2940 1938/1750/2933
f  1944/1756/2939 1938/1750/2933 1937/1749/2932
f  1945/1757/2940 1942/1754/2937 1938/1750/2933
f  1945/1757/2940 1946/1758/2941 1942/1754/2937
f  1946/1758/2941 1947/1759/2942 1942/1754/2937
f  1942/1754/2937 1947/1759/2942 1943/1755/2938
f  1947/1759/2942 1948/1760/2943 1943/1755/2938
f  1943/1755/2938 1948/1760/2943 1949/1761/2944
f  1943/1755/2938 1949/1761/2944 1940/1752/2935
f  1946/1758/2941 1950/1762/2945 1947/1759/2942
f  1950/1762/2945 1951/1763/2946 1947/1759/2942
f  1947/1759/2942 1951/1763/2946 1948/1760/2943
f  1952/1764/2947 1953/1765/2948 1946/1758/2941
f  1952/1764/2947 1946/1758/2941 1945/1757/2940
f  1953/1765/2948 1950/1762/2945 1946/1758/2941
f  1953/1765/2948 1954/1766/2949 1950/1762/2945
f  1954/1766/2949 1955/1767/2950 1950/1762/2945
f  1950/1762/2945 1955/1767/2950 1951/1763/2946
f  1955/1767/2950 1956/1768/2951 1951/1763/2946
f  1951/1763/2946 1956/1768/2951 1957/1769/2952
f  1951/1763/2946 1957/1769/2952 1948/1760/2943
f  1954/1766/2949 1958/1770/2953 1955/1767/2950
f  1958/1770/2953 1959/1771/2954 1955/1767/2950
f  1955/1767/2950 1959/1771/2954 1956/1768/2951
f  1954/1766/2949 1953/1765/2948 1865/1772/2860
f  1958/1770/2953 1954/1766/2949 1865/1773/2860
f  1953/1765/2948 1952/1764/2947 1865/1774/2860
f  1960/1775/2955 1952/1764/2947 1945/1757/2940
f  1952/1764/2947 1960/1775/2955 1865/1776/2860
f  1961/1777/2956 1960/1775/2955 1944/1756/2939
f  1960/1775/2955 1945/1757/2940 1944/1756/2939
f  1960/1775/2955 1961/1777/2956 1865/1778/2860
f  1962/1779/2957 1961/1777/2956 1963/1780/2958
f  1961/1777/2956 1944/1756/2939 1963/1780/2958
f  1961/1777/2956 1962/1779/2957 1865/1781/2860
f  1963/1780/2958 1944/1756/2939 1937/1749/2932
f  1962/1779/2957 1963/1780/2958 1964/1782/2959
f  1964/1782/2959 1963/1780/2958 1936/1748/2931
f  1963/1780/2958 1937/1749/2932 1936/1748/2931
f  1965/1783/2960 1962/1779/2957 1964/1782/2959
f  1962/1779/2957 1965/1783/2960 1865/1784/2860
f  1965/1783/2960 1964/1782/2959 1966/1785/2961
f  1966/1785/2961 1964/1782/2959 1967/1786/2962
f  1964/1782/2959 1936/1748/2931 1967/1786/2962
f  1967/1786/2962 1936/1748/2931 1929/1741/2924
f  1966/1785/2961 1967/1786/2962 1968/1787/2963
f  1968/1787/2963 1967/1786/2962 1928/1740/2923
f  1967/1786/2962 1929/1741/2924 1928/1740/2923
f  1969/1788/2964 1965/1783/2960 1966/1785/2961
f  1969/1788/2964 1966/1785/2961 1970/1789/2965
f  1970/1789/2965 1966/1785/2961 1968/1787/2963
f  1965/1783/2960 1969/1788/2964 1865/1790/2860
f  1971/1791/2966 1969/1788/2964 1970/1789/2965
f  1969/1788/2964 1971/1791/2966 1865/1792/2860
f  1971/1791/2966 1970/1789/2965 1972/1793/2967
f  1972/1793/2967 1970/1789/2965 1973/1794/2968
f  1970/1789/2965 1968/1787/2963 1973/1794/2968
f  1974/1795/2969 1971/1791/2966 1972/1793/2967
f  1971/1791/2966 1974/1795/2969 1865/1796/2860
f  1974/1795/2969 1972/1793/2967 1975/1797/2970
f  1975/1797/2970 1972/1793/2967 1976/1798/2971
f  1972/1793/2967 1973/1794/2968 1976/1798/2971
f  1976/1798/2971 1973/1794/2968 1977/1799/2972
f  1973/1794/2968 1968/1787/2963 1978/1800/2973
f  1973/1794/2968 1978/1800/2973 1977/1799/2972
f  1975/1797/2970 1976/1798/2971 1979/1801/2974
f  1979/1801/2974 1976/1798/2971 1980/1802/2975
f  1976/1798/2971 1977/1799/2972 1980/1802/2975
f  1980/1802/2975 1977/1799/2972 1981/1803/2976
f  1977/1799/2972 1978/1800/2973 1920/1732/2915
f  1977/1799/2972 1920/1732/2915 1981/1803/2976
f  1968/1787/2963 1928/1740/2923 1978/1800/2973
f  1978/1800/2973 1928/1740/2923 1921/1733/2916
f  1978/1800/2973 1921/1733/2916 1920/1732/2915
f  1981/1803/2976 1920/1732/2915 1913/1725/2908
f  1980/1802/2975 1981/1803/2976 1982/1804/2977
f  1982/1804/2977 1981/1803/2976 1912/1724/2907
f  1981/1803/2976 1913/1725/2908 1912/1724/2907
f  1979/1801/2974 1980/1802/2975 1983/1805/2978
f  1983/1805/2978 1980/1802/2975 1982/1804/2977
f  1983/1805/2978 1982/1804/2977 1881/1693/2876
f  1881/1693/2876 1982/1804/2977 1984/1806/2979
f  1982/1804/2977 1912/1724/2907 1984/1806/2979
f  1984/1806/2979 1912/1724/2907 1902/1714/2897
f  1881/1693/2876 1984/1806/2979 1882/1694/2877
f  1882/1694/2877 1984/1806/2979 1889/1701/2884
f  1984/1806/2979 1902/1714/2897 1889/1701/2884
f  1874/1686/2869 1983/1805/2978 1881/1693/2876
f  1873/1685/2868 1979/1801/2974 1983/1805/2978
f  1873/1685/2868 1983/1805/2978 1874/1686/2869
f  1867/1678/2862 1985/1807/2980 1873/1685/2868
f  1985/1807/2980 1979/1801/2974 1873/1685/2868
f  1985/1807/2980 1975/1797/2970 1979/1801/2974
f  1866/1677/2861 1986/1808/2981 1985/1807/2980
f  1866/1677/2861 1985/1807/2980 1867/1678/2862
f  1986/1808/2981 1975/1797/2970 1985/1807/2980
f  1986/1808/2981 1974/1795/2969 1975/1797/2970
f  1986/1808/2981 1866/1677/2861 1865/1809/2860
f  1974/1795/2969 1986/1808/2981 1865/1810/2860
f  1958/1770/2953 1987/1811/2982 1959/1771/2954
f  1987/1811/2982 1958/1770/2953 1865/1812/2860
f  1987/1811/2982 1988/1813/2983 1989/1814/2984
f  1987/1811/2982 1989/1814/2984 1959/1771/2954
f  1988/1813/2983 1987/1811/2982 1865/1815/2860
f  1959/1771/2954 1989/1814/2984 1990/1816/2985
f  1959/1771/2954 1990/1816/2985 1956/1768/2951
f  1988/1813/2983 1991/1817/2986 1989/1814/2984
f  1989/1814/2984 1991/1817/2986 1992/1818/2987
f  1989/1814/2984 1992/1818/2987 1990/1816/2985
f  1988/1813/2983 1993/1819/2988 1991/1817/2986
f  1993/1819/2988 1988/1813/2983 1865/1820/2860
f  1993/1819/2988 1994/1821/2989 1991/1817/2986
f  1991/1817/2986 1994/1821/2989 1995/1822/2990
f  1991/1817/2986 1995/1822/2990 1992/1818/2987
f  1990/1816/2985 1992/1818/2987 1996/1823/2991
f  1992/1818/2987 1995/1822/2990 1997/1824/2992
f  1992/1818/2987 1997/1824/2992 1996/1823/2991
f  1994/1821/2989 1998/1825/2993 1995/1822/2990
f  1995/1822/2990 1998/1825/2993 1999/1826/2994
f  1995/1822/2990 1999/1826/2994 1997/1824/2992
f  1993/1819/2988 2000/1827/2995 1994/1821/2989
f  2000/1827/2995 2001/1828/2996 1994/1821/2989
f  1994/1821/2989 2001/1828/2996 1998/1825/2993
f  2000/1827/2995 1993/1819/2988 1865/1829/2860
f  2000/1827/2995 2002/1830/2997 2001/1828/2996
f  2002/1830/2997 2000/1827/2995 1865/1831/2860
f  2002/1830/2997 1864/1832/2859 2001/1828/2996
f  2001/1828/2996 1864/1832/2859 1870/1833/2865
f  2001/1828/2996 1870/1833/2865 1998/1825/2993
f  2002/1830/2997 1861/1834/2856 1864/1832/2859
f  1861/1834/2856 2002/1830/2997 1865/1835/2860
f  1998/1825/2993 1870/1833/2865 1877/1836/2872
f  1998/1825/2993 1877/1836/2872 1999/1826/2994
f  1999/1826/2994 1877/1836/2872 2003/1837/2998
f  1999/1826/2994 2003/1837/2998 2004/1838/2999
f  2004/1838/2999 2003/1837/2998 2005/1839/3000
f  1997/1824/2992 1999/1826/2994 2004/1838/2999
f  1997/1824/2992 2004/1838/2999 2006/1840/3001
f  2006/1840/3001 2004/1838/2999 2007/1841/3002
f  2004/1838/2999 2005/1839/3000 2007/1841/3002
f  2007/1841/3002 2005/1839/3000 2008/1842/3003
f  2006/1840/3001 2007/1841/3002 2009/1843/3004
f  2009/1843/3004 2007/1841/3002 2010/1844/3005
f  2007/1841/3002 2008/1842/3003 2010/1844/3005
f  1996/1823/2991 1997/1824/2992 2006/1840/3001
f  1996/1823/2991 2006/1840/3001 2011/1845/3006
f  2011/1845/3006 2006/1840/3001 2009/1843/3004
f  2011/1845/3006 2009/1843/3004 2012/1846/3007
f  2012/1846/3007 2009/1843/3004 2013/1847/3008
f  2009/1843/3004 2010/1844/3005 2013/1847/3008
f  2013/1847/3008 2010/1844/3005 2014/1848/3009
f  2010/1844/3005 2008/1842/3003 2015/1849/3010
f  2010/1844/3005 2015/1849/3010 2014/1848/3009
f  2012/1846/3007 2013/1847/3008 2016/1850/3011
f  2016/1850/3011 2013/1847/3008 2017/1851/3012
f  2013/1847/3008 2014/1848/3009 2017/1851/3012
f  2018/1852/3013 2011/1845/3006 2012/1846/3007
f  2018/1852/3013 2012/1846/3007 2019/1853/3014
f  2019/1853/3014 2012/1846/3007 2016/1850/3011
f  2019/1853/3014 2016/1850/3011 2020/1854/3015
f  2020/1854/3015 2016/1850/3011 2021/1855/3016
f  2016/1850/3011 2017/1851/3012 2021/1855/3016
f  2021/1855/3016 2017/1851/3012 2022/1856/3017
f  2017/1851/3012 2014/1848/3009 2023/1857/3018
f  2017/1851/3012 2023/1857/3018 2022/1856/3017
f  2020/1854/3015 2021/1855/3016 2024/1858/3019
f  2024/1858/3019 2021/1855/3016 2025/1859/3020
f  2021/1855/3016 2022/1856/3017 2025/1859/3020
f  2026/1860/3021 2019/1853/3014 2020/1854/3015
f  2026/1860/3021 2020/1854/3015 2027/1861/3022
f  2027/1861/3022 2020/1854/3015 2024/1858/3019
f  2027/1861/3022 2024/1858/3019 2028/1862/3023
f  2028/1862/3023 2024/1858/3019 2029/1863/3024
f  2024/1858/3019 2025/1859/3020 2029/1863/3024
f  2029/1863/3024 2025/1859/3020 2030/1864/3025
f  2025/1859/3020 2022/1856/3017 2031/1865/3026
f  2025/1859/3020 2031/1865/3026 2030/1864/3025
f  2028/1862/3023 2029/1863/3024 2032/1866/3027
f  2032/1866/3027 2029/1863/3024 2033/1867/3028
f  2029/1863/3024 2030/1864/3025 2033/1867/3028
f  2034/1868/3029 2027/1861/3022 2028/1862/3023
f  2034/1868/3029 2028/1862/3023 2035/1869/3030
f  2035/1869/3030 2028/1862/3023 2032/1866/3027
f  2035/1869/3030 2032/1866/3027 2036/1870/3031
f  2036/1870/3031 2032/1866/3027 2037/1871/3032
f  2032/1866/3027 2033/1867/3028 2037/1871/3032
f  2038/1872/3033 2034/1868/3029 2035/1869/3030
f  2038/1872/3033 2035/1869/3030 2039/1873/3034
f  2039/1873/3034 2035/1869/3030 2036/1870/3031
f  1941/1753/2936 2040/1874/3035 2034/1868/3029
f  1941/1753/2936 2034/1868/3029 2038/1872/3033
f  2040/1874/3035 2027/1861/3022 2034/1868/3029
f  1932/1744/2927 1941/1753/2936 2038/1872/3033
f  1932/1744/2927 2038/1872/3033 1933/1745/2928
f  1933/1745/2928 2038/1872/3033 2039/1873/3034
f  1933/1745/2928 2039/1873/3034 2041/1875/3036
f  2041/1875/3036 2039/1873/3034 2042/1876/3037
f  2039/1873/3034 2036/1870/3031 2042/1876/3037
f  1924/1736/2919 1933/1745/2928 2041/1875/3036
f  1924/1736/2919 2041/1875/3036 1925/1737/2920
f  1925/1737/2920 2041/1875/3036 2043/1877/3038
f  2041/1875/3036 2042/1876/3037 2043/1877/3038
f  2043/1877/3038 2042/1876/3037 2044/1878/3039
f  2042/1876/3037 2036/1870/3031 2045/1879/3040
f  2042/1876/3037 2045/1879/3040 2044/1878/3039
f  1925/1737/2920 2043/1877/3038 2046/1880/3041
f  2046/1880/3041 2043/1877/3038 2047/1881/3042
f  2043/1877/3038 2044/1878/3039 2047/1881/3042
f  1916/1728/2911 1925/1737/2920 2046/1880/3041
f  1916/1728/2911 2046/1880/3041 1917/1729/2912
f  1917/1729/2912 2046/1880/3041 2048/1882/3043
f  2046/1880/3041 2047/1881/3042 2048/1882/3043
f  1908/1720/2903 1917/1729/2912 2049/1883/3044
f  1917/1729/2912 2048/1882/3043 2049/1883/3044
f  1908/1720/2903 2049/1883/3044 1909/1721/2904
f  2036/1870/3031 2037/1871/3032 2045/1879/3040
f  1940/1752/2935 2040/1874/3035 1941/1753/2936
f  1940/1752/2935 1949/1761/2944 2040/1874/3035
f  1949/1761/2944 2026/1860/3021 2040/1874/3035
f  2040/1874/3035 2026/1860/3021 2027/1861/3022
f  1948/1760/2943 2050/1884/3045 1949/1761/2944
f  1949/1761/2944 2050/1884/3045 2026/1860/3021
f  2050/1884/3045 2019/1853/3014 2026/1860/3021
f  1948/1760/2943 1957/1769/2952 2050/1884/3045
f  1957/1769/2952 2018/1852/3013 2050/1884/3045
f  2050/1884/3045 2018/1852/3013 2019/1853/3014
f  1956/1768/2951 2051/1885/3046 1957/1769/2952
f  1957/1769/2952 2051/1885/3046 2018/1852/3013
f  2051/1885/3046 2011/1845/3006 2018/1852/3013
f  1956/1768/2951 1990/1816/2985 2051/1885/3046
f  1990/1816/2985 1996/1823/2991 2051/1885/3046
f  2051/1885/3046 1996/1823/2991 2011/1845/3006
f  2022/1856/3017 2052/1886/3047 2031/1865/3026
f  2022/1856/3017 2023/1857/3018 2052/1886/3047
f  2023/1857/3018 2053/1887/3048 2052/1886/3047
f  2014/1848/3009 2054/1888/3049 2023/1857/3018
f  2023/1857/3018 2054/1888/3049 2053/1887/3048
f  2014/1848/3009 2015/1849/3010 2054/1888/3049
f  1894/1706/2889 1895/1707/2890 2055/1889/3050
f  1893/1705/2888 1894/1706/2889 2056/1890/3051
f  2056/1890/3051 1894/1706/2889 2055/1889/3050
f  2056/1890/3051 2055/1889/3050 2057/1891/3052
f  2058/1892/3053 1893/1705/2888 2056/1890/3051
f  2058/1892/3053 2056/1890/3051 2059/1893/3054
f  2059/1893/3054 2056/1890/3051 2057/1891/3052
f  2060/1894/3055 1886/1698/2881 1893/1705/2888
f  2060/1894/3055 1893/1705/2888 2058/1892/3053
f  2008/1895/3003 2060/1894/3055 2058/1892/3053
f  2008/1895/3003 2058/1892/3053 2015/1896/3010
f  2015/1896/3010 2058/1892/3053 2059/1893/3054
f  2015/1896/3010 2059/1893/3054 2054/1897/3049
f  2054/1897/3049 2059/1893/3054 2061/1898/3056
f  2059/1893/3054 2057/1891/3052 2061/1898/3056
f  2054/1897/3049 2061/1898/3056 2053/1899/3048
f  2005/1900/3000 2060/1894/3055 2008/1895/3003
f  2005/1900/3000 1885/1697/2880 2060/1894/3055
f  1885/1697/2880 1886/1698/2881 2060/1894/3055
f  2003/1901/2998 1885/1697/2880 2005/1900/3000
f  2003/1901/2998 1878/1690/2873 1885/1697/2880
f  1877/1689/2872 1878/1690/2873 2003/1901/2998

# Mesh 'engine5' with 380 faces
g engine5
usemtl engine8
f  2062/1672/3057 2063/1673/3058 2064/1674/3059
f  2062/1672/3057 2064/1674/3059 2065/1675/3060
f  2063/1673/3058 2062/1672/3057 2066/1676/3061
f  2063/1673/3058 2067/1677/3062 2068/1678/3063
f  2063/1673/3058 2068/1678/3063 2064/1674/3059
f  2067/1677/3062 2063/1673/3058 2066/1679/3061
f  2065/1675/3060 2064/1674/3059 2069/1680/3064
f  2064/1674/3059 2068/1678/3063 2070/1681/3065
f  2064/1674/3059 2070/1681/3065 2069/1680/3064
f  2065/1675/3060 2069/1680/3064 2071/1682/3066
f  2071/1682/3066 2069/1680/3064 2072/1683/3067
f  2069/1680/3064 2070/1681/3065 2073/1684/3068
f  2069/1680/3064 2073/1684/3068 2072/1683/3067
f  2068/1678/3063 2074/1685/3069 2070/1681/3065
f  2070/1681/3065 2074/1685/3069 2075/1686/3070
f  2070/1681/3065 2075/1686/3070 2073/1684/3068
f  2072/1683/3067 2073/1684/3068 2076/1687/3071
f  2073/1684/3068 2075/1686/3070 2077/1688/3072
f  2073/1684/3068 2077/1688/3072 2076/1687/3071
f  2071/1682/3066 2072/1683/3067 2078/1689/3073
f  2078/1689/3073 2072/1683/3067 2079/1690/3074
f  2072/1683/3067 2076/1687/3071 2079/1690/3074
f  2079/1690/3074 2076/1687/3071 2080/1691/3075
f  2076/1687/3071 2077/1688/3072 2081/1692/3076
f  2076/1687/3071 2081/1692/3076 2080/1691/3075
f  2075/1686/3070 2082/1693/3077 2077/1688/3072
f  2077/1688/3072 2082/1693/3077 2083/1694/3078
f  2077/1688/3072 2083/1694/3078 2081/1692/3076
f  2080/1691/3075 2081/1692/3076 2084/1695/3079
f  2081/1692/3076 2083/1694/3078 2085/1696/3080
f  2081/1692/3076 2085/1696/3080 2084/1695/3079
f  2079/1690/3074 2080/1691/3075 2086/1697/3081
f  2086/1697/3081 2080/1691/3075 2087/1698/3082
f  2080/1691/3075 2084/1695/3079 2087/1698/3082
f  2087/1698/3082 2084/1695/3079 2088/1699/3083
f  2084/1695/3079 2085/1696/3080 2089/1700/3084
f  2084/1695/3079 2089/1700/3084 2088/1699/3083
f  2083/1694/3078 2090/1701/3085 2085/1696/3080
f  2085/1696/3080 2090/1701/3085 2091/1702/3086
f  2085/1696/3080 2091/1702/3086 2089/1700/3084
f  2088/1699/3083 2089/1700/3084 2092/1703/3087
f  2089/1700/3084 2091/1702/3086 2093/1704/3088
f  2089/1700/3084 2093/1704/3088 2092/1703/3087
f  2087/1698/3082 2088/1699/3083 2094/1705/3089
f  2094/1705/3089 2088/1699/3083 2095/1706/3090
f  2088/1699/3083 2092/1703/3087 2095/1706/3090
f  2095/1706/3090 2092/1703/3087 2096/1707/3091
f  2092/1703/3087 2093/1704/3088 2097/1708/3092
f  2092/1703/3087 2097/1708/3092 2096/1707/3091
f  2091/1702/3086 2098/1709/3093 2093/1704/3088
f  2093/1704/3088 2098/1709/3093 2099/1710/3094
f  2093/1704/3088 2099/1710/3094 2097/1708/3092
f  2091/1702/3086 2100/1711/3095 2098/1709/3093
f  2100/1711/3095 2101/1712/3096 2098/1709/3093
f  2098/1709/3093 2101/1712/3096 2102/1713/3097
f  2098/1709/3093 2102/1713/3097 2099/1710/3094
f  2090/1701/3085 2103/1714/3098 2100/1711/3095
f  2090/1701/3085 2100/1711/3095 2091/1702/3086
f  2103/1714/3098 2104/1715/3099 2100/1711/3095
f  2100/1711/3095 2104/1715/3099 2101/1712/3096
f  2104/1715/3099 2105/1716/3100 2101/1712/3096
f  2101/1712/3096 2105/1716/3100 2106/1717/3101
f  2101/1712/3096 2106/1717/3101 2102/1713/3097
f  2103/1714/3098 2107/1718/3102 2104/1715/3099
f  2107/1718/3102 2108/1719/3103 2104/1715/3099
f  2104/1715/3099 2108/1719/3103 2105/1716/3100
f  2108/1719/3103 2109/1720/3104 2105/1716/3100
f  2105/1716/3100 2109/1720/3104 2110/1721/3105
f  2105/1716/3100 2110/1721/3105 2106/1717/3101
f  2107/1718/3102 2111/1722/3106 2108/1719/3103
f  2111/1722/3106 2112/1723/3107 2108/1719/3103
f  2108/1719/3103 2112/1723/3107 2109/1720/3104
f  2113/1724/3108 2114/1725/3109 2107/1718/3102
f  2113/1724/3108 2107/1718/3102 2103/1714/3098
f  2114/1725/3109 2111/1722/3106 2107/1718/3102
f  2114/1725/3109 2115/1726/3110 2111/1722/3106
f  2115/1726/3110 2116/1727/3111 2111/1722/3106
f  2111/1722/3106 2116/1727/3111 2112/1723/3107
f  2116/1727/3111 2117/1728/3112 2112/1723/3107
f  2112/1723/3107 2117/1728/3112 2118/1729/3113
f  2112/1723/3107 2118/1729/3113 2109/1720/3104
f  2115/1726/3110 2119/1730/3114 2116/1727/3111
f  2119/1730/3114 2120/1731/3115 2116/1727/3111
f  2116/1727/3111 2120/1731/3115 2117/1728/3112
f  2121/1732/3116 2122/1733/3117 2115/1726/3110
f  2121/1732/3116 2115/1726/3110 2114/1725/3109
f  2122/1733/3117 2119/1730/3114 2115/1726/3110
f  2122/1733/3117 2123/1734/3118 2119/1730/3114
f  2123/1734/3118 2124/1735/3119 2119/1730/3114
f  2119/1730/3114 2124/1735/3119 2120/1731/3115
f  2124/1735/3119 2125/1736/3120 2120/1731/3115
f  2120/1731/3115 2125/1736/3120 2126/1737/3121
f  2120/1731/3115 2126/1737/3121 2117/1728/3112
f  2123/1734/3118 2127/1738/3122 2124/1735/3119
f  2127/1738/3122 2128/1739/3123 2124/1735/3119
f  2124/1735/3119 2128/1739/3123 2125/1736/3120
f  2129/1740/3124 2130/1741/3125 2123/1734/3118
f  2129/1740/3124 2123/1734/3118 2122/1733/3117
f  2130/1741/3125 2127/1738/3122 2123/1734/3118
f  2130/1741/3125 2131/1742/3126 2127/1738/3122
f  2131/1742/3126 2132/1743/3127 2127/1738/3122
f  2127/1738/3122 2132/1743/3127 2128/1739/3123
f  2132/1743/3127 2133/1744/3128 2128/1739/3123
f  2128/1739/3123 2133/1744/3128 2134/1745/3129
f  2128/1739/3123 2134/1745/3129 2125/1736/3120
f  2131/1742/3126 2135/1746/3130 2132/1743/3127
f  2135/1746/3130 2136/1747/3131 2132/1743/3127
f  2132/1743/3127 2136/1747/3131 2133/1744/3128
f  2137/1748/3132 2138/1749/3133 2131/1742/3126
f  2137/1748/3132 2131/1742/3126 2130/1741/3125
f  2138/1749/3133 2135/1746/3130 2131/1742/3126
f  2138/1749/3133 2139/1750/3134 2135/1746/3130
f  2139/1750/3134 2140/1751/3135 2135/1746/3130
f  2135/1746/3130 2140/1751/3135 2136/1747/3131
f  2140/1751/3135 2141/1752/3136 2136/1747/3131
f  2136/1747/3131 2141/1752/3136 2142/1753/3137
f  2136/1747/3131 2142/1753/3137 2133/1744/3128
f  2139/1750/3134 2143/1754/3138 2140/1751/3135
f  2143/1754/3138 2144/1755/3139 2140/1751/3135
f  2140/1751/3135 2144/1755/3139 2141/1752/3136
f  2145/1756/3140 2146/1757/3141 2139/1750/3134
f  2145/1756/3140 2139/1750/3134 2138/1749/3133
f  2146/1757/3141 2143/1754/3138 2139/1750/3134
f  2146/1757/3141 2147/1758/3142 2143/1754/3138
f  2147/1758/3142 2148/1759/3143 2143/1754/3138
f  2143/1754/3138 2148/1759/3143 2144/1755/3139
f  2148/1759/3143 2149/1760/3144 2144/1755/3139
f  2144/1755/3139 2149/1760/3144 2150/1761/3145
f  2144/1755/3139 2150/1761/3145 2141/1752/3136
f  2147/1758/3142 2151/1762/3146 2148/1759/3143
f  2151/1762/3146 2152/1763/3147 2148/1759/3143
f  2148/1759/3143 2152/1763/3147 2149/1760/3144
f  2153/1764/3148 2154/1765/3149 2147/1758/3142
f  2153/1764/3148 2147/1758/3142 2146/1757/3141
f  2154/1765/3149 2151/1762/3146 2147/1758/3142
f  2154/1765/3149 2155/1766/3150 2151/1762/3146
f  2155/1766/3150 2156/1767/3151 2151/1762/3146
f  2151/1762/3146 2156/1767/3151 2152/1763/3147
f  2156/1767/3151 2157/1768/3152 2152/1763/3147
f  2152/1763/3147 2157/1768/3152 2158/1769/3153
f  2152/1763/3147 2158/1769/3153 2149/1760/3144
f  2155/1766/3150 2159/1770/3154 2156/1767/3151
f  2159/1770/3154 2160/1771/3155 2156/1767/3151
f  2156/1767/3151 2160/1771/3155 2157/1768/3152
f  2155/1766/3150 2154/1765/3149 2066/1772/3061
f  2159/1770/3154 2155/1766/3150 2066/1773/3061
f  2154/1765/3149 2153/1764/3148 2066/1774/3061
f  2161/1775/3156 2153/1764/3148 2146/1757/3141
f  2153/1764/3148 2161/1775/3156 2066/1776/3061
f  2162/1777/3157 2161/1775/3156 2145/1756/3140
f  2161/1775/3156 2146/1757/3141 2145/1756/3140
f  2161/1775/3156 2162/1777/3157 2066/1778/3061
f  2163/1779/3158 2162/1777/3157 2164/1780/3159
f  2162/1777/3157 2145/1756/3140 2164/1780/3159
f  2162/1777/3157 2163/1779/3158 2066/1781/3061
f  2164/1780/3159 2145/1756/3140 2138/1749/3133
f  2163/1779/3158 2164/1780/3159 2165/1782/3160
f  2165/1782/3160 2164/1780/3159 2137/1748/3132
f  2164/1780/3159 2138/1749/3133 2137/1748/3132
f  2166/1783/3161 2163/1779/3158 2165/1782/3160
f  2163/1779/3158 2166/1783/3161 2066/1784/3061
f  2166/1783/3161 2165/1782/3160 2167/1785/3162
f  2167/1785/3162 2165/1782/3160 2168/1786/3163
f  2165/1782/3160 2137/1748/3132 2168/1786/3163
f  2168/1786/3163 2137/1748/3132 2130/1741/3125
f  2167/1785/3162 2168/1786/3163 2169/1787/3164
f  2169/1787/3164 2168/1786/3163 2129/1740/3124
f  2168/1786/3163 2130/1741/3125 2129/1740/3124
f  2170/1788/3165 2166/1783/3161 2167/1785/3162
f  2170/1788/3165 2167/1785/3162 2171/1789/3166
f  2171/1789/3166 2167/1785/3162 2169/1787/3164
f  2166/1783/3161 2170/1788/3165 2066/1790/3061
f  2172/1791/3167 2170/1788/3165 2171/1789/3166
f  2170/1788/3165 2172/1791/3167 2066/1792/3061
f  2172/1791/3167 2171/1789/3166 2173/1793/3168
f  2173/1793/3168 2171/1789/3166 2174/1794/3169
f  2171/1789/3166 2169/1787/3164 2174/1794/3169
f  2175/1795/3170 2172/1791/3167 2173/1793/3168
f  2172/1791/3167 2175/1795/3170 2066/1796/3061
f  2175/1795/3170 2173/1793/3168 2176/1797/3171
f  2176/1797/3171 2173/1793/3168 2177/1798/3172
f  2173/1793/3168 2174/1794/3169 2177/1798/3172
f  2177/1798/3172 2174/1794/3169 2178/1799/3173
f  2174/1794/3169 2169/1787/3164 2179/1800/3174
f  2174/1794/3169 2179/1800/3174 2178/1799/3173
f  2176/1797/3171 2177/1798/3172 2180/1801/3175
f  2180/1801/3175 2177/1798/3172 2181/1802/3176
f  2177/1798/3172 2178/1799/3173 2181/1802/3176
f  2181/1802/3176 2178/1799/3173 2182/1803/3177
f  2178/1799/3173 2179/1800/3174 2121/1732/3116
f  2178/1799/3173 2121/1732/3116 2182/1803/3177
f  2169/1787/3164 2129/1740/3124 2179/1800/3174
f  2179/1800/3174 2129/1740/3124 2122/1733/3117
f  2179/1800/3174 2122/1733/3117 2121/1732/3116
f  2182/1803/3177 2121/1732/3116 2114/1725/3109
f  2181/1802/3176 2182/1803/3177 2183/1804/3178
f  2183/1804/3178 2182/1803/3177 2113/1724/3108
f  2182/1803/3177 2114/1725/3109 2113/1724/3108
f  2180/1801/3175 2181/1802/3176 2184/1805/3179
f  2184/1805/3179 2181/1802/3176 2183/1804/3178
f  2184/1805/3179 2183/1804/3178 2082/1693/3077
f  2082/1693/3077 2183/1804/3178 2185/1806/3180
f  2183/1804/3178 2113/1724/3108 2185/1806/3180
f  2185/1806/3180 2113/1724/3108 2103/1714/3098
f  2082/1693/3077 2185/1806/3180 2083/1694/3078
f  2083/1694/3078 2185/1806/3180 2090/1701/3085
f  2185/1806/3180 2103/1714/3098 2090/1701/3085
f  2075/1686/3070 2184/1805/3179 2082/1693/3077
f  2074/1685/3069 2180/1801/3175 2184/1805/3179
f  2074/1685/3069 2184/1805/3179 2075/1686/3070
f  2068/1678/3063 2186/1807/3181 2074/1685/3069
f  2186/1807/3181 2180/1801/3175 2074/1685/3069
f  2186/1807/3181 2176/1797/3171 2180/1801/3175
f  2067/1677/3062 2187/1808/3182 2186/1807/3181
f  2067/1677/3062 2186/1807/3181 2068/1678/3063
f  2187/1808/3182 2176/1797/3171 2186/1807/3181
f  2187/1808/3182 2175/1795/3170 2176/1797/3171
f  2187/1808/3182 2067/1677/3062 2066/1809/3061
f  2175/1795/3170 2187/1808/3182 2066/1810/3061
f  2159/1770/3154 2188/1811/3183 2160/1771/3155
f  2188/1811/3183 2159/1770/3154 2066/1812/3061
f  2188/1811/3183 2189/1813/3184 2190/1814/3185
f  2188/1811/3183 2190/1814/3185 2160/1771/3155
f  2189/1813/3184 2188/1811/3183 2066/1815/3061
f  2160/1771/3155 2190/1814/3185 2191/1816/3186
f  2160/1771/3155 2191/1816/3186 2157/1768/3152
f  2189/1813/3184 2192/1817/3187 2190/1814/3185
f  2190/1814/3185 2192/1817/3187 2193/1818/3188
f  2190/1814/3185 2193/1818/3188 2191/1816/3186
f  2189/1813/3184 2194/1819/3189 2192/1817/3187
f  2194/1819/3189 2189/1813/3184 2066/1820/3061
f  2194/1819/3189 2195/1821/3190 2192/1817/3187
f  2192/1817/3187 2195/1821/3190 2196/1822/3191
f  2192/1817/3187 2196/1822/3191 2193/1818/3188
f  2191/1816/3186 2193/1818/3188 2197/1823/3192
f  2193/1818/3188 2196/1822/3191 2198/1824/3193
f  2193/1818/3188 2198/1824/3193 2197/1823/3192
f  2195/1821/3190 2199/1825/3194 2196/1822/3191
f  2196/1822/3191 2199/1825/3194 2200/1826/3195
f  2196/1822/3191 2200/1826/3195 2198/1824/3193
f  2194/1819/3189 2201/1827/3196 2195/1821/3190
f  2201/1827/3196 2202/1828/3197 2195/1821/3190
f  2195/1821/3190 2202/1828/3197 2199/1825/3194
f  2201/1827/3196 2194/1819/3189 2066/1829/3061
f  2201/1827/3196 2203/1830/3198 2202/1828/3197
f  2203/1830/3198 2201/1827/3196 2066/1831/3061
f  2203/1830/3198 2065/1832/3060 2202/1828/3197
f  2202/1828/3197 2065/1832/3060 2071/1833/3066
f  2202/1828/3197 2071/1833/3066 2199/1825/3194
f  2203/1830/3198 2062/1834/3057 2065/1832/3060
f  2062/1834/3057 2203/1830/3198 2066/1835/3061
f  2199/1825/3194 2071/1833/3066 2078/1836/3073
f  2199/1825/3194 2078/1836/3073 2200/1826/3195
f  2200/1826/3195 2078/1836/3073 2204/1837/3199
f  2200/1826/3195 2204/1837/3199 2205/1838/3200
f  2205/1838/3200 2204/1837/3199 2206/1839/3201
f  2198/1824/3193 2200/1826/3195 2205/1838/3200
f  2198/1824/3193 2205/1838/3200 2207/1840/3202
f  2207/1840/3202 2205/1838/3200 2208/1841/3203
f  2205/1838/3200 2206/1839/3201 2208/1841/3203
f  2208/1841/3203 2206/1839/3201 2209/1842/3204
f  2207/1840/3202 2208/1841/3203 2210/1843/3205
f  2210/1843/3205 2208/1841/3203 2211/1844/3206
f  2208/1841/3203 2209/1842/3204 2211/1844/3206
f  2197/1823/3192 2198/1824/3193 2207/1840/3202
f  2197/1823/3192 2207/1840/3202 2212/1845/3207
f  2212/1845/3207 2207/1840/3202 2210/1843/3205
f  2212/1845/3207 2210/1843/3205 2213/1846/3208
f  2213/1846/3208 2210/1843/3205 2214/1847/3209
f  2210/1843/3205 2211/1844/3206 2214/1847/3209
f  2214/1847/3209 2211/1844/3206 2215/1848/3210
f  2211/1844/3206 2209/1842/3204 2216/1849/3211
f  2211/1844/3206 2216/1849/3211 2215/1848/3210
f  2213/1846/3208 2214/1847/3209 2217/1850/3212
f  2217/1850/3212 2214/1847/3209 2218/1851/3213
f  2214/1847/3209 2215/1848/3210 2218/1851/3213
f  2219/1852/3214 2212/1845/3207 2213/1846/3208
f  2219/1852/3214 2213/1846/3208 2220/1853/3215
f  2220/1853/3215 2213/1846/3208 2217/1850/3212
f  2220/1853/3215 2217/1850/3212 2221/1854/3216
f  2221/1854/3216 2217/1850/3212 2222/1855/3217
f  2217/1850/3212 2218/1851/3213 2222/1855/3217
f  2222/1855/3217 2218/1851/3213 2223/1856/3218
f  2218/1851/3213 2215/1848/3210 2224/1857/3219
f  2218/1851/3213 2224/1857/3219 2223/1856/3218
f  2221/1854/3216 2222/1855/3217 2225/1858/3220
f  2225/1858/3220 2222/1855/3217 2226/1859/3221
f  2222/1855/3217 2223/1856/3218 2226/1859/3221
f  2227/1860/3222 2220/1853/3215 2221/1854/3216
f  2227/1860/3222 2221/1854/3216 2228/1861/3223
f  2228/1861/3223 2221/1854/3216 2225/1858/3220
f  2228/1861/3223 2225/1858/3220 2229/1862/3224
f  2229/1862/3224 2225/1858/3220 2230/1863/3225
f  2225/1858/3220 2226/1859/3221 2230/1863/3225
f  2230/1863/3225 2226/1859/3221 2231/1864/3226
f  2226/1859/3221 2223/1856/3218 2232/1865/3227
f  2226/1859/3221 2232/1865/3227 2231/1864/3226
f  2229/1862/3224 2230/1863/3225 2233/1866/3228
f  2233/1866/3228 2230/1863/3225 2234/1867/3229
f  2230/1863/3225 2231/1864/3226 2234/1867/3229
f  2235/1868/3230 2228/1861/3223 2229/1862/3224
f  2235/1868/3230 2229/1862/3224 2236/1869/3231
f  2236/1869/3231 2229/1862/3224 2233/1866/3228
f  2236/1869/3231 2233/1866/3228 2237/1870/3232
f  2237/1870/3232 2233/1866/3228 2238/1871/3233
f  2233/1866/3228 2234/1867/3229 2238/1871/3233
f  2239/1872/3234 2235/1868/3230 2236/1869/3231
f  2239/1872/3234 2236/1869/3231 2240/1873/3235
f  2240/1873/3235 2236/1869/3231 2237/1870/3232
f  2142/1753/3137 2241/1874/3236 2235/1868/3230
f  2142/1753/3137 2235/1868/3230 2239/1872/3234
f  2241/1874/3236 2228/1861/3223 2235/1868/3230
f  2133/1744/3128 2142/1753/3137 2239/1872/3234
f  2133/1744/3128 2239/1872/3234 2134/1745/3129
f  2134/1745/3129 2239/1872/3234 2240/1873/3235
f  2134/1745/3129 2240/1873/3235 2242/1875/3237
f  2242/1875/3237 2240/1873/3235 2243/1876/3238
f  2240/1873/3235 2237/1870/3232 2243/1876/3238
f  2125/1736/3120 2134/1745/3129 2242/1875/3237
f  2125/1736/3120 2242/1875/3237 2126/1737/3121
f  2126/1737/3121 2242/1875/3237 2244/1877/3239
f  2242/1875/3237 2243/1876/3238 2244/1877/3239
f  2244/1877/3239 2243/1876/3238 2245/1878/3240
f  2243/1876/3238 2237/1870/3232 2246/1879/3241
f  2243/1876/3238 2246/1879/3241 2245/1878/3240
f  2126/1737/3121 2244/1877/3239 2247/1880/3242
f  2247/1880/3242 2244/1877/3239 2248/1881/3243
f  2244/1877/3239 2245/1878/3240 2248/1881/3243
f  2117/1728/3112 2126/1737/3121 2247/1880/3242
f  2117/1728/3112 2247/1880/3242 2118/1729/3113
f  2118/1729/3113 2247/1880/3242 2249/1882/3244
f  2247/1880/3242 2248/1881/3243 2249/1882/3244
f  2109/1720/3104 2118/1729/3113 2250/1883/3245
f  2118/1729/3113 2249/1882/3244 2250/1883/3245
f  2109/1720/3104 2250/1883/3245 2110/1721/3105
f  2237/1870/3232 2238/1871/3233 2246/1879/3241
f  2141/1752/3136 2241/1874/3236 2142/1753/3137
f  2141/1752/3136 2150/1761/3145 2241/1874/3236
f  2150/1761/3145 2227/1860/3222 2241/1874/3236
f  2241/1874/3236 2227/1860/3222 2228/1861/3223
f  2149/1760/3144 2251/1884/3246 2150/1761/3145
f  2150/1761/3145 2251/1884/3246 2227/1860/3222
f  2251/1884/3246 2220/1853/3215 2227/1860/3222
f  2149/1760/3144 2158/1769/3153 2251/1884/3246
f  2158/1769/3153 2219/1852/3214 2251/1884/3246
f  2251/1884/3246 2219/1852/3214 2220/1853/3215
f  2157/1768/3152 2252/1885/3247 2158/1769/3153
f  2158/1769/3153 2252/1885/3247 2219/1852/3214
f  2252/1885/3247 2212/1845/3207 2219/1852/3214
f  2157/1768/3152 2191/1816/3186 2252/1885/3247
f  2191/1816/3186 2197/1823/3192 2252/1885/3247
f  2252/1885/3247 2197/1823/3192 2212/1845/3207
f  2223/1856/3218 2253/1886/3248 2232/1865/3227
f  2223/1856/3218 2224/1857/3219 2253/1886/3248
f  2224/1857/3219 2254/1887/3249 2253/1886/3248
f  2215/1848/3210 2255/1888/3250 2224/1857/3219
f  2224/1857/3219 2255/1888/3250 2254/1887/3249
f  2215/1848/3210 2216/1849/3211 2255/1888/3250
f  2095/1706/3090 2096/1707/3091 2256/1889/3251
f  2094/1705/3089 2095/1706/3090 2257/1890/3252
f  2257/1890/3252 2095/1706/3090 2256/1889/3251
f  2257/1890/3252 2256/1889/3251 2258/1891/3253
f  2259/1892/3254 2094/1705/3089 2257/1890/3252
f  2259/1892/3254 2257/1890/3252 2260/1893/3255
f  2260/1893/3255 2257/1890/3252 2258/1891/3253
f  2261/1894/3256 2087/1698/3082 2094/1705/3089
f  2261/1894/3256 2094/1705/3089 2259/1892/3254
f  2209/1895/3204 2261/1894/3256 2259/1892/3254
f  2209/1895/3204 2259/1892/3254 2216/1896/3211
f  2216/1896/3211 2259/1892/3254 2260/1893/3255
f  2216/1896/3211 2260/1893/3255 2255/1897/3250
f  2255/1897/3250 2260/1893/3255 2262/1898/3257
f  2260/1893/3255 2258/1891/3253 2262/1898/3257
f  2255/1897/3250 2262/1898/3257 2254/1899/3249
f  2206/1900/3201 2261/1894/3256 2209/1895/3204
f  2206/1900/3201 2086/1697/3081 2261/1894/3256
f  2086/1697/3081 2087/1698/3082 2261/1894/3256
f  2204/1901/3199 2086/1697/3081 2206/1900/3201
f  2204/1901/3199 2079/1690/3074 2086/1697/3081
f  2078/1689/3073 2079/1690/3074 2204/1901/3199

# Mesh 'engine6' with 380 faces
g engine6
usemtl engine8
f  2263/1672/3258 2264/1673/3259 2265/1674/3260
f  2263/1672/3258 2265/1674/3260 2266/1675/3261
f  2264/1673/3259 2263/1672/3258 2267/1676/3262
f  2264/1673/3259 2268/1677/3263 2269/1678/3264
f  2264/1673/3259 2269/1678/3264 2265/1674/3260
f  2268/1677/3263 2264/1673/3259 2267/1679/3262
f  2266/1675/3261 2265/1674/3260 2270/1680/3265
f  2265/1674/3260 2269/1678/3264 2271/1681/3266
f  2265/1674/3260 2271/1681/3266 2270/1680/3265
f  2266/1675/3261 2270/1680/3265 2272/1682/3267
f  2272/1682/3267 2270/1680/3265 2273/1683/3268
f  2270/1680/3265 2271/1681/3266 2274/1684/3269
f  2270/1680/3265 2274/1684/3269 2273/1683/3268
f  2269/1678/3264 2275/1685/3270 2271/1681/3266
f  2271/1681/3266 2275/1685/3270 2276/1686/3271
f  2271/1681/3266 2276/1686/3271 2274/1684/3269
f  2273/1683/3268 2274/1684/3269 2277/1687/3272
f  2274/1684/3269 2276/1686/3271 2278/1688/3273
f  2274/1684/3269 2278/1688/3273 2277/1687/3272
f  2272/1682/3267 2273/1683/3268 2279/1689/3274
f  2279/1689/3274 2273/1683/3268 2280/1690/3275
f  2273/1683/3268 2277/1687/3272 2280/1690/3275
f  2280/1690/3275 2277/1687/3272 2281/1691/3276
f  2277/1687/3272 2278/1688/3273 2282/1692/3277
f  2277/1687/3272 2282/1692/3277 2281/1691/3276
f  2276/1686/3271 2283/1693/3278 2278/1688/3273
f  2278/1688/3273 2283/1693/3278 2284/1694/3279
f  2278/1688/3273 2284/1694/3279 2282/1692/3277
f  2281/1691/3276 2282/1692/3277 2285/1695/3280
f  2282/1692/3277 2284/1694/3279 2286/1696/3281
f  2282/1692/3277 2286/1696/3281 2285/1695/3280
f  2280/1690/3275 2281/1691/3276 2287/1697/3282
f  2287/1697/3282 2281/1691/3276 2288/1698/3283
f  2281/1691/3276 2285/1695/3280 2288/1698/3283
f  2288/1698/3283 2285/1695/3280 2289/1699/3284
f  2285/1695/3280 2286/1696/3281 2290/1700/3285
f  2285/1695/3280 2290/1700/3285 2289/1699/3284
f  2284/1694/3279 2291/1701/3286 2286/1696/3281
f  2286/1696/3281 2291/1701/3286 2292/1702/3287
f  2286/1696/3281 2292/1702/3287 2290/1700/3285
f  2289/1699/3284 2290/1700/3285 2293/1703/3288
f  2290/1700/3285 2292/1702/3287 2294/1704/3289
f  2290/1700/3285 2294/1704/3289 2293/1703/3288
f  2288/1698/3283 2289/1699/3284 2295/1705/3290
f  2295/1705/3290 2289/1699/3284 2296/1706/3291
f  2289/1699/3284 2293/1703/3288 2296/1706/3291
f  2296/1706/3291 2293/1703/3288 2297/1707/3292
f  2293/1703/3288 2294/1704/3289 2298/1708/3293
f  2293/1703/3288 2298/1708/3293 2297/1707/3292
f  2292/1702/3287 2299/1709/3294 2294/1704/3289
f  2294/1704/3289 2299/1709/3294 2300/1710/3295
f  2294/1704/3289 2300/1710/3295 2298/1708/3293
f  2292/1702/3287 2301/1711/3296 2299/1709/3294
f  2301/1711/3296 2302/1712/3297 2299/1709/3294
f  2299/1709/3294 2302/1712/3297 2303/1713/3298
f  2299/1709/3294 2303/1713/3298 2300/1710/3295
f  2291/1701/3286 2304/1714/3299 2301/1711/3296
f  2291/1701/3286 2301/1711/3296 2292/1702/3287
f  2304/1714/3299 2305/1715/3300 2301/1711/3296
f  2301/1711/3296 2305/1715/3300 2302/1712/3297
f  2305/1715/3300 2306/1716/3301 2302/1712/3297
f  2302/1712/3297 2306/1716/3301 2307/1717/3302
f  2302/1712/3297 2307/1717/3302 2303/1713/3298
f  2304/1714/3299 2308/1718/3303 2305/1715/3300
f  2308/1718/3303 2309/1719/3304 2305/1715/3300
f  2305/1715/3300 2309/1719/3304 2306/1716/3301
f  2309/1719/3304 2310/1720/3305 2306/1716/3301
f  2306/1716/3301 2310/1720/3305 2311/1721/3306
f  2306/1716/3301 2311/1721/3306 2307/1717/3302
f  2308/1718/3303 2312/1722/3307 2309/1719/3304
f  2312/1722/3307 2313/1723/3308 2309/1719/3304
f  2309/1719/3304 2313/1723/3308 2310/1720/3305
f  2314/1724/3309 2315/1725/3310 2308/1718/3303
f  2314/1724/3309 2308/1718/3303 2304/1714/3299
f  2315/1725/3310 2312/1722/3307 2308/1718/3303
f  2315/1725/3310 2316/1726/3311 2312/1722/3307
f  2316/1726/3311 2317/1727/3312 2312/1722/3307
f  2312/1722/3307 2317/1727/3312 2313/1723/3308
f  2317/1727/3312 2318/1728/3313 2313/1723/3308
f  2313/1723/3308 2318/1728/3313 2319/1729/3314
f  2313/1723/3308 2319/1729/3314 2310/1720/3305
f  2316/1726/3311 2320/1730/3315 2317/1727/3312
f  2320/1730/3315 2321/1731/3316 2317/1727/3312
f  2317/1727/3312 2321/1731/3316 2318/1728/3313
f  2322/1732/3317 2323/1733/3318 2316/1726/3311
f  2322/1732/3317 2316/1726/3311 2315/1725/3310
f  2323/1733/3318 2320/1730/3315 2316/1726/3311
f  2323/1733/3318 2324/1734/3319 2320/1730/3315
f  2324/1734/3319 2325/1735/3320 2320/1730/3315
f  2320/1730/3315 2325/1735/3320 2321/1731/3316
f  2325/1735/3320 2326/1736/3321 2321/1731/3316
f  2321/1731/3316 2326/1736/3321 2327/1737/3322
f  2321/1731/3316 2327/1737/3322 2318/1728/3313
f  2324/1734/3319 2328/1738/3323 2325/1735/3320
f  2328/1738/3323 2329/1739/3324 2325/1735/3320
f  2325/1735/3320 2329/1739/3324 2326/1736/3321
f  2330/1740/3325 2331/1741/3326 2324/1734/3319
f  2330/1740/3325 2324/1734/3319 2323/1733/3318
f  2331/1741/3326 2328/1738/3323 2324/1734/3319
f  2331/1741/3326 2332/1742/3327 2328/1738/3323
f  2332/1742/3327 2333/1743/3328 2328/1738/3323
f  2328/1738/3323 2333/1743/3328 2329/1739/3324
f  2333/1743/3328 2334/1744/3329 2329/1739/3324
f  2329/1739/3324 2334/1744/3329 2335/1745/3330
f  2329/1739/3324 2335/1745/3330 2326/1736/3321
f  2332/1742/3327 2336/1746/3331 2333/1743/3328
f  2336/1746/3331 2337/1747/3332 2333/1743/3328
f  2333/1743/3328 2337/1747/3332 2334/1744/3329
f  2338/1748/3333 2339/1749/3334 2332/1742/3327
f  2338/1748/3333 2332/1742/3327 2331/1741/3326
f  2339/1749/3334 2336/1746/3331 2332/1742/3327
f  2339/1749/3334 2340/1750/3335 2336/1746/3331
f  2340/1750/3335 2341/1751/3336 2336/1746/3331
f  2336/1746/3331 2341/1751/3336 2337/1747/3332
f  2341/1751/3336 2342/1752/3337 2337/1747/3332
f  2337/1747/3332 2342/1752/3337 2343/1753/3338
f  2337/1747/3332 2343/1753/3338 2334/1744/3329
f  2340/1750/3335 2344/1754/3339 2341/1751/3336
f  2344/1754/3339 2345/1755/3340 2341/1751/3336
f  2341/1751/3336 2345/1755/3340 2342/1752/3337
f  2346/1756/3341 2347/1757/3342 2340/1750/3335
f  2346/1756/3341 2340/1750/3335 2339/1749/3334
f  2347/1757/3342 2344/1754/3339 2340/1750/3335
f  2347/1757/3342 2348/1758/3343 2344/1754/3339
f  2348/1758/3343 2349/1759/3344 2344/1754/3339
f  2344/1754/3339 2349/1759/3344 2345/1755/3340
f  2349/1759/3344 2350/1760/3345 2345/1755/3340
f  2345/1755/3340 2350/1760/3345 2351/1761/3346
f  2345/1755/3340 2351/1761/3346 2342/1752/3337
f  2348/1758/3343 2352/1762/3347 2349/1759/3344
f  2352/1762/3347 2353/1763/3348 2349/1759/3344
f  2349/1759/3344 2353/1763/3348 2350/1760/3345
f  2354/1764/3349 2355/1765/3350 2348/1758/3343
f  2354/1764/3349 2348/1758/3343 2347/1757/3342
f  2355/1765/3350 2352/1762/3347 2348/1758/3343
f  2355/1765/3350 2356/1766/3351 2352/1762/3347
f  2356/1766/3351 2357/1767/3352 2352/1762/3347
f  2352/1762/3347 2357/1767/3352 2353/1763/3348
f  2357/1767/3352 2358/1768/3353 2353/1763/3348
f  2353/1763/3348 2358/1768/3353 2359/1769/3354
f  2353/1763/3348 2359/1769/3354 2350/1760/3345
f  2356/1766/3351 2360/1770/3355 2357/1767/3352
f  2360/1770/3355 2361/1771/3356 2357/1767/3352
f  2357/1767/3352 2361/1771/3356 2358/1768/3353
f  2356/1766/3351 2355/1765/3350 2267/1772/3262
f  2360/1770/3355 2356/1766/3351 2267/1773/3262
f  2355/1765/3350 2354/1764/3349 2267/1774/3262
f  2362/1775/3357 2354/1764/3349 2347/1757/3342
f  2354/1764/3349 2362/1775/3357 2267/1776/3262
f  2363/1777/3358 2362/1775/3357 2346/1756/3341
f  2362/1775/3357 2347/1757/3342 2346/1756/3341
f  2362/1775/3357 2363/1777/3358 2267/1778/3262
f  2364/1779/3359 2363/1777/3358 2365/1780/3360
f  2363/1777/3358 2346/1756/3341 2365/1780/3360
f  2363/1777/3358 2364/1779/3359 2267/1781/3262
f  2365/1780/3360 2346/1756/3341 2339/1749/3334
f  2364/1779/3359 2365/1780/3360 2366/1782/3361
f  2366/1782/3361 2365/1780/3360 2338/1748/3333
f  2365/1780/3360 2339/1749/3334 2338/1748/3333
f  2367/1783/3362 2364/1779/3359 2366/1782/3361
f  2364/1779/3359 2367/1783/3362 2267/1784/3262
f  2367/1783/3362 2366/1782/3361 2368/1785/3363
f  2368/1785/3363 2366/1782/3361 2369/1786/3364
f  2366/1782/3361 2338/1748/3333 2369/1786/3364
f  2369/1786/3364 2338/1748/3333 2331/1741/3326
f  2368/1785/3363 2369/1786/3364 2370/1787/3365
f  2370/1787/3365 2369/1786/3364 2330/1740/3325
f  2369/1786/3364 2331/1741/3326 2330/1740/3325
f  2371/1788/3366 2367/1783/3362 2368/1785/3363
f  2371/1788/3366 2368/1785/3363 2372/1789/3367
f  2372/1789/3367 2368/1785/3363 2370/1787/3365
f  2367/1783/3362 2371/1788/3366 2267/1790/3262
f  2373/1791/3368 2371/1788/3366 2372/1789/3367
f  2371/1788/3366 2373/1791/3368 2267/1792/3262
f  2373/1791/3368 2372/1789/3367 2374/1793/3369
f  2374/1793/3369 2372/1789/3367 2375/1794/3370
f  2372/1789/3367 2370/1787/3365 2375/1794/3370
f  2376/1795/3371 2373/1791/3368 2374/1793/3369
f  2373/1791/3368 2376/1795/3371 2267/1796/3262
f  2376/1795/3371 2374/1793/3369 2377/1797/3372
f  2377/1797/3372 2374/1793/3369 2378/1798/3373
f  2374/1793/3369 2375/1794/3370 2378/1798/3373
f  2378/1798/3373 2375/1794/3370 2379/1799/3374
f  2375/1794/3370 2370/1787/3365 2380/1800/3375
f  2375/1794/3370 2380/1800/3375 2379/1799/3374
f  2377/1797/3372 2378/1798/3373 2381/1801/3376
f  2381/1801/3376 2378/1798/3373 2382/1802/3377
f  2378/1798/3373 2379/1799/3374 2382/1802/3377
f  2382/1802/3377 2379/1799/3374 2383/1803/3378
f  2379/1799/3374 2380/1800/3375 2322/1732/3317
f  2379/1799/3374 2322/1732/3317 2383/1803/3378
f  2370/1787/3365 2330/1740/3325 2380/1800/3375
f  2380/1800/3375 2330/1740/3325 2323/1733/3318
f  2380/1800/3375 2323/1733/3318 2322/1732/3317
f  2383/1803/3378 2322/1732/3317 2315/1725/3310
f  2382/1802/3377 2383/1803/3378 2384/1804/3379
f  2384/1804/3379 2383/1803/3378 2314/1724/3309
f  2383/1803/3378 2315/1725/3310 2314/1724/3309
f  2381/1801/3376 2382/1802/3377 2385/1805/3380
f  2385/1805/3380 2382/1802/3377 2384/1804/3379
f  2385/1805/3380 2384/1804/3379 2283/1693/3278
f  2283/1693/3278 2384/1804/3379 2386/1806/3381
f  2384/1804/3379 2314/1724/3309 2386/1806/3381
f  2386/1806/3381 2314/1724/3309 2304/1714/3299
f  2283/1693/3278 2386/1806/3381 2284/1694/3279
f  2284/1694/3279 2386/1806/3381 2291/1701/3286
f  2386/1806/3381 2304/1714/3299 2291/1701/3286
f  2276/1686/3271 2385/1805/3380 2283/1693/3278
f  2275/1685/3270 2381/1801/3376 2385/1805/3380
f  2275/1685/3270 2385/1805/3380 2276/1686/3271
f  2269/1678/3264 2387/1807/3382 2275/1685/3270
f  2387/1807/3382 2381/1801/3376 2275/1685/3270
f  2387/1807/3382 2377/1797/3372 2381/1801/3376
f  2268/1677/3263 2388/1808/3383 2387/1807/3382
f  2268/1677/3263 2387/1807/3382 2269/1678/3264
f  2388/1808/3383 2377/1797/3372 2387/1807/3382
f  2388/1808/3383 2376/1795/3371 2377/1797/3372
f  2388/1808/3383 2268/1677/3263 2267/1809/3262
f  2376/1795/3371 2388/1808/3383 2267/1810/3262
f  2360/1770/3355 2389/1811/3384 2361/1771/3356
f  2389/1811/3384 2360/1770/3355 2267/1812/3262
f  2389/1811/3384 2390/1813/3385 2391/1814/3386
f  2389/1811/3384 2391/1814/3386 2361/1771/3356
f  2390/1813/3385 2389/1811/3384 2267/1815/3262
f  2361/1771/3356 2391/1814/3386 2392/1816/3387
f  2361/1771/3356 2392/1816/3387 2358/1768/3353
f  2390/1813/3385 2393/1817/3388 2391/1814/3386
f  2391/1814/3386 2393/1817/3388 2394/1818/3389
f  2391/1814/3386 2394/1818/3389 2392/1816/3387
f  2390/1813/3385 2395/1819/3390 2393/1817/3388
f  2395/1819/3390 2390/1813/3385 2267/1820/3262
f  2395/1819/3390 2396/1821/3391 2393/1817/3388
f  2393/1817/3388 2396/1821/3391 2397/1822/3392
f  2393/1817/3388 2397/1822/3392 2394/1818/3389
f  2392/1816/3387 2394/1818/3389 2398/1823/3393
f  2394/1818/3389 2397/1822/3392 2399/1824/3394
f  2394/1818/3389 2399/1824/3394 2398/1823/3393
f  2396/1821/3391 2400/1825/3395 2397/1822/3392
f  2397/1822/3392 2400/1825/3395 2401/1826/3396
f  2397/1822/3392 2401/1826/3396 2399/1824/3394
f  2395/1819/3390 2402/1827/3397 2396/1821/3391
f  2402/1827/3397 2403/1828/3398 2396/1821/3391
f  2396/1821/3391 2403/1828/3398 2400/1825/3395
f  2402/1827/3397 2395/1819/3390 2267/1829/3262
f  2402/1827/3397 2404/1830/3399 2403/1828/3398
f  2404/1830/3399 2402/1827/3397 2267/1831/3262
f  2404/1830/3399 2266/1832/3261 2403/1828/3398
f  2403/1828/3398 2266/1832/3261 2272/1833/3267
f  2403/1828/3398 2272/1833/3267 2400/1825/3395
f  2404/1830/3399 2263/1834/3258 2266/1832/3261
f  2263/1834/3258 2404/1830/3399 2267/1835/3262
f  2400/1825/3395 2272/1833/3267 2279/1836/3274
f  2400/1825/3395 2279/1836/3274 2401/1826/3396
f  2401/1826/3396 2279/1836/3274 2405/1837/3400
f  2401/1826/3396 2405/1837/3400 2406/1838/3401
f  2406/1838/3401 2405/1837/3400 2407/1839/3402
f  2399/1824/3394 2401/1826/3396 2406/1838/3401
f  2399/1824/3394 2406/1838/3401 2408/1840/3403
f  2408/1840/3403 2406/1838/3401 2409/1841/3404
f  2406/1838/3401 2407/1839/3402 2409/1841/3404
f  2409/1841/3404 2407/1839/3402 2410/1842/3405
f  2408/1840/3403 2409/1841/3404 2411/1843/3406
f  2411/1843/3406 2409/1841/3404 2412/1844/3407
f  2409/1841/3404 2410/1842/3405 2412/1844/3407
f  2398/1823/3393 2399/1824/3394 2408/1840/3403
f  2398/1823/3393 2408/1840/3403 2413/1845/3408
f  2413/1845/3408 2408/1840/3403 2411/1843/3406
f  2413/1845/3408 2411/1843/3406 2414/1846/3409
f  2414/1846/3409 2411/1843/3406 2415/1847/3410
f  2411/1843/3406 2412/1844/3407 2415/1847/3410
f  2415/1847/3410 2412/1844/3407 2416/1848/3411
f  2412/1844/3407 2410/1842/3405 2417/1849/3412
f  2412/1844/3407 2417/1849/3412 2416/1848/3411
f  2414/1846/3409 2415/1847/3410 2418/1850/3413
f  2418/1850/3413 2415/1847/3410 2419/1851/3414
f  2415/1847/3410 2416/1848/3411 2419/1851/3414
f  2420/1852/3415 2413/1845/3408 2414/1846/3409
f  2420/1852/3415 2414/1846/3409 2421/1853/3416
f  2421/1853/3416 2414/1846/3409 2418/1850/3413
f  2421/1853/3416 2418/1850/3413 2422/1854/3417
f  2422/1854/3417 2418/1850/3413 2423/1855/3418
f  2418/1850/3413 2419/1851/3414 2423/1855/3418
f  2423/1855/3418 2419/1851/3414 2424/1856/3419
f  2419/1851/3414 2416/1848/3411 2425/1857/3420
f  2419/1851/3414 2425/1857/3420 2424/1856/3419
f  2422/1854/3417 2423/1855/3418 2426/1858/3421
f  2426/1858/3421 2423/1855/3418 2427/1859/3422
f  2423/1855/3418 2424/1856/3419 2427/1859/3422
f  2428/1860/3423 2421/1853/3416 2422/1854/3417
f  2428/1860/3423 2422/1854/3417 2429/1861/3424
f  2429/1861/3424 2422/1854/3417 2426/1858/3421
f  2429/1861/3424 2426/1858/3421 2430/1862/3425
f  2430/1862/3425 2426/1858/3421 2431/1863/3426
f  2426/1858/3421 2427/1859/3422 2431/1863/3426
f  2431/1863/3426 2427/1859/3422 2432/1864/3427
f  2427/1859/3422 2424/1856/3419 2433/1865/3428
f  2427/1859/3422 2433/1865/3428 2432/1864/3427
f  2430/1862/3425 2431/1863/3426 2434/1866/3429
f  2434/1866/3429 2431/1863/3426 2435/1867/3430
f  2431/1863/3426 2432/1864/3427 2435/1867/3430
f  2436/1868/3431 2429/1861/3424 2430/1862/3425
f  2436/1868/3431 2430/1862/3425 2437/1869/3432
f  2437/1869/3432 2430/1862/3425 2434/1866/3429
f  2437/1869/3432 2434/1866/3429 2438/1870/3433
f  2438/1870/3433 2434/1866/3429 2439/1871/3434
f  2434/1866/3429 2435/1867/3430 2439/1871/3434
f  2440/1872/3435 2436/1868/3431 2437/1869/3432
f  2440/1872/3435 2437/1869/3432 2441/1873/3436
f  2441/1873/3436 2437/1869/3432 2438/1870/3433
f  2343/1753/3338 2442/1874/3437 2436/1868/3431
f  2343/1753/3338 2436/1868/3431 2440/1872/3435
f  2442/1874/3437 2429/1861/3424 2436/1868/3431
f  2334/1744/3329 2343/1753/3338 2440/1872/3435
f  2334/1744/3329 2440/1872/3435 2335/1745/3330
f  2335/1745/3330 2440/1872/3435 2441/1873/3436
f  2335/1745/3330 2441/1873/3436 2443/1875/3438
f  2443/1875/3438 2441/1873/3436 2444/1876/3439
f  2441/1873/3436 2438/1870/3433 2444/1876/3439
f  2326/1736/3321 2335/1745/3330 2443/1875/3438
f  2326/1736/3321 2443/1875/3438 2327/1737/3322
f  2327/1737/3322 2443/1875/3438 2445/1877/3440
f  2443/1875/3438 2444/1876/3439 2445/1877/3440
f  2445/1877/3440 2444/1876/3439 2446/1878/3441
f  2444/1876/3439 2438/1870/3433 2447/1879/3442
f  2444/1876/3439 2447/1879/3442 2446/1878/3441
f  2327/1737/3322 2445/1877/3440 2448/1880/3443
f  2448/1880/3443 2445/1877/3440 2449/1881/3444
f  2445/1877/3440 2446/1878/3441 2449/1881/3444
f  2318/1728/3313 2327/1737/3322 2448/1880/3443
f  2318/1728/3313 2448/1880/3443 2319/1729/3314
f  2319/1729/3314 2448/1880/3443 2450/1882/3445
f  2448/1880/3443 2449/1881/3444 2450/1882/3445
f  2310/1720/3305 2319/1729/3314 2451/1883/3446
f  2319/1729/3314 2450/1882/3445 2451/1883/3446
f  2310/1720/3305 2451/1883/3446 2311/1721/3306
f  2438/1870/3433 2439/1871/3434 2447/1879/3442
f  2342/1752/3337 2442/1874/3437 2343/1753/3338
f  2342/1752/3337 2351/1761/3346 2442/1874/3437
f  2351/1761/3346 2428/1860/3423 2442/1874/3437
f  2442/1874/3437 2428/1860/3423 2429/1861/3424
f  2350/1760/3345 2452/1884/3447 2351/1761/3346
f  2351/1761/3346 2452/1884/3447 2428/1860/3423
f  2452/1884/3447 2421/1853/3416 2428/1860/3423
f  2350/1760/3345 2359/1769/3354 2452/1884/3447
f  2359/1769/3354 2420/1852/3415 2452/1884/3447
f  2452/1884/3447 2420/1852/3415 2421/1853/3416
f  2358/1768/3353 2453/1885/3448 2359/1769/3354
f  2359/1769/3354 2453/1885/3448 2420/1852/3415
f  2453/1885/3448 2413/1845/3408 2420/1852/3415
f  2358/1768/3353 2392/1816/3387 2453/1885/3448
f  2392/1816/3387 2398/1823/3393 2453/1885/3448
f  2453/1885/3448 2398/1823/3393 2413/1845/3408
f  2424/1856/3419 2454/1886/3449 2433/1865/3428
f  2424/1856/3419 2425/1857/3420 2454/1886/3449
f  2425/1857/3420 2455/1887/3450 2454/1886/3449
f  2416/1848/3411 2456/1888/3451 2425/1857/3420
f  2425/1857/3420 2456/1888/3451 2455/1887/3450
f  2416/1848/3411 2417/1849/3412 2456/1888/3451
f  2296/1706/3291 2297/1707/3292 2457/1889/3452
f  2295/1705/3290 2296/1706/3291 2458/1890/3453
f  2458/1890/3453 2296/1706/3291 2457/1889/3452
f  2458/1890/3453 2457/1889/3452 2459/1891/3454
f  2460/1892/3455 2295/1705/3290 2458/1890/3453
f  2460/1892/3455 2458/1890/3453 2461/1893/3456
f  2461/1893/3456 2458/1890/3453 2459/1891/3454
f  2462/1894/3457 2288/1698/3283 2295/1705/3290
f  2462/1894/3457 2295/1705/3290 2460/1892/3455
f  2410/1895/3405 2462/1894/3457 2460/1892/3455
f  2410/1895/3405 2460/1892/3455 2417/1896/3412
f  2417/1896/3412 2460/1892/3455 2461/1893/3456
f  2417/1896/3412 2461/1893/3456 2456/1897/3451
f  2456/1897/3451 2461/1893/3456 2463/1898/3458
f  2461/1893/3456 2459/1891/3454 2463/1898/3458
f  2456/1897/3451 2463/1898/3458 2455/1899/3450
f  2407/1900/3402 2462/1894/3457 2410/1895/3405
f  2407/1900/3402 2287/1697/3282 2462/1894/3457
f  2287/1697/3282 2288/1698/3283 2462/1894/3457
f  2405/1901/3400 2287/1697/3282 2407/1900/3402
f  2405/1901/3400 2280/1690/3275 2287/1697/3282
f  2279/1689/3274 2280/1690/3275 2405/1901/3400

# Mesh 'engine7' with 380 faces
g engine7
usemtl engine8
f  2464/1672/3459 2465/1673/3460 2466/1674/3461
f  2464/1672/3459 2466/1674/3461 2467/1675/3462
f  2465/1673/3460 2464/1672/3459 2468/1676/3463
f  2465/1673/3460 2469/1677/3464 2470/1678/3465
f  2465/1673/3460 2470/1678/3465 2466/1674/3461
f  2469/1677/3464 2465/1673/3460 2468/1679/3463
f  2467/1675/3462 2466/1674/3461 2471/1680/3466
f  2466/1674/3461 2470/1678/3465 2472/1681/3467
f  2466/1674/3461 2472/1681/3467 2471/1680/3466
f  2467/1675/3462 2471/1680/3466 2473/1682/3468
f  2473/1682/3468 2471/1680/3466 2474/1683/3469
f  2471/1680/3466 2472/1681/3467 2475/1684/3470
f  2471/1680/3466 2475/1684/3470 2474/1683/3469
f  2470/1678/3465 2476/1685/3471 2472/1681/3467
f  2472/1681/3467 2476/1685/3471 2477/1686/3472
f  2472/1681/3467 2477/1686/3472 2475/1684/3470
f  2474/1683/3469 2475/1684/3470 2478/1687/3473
f  2475/1684/3470 2477/1686/3472 2479/1688/3474
f  2475/1684/3470 2479/1688/3474 2478/1687/3473
f  2473/1682/3468 2474/1683/3469 2480/1689/3475
f  2480/1689/3475 2474/1683/3469 2481/1690/3476
f  2474/1683/3469 2478/1687/3473 2481/1690/3476
f  2481/1690/3476 2478/1687/3473 2482/1691/3477
f  2478/1687/3473 2479/1688/3474 2483/1692/3478
f  2478/1687/3473 2483/1692/3478 2482/1691/3477
f  2477/1686/3472 2484/1693/3479 2479/1688/3474
f  2479/1688/3474 2484/1693/3479 2485/1694/3480
f  2479/1688/3474 2485/1694/3480 2483/1692/3478
f  2482/1691/3477 2483/1692/3478 2486/1695/3481
f  2483/1692/3478 2485/1694/3480 2487/1696/3482
f  2483/1692/3478 2487/1696/3482 2486/1695/3481
f  2481/1690/3476 2482/1691/3477 2488/1697/3483
f  2488/1697/3483 2482/1691/3477 2489/1698/3484
f  2482/1691/3477 2486/1695/3481 2489/1698/3484
f  2489/1698/3484 2486/1695/3481 2490/1699/3485
f  2486/1695/3481 2487/1696/3482 2491/1700/3486
f  2486/1695/3481 2491/1700/3486 2490/1699/3485
f  2485/1694/3480 2492/1701/3487 2487/1696/3482
f  2487/1696/3482 2492/1701/3487 2493/1702/3488
f  2487/1696/3482 2493/1702/3488 2491/1700/3486
f  2490/1699/3485 2491/1700/3486 2494/1703/3489
f  2491/1700/3486 2493/1702/3488 2495/1704/3490
f  2491/1700/3486 2495/1704/3490 2494/1703/3489
f  2489/1698/3484 2490/1699/3485 2496/1705/3491
f  2496/1705/3491 2490/1699/3485 2497/1706/3492
f  2490/1699/3485 2494/1703/3489 2497/1706/3492
f  2497/1706/3492 2494/1703/3489 2498/1707/3493
f  2494/1703/3489 2495/1704/3490 2499/1708/3494
f  2494/1703/3489 2499/1708/3494 2498/1707/3493
f  2493/1702/3488 2500/1709/3495 2495/1704/3490
f  2495/1704/3490 2500/1709/3495 2501/1710/3496
f  2495/1704/3490 2501/1710/3496 2499/1708/3494
f  2493/1702/3488 2502/1711/3497 2500/1709/3495
f  2502/1711/3497 2503/1712/3498 2500/1709/3495
f  2500/1709/3495 2503/1712/3498 2504/1713/3499
f  2500/1709/3495 2504/1713/3499 2501/1710/3496
f  2492/1701/3487 2505/1714/3500 2502/1711/3497
f  2492/1701/3487 2502/1711/3497 2493/1702/3488
f  2505/1714/3500 2506/1715/3501 2502/1711/3497
f  2502/1711/3497 2506/1715/3501 2503/1712/3498
f  2506/1715/3501 2507/1716/3502 2503/1712/3498
f  2503/1712/3498 2507/1716/3502 2508/1717/3503
f  2503/1712/3498 2508/1717/3503 2504/1713/3499
f  2505/1714/3500 2509/1718/3504 2506/1715/3501
f  2509/1718/3504 2510/1719/3505 2506/1715/3501
f  2506/1715/3501 2510/1719/3505 2507/1716/3502
f  2510/1719/3505 2511/1720/3506 2507/1716/3502
f  2507/1716/3502 2511/1720/3506 2512/1721/3507
f  2507/1716/3502 2512/1721/3507 2508/1717/3503
f  2509/1718/3504 2513/1722/3508 2510/1719/3505
f  2513/1722/3508 2514/1723/3509 2510/1719/3505
f  2510/1719/3505 2514/1723/3509 2511/1720/3506
f  2515/1724/3510 2516/1725/3511 2509/1718/3504
f  2515/1724/3510 2509/1718/3504 2505/1714/3500
f  2516/1725/3511 2513/1722/3508 2509/1718/3504
f  2516/1725/3511 2517/1726/3512 2513/1722/3508
f  2517/1726/3512 2518/1727/3513 2513/1722/3508
f  2513/1722/3508 2518/1727/3513 2514/1723/3509
f  2518/1727/3513 2519/1728/3514 2514/1723/3509
f  2514/1723/3509 2519/1728/3514 2520/1729/3515
f  2514/1723/3509 2520/1729/3515 2511/1720/3506
f  2517/1726/3512 2521/1730/3516 2518/1727/3513
f  2521/1730/3516 2522/1731/3517 2518/1727/3513
f  2518/1727/3513 2522/1731/3517 2519/1728/3514
f  2523/1732/3518 2524/1733/3519 2517/1726/3512
f  2523/1732/3518 2517/1726/3512 2516/1725/3511
f  2524/1733/3519 2521/1730/3516 2517/1726/3512
f  2524/1733/3519 2525/1734/3520 2521/1730/3516
f  2525/1734/3520 2526/1735/3521 2521/1730/3516
f  2521/1730/3516 2526/1735/3521 2522/1731/3517
f  2526/1735/3521 2527/1736/3522 2522/1731/3517
f  2522/1731/3517 2527/1736/3522 2528/1737/3523
f  2522/1731/3517 2528/1737/3523 2519/1728/3514
f  2525/1734/3520 2529/1738/3524 2526/1735/3521
f  2529/1738/3524 2530/1739/3525 2526/1735/3521
f  2526/1735/3521 2530/1739/3525 2527/1736/3522
f  2531/1740/3526 2532/1741/3527 2525/1734/3520
f  2531/1740/3526 2525/1734/3520 2524/1733/3519
f  2532/1741/3527 2529/1738/3524 2525/1734/3520
f  2532/1741/3527 2533/1742/3528 2529/1738/3524
f  2533/1742/3528 2534/1743/3529 2529/1738/3524
f  2529/1738/3524 2534/1743/3529 2530/1739/3525
f  2534/1743/3529 2535/1744/3530 2530/1739/3525
f  2530/1739/3525 2535/1744/3530 2536/1745/3531
f  2530/1739/3525 2536/1745/3531 2527/1736/3522
f  2533/1742/3528 2537/1746/3532 2534/1743/3529
f  2537/1746/3532 2538/1747/3533 2534/1743/3529
f  2534/1743/3529 2538/1747/3533 2535/1744/3530
f  2539/1748/3534 2540/1749/3535 2533/1742/3528
f  2539/1748/3534 2533/1742/3528 2532/1741/3527
f  2540/1749/3535 2537/1746/3532 2533/1742/3528
f  2540/1749/3535 2541/1750/3536 2537/1746/3532
f  2541/1750/3536 2542/1751/3537 2537/1746/3532
f  2537/1746/3532 2542/1751/3537 2538/1747/3533
f  2542/1751/3537 2543/1752/3538 2538/1747/3533
f  2538/1747/3533 2543/1752/3538 2544/1753/3539
f  2538/1747/3533 2544/1753/3539 2535/1744/3530
f  2541/1750/3536 2545/1754/3540 2542/1751/3537
f  2545/1754/3540 2546/1755/3541 2542/1751/3537
f  2542/1751/3537 2546/1755/3541 2543/1752/3538
f  2547/1756/3542 2548/1757/3543 2541/1750/3536
f  2547/1756/3542 2541/1750/3536 2540/1749/3535
f  2548/1757/3543 2545/1754/3540 2541/1750/3536
f  2548/1757/3543 2549/1758/3544 2545/1754/3540
f  2549/1758/3544 2550/1759/3545 2545/1754/3540
f  2545/1754/3540 2550/1759/3545 2546/1755/3541
f  2550/1759/3545 2551/1760/3546 2546/1755/3541
f  2546/1755/3541 2551/1760/3546 2552/1761/3547
f  2546/1755/3541 2552/1761/3547 2543/1752/3538
f  2549/1758/3544 2553/1762/3548 2550/1759/3545
f  2553/1762/3548 2554/1763/3549 2550/1759/3545
f  2550/1759/3545 2554/1763/3549 2551/1760/3546
f  2555/1764/3550 2556/1765/3551 2549/1758/3544
f  2555/1764/3550 2549/1758/3544 2548/1757/3543
f  2556/1765/3551 2553/1762/3548 2549/1758/3544
f  2556/1765/3551 2557/1766/3552 2553/1762/3548
f  2557/1766/3552 2558/1767/3553 2553/1762/3548
f  2553/1762/3548 2558/1767/3553 2554/1763/3549
f  2558/1767/3553 2559/1768/3554 2554/1763/3549
f  2554/1763/3549 2559/1768/3554 2560/1769/3555
f  2554/1763/3549 2560/1769/3555 2551/1760/3546
f  2557/1766/3552 2561/1770/3556 2558/1767/3553
f  2561/1770/3556 2562/1771/3557 2558/1767/3553
f  2558/1767/3553 2562/1771/3557 2559/1768/3554
f  2557/1766/3552 2556/1765/3551 2468/1772/3463
f  2561/1770/3556 2557/1766/3552 2468/1773/3463
f  2556/1765/3551 2555/1764/3550 2468/1774/3463
f  2563/1775/3558 2555/1764/3550 2548/1757/3543
f  2555/1764/3550 2563/1775/3558 2468/1776/3463
f  2564/1777/3559 2563/1775/3558 2547/1756/3542
f  2563/1775/3558 2548/1757/3543 2547/1756/3542
f  2563/1775/3558 2564/1777/3559 2468/1778/3463
f  2565/1779/3560 2564/1777/3559 2566/1780/3561
f  2564/1777/3559 2547/1756/3542 2566/1780/3561
f  2564/1777/3559 2565/1779/3560 2468/1781/3463
f  2566/1780/3561 2547/1756/3542 2540/1749/3535
f  2565/1779/3560 2566/1780/3561 2567/1782/3562
f  2567/1782/3562 2566/1780/3561 2539/1748/3534
f  2566/1780/3561 2540/1749/3535 2539/1748/3534
f  2568/1783/3563 2565/1779/3560 2567/1782/3562
f  2565/1779/3560 2568/1783/3563 2468/1784/3463
f  2568/1783/3563 2567/1782/3562 2569/1785/3564
f  2569/1785/3564 2567/1782/3562 2570/1786/3565
f  2567/1782/3562 2539/1748/3534 2570/1786/3565
f  2570/1786/3565 2539/1748/3534 2532/1741/3527
f  2569/1785/3564 2570/1786/3565 2571/1787/3566
f  2571/1787/3566 2570/1786/3565 2531/1740/3526
f  2570/1786/3565 2532/1741/3527 2531/1740/3526
f  2572/1788/3567 2568/1783/3563 2569/1785/3564
f  2572/1788/3567 2569/1785/3564 2573/1789/3568
f  2573/1789/3568 2569/1785/3564 2571/1787/3566
f  2568/1783/3563 2572/1788/3567 2468/1790/3463
f  2574/1791/3569 2572/1788/3567 2573/1789/3568
f  2572/1788/3567 2574/1791/3569 2468/1792/3463
f  2574/1791/3569 2573/1789/3568 2575/1793/3570
f  2575/1793/3570 2573/1789/3568 2576/1794/3571
f  2573/1789/3568 2571/1787/3566 2576/1794/3571
f  2577/1795/3572 2574/1791/3569 2575/1793/3570
f  2574/1791/3569 2577/1795/3572 2468/1796/3463
f  2577/1795/3572 2575/1793/3570 2578/1797/3573
f  2578/1797/3573 2575/1793/3570 2579/1798/3574
f  2575/1793/3570 2576/1794/3571 2579/1798/3574
f  2579/1798/3574 2576/1794/3571 2580/1799/3575
f  2576/1794/3571 2571/1787/3566 2581/1800/3576
f  2576/1794/3571 2581/1800/3576 2580/1799/3575
f  2578/1797/3573 2579/1798/3574 2582/1801/3577
f  2582/1801/3577 2579/1798/3574 2583/1802/3578
f  2579/1798/3574 2580/1799/3575 2583/1802/3578
f  2583/1802/3578 2580/1799/3575 2584/1803/3579
f  2580/1799/3575 2581/1800/3576 2523/1732/3518
f  2580/1799/3575 2523/1732/3518 2584/1803/3579
f  2571/1787/3566 2531/1740/3526 2581/1800/3576
f  2581/1800/3576 2531/1740/3526 2524/1733/3519
f  2581/1800/3576 2524/1733/3519 2523/1732/3518
f  2584/1803/3579 2523/1732/3518 2516/1725/3511
f  2583/1802/3578 2584/1803/3579 2585/1804/3580
f  2585/1804/3580 2584/1803/3579 2515/1724/3510
f  2584/1803/3579 2516/1725/3511 2515/1724/3510
f  2582/1801/3577 2583/1802/3578 2586/1805/3581
f  2586/1805/3581 2583/1802/3578 2585/1804/3580
f  2586/1805/3581 2585/1804/3580 2484/1693/3479
f  2484/1693/3479 2585/1804/3580 2587/1806/3582
f  2585/1804/3580 2515/1724/3510 2587/1806/3582
f  2587/1806/3582 2515/1724/3510 2505/1714/3500
f  2484/1693/3479 2587/1806/3582 2485/1694/3480
f  2485/1694/3480 2587/1806/3582 2492/1701/3487
f  2587/1806/3582 2505/1714/3500 2492/1701/3487
f  2477/1686/3472 2586/1805/3581 2484/1693/3479
f  2476/1685/3471 2582/1801/3577 2586/1805/3581
f  2476/1685/3471 2586/1805/3581 2477/1686/3472
f  2470/1678/3465 2588/1807/3583 2476/1685/3471
f  2588/1807/3583 2582/1801/3577 2476/1685/3471
f  2588/1807/3583 2578/1797/3573 2582/1801/3577
f  2469/1677/3464 2589/1808/3584 2588/1807/3583
f  2469/1677/3464 2588/1807/3583 2470/1678/3465
f  2589/1808/3584 2578/1797/3573 2588/1807/3583
f  2589/1808/3584 2577/1795/3572 2578/1797/3573
f  2589/1808/3584 2469/1677/3464 2468/1809/3463
f  2577/1795/3572 2589/1808/3584 2468/1810/3463
f  2561/1770/3556 2590/1811/3585 2562/1771/3557
f  2590/1811/3585 2561/1770/3556 2468/1812/3463
f  2590/1811/3585 2591/1813/3586 2592/1814/3587
f  2590/1811/3585 2592/1814/3587 2562/1771/3557
f  2591/1813/3586 2590/1811/3585 2468/1815/3463
f  2562/1771/3557 2592/1814/3587 2593/1816/3588
f  2562/1771/3557 2593/1816/3588 2559/1768/3554
f  2591/1813/3586 2594/1817/3589 2592/1814/3587
f  2592/1814/3587 2594/1817/3589 2595/1818/3590
f  2592/1814/3587 2595/1818/3590 2593/1816/3588
f  2591/1813/3586 2596/1819/3591 2594/1817/3589
f  2596/1819/3591 2591/1813/3586 2468/1820/3463
f  2596/1819/3591 2597/1821/3592 2594/1817/3589
f  2594/1817/3589 2597/1821/3592 2598/1822/3593
f  2594/1817/3589 2598/1822/3593 2595/1818/3590
f  2593/1816/3588 2595/1818/3590 2599/1823/3594
f  2595/1818/3590 2598/1822/3593 2600/1824/3595
f  2595/1818/3590 2600/1824/3595 2599/1823/3594
f  2597/1821/3592 2601/1825/3596 2598/1822/3593
f  2598/1822/3593 2601/1825/3596 2602/1826/3597
f  2598/1822/3593 2602/1826/3597 2600/1824/3595
f  2596/1819/3591 2603/1827/3598 2597/1821/3592
f  2603/1827/3598 2604/1828/3599 2597/1821/3592
f  2597/1821/3592 2604/1828/3599 2601/1825/3596
f  2603/1827/3598 2596/1819/3591 2468/1829/3463
f  2603/1827/3598 2605/1830/3600 2604/1828/3599
f  2605/1830/3600 2603/1827/3598 2468/1831/3463
f  2605/1830/3600 2467/1832/3462 2604/1828/3599
f  2604/1828/3599 2467/1832/3462 2473/1833/3468
f  2604/1828/3599 2473/1833/3468 2601/1825/3596
f  2605/1830/3600 2464/1834/3459 2467/1832/3462
f  2464/1834/3459 2605/1830/3600 2468/1835/3463
f  2601/1825/3596 2473/1833/3468 2480/1836/3475
f  2601/1825/3596 2480/1836/3475 2602/1826/3597
f  2602/1826/3597 2480/1836/3475 2606/1837/3601
f  2602/1826/3597 2606/1837/3601 2607/1838/3602
f  2607/1838/3602 2606/1837/3601 2608/1839/3603
f  2600/1824/3595 2602/1826/3597 2607/1838/3602
f  2600/1824/3595 2607/1838/3602 2609/1840/3604
f  2609/1840/3604 2607/1838/3602 2610/1841/3605
f  2607/1838/3602 2608/1839/3603 2610/1841/3605
f  2610/1841/3605 2608/1839/3603 2611/1842/3606
f  2609/1840/3604 2610/1841/3605 2612/1843/3607
f  2612/1843/3607 2610/1841/3605 2613/1844/3608
f  2610/1841/3605 2611/1842/3606 2613/1844/3608
f  2599/1823/3594 2600/1824/3595 2609/1840/3604
f  2599/1823/3594 2609/1840/3604 2614/1845/3609
f  2614/1845/3609 2609/1840/3604 2612/1843/3607
f  2614/1845/3609 2612/1843/3607 2615/1846/3610
f  2615/1846/3610 2612/1843/3607 2616/1847/3611
f  2612/1843/3607 2613/1844/3608 2616/1847/3611
f  2616/1847/3611 2613/1844/3608 2617/1848/3612
f  2613/1844/3608 2611/1842/3606 2618/1849/3613
f  2613/1844/3608 2618/1849/3613 2617/1848/3612
f  2615/1846/3610 2616/1847/3611 2619/1850/3614
f  2619/1850/3614 2616/1847/3611 2620/1851/3615
f  2616/1847/3611 2617/1848/3612 2620/1851/3615
f  2621/1852/3616 2614/1845/3609 2615/1846/3610
f  2621/1852/3616 2615/1846/3610 2622/1853/3617
f  2622/1853/3617 2615/1846/3610 2619/1850/3614
f  2622/1853/3617 2619/1850/3614 2623/1854/3618
f  2623/1854/3618 2619/1850/3614 2624/1855/3619
f  2619/1850/3614 2620/1851/3615 2624/1855/3619
f  2624/1855/3619 2620/1851/3615 2625/1856/3620
f  2620/1851/3615 2617/1848/3612 2626/1857/3621
f  2620/1851/3615 2626/1857/3621 2625/1856/3620
f  2623/1854/3618 2624/1855/3619 2627/1858/3622
f  2627/1858/3622 2624/1855/3619 2628/1859/3623
f  2624/1855/3619 2625/1856/3620 2628/1859/3623
f  2629/1860/3624 2622/1853/3617 2623/1854/3618
f  2629/1860/3624 2623/1854/3618 2630/1861/3625
f  2630/1861/3625 2623/1854/3618 2627/1858/3622
f  2630/1861/3625 2627/1858/3622 2631/1862/3626
f  2631/1862/3626 2627/1858/3622 2632/1863/3627
f  2627/1858/3622 2628/1859/3623 2632/1863/3627
f  2632/1863/3627 2628/1859/3623 2633/1864/3628
f  2628/1859/3623 2625/1856/3620 2634/1865/3629
f  2628/1859/3623 2634/1865/3629 2633/1864/3628
f  2631/1862/3626 2632/1863/3627 2635/1866/3630
f  2635/1866/3630 2632/1863/3627 2636/1867/3631
f  2632/1863/3627 2633/1864/3628 2636/1867/3631
f  2637/1868/3632 2630/1861/3625 2631/1862/3626
f  2637/1868/3632 2631/1862/3626 2638/1869/3633
f  2638/1869/3633 2631/1862/3626 2635/1866/3630
f  2638/1869/3633 2635/1866/3630 2639/1870/3634
f  2639/1870/3634 2635/1866/3630 2640/1871/3635
f  2635/1866/3630 2636/1867/3631 2640/1871/3635
f  2641/1872/3636 2637/1868/3632 2638/1869/3633
f  2641/1872/3636 2638/1869/3633 2642/1873/3637
f  2642/1873/3637 2638/1869/3633 2639/1870/3634
f  2544/1753/3539 2643/1874/3638 2637/1868/3632
f  2544/1753/3539 2637/1868/3632 2641/1872/3636
f  2643/1874/3638 2630/1861/3625 2637/1868/3632
f  2535/1744/3530 2544/1753/3539 2641/1872/3636
f  2535/1744/3530 2641/1872/3636 2536/1745/3531
f  2536/1745/3531 2641/1872/3636 2642/1873/3637
f  2536/1745/3531 2642/1873/3637 2644/1875/3639
f  2644/1875/3639 2642/1873/3637 2645/1876/3640
f  2642/1873/3637 2639/1870/3634 2645/1876/3640
f  2527/1736/3522 2536/1745/3531 2644/1875/3639
f  2527/1736/3522 2644/1875/3639 2528/1737/3523
f  2528/1737/3523 2644/1875/3639 2646/1877/3641
f  2644/1875/3639 2645/1876/3640 2646/1877/3641
f  2646/1877/3641 2645/1876/3640 2647/1878/3642
f  2645/1876/3640 2639/1870/3634 2648/1879/3643
f  2645/1876/3640 2648/1879/3643 2647/1878/3642
f  2528/1737/3523 2646/1877/3641 2649/1880/3644
f  2649/1880/3644 2646/1877/3641 2650/1881/3645
f  2646/1877/3641 2647/1878/3642 2650/1881/3645
f  2519/1728/3514 2528/1737/3523 2649/1880/3644
f  2519/1728/3514 2649/1880/3644 2520/1729/3515
f  2520/1729/3515 2649/1880/3644 2651/1882/3646
f  2649/1880/3644 2650/1881/3645 2651/1882/3646
f  2511/1720/3506 2520/1729/3515 2652/1883/3647
f  2520/1729/3515 2651/1882/3646 2652/1883/3647
f  2511/1720/3506 2652/1883/3647 2512/1721/3507
f  2639/1870/3634 2640/1871/3635 2648/1879/3643
f  2543/1752/3538 2643/1874/3638 2544/1753/3539
f  2543/1752/3538 2552/1761/3547 2643/1874/3638
f  2552/1761/3547 2629/1860/3624 2643/1874/3638
f  2643/1874/3638 2629/1860/3624 2630/1861/3625
f  2551/1760/3546 2653/1884/3648 2552/1761/3547
f  2552/1761/3547 2653/1884/3648 2629/1860/3624
f  2653/1884/3648 2622/1853/3617 2629/1860/3624
f  2551/1760/3546 2560/1769/3555 2653/1884/3648
f  2560/1769/3555 2621/1852/3616 2653/1884/3648
f  2653/1884/3648 2621/1852/3616 2622/1853/3617
f  2559/1768/3554 2654/1885/3649 2560/1769/3555
f  2560/1769/3555 2654/1885/3649 2621/1852/3616
f  2654/1885/3649 2614/1845/3609 2621/1852/3616
f  2559/1768/3554 2593/1816/3588 2654/1885/3649
f  2593/1816/3588 2599/1823/3594 2654/1885/3649
f  2654/1885/3649 2599/1823/3594 2614/1845/3609
f  2625/1856/3620 2655/1886/3650 2634/1865/3629
f  2625/1856/3620 2626/1857/3621 2655/1886/3650
f  2626/1857/3621 2656/1887/3651 2655/1886/3650
f  2617/1848/3612 2657/1888/3652 2626/1857/3621
f  2626/1857/3621 2657/1888/3652 2656/1887/3651
f  2617/1848/3612 2618/1849/3613 2657/1888/3652
f  2497/1706/3492 2498/1707/3493 2658/1889/3653
f  2496/1705/3491 2497/1706/3492 2659/1890/3654
f  2659/1890/3654 2497/1706/3492 2658/1889/3653
f  2659/1890/3654 2658/1889/3653 2660/1891/3655
f  2661/1892/3656 2496/1705/3491 2659/1890/3654
f  2661/1892/3656 2659/1890/3654 2662/1893/3657
f  2662/1893/3657 2659/1890/3654 2660/1891/3655
f  2663/1894/3658 2489/1698/3484 2496/1705/3491
f  2663/1894/3658 2496/1705/3491 2661/1892/3656
f  2611/1895/3606 2663/1894/3658 2661/1892/3656
f  2611/1895/3606 2661/1892/3656 2618/1896/3613
f  2618/1896/3613 2661/1892/3656 2662/1893/3657
f  2618/1896/3613 2662/1893/3657 2657/1897/3652
f  2657/1897/3652 2662/1893/3657 2664/1898/3659
f  2662/1893/3657 2660/1891/3655 2664/1898/3659
f  2657/1897/3652 2664/1898/3659 2656/1899/3651
f  2608/1900/3603 2663/1894/3658 2611/1895/3606
f  2608/1900/3603 2488/1697/3483 2663/1894/3658
f  2488/1697/3483 2489/1698/3484 2663/1894/3658
f  2606/1901/3601 2488/1697/3483 2608/1900/3603
f  2606/1901/3601 2481/1690/3476 2488/1697/3483
f  2480/1689/3475 2481/1690/3476 2606/1901/3601

